{
    "features": [
        {
            "geometry": {
                "coordinates": [
                    6.0218,
                    45.81879
                ],
                "type": "Point"
            },
            "properties": {
                "capacity": 10,
                "is_charging_station": false,
                "is_installed": true,
                "is_renting": true,
                "is_returning": true,
                "is_valet_station": false,
                "is_virtual_station": false,
                "last_reported": 1789333951,
                "name": "Alby-sur-Ch\u00e9ran - Centre-Bourg",
                "num_bikes_available": 11,
                "num_docks_available": 0,
                "rental_uris": {},
                "station_id": "st_d0q8fmq5u9tmfvdh5bq0",
                "vehicle_type_capacity": {
                    "1": 10,
                    "10": 0,
                    "14": 0,
                    "15": 0,
                    "2": 10,
                    "4": 10,
                    "5": 0,
                    "6": 0,
                    "7": 10
                },
                "vehicle_types_available": [
                    {
                        "count": 0,
                        "vehicle_type_id": "7"
                    },
                    {
                        "count": 0,
                        "vehicle_type_id": "1"
                    },
                    {
                        "count": 0,
                        "vehicle_type_id": "2"
                    },
                    {
                        "count": 11,
                        "vehicle_type_id": "4"
                    }
                ]
            },
            "type": "Feature"
        },
        {
            "geometry": {
                "coordinates": [
                    6.01324,
                    45.80609
                ],
                "type": "Point"
            },
            "properties": {
                "capacity": 10,
                "is_charging_station": true,
                "is_installed": true,
                "is_renting": true,
                "is_returning": true,
                "is_valet_station": false,
                "is_virtual_station": false,
                "last_reported": 1789333951,
                "name": "Alby-sur-Ch\u00e9ran - Coll\u00e8ge",
                "num_bikes_available": 3,
                "num_docks_available": 8,
                "rental_uris": {},
                "station_id": "st_d0q8h1i5u9tmfvdh5e7g",
                "vehicle_type_capacity": {
                    "1": 8,
                    "10": 0,
                    "14": 0,
                    "15": 0,
                    "2": 8,
                    "4": 8,
                    "5": 0,
                    "6": 0,
                    "7": 8
                },
                "vehicle_types_available": [
                    {
                        "count": 0,
                        "vehicle_type_id": "2"
                    },
                    {
                        "count": 3,
                        "vehicle_type_id": "4"
                    },
                    {
                        "count": 0,
                        "vehicle_type_id": "7"
                    },
                    {
                        "count": 0,
                        "vehicle_type_id": "1"
                    }
                ]
            },
            "type": "Feature"
        },
        {
            "geometry": {
                "coordinates": [
                    6.12734,
                    45.90139
                ],
                "type": "Point"
            },
            "properties": {
                "capacity": 30,
                "is_charging_station": true,
                "is_installed": true,
                "is_renting": true,
                "is_returning": true,
                "is_valet_station": false,
                "is_virtual_station": false,
                "last_reported": 1789333951,
                "name": "Annecy - Bonlieu",
                "num_bikes_available": 0,
                "num_docks_available": 20,
                "rental_uris": {},
                "station_id": "st_d0q8h1i5u9tmfvdh5e90",
                "vehicle_type_capacity": {
                    "1": 20,
                    "10": 0,
                    "14": 0,
                    "15": 0,
                    "2": 20,
                    "4": 20,
                    "5": 0,
                    "6": 0,
                    "7": 20
                },
                "vehicle_types_available": [
                    {
                        "count": 0,
                        "vehicle_type_id": "1"
                    },
                    {
                        "count": 0,
                        "vehicle_type_id": "10"
                    },
                    {
                        "count": 0,
                        "vehicle_type_id": "2"
                    },
                    {
                        "count": 0,
                        "vehicle_type_id": "4"
                    },
                    {
                        "count": 0,
                        "vehicle_type_id": "7"
                    }
                ]
            },
            "type": "Feature"
        },
        {
            "geometry": {
                "coordinates": [
                    6.09125,
                    45.91566
                ],
                "type": "Point"
            },
            "properties": {
                "capacity": 10,
                "is_charging_station": true,
                "is_installed": true,
                "is_renting": true,
                "is_returning": true,
                "is_valet_station": false,
                "is_virtual_station": false,
                "last_reported": 1789333951,
                "name": "Annecy - Centre-Ville Meythet",
                "num_bikes_available": 4,
                "num_docks_available": 6,
                "rental_uris": {},
                "station_id": "st_d0q8h1i5u9tmfvdh5eag",
                "vehicle_type_capacity": {
                    "1": 6,
                    "10": 0,
                    "14": 0,
                    "15": 0,
                    "2": 6,
                    "4": 6,
                    "5": 0,
                    "6": 0,
                    "7": 6
                },
                "vehicle_types_available": [
                    {
                        "count": 0,
                        "vehicle_type_id": "1"
                    },
                    {
                        "count": 0,
                        "vehicle_type_id": "2"
                    },
                    {
                        "count": 4,
                        "vehicle_type_id": "4"
                    },
                    {
                        "count": 0,
                        "vehicle_type_id": "7"
                    }
                ]
            },
            "type": "Feature"
        },
        {
            "geometry": {
                "coordinates": [
                    6.10751,
                    45.90738
                ],
                "type": "Point"
            },
            "properties": {
                "capacity": 10,
                "is_charging_station": false,
                "is_installed": true,
                "is_renting": true,
                "is_returning": true,
                "is_valet_station": false,
                "is_virtual_station": false,
                "last_reported": 1789333951,
                "name": "Annecy - Chorus",
                "num_bikes_available": 5,
                "num_docks_available": 2,
                "rental_uris": {},
                "station_id": "st_d0q8h1i5u9tmfvdh5ec0",
                "vehicle_type_capacity": {
                    "1": 4,
                    "10": 0,
                    "14": 0,
                    "15": 0,
                    "2": 4,
                    "4": 4,
                    "5": 0,
                    "6": 0,
                    "7": 4
                },
                "vehicle_types_available": [
                    {
                        "count": 0,
                        "vehicle_type_id": "1"
                    },
                    {
                        "count": 0,
                        "vehicle_type_id": "2"
                    },
                    {
                        "count": 5,
                        "vehicle_type_id": "4"
                    },
                    {
                        "count": 0,
                        "vehicle_type_id": "7"
                    }
                ]
            },
            "type": "Feature"
        },
        {
            "geometry": {
                "coordinates": [
                    6.15221,
                    45.92688
                ],
                "type": "Point"
            },
            "properties": {
                "capacity": 10,
                "is_charging_station": true,
                "is_installed": true,
                "is_renting": true,
                "is_returning": true,
                "is_valet_station": false,
                "is_virtual_station": false,
                "last_reported": 1789333951,
                "name": "Annecy - Cimeti\u00e8re Glaisins",
                "num_bikes_available": 3,
                "num_docks_available": 7,
                "rental_uris": {},
                "station_id": "st_d0q8h1i5u9tmfvdh5edg",
                "vehicle_type_capacity": {
                    "1": 7,
                    "10": 0,
                    "14": 0,
                    "15": 0,
                    "2": 7,
                    "4": 7,
                    "5": 0,
                    "6": 0,
                    "7": 7
                },
                "vehicle_types_available": [
                    {
                        "count": 0,
                        "vehicle_type_id": "1"
                    },
                    {
                        "count": 0,
                        "vehicle_type_id": "2"
                    },
                    {
                        "count": 3,
                        "vehicle_type_id": "4"
                    },
                    {
                        "count": 0,
                        "vehicle_type_id": "7"
                    }
                ]
            },
            "type": "Feature"
        },
        {
            "geometry": {
                "coordinates": [
                    6.00499,
                    45.81475
                ],
                "type": "Point"
            },
            "properties": {
                "capacity": 10,
                "is_charging_station": true,
                "is_installed": true,
                "is_renting": true,
                "is_returning": true,
                "is_valet_station": false,
                "is_virtual_station": false,
                "last_reported": 1789333951,
                "name": "Alby-sur-Ch\u00e9ran - Parking covoiturage",
                "num_bikes_available": 2,
                "num_docks_available": 8,
                "rental_uris": {},
                "station_id": "st_d0q8h1kmemg60qg4ki0g",
                "vehicle_type_capacity": {
                    "1": 8,
                    "10": 0,
                    "14": 0,
                    "15": 0,
                    "2": 8,
                    "4": 8,
                    "5": 0,
                    "6": 0,
                    "7": 8
                },
                "vehicle_types_available": [
                    {
                        "count": 0,
                        "vehicle_type_id": "2"
                    },
                    {
                        "count": 2,
                        "vehicle_type_id": "4"
                    },
                    {
                        "count": 0,
                        "vehicle_type_id": "7"
                    },
                    {
                        "count": 0,
                        "vehicle_type_id": "1"
                    }
                ]
            },
            "type": "Feature"
        },
        {
            "geometry": {
                "coordinates": [
                    6.14296,
                    45.90529
                ],
                "type": "Point"
            },
            "properties": {
                "capacity": 20,
                "is_charging_station": true,
                "is_installed": true,
                "is_renting": true,
                "is_returning": true,
                "is_valet_station": false,
                "is_virtual_station": false,
                "last_reported": 1789333951,
                "name": "Annecy - Albigny",
                "num_bikes_available": 0,
                "num_docks_available": 20,
                "rental_uris": {},
                "station_id": "st_d0q8h1kmemg60qg4ki20",
                "vehicle_type_capacity": {
                    "1": 20,
                    "10": 0,
                    "14": 0,
                    "15": 0,
                    "2": 20,
                    "4": 20,
                    "5": 0,
                    "6": 0,
                    "7": 20
                },
                "vehicle_types_available": [
                    {
                        "count": 0,
                        "vehicle_type_id": "2"
                    },
                    {
                        "count": 0,
                        "vehicle_type_id": "4"
                    },
                    {
                        "count": 0,
                        "vehicle_type_id": "7"
                    },
                    {
                        "count": 0,
                        "vehicle_type_id": "1"
                    }
                ]
            },
            "type": "Feature"
        },
        {
            "geometry": {
                "coordinates": [
                    6.10098,
                    45.90405
                ],
                "type": "Point"
            },
            "properties": {
                "capacity": 10,
                "is_charging_station": false,
                "is_installed": true,
                "is_renting": true,
                "is_returning": true,
                "is_valet_station": false,
                "is_virtual_station": false,
                "last_reported": 1789333951,
                "name": "Annecy - Espace Vallon",
                "num_bikes_available": 2,
                "num_docks_available": 8,
                "rental_uris": {},
                "station_id": "st_d0q8h1q5u9tmfvdh5ef0",
                "vehicle_type_capacity": {
                    "1": 9,
                    "10": 0,
                    "14": 0,
                    "15": 0,
                    "2": 9,
                    "4": 9,
                    "5": 0,
                    "6": 0,
                    "7": 9
                },
                "vehicle_types_available": [
                    {
                        "count": 0,
                        "vehicle_type_id": "1"
                    },
                    {
                        "count": 0,
                        "vehicle_type_id": "2"
                    },
                    {
                        "count": 2,
                        "vehicle_type_id": "4"
                    },
                    {
                        "count": 0,
                        "vehicle_type_id": "7"
                    }
                ]
            },
            "type": "Feature"
        },
        {
            "geometry": {
                "coordinates": [
                    6.12265,
                    45.93987
                ],
                "type": "Point"
            },
            "properties": {
                "capacity": 10,
                "is_charging_station": true,
                "is_installed": true,
                "is_renting": true,
                "is_returning": true,
                "is_valet_station": false,
                "is_virtual_station": false,
                "last_reported": 1789333951,
                "name": "Annecy - Gare de Pringy",
                "num_bikes_available": 0,
                "num_docks_available": 10,
                "rental_uris": {},
                "station_id": "st_d0q8h1q5u9tmfvdh5egg",
                "vehicle_type_capacity": {
                    "1": 10,
                    "10": 0,
                    "14": 0,
                    "15": 0,
                    "2": 10,
                    "4": 10,
                    "5": 0,
                    "6": 0,
                    "7": 10
                },
                "vehicle_types_available": [
                    {
                        "count": 0,
                        "vehicle_type_id": "1"
                    },
                    {
                        "count": 0,
                        "vehicle_type_id": "2"
                    },
                    {
                        "count": 0,
                        "vehicle_type_id": "4"
                    },
                    {
                        "count": 0,
                        "vehicle_type_id": "7"
                    }
                ]
            },
            "type": "Feature"
        },
        {
            "geometry": {
                "coordinates": [
                    6.15465,
                    45.91974
                ],
                "type": "Point"
            },
            "properties": {
                "capacity": 10,
                "is_charging_station": true,
                "is_installed": true,
                "is_renting": true,
                "is_returning": true,
                "is_valet_station": false,
                "is_virtual_station": false,
                "last_reported": 1789333951,
                "name": "Annecy - IUT Campus",
                "num_bikes_available": 11,
                "num_docks_available": 0,
                "rental_uris": {},
                "station_id": "st_d0q8h1q5u9tmfvdh5ei0",
                "vehicle_type_capacity": {
                    "1": 10,
                    "10": 0,
                    "14": 0,
                    "15": 0,
                    "2": 10,
                    "4": 10,
                    "5": 0,
                    "6": 0,
                    "7": 10
                },
                "vehicle_types_available": [
                    {
                        "count": 11,
                        "vehicle_type_id": "4"
                    },
                    {
                        "count": 0,
                        "vehicle_type_id": "7"
                    },
                    {
                        "count": 0,
                        "vehicle_type_id": "1"
                    },
                    {
                        "count": 0,
                        "vehicle_type_id": "2"
                    }
                ]
            },
            "type": "Feature"
        },
        {
            "geometry": {
                "coordinates": [
                    6.13046,
                    45.92242
                ],
                "type": "Point"
            },
            "properties": {
                "capacity": 10,
                "is_charging_station": true,
                "is_installed": true,
                "is_renting": true,
                "is_returning": true,
                "is_valet_station": false,
                "is_virtual_station": false,
                "last_reported": 1789333951,
                "name": "Annecy - L\u00e9andre Vaillat",
                "num_bikes_available": 10,
                "num_docks_available": 0,
                "rental_uris": {},
                "station_id": "st_d0q8h1q5u9tmfvdh5ejg",
                "vehicle_type_capacity": {
                    "1": 0,
                    "10": 0,
                    "14": 0,
                    "15": 0,
                    "2": 0,
                    "4": 0,
                    "5": 0,
                    "6": 0,
                    "7": 0
                },
                "vehicle_types_available": [
                    {
                        "count": 0,
                        "vehicle_type_id": "7"
                    },
                    {
                        "count": 0,
                        "vehicle_type_id": "1"
                    },
                    {
                        "count": 0,
                        "vehicle_type_id": "2"
                    },
                    {
                        "count": 10,
                        "vehicle_type_id": "4"
                    }
                ]
            },
            "type": "Feature"
        },
        {
            "geometry": {
                "coordinates": [
                    6.12236,
                    45.94666
                ],
                "type": "Point"
            },
            "properties": {
                "capacity": 10,
                "is_charging_station": false,
                "is_installed": true,
                "is_renting": true,
                "is_returning": true,
                "is_valet_station": false,
                "is_virtual_station": false,
                "last_reported": 1789333951,
                "name": "Annecy - Mairie de Pringy",
                "num_bikes_available": 4,
                "num_docks_available": 7,
                "rental_uris": {},
                "station_id": "st_d0q8h1q5u9tmfvdh5em0",
                "vehicle_type_capacity": {
                    "1": 7,
                    "10": 0,
                    "14": 0,
                    "15": 0,
                    "2": 7,
                    "4": 7,
                    "5": 0,
                    "6": 0,
                    "7": 7
                },
                "vehicle_types_available": [
                    {
                        "count": 0,
                        "vehicle_type_id": "1"
                    },
                    {
                        "count": 0,
                        "vehicle_type_id": "2"
                    },
                    {
                        "count": 4,
                        "vehicle_type_id": "4"
                    },
                    {
                        "count": 0,
                        "vehicle_type_id": "7"
                    }
                ]
            },
            "type": "Feature"
        },
        {
            "geometry": {
                "coordinates": [
                    6.13601,
                    45.89294
                ],
                "type": "Point"
            },
            "properties": {
                "capacity": 10,
                "is_charging_station": true,
                "is_installed": true,
                "is_renting": true,
                "is_returning": true,
                "is_valet_station": false,
                "is_virtual_station": false,
                "last_reported": 1789333951,
                "name": "Annecy - Marquisats",
                "num_bikes_available": 0,
                "num_docks_available": 10,
                "rental_uris": {},
                "station_id": "st_d0q8h1q5u9tmfvdh5eng",
                "vehicle_type_capacity": {
                    "1": 10,
                    "10": 0,
                    "14": 0,
                    "15": 0,
                    "2": 10,
                    "4": 10,
                    "5": 0,
                    "6": 0,
                    "7": 10
                },
                "vehicle_types_available": [
                    {
                        "count": 0,
                        "vehicle_type_id": "2"
                    },
                    {
                        "count": 0,
                        "vehicle_type_id": "4"
                    },
                    {
                        "count": 0,
                        "vehicle_type_id": "7"
                    },
                    {
                        "count": 0,
                        "vehicle_type_id": "1"
                    }
                ]
            },
            "type": "Feature"
        },
        {
            "geometry": {
                "coordinates": [
                    6.13639,
                    45.9235
                ],
                "type": "Point"
            },
            "properties": {
                "capacity": 10,
                "is_charging_station": true,
                "is_installed": true,
                "is_renting": true,
                "is_returning": true,
                "is_valet_station": false,
                "is_virtual_station": false,
                "last_reported": 1789333951,
                "name": "Annecy - Coll\u00e8ge Evire",
                "num_bikes_available": 5,
                "num_docks_available": 5,
                "rental_uris": {},
                "station_id": "st_d0q8h1smemg60qg4ki3g",
                "vehicle_type_capacity": {
                    "1": 5,
                    "10": 0,
                    "14": 0,
                    "15": 0,
                    "2": 5,
                    "4": 5,
                    "5": 0,
                    "6": 0,
                    "7": 5
                },
                "vehicle_types_available": [
                    {
                        "count": 0,
                        "vehicle_type_id": "1"
                    },
                    {
                        "count": 0,
                        "vehicle_type_id": "2"
                    },
                    {
                        "count": 5,
                        "vehicle_type_id": "4"
                    },
                    {
                        "count": 0,
                        "vehicle_type_id": "7"
                    }
                ]
            },
            "type": "Feature"
        },
        {
            "geometry": {
                "coordinates": [
                    6.09728,
                    45.8799
                ],
                "type": "Point"
            },
            "properties": {
                "capacity": 10,
                "is_charging_station": false,
                "is_installed": true,
                "is_renting": true,
                "is_returning": true,
                "is_valet_station": false,
                "is_virtual_station": false,
                "last_reported": 1789333951,
                "name": "Annecy - Costa de Beauregard",
                "num_bikes_available": 3,
                "num_docks_available": 7,
                "rental_uris": {},
                "station_id": "st_d0q8h1smemg60qg4ki50",
                "vehicle_type_capacity": {
                    "1": 9,
                    "10": 0,
                    "14": 0,
                    "15": 0,
                    "2": 9,
                    "4": 9,
                    "5": 0,
                    "6": 0,
                    "7": 9
                },
                "vehicle_types_available": [
                    {
                        "count": 0,
                        "vehicle_type_id": "1"
                    },
                    {
                        "count": 0,
                        "vehicle_type_id": "2"
                    },
                    {
                        "count": 3,
                        "vehicle_type_id": "4"
                    },
                    {
                        "count": 0,
                        "vehicle_type_id": "7"
                    }
                ]
            },
            "type": "Feature"
        },
        {
            "geometry": {
                "coordinates": [
                    6.12362,
                    45.90308
                ],
                "type": "Point"
            },
            "properties": {
                "capacity": 20,
                "is_charging_station": false,
                "is_installed": true,
                "is_renting": true,
                "is_returning": true,
                "is_valet_station": false,
                "is_virtual_station": false,
                "last_reported": 1789333951,
                "name": "Annecy - Courier",
                "num_bikes_available": 0,
                "num_docks_available": 20,
                "rental_uris": {},
                "station_id": "st_d0q8h1smemg60qg4ki6g",
                "vehicle_type_capacity": {
                    "1": 20,
                    "10": 0,
                    "14": 0,
                    "15": 0,
                    "2": 20,
                    "4": 20,
                    "5": 0,
                    "6": 0,
                    "7": 20
                },
                "vehicle_types_available": [
                    {
                        "count": 0,
                        "vehicle_type_id": "7"
                    },
                    {
                        "count": 0,
                        "vehicle_type_id": "1"
                    },
                    {
                        "count": 0,
                        "vehicle_type_id": "2"
                    },
                    {
                        "count": 0,
                        "vehicle_type_id": "4"
                    }
                ]
            },
            "type": "Feature"
        },
        {
            "geometry": {
                "coordinates": [
                    6.12126,
                    45.90162
                ],
                "type": "Point"
            },
            "properties": {
                "capacity": 30,
                "is_charging_station": true,
                "is_installed": true,
                "is_renting": true,
                "is_returning": true,
                "is_valet_station": false,
                "is_virtual_station": false,
                "last_reported": 1789333951,
                "name": "Annecy - Gare SNCF",
                "num_bikes_available": 0,
                "num_docks_available": 30,
                "rental_uris": {},
                "station_id": "st_d0q8h1smemg60qg4ki80",
                "vehicle_type_capacity": {
                    "1": 30,
                    "10": 0,
                    "14": 0,
                    "15": 0,
                    "2": 30,
                    "4": 30,
                    "5": 0,
                    "6": 0,
                    "7": 30
                },
                "vehicle_types_available": [
                    {
                        "count": 0,
                        "vehicle_type_id": "1"
                    },
                    {
                        "count": 0,
                        "vehicle_type_id": "10"
                    },
                    {
                        "count": 0,
                        "vehicle_type_id": "2"
                    },
                    {
                        "count": 0,
                        "vehicle_type_id": "4"
                    },
                    {
                        "count": 0,
                        "vehicle_type_id": "7"
                    }
                ]
            },
            "type": "Feature"
        },
        {
            "geometry": {
                "coordinates": [
                    6.1017,
                    45.89326
                ],
                "type": "Point"
            },
            "properties": {
                "capacity": 10,
                "is_charging_station": true,
                "is_installed": true,
                "is_renting": true,
                "is_returning": true,
                "is_valet_station": false,
                "is_virtual_station": false,
                "last_reported": 1789333951,
                "name": "Annecy - Les Bressis",
                "num_bikes_available": 4,
                "num_docks_available": 5,
                "rental_uris": {},
                "station_id": "st_d0q8h1smemg60qg4ki9g",
                "vehicle_type_capacity": {
                    "1": 7,
                    "10": 0,
                    "14": 0,
                    "15": 0,
                    "2": 7,
                    "4": 7,
                    "5": 0,
                    "6": 0,
                    "7": 7
                },
                "vehicle_types_available": [
                    {
                        "count": 0,
                        "vehicle_type_id": "1"
                    },
                    {
                        "count": 0,
                        "vehicle_type_id": "2"
                    },
                    {
                        "count": 4,
                        "vehicle_type_id": "4"
                    },
                    {
                        "count": 0,
                        "vehicle_type_id": "7"
                    }
                ]
            },
            "type": "Feature"
        },
        {
            "geometry": {
                "coordinates": [
                    6.12357,
                    45.91145
                ],
                "type": "Point"
            },
            "properties": {
                "capacity": 9,
                "is_charging_station": true,
                "is_installed": true,
                "is_renting": true,
                "is_returning": true,
                "is_valet_station": false,
                "is_virtual_station": false,
                "last_reported": 1789333951,
                "name": "Annecy - Max Bruchet",
                "num_bikes_available": 2,
                "num_docks_available": 5,
                "rental_uris": {},
                "station_id": "st_d0q8h225u9tmfvdh5ep0",
                "vehicle_type_capacity": {
                    "1": 7,
                    "10": 0,
                    "14": 0,
                    "15": 0,
                    "2": 7,
                    "4": 7,
                    "5": 0,
                    "6": 0,
                    "7": 7
                },
                "vehicle_types_available": [
                    {
                        "count": 0,
                        "vehicle_type_id": "2"
                    },
                    {
                        "count": 2,
                        "vehicle_type_id": "4"
                    },
                    {
                        "count": 0,
                        "vehicle_type_id": "7"
                    },
                    {
                        "count": 0,
                        "vehicle_type_id": "1"
                    }
                ]
            },
            "type": "Feature"
        },
        {
            "geometry": {
                "coordinates": [
                    6.16482,
                    45.92683
                ],
                "type": "Point"
            },
            "properties": {
                "capacity": 10,
                "is_charging_station": true,
                "is_installed": true,
                "is_renting": true,
                "is_returning": true,
                "is_valet_station": false,
                "is_virtual_station": false,
                "last_reported": 1789333951,
                "name": "Annecy - Parc des Glaisins",
                "num_bikes_available": 0,
                "num_docks_available": 10,
                "rental_uris": {},
                "station_id": "st_d0q8h225u9tmfvdh5eqg",
                "vehicle_type_capacity": {
                    "1": 10,
                    "10": 0,
                    "14": 0,
                    "15": 0,
                    "2": 10,
                    "4": 10,
                    "5": 0,
                    "6": 0,
                    "7": 10
                },
                "vehicle_types_available": [
                    {
                        "count": 0,
                        "vehicle_type_id": "7"
                    },
                    {
                        "count": 0,
                        "vehicle_type_id": "1"
                    },
                    {
                        "count": 0,
                        "vehicle_type_id": "2"
                    },
                    {
                        "count": 0,
                        "vehicle_type_id": "4"
                    }
                ]
            },
            "type": "Feature"
        },
        {
            "geometry": {
                "coordinates": [
                    6.12204,
                    45.92148
                ],
                "type": "Point"
            },
            "properties": {
                "capacity": 10,
                "is_charging_station": false,
                "is_installed": true,
                "is_renting": true,
                "is_returning": true,
                "is_valet_station": false,
                "is_virtual_station": false,
                "last_reported": 1789333951,
                "name": "Annecy - Patinoire Jean R\u00e9gis",
                "num_bikes_available": 6,
                "num_docks_available": 2,
                "rental_uris": {},
                "station_id": "st_d0q8h225u9tmfvdh5es0",
                "vehicle_type_capacity": {
                    "1": 5,
                    "10": 0,
                    "14": 0,
                    "15": 0,
                    "2": 5,
                    "4": 5,
                    "5": 0,
                    "6": 0,
                    "7": 5
                },
                "vehicle_types_available": [
                    {
                        "count": 0,
                        "vehicle_type_id": "1"
                    },
                    {
                        "count": 0,
                        "vehicle_type_id": "2"
                    },
                    {
                        "count": 6,
                        "vehicle_type_id": "4"
                    },
                    {
                        "count": 0,
                        "vehicle_type_id": "7"
                    }
                ]
            },
            "type": "Feature"
        },
        {
            "geometry": {
                "coordinates": [
                    6.09923,
                    45.8882
                ],
                "type": "Point"
            },
            "properties": {
                "capacity": 10,
                "is_charging_station": true,
                "is_installed": true,
                "is_renting": true,
                "is_returning": true,
                "is_valet_station": false,
                "is_virtual_station": false,
                "last_reported": 1789333951,
                "name": "Annecy - Place du march\u00e9 Champ Fleuri",
                "num_bikes_available": 1,
                "num_docks_available": 9,
                "rental_uris": {},
                "station_id": "st_d0q8h225u9tmfvdh5eug",
                "vehicle_type_capacity": {
                    "1": 10,
                    "10": 0,
                    "14": 0,
                    "15": 0,
                    "2": 10,
                    "4": 10,
                    "5": 0,
                    "6": 0,
                    "7": 10
                },
                "vehicle_types_available": [
                    {
                        "count": 1,
                        "vehicle_type_id": "4"
                    },
                    {
                        "count": 0,
                        "vehicle_type_id": "7"
                    },
                    {
                        "count": 0,
                        "vehicle_type_id": "1"
                    },
                    {
                        "count": 0,
                        "vehicle_type_id": "2"
                    }
                ]
            },
            "type": "Feature"
        },
        {
            "geometry": {
                "coordinates": [
                    6.11259,
                    45.95496
                ],
                "type": "Point"
            },
            "properties": {
                "capacity": 10,
                "is_charging_station": true,
                "is_installed": true,
                "is_renting": true,
                "is_returning": true,
                "is_valet_station": false,
                "is_virtual_station": false,
                "last_reported": 1789333951,
                "name": "Annecy - Prom\u00e9ry",
                "num_bikes_available": 3,
                "num_docks_available": 8,
                "rental_uris": {},
                "station_id": "st_d0q8h225u9tmfvdh5f00",
                "vehicle_type_capacity": {
                    "1": 8,
                    "10": 0,
                    "14": 0,
                    "15": 0,
                    "2": 8,
                    "4": 8,
                    "5": 0,
                    "6": 0,
                    "7": 8
                },
                "vehicle_types_available": [
                    {
                        "count": 0,
                        "vehicle_type_id": "1"
                    },
                    {
                        "count": 0,
                        "vehicle_type_id": "2"
                    },
                    {
                        "count": 3,
                        "vehicle_type_id": "4"
                    },
                    {
                        "count": 0,
                        "vehicle_type_id": "7"
                    }
                ]
            },
            "type": "Feature"
        },
        {
            "geometry": {
                "coordinates": [
                    6.13182,
                    45.89809
                ],
                "type": "Point"
            },
            "properties": {
                "capacity": 20,
                "is_charging_station": false,
                "is_installed": true,
                "is_renting": true,
                "is_returning": true,
                "is_valet_station": false,
                "is_virtual_station": false,
                "last_reported": 1789333951,
                "name": "Annecy - Quai de la Tournette",
                "num_bikes_available": 1,
                "num_docks_available": 15,
                "rental_uris": {},
                "station_id": "st_d0q8h225u9tmfvdh5f1g",
                "vehicle_type_capacity": {
                    "1": 18,
                    "10": 0,
                    "14": 0,
                    "15": 0,
                    "2": 18,
                    "4": 18,
                    "5": 0,
                    "6": 0,
                    "7": 18
                },
                "vehicle_types_available": [
                    {
                        "count": 0,
                        "vehicle_type_id": "1"
                    },
                    {
                        "count": 0,
                        "vehicle_type_id": "2"
                    },
                    {
                        "count": 1,
                        "vehicle_type_id": "4"
                    },
                    {
                        "count": 0,
                        "vehicle_type_id": "7"
                    }
                ]
            },
            "type": "Feature"
        },
        {
            "geometry": {
                "coordinates": [
                    6.14494,
                    45.92022
                ],
                "type": "Point"
            },
            "properties": {
                "capacity": 10,
                "is_charging_station": false,
                "is_installed": true,
                "is_renting": true,
                "is_returning": true,
                "is_valet_station": false,
                "is_virtual_station": false,
                "last_reported": 1789333951,
                "name": "Annecy - Tilleuls",
                "num_bikes_available": 2,
                "num_docks_available": 7,
                "rental_uris": {},
                "station_id": "st_d0q8h225u9tmfvdh5f30",
                "vehicle_type_capacity": {
                    "1": 8,
                    "10": 0,
                    "14": 0,
                    "15": 0,
                    "2": 8,
                    "4": 8,
                    "5": 0,
                    "6": 0,
                    "7": 8
                },
                "vehicle_types_available": [
                    {
                        "count": 0,
                        "vehicle_type_id": "1"
                    },
                    {
                        "count": 0,
                        "vehicle_type_id": "2"
                    },
                    {
                        "count": 2,
                        "vehicle_type_id": "4"
                    },
                    {
                        "count": 0,
                        "vehicle_type_id": "7"
                    }
                ]
            },
            "type": "Feature"
        },
        {
            "geometry": {
                "coordinates": [
                    6.13269,
                    45.90537
                ],
                "type": "Point"
            },
            "properties": {
                "capacity": 10,
                "is_charging_station": true,
                "is_installed": true,
                "is_renting": true,
                "is_returning": true,
                "is_valet_station": false,
                "is_virtual_station": false,
                "last_reported": 1789333951,
                "name": "Annecy - Nouvelles Galeries",
                "num_bikes_available": 0,
                "num_docks_available": 10,
                "rental_uris": {},
                "station_id": "st_d0q8h24memg60qg4kib0",
                "vehicle_type_capacity": {
                    "1": 10,
                    "10": 0,
                    "14": 0,
                    "15": 0,
                    "2": 10,
                    "4": 10,
                    "5": 0,
                    "6": 0,
                    "7": 10
                },
                "vehicle_types_available": [
                    {
                        "count": 0,
                        "vehicle_type_id": "1"
                    },
                    {
                        "count": 0,
                        "vehicle_type_id": "2"
                    },
                    {
                        "count": 0,
                        "vehicle_type_id": "4"
                    },
                    {
                        "count": 0,
                        "vehicle_type_id": "7"
                    }
                ]
            },
            "type": "Feature"
        },
        {
            "geometry": {
                "coordinates": [
                    6.132994,
                    45.917434
                ],
                "type": "Point"
            },
            "properties": {
                "capacity": 10,
                "is_charging_station": true,
                "is_installed": true,
                "is_renting": true,
                "is_returning": true,
                "is_valet_station": false,
                "is_virtual_station": false,
                "last_reported": 1789333951,
                "name": "Annecy - Novel",
                "num_bikes_available": 2,
                "num_docks_available": 8,
                "rental_uris": {},
                "station_id": "st_d0q8h24memg60qg4kicg",
                "vehicle_type_capacity": {
                    "1": 8,
                    "10": 0,
                    "14": 0,
                    "15": 0,
                    "2": 8,
                    "4": 8,
                    "5": 0,
                    "6": 0,
                    "7": 8
                },
                "vehicle_types_available": [
                    {
                        "count": 2,
                        "vehicle_type_id": "4"
                    },
                    {
                        "count": 0,
                        "vehicle_type_id": "7"
                    },
                    {
                        "count": 0,
                        "vehicle_type_id": "1"
                    },
                    {
                        "count": 0,
                        "vehicle_type_id": "2"
                    }
                ]
            },
            "type": "Feature"
        },
        {
            "geometry": {
                "coordinates": [
                    6.15648,
                    45.9061
                ],
                "type": "Point"
            },
            "properties": {
                "capacity": 20,
                "is_charging_station": true,
                "is_installed": true,
                "is_renting": true,
                "is_returning": true,
                "is_valet_station": false,
                "is_virtual_station": false,
                "last_reported": 1789333951,
                "name": "Annecy - Petit Port",
                "num_bikes_available": 0,
                "num_docks_available": 20,
                "rental_uris": {},
                "station_id": "st_d0q8h24memg60qg4kie0",
                "vehicle_type_capacity": {
                    "1": 20,
                    "10": 0,
                    "14": 0,
                    "15": 0,
                    "2": 20,
                    "4": 20,
                    "5": 0,
                    "6": 0,
                    "7": 20
                },
                "vehicle_types_available": [
                    {
                        "count": 0,
                        "vehicle_type_id": "1"
                    },
                    {
                        "count": 0,
                        "vehicle_type_id": "2"
                    },
                    {
                        "count": 0,
                        "vehicle_type_id": "4"
                    },
                    {
                        "count": 0,
                        "vehicle_type_id": "7"
                    }
                ]
            },
            "type": "Feature"
        },
        {
            "geometry": {
                "coordinates": [
                    6.12305,
                    45.90739
                ],
                "type": "Point"
            },
            "properties": {
                "capacity": 10,
                "is_charging_station": true,
                "is_installed": true,
                "is_renting": true,
                "is_returning": true,
                "is_valet_station": false,
                "is_virtual_station": false,
                "last_reported": 1789333951,
                "name": "Annecy - Place des Romains",
                "num_bikes_available": 1,
                "num_docks_available": 7,
                "rental_uris": {},
                "station_id": "st_d0q8h24memg60qg4kifg",
                "vehicle_type_capacity": {
                    "1": 10,
                    "10": 0,
                    "14": 0,
                    "15": 0,
                    "2": 10,
                    "4": 10,
                    "5": 0,
                    "6": 0,
                    "7": 10
                },
                "vehicle_types_available": [
                    {
                        "count": 1,
                        "vehicle_type_id": "4"
                    },
                    {
                        "count": 0,
                        "vehicle_type_id": "7"
                    },
                    {
                        "count": 0,
                        "vehicle_type_id": "1"
                    },
                    {
                        "count": 0,
                        "vehicle_type_id": "2"
                    }
                ]
            },
            "type": "Feature"
        },
        {
            "geometry": {
                "coordinates": [
                    6.16962,
                    45.92168
                ],
                "type": "Point"
            },
            "properties": {
                "capacity": 10,
                "is_charging_station": true,
                "is_installed": true,
                "is_renting": true,
                "is_returning": true,
                "is_valet_station": false,
                "is_virtual_station": false,
                "last_reported": 1789333951,
                "name": "Annecy - Sur les Bois",
                "num_bikes_available": 4,
                "num_docks_available": 7,
                "rental_uris": {},
                "station_id": "st_d0q8h24memg60qg4kih0",
                "vehicle_type_capacity": {
                    "1": 7,
                    "10": 0,
                    "14": 0,
                    "15": 0,
                    "2": 7,
                    "4": 7,
                    "5": 0,
                    "6": 0,
                    "7": 7
                },
                "vehicle_types_available": [
                    {
                        "count": 0,
                        "vehicle_type_id": "7"
                    },
                    {
                        "count": 0,
                        "vehicle_type_id": "1"
                    },
                    {
                        "count": 0,
                        "vehicle_type_id": "10"
                    },
                    {
                        "count": 0,
                        "vehicle_type_id": "2"
                    },
                    {
                        "count": 4,
                        "vehicle_type_id": "4"
                    }
                ]
            },
            "type": "Feature"
        },
        {
            "geometry": {
                "coordinates": [
                    6.11282,
                    45.91015
                ],
                "type": "Point"
            },
            "properties": {
                "capacity": 10,
                "is_charging_station": true,
                "is_installed": true,
                "is_renting": true,
                "is_returning": true,
                "is_valet_station": false,
                "is_virtual_station": false,
                "last_reported": 1789333951,
                "name": "Annecy - Vernay",
                "num_bikes_available": 9,
                "num_docks_available": 0,
                "rental_uris": {},
                "station_id": "st_d0q8h24memg60qg4kiig",
                "vehicle_type_capacity": {
                    "1": 1,
                    "10": 0,
                    "14": 0,
                    "15": 0,
                    "2": 1,
                    "4": 1,
                    "5": 0,
                    "6": 0,
                    "7": 1
                },
                "vehicle_types_available": [
                    {
                        "count": 0,
                        "vehicle_type_id": "1"
                    },
                    {
                        "count": 0,
                        "vehicle_type_id": "2"
                    },
                    {
                        "count": 9,
                        "vehicle_type_id": "4"
                    },
                    {
                        "count": 0,
                        "vehicle_type_id": "7"
                    }
                ]
            },
            "type": "Feature"
        },
        {
            "geometry": {
                "coordinates": [
                    6.084384,
                    45.862103
                ],
                "type": "Point"
            },
            "properties": {
                "capacity": 10,
                "is_charging_station": true,
                "is_installed": true,
                "is_renting": true,
                "is_returning": true,
                "is_valet_station": false,
                "is_virtual_station": false,
                "last_reported": 1789333951,
                "name": "Annecy - Vieugy",
                "num_bikes_available": 6,
                "num_docks_available": 4,
                "rental_uris": {},
                "station_id": "st_d0q8h2a5u9tmfvdh5f4g",
                "vehicle_type_capacity": {
                    "1": 6,
                    "10": 0,
                    "14": 0,
                    "15": 0,
                    "2": 6,
                    "4": 6,
                    "5": 0,
                    "6": 0,
                    "7": 6
                },
                "vehicle_types_available": [
                    {
                        "count": 0,
                        "vehicle_type_id": "1"
                    },
                    {
                        "count": 0,
                        "vehicle_type_id": "2"
                    },
                    {
                        "count": 6,
                        "vehicle_type_id": "4"
                    },
                    {
                        "count": 0,
                        "vehicle_type_id": "7"
                    }
                ]
            },
            "type": "Feature"
        },
        {
            "geometry": {
                "coordinates": [
                    6.14695,
                    45.91547
                ],
                "type": "Point"
            },
            "properties": {
                "capacity": 10,
                "is_charging_station": true,
                "is_installed": true,
                "is_renting": true,
                "is_returning": true,
                "is_valet_station": false,
                "is_virtual_station": false,
                "last_reported": 1789333951,
                "name": "Annecy - Vigni\u00e8res Pommaries",
                "num_bikes_available": 2,
                "num_docks_available": 6,
                "rental_uris": {},
                "station_id": "st_d0q8h2a5u9tmfvdh5f60",
                "vehicle_type_capacity": {
                    "1": 10,
                    "10": 0,
                    "14": 0,
                    "15": 0,
                    "2": 10,
                    "4": 10,
                    "5": 0,
                    "6": 0,
                    "7": 10
                },
                "vehicle_types_available": [
                    {
                        "count": 2,
                        "vehicle_type_id": "4"
                    },
                    {
                        "count": 0,
                        "vehicle_type_id": "7"
                    },
                    {
                        "count": 0,
                        "vehicle_type_id": "1"
                    },
                    {
                        "count": 0,
                        "vehicle_type_id": "2"
                    }
                ]
            },
            "type": "Feature"
        },
        {
            "geometry": {
                "coordinates": [
                    6.08915,
                    45.96685
                ],
                "type": "Point"
            },
            "properties": {
                "capacity": 10,
                "is_charging_station": true,
                "is_installed": true,
                "is_renting": true,
                "is_returning": true,
                "is_valet_station": false,
                "is_virtual_station": false,
                "last_reported": 1789333951,
                "name": "Annecy \u2013 Ferri\u00e8res",
                "num_bikes_available": 2,
                "num_docks_available": 8,
                "rental_uris": {},
                "station_id": "st_d0q8h2a5u9tmfvdh5f7g",
                "vehicle_type_capacity": {
                    "1": 8,
                    "10": 0,
                    "14": 0,
                    "15": 0,
                    "2": 8,
                    "4": 8,
                    "5": 0,
                    "6": 0,
                    "7": 8
                },
                "vehicle_types_available": [
                    {
                        "count": 0,
                        "vehicle_type_id": "1"
                    },
                    {
                        "count": 0,
                        "vehicle_type_id": "2"
                    },
                    {
                        "count": 2,
                        "vehicle_type_id": "4"
                    },
                    {
                        "count": 0,
                        "vehicle_type_id": "7"
                    }
                ]
            },
            "type": "Feature"
        },
        {
            "geometry": {
                "coordinates": [
                    6.14087,
                    45.94035
                ],
                "type": "Point"
            },
            "properties": {
                "capacity": 10,
                "is_charging_station": false,
                "is_installed": true,
                "is_renting": true,
                "is_returning": true,
                "is_valet_station": false,
                "is_virtual_station": false,
                "last_reported": 1789333951,
                "name": "Argonay - Salle Polyvalente",
                "num_bikes_available": 2,
                "num_docks_available": 6,
                "rental_uris": {},
                "station_id": "st_d0q8h2a5u9tmfvdh5f90",
                "vehicle_type_capacity": {
                    "1": 7,
                    "10": 0,
                    "14": 0,
                    "15": 0,
                    "2": 7,
                    "4": 7,
                    "5": 0,
                    "6": 0,
                    "7": 7
                },
                "vehicle_types_available": [
                    {
                        "count": 0,
                        "vehicle_type_id": "1"
                    },
                    {
                        "count": 0,
                        "vehicle_type_id": "2"
                    },
                    {
                        "count": 2,
                        "vehicle_type_id": "4"
                    },
                    {
                        "count": 0,
                        "vehicle_type_id": "7"
                    }
                ]
            },
            "type": "Feature"
        },
        {
            "geometry": {
                "coordinates": [
                    6.21836,
                    45.86865
                ],
                "type": "Point"
            },
            "properties": {
                "capacity": 10,
                "is_charging_station": false,
                "is_installed": true,
                "is_renting": true,
                "is_returning": true,
                "is_valet_station": false,
                "is_virtual_station": false,
                "last_reported": 1789333951,
                "name": "Bluffy - Mairie",
                "num_bikes_available": 1,
                "num_docks_available": 9,
                "rental_uris": {},
                "station_id": "st_d0q8h2a5u9tmfvdh5fag",
                "vehicle_type_capacity": {
                    "1": 10,
                    "10": 0,
                    "14": 0,
                    "15": 0,
                    "2": 10,
                    "4": 10,
                    "5": 0,
                    "6": 0,
                    "7": 10
                },
                "vehicle_types_available": [
                    {
                        "count": 0,
                        "vehicle_type_id": "1"
                    },
                    {
                        "count": 0,
                        "vehicle_type_id": "2"
                    },
                    {
                        "count": 1,
                        "vehicle_type_id": "4"
                    },
                    {
                        "count": 0,
                        "vehicle_type_id": "7"
                    }
                ]
            },
            "type": "Feature"
        },
        {
            "geometry": {
                "coordinates": [
                    6.15788,
                    45.97801
                ],
                "type": "Point"
            },
            "properties": {
                "capacity": 10,
                "is_charging_station": false,
                "is_installed": true,
                "is_renting": true,
                "is_returning": true,
                "is_valet_station": false,
                "is_virtual_station": false,
                "last_reported": 1789333951,
                "name": "Charvonnex - Parking Mairie",
                "num_bikes_available": 3,
                "num_docks_available": 7,
                "rental_uris": {},
                "station_id": "st_d0q8h2a5u9tmfvdh5fc0",
                "vehicle_type_capacity": {
                    "1": 7,
                    "10": 0,
                    "14": 0,
                    "15": 0,
                    "2": 7,
                    "4": 7,
                    "5": 0,
                    "6": 0,
                    "7": 7
                },
                "vehicle_types_available": [
                    {
                        "count": 3,
                        "vehicle_type_id": "4"
                    },
                    {
                        "count": 0,
                        "vehicle_type_id": "7"
                    },
                    {
                        "count": 0,
                        "vehicle_type_id": "1"
                    },
                    {
                        "count": 0,
                        "vehicle_type_id": "2"
                    }
                ]
            },
            "type": "Feature"
        },
        {
            "geometry": {
                "coordinates": [
                    6.05275,
                    45.88441
                ],
                "type": "Point"
            },
            "properties": {
                "capacity": 10,
                "is_charging_station": false,
                "is_installed": true,
                "is_renting": true,
                "is_returning": true,
                "is_valet_station": false,
                "is_virtual_station": false,
                "last_reported": 1789333951,
                "name": "Chavanod - Mairie-ISETA-ECA",
                "num_bikes_available": 1,
                "num_docks_available": 9,
                "rental_uris": {},
                "station_id": "st_d0q8h2a5u9tmfvdh5fdg",
                "vehicle_type_capacity": {
                    "1": 10,
                    "10": 0,
                    "14": 0,
                    "15": 0,
                    "2": 10,
                    "4": 10,
                    "5": 0,
                    "6": 0,
                    "7": 10
                },
                "vehicle_types_available": [
                    {
                        "count": 0,
                        "vehicle_type_id": "1"
                    },
                    {
                        "count": 0,
                        "vehicle_type_id": "2"
                    },
                    {
                        "count": 1,
                        "vehicle_type_id": "4"
                    },
                    {
                        "count": 0,
                        "vehicle_type_id": "7"
                    }
                ]
            },
            "type": "Feature"
        },
        {
            "geometry": {
                "coordinates": [
                    6.05237,
                    45.88216
                ],
                "type": "Point"
            },
            "properties": {
                "capacity": 10,
                "is_charging_station": true,
                "is_installed": true,
                "is_renting": true,
                "is_returning": true,
                "is_valet_station": false,
                "is_virtual_station": false,
                "last_reported": 1789333951,
                "name": "Chavanod - Stade",
                "num_bikes_available": 0,
                "num_docks_available": 10,
                "rental_uris": {},
                "station_id": "st_d0q8h2a5u9tmfvdh5ff0",
                "vehicle_type_capacity": {
                    "1": 10,
                    "10": 0,
                    "14": 0,
                    "15": 0,
                    "2": 10,
                    "4": 10,
                    "5": 0,
                    "6": 0,
                    "7": 10
                },
                "vehicle_types_available": [
                    {
                        "count": 0,
                        "vehicle_type_id": "1"
                    },
                    {
                        "count": 0,
                        "vehicle_type_id": "2"
                    },
                    {
                        "count": 0,
                        "vehicle_type_id": "4"
                    },
                    {
                        "count": 0,
                        "vehicle_type_id": "7"
                    }
                ]
            },
            "type": "Feature"
        },
        {
            "geometry": {
                "coordinates": [
                    6.030703,
                    45.764745
                ],
                "type": "Point"
            },
            "properties": {
                "capacity": 10,
                "is_charging_station": false,
                "is_installed": true,
                "is_renting": true,
                "is_returning": true,
                "is_valet_station": false,
                "is_virtual_station": false,
                "last_reported": 1789333951,
                "name": "Cusy - Centre-Bourg",
                "num_bikes_available": 4,
                "num_docks_available": 6,
                "rental_uris": {},
                "station_id": "st_d0q8h2a5u9tmfvdh5fgg",
                "vehicle_type_capacity": {
                    "1": 6,
                    "10": 0,
                    "14": 0,
                    "15": 0,
                    "2": 6,
                    "4": 6,
                    "5": 0,
                    "6": 0,
                    "7": 6
                },
                "vehicle_types_available": [
                    {
                        "count": 4,
                        "vehicle_type_id": "4"
                    },
                    {
                        "count": 0,
                        "vehicle_type_id": "7"
                    },
                    {
                        "count": 0,
                        "vehicle_type_id": "1"
                    },
                    {
                        "count": 0,
                        "vehicle_type_id": "2"
                    }
                ]
            },
            "type": "Feature"
        },
        {
            "geometry": {
                "coordinates": [
                    6.12332,
                    45.88993
                ],
                "type": "Point"
            },
            "properties": {
                "capacity": 10,
                "is_charging_station": true,
                "is_installed": true,
                "is_renting": true,
                "is_returning": true,
                "is_valet_station": false,
                "is_virtual_station": false,
                "last_reported": 1789333951,
                "name": "Annecy \u2013 Saint-Michel-UCLy",
                "num_bikes_available": 5,
                "num_docks_available": 5,
                "rental_uris": {},
                "station_id": "st_d0q8h2cmemg60qg4kik0",
                "vehicle_type_capacity": {
                    "1": 8,
                    "10": 0,
                    "14": 0,
                    "15": 0,
                    "2": 8,
                    "4": 8,
                    "5": 0,
                    "6": 0,
                    "7": 8
                },
                "vehicle_types_available": [
                    {
                        "count": 0,
                        "vehicle_type_id": "1"
                    },
                    {
                        "count": 0,
                        "vehicle_type_id": "2"
                    },
                    {
                        "count": 5,
                        "vehicle_type_id": "4"
                    },
                    {
                        "count": 0,
                        "vehicle_type_id": "7"
                    }
                ]
            },
            "type": "Feature"
        },
        {
            "geometry": {
                "coordinates": [
                    5.99617,
                    45.7789
                ],
                "type": "Point"
            },
            "properties": {
                "capacity": 10,
                "is_charging_station": false,
                "is_installed": true,
                "is_renting": true,
                "is_returning": true,
                "is_valet_station": false,
                "is_virtual_station": false,
                "last_reported": 1789333951,
                "name": "Chainaz-les-Frasses - Salle des f\u00eates",
                "num_bikes_available": 5,
                "num_docks_available": 6,
                "rental_uris": {},
                "station_id": "st_d0q8h2cmemg60qg4kilg",
                "vehicle_type_capacity": {
                    "1": 9,
                    "10": 0,
                    "14": 0,
                    "15": 0,
                    "2": 9,
                    "4": 9,
                    "5": 0,
                    "6": 0,
                    "7": 9
                },
                "vehicle_types_available": [
                    {
                        "count": 0,
                        "vehicle_type_id": "1"
                    },
                    {
                        "count": 0,
                        "vehicle_type_id": "2"
                    },
                    {
                        "count": 5,
                        "vehicle_type_id": "4"
                    },
                    {
                        "count": 0,
                        "vehicle_type_id": "7"
                    }
                ]
            },
            "type": "Feature"
        },
        {
            "geometry": {
                "coordinates": [
                    6.037419,
                    45.844867
                ],
                "type": "Point"
            },
            "properties": {
                "capacity": 5,
                "is_charging_station": false,
                "is_installed": true,
                "is_renting": true,
                "is_returning": true,
                "is_valet_station": false,
                "is_virtual_station": false,
                "last_reported": 1789333951,
                "name": "Chapeiry - Centre-Bourg",
                "num_bikes_available": 8,
                "num_docks_available": 0,
                "rental_uris": {},
                "station_id": "st_d0q8h2cmemg60qg4kin0",
                "vehicle_type_capacity": {
                    "1": 0,
                    "10": 0,
                    "14": 0,
                    "15": 0,
                    "2": 0,
                    "4": 0,
                    "5": 0,
                    "6": 0,
                    "7": 0
                },
                "vehicle_types_available": [
                    {
                        "count": 8,
                        "vehicle_type_id": "4"
                    },
                    {
                        "count": 0,
                        "vehicle_type_id": "7"
                    },
                    {
                        "count": 0,
                        "vehicle_type_id": "1"
                    },
                    {
                        "count": 0,
                        "vehicle_type_id": "10"
                    },
                    {
                        "count": 0,
                        "vehicle_type_id": "2"
                    }
                ]
            },
            "type": "Feature"
        },
        {
            "geometry": {
                "coordinates": [
                    6.10561,
                    45.93919
                ],
                "type": "Point"
            },
            "properties": {
                "capacity": 10,
                "is_charging_station": false,
                "is_installed": true,
                "is_renting": true,
                "is_returning": true,
                "is_valet_station": false,
                "is_virtual_station": false,
                "last_reported": 1789333951,
                "name": "\u00c9pagny Metz-Tessy - Grenette",
                "num_bikes_available": 3,
                "num_docks_available": 7,
                "rental_uris": {},
                "station_id": "st_d0q8h2i5u9tmfvdh5fi0",
                "vehicle_type_capacity": {
                    "1": 7,
                    "10": 0,
                    "14": 0,
                    "15": 0,
                    "2": 7,
                    "4": 7,
                    "5": 0,
                    "6": 0,
                    "7": 7
                },
                "vehicle_types_available": [
                    {
                        "count": 0,
                        "vehicle_type_id": "2"
                    },
                    {
                        "count": 3,
                        "vehicle_type_id": "4"
                    },
                    {
                        "count": 0,
                        "vehicle_type_id": "7"
                    },
                    {
                        "count": 0,
                        "vehicle_type_id": "1"
                    }
                ]
            },
            "type": "Feature"
        },
        {
            "geometry": {
                "coordinates": [
                    6.11751,
                    45.93477
                ],
                "type": "Point"
            },
            "properties": {
                "capacity": 10,
                "is_charging_station": true,
                "is_installed": true,
                "is_renting": true,
                "is_returning": true,
                "is_valet_station": false,
                "is_virtual_station": false,
                "last_reported": 1789333951,
                "name": "Epagny Metz-Tessy - H\u00f4pital d'Annecy",
                "num_bikes_available": 0,
                "num_docks_available": 10,
                "rental_uris": {},
                "station_id": "st_d0q8h2i5u9tmfvdh5fjg",
                "vehicle_type_capacity": {
                    "1": 10,
                    "10": 0,
                    "14": 0,
                    "15": 0,
                    "2": 10,
                    "4": 10,
                    "5": 0,
                    "6": 0,
                    "7": 10
                },
                "vehicle_types_available": [
                    {
                        "count": 0,
                        "vehicle_type_id": "7"
                    },
                    {
                        "count": 0,
                        "vehicle_type_id": "1"
                    },
                    {
                        "count": 0,
                        "vehicle_type_id": "2"
                    },
                    {
                        "count": 0,
                        "vehicle_type_id": "4"
                    }
                ]
            },
            "type": "Feature"
        },
        {
            "geometry": {
                "coordinates": [
                    6.08374,
                    45.93502
                ],
                "type": "Point"
            },
            "properties": {
                "capacity": 10,
                "is_charging_station": true,
                "is_installed": true,
                "is_renting": true,
                "is_returning": true,
                "is_valet_station": false,
                "is_virtual_station": false,
                "last_reported": 1789333951,
                "name": "\u00c9pagny Metz-Tessy - Tuilerie",
                "num_bikes_available": 7,
                "num_docks_available": 3,
                "rental_uris": {},
                "station_id": "st_d0q8h2i5u9tmfvdh5fl0",
                "vehicle_type_capacity": {
                    "1": 7,
                    "10": 0,
                    "14": 0,
                    "15": 0,
                    "2": 7,
                    "4": 7,
                    "5": 0,
                    "6": 0,
                    "7": 7
                },
                "vehicle_types_available": [
                    {
                        "count": 0,
                        "vehicle_type_id": "10"
                    },
                    {
                        "count": 0,
                        "vehicle_type_id": "2"
                    },
                    {
                        "count": 7,
                        "vehicle_type_id": "4"
                    },
                    {
                        "count": 0,
                        "vehicle_type_id": "7"
                    },
                    {
                        "count": 0,
                        "vehicle_type_id": "1"
                    }
                ]
            },
            "type": "Feature"
        },
        {
            "geometry": {
                "coordinates": [
                    6.14446,
                    45.95988
                ],
                "type": "Point"
            },
            "properties": {
                "capacity": 10,
                "is_charging_station": false,
                "is_installed": true,
                "is_renting": true,
                "is_returning": true,
                "is_valet_station": false,
                "is_virtual_station": false,
                "last_reported": 1789333951,
                "name": "Filli\u00e8re - Chez Mouthon St-Martin-Bellevue",
                "num_bikes_available": 1,
                "num_docks_available": 9,
                "rental_uris": {},
                "station_id": "st_d0q8h2i5u9tmfvdh5fmg",
                "vehicle_type_capacity": {
                    "1": 9,
                    "10": 0,
                    "14": 0,
                    "15": 0,
                    "2": 9,
                    "4": 9,
                    "5": 0,
                    "6": 0,
                    "7": 9
                },
                "vehicle_types_available": [
                    {
                        "count": 0,
                        "vehicle_type_id": "2"
                    },
                    {
                        "count": 1,
                        "vehicle_type_id": "4"
                    },
                    {
                        "count": 0,
                        "vehicle_type_id": "7"
                    },
                    {
                        "count": 0,
                        "vehicle_type_id": "1"
                    }
                ]
            },
            "type": "Feature"
        },
        {
            "geometry": {
                "coordinates": [
                    6.17613,
                    46.01133
                ],
                "type": "Point"
            },
            "properties": {
                "capacity": 10,
                "is_charging_station": true,
                "is_installed": true,
                "is_renting": true,
                "is_returning": true,
                "is_valet_station": false,
                "is_virtual_station": false,
                "last_reported": 1789333951,
                "name": "Groisy - Gare",
                "num_bikes_available": 3,
                "num_docks_available": 7,
                "rental_uris": {},
                "station_id": "st_d0q8h2i5u9tmfvdh5fo0",
                "vehicle_type_capacity": {
                    "1": 7,
                    "10": 0,
                    "14": 0,
                    "15": 0,
                    "2": 7,
                    "4": 7,
                    "5": 0,
                    "6": 0,
                    "7": 7
                },
                "vehicle_types_available": [
                    {
                        "count": 0,
                        "vehicle_type_id": "1"
                    },
                    {
                        "count": 0,
                        "vehicle_type_id": "2"
                    },
                    {
                        "count": 3,
                        "vehicle_type_id": "4"
                    },
                    {
                        "count": 0,
                        "vehicle_type_id": "7"
                    }
                ]
            },
            "type": "Feature"
        },
        {
            "geometry": {
                "coordinates": [
                    6.20063,
                    45.82642
                ],
                "type": "Point"
            },
            "properties": {
                "capacity": 10,
                "is_charging_station": false,
                "is_installed": true,
                "is_renting": true,
                "is_returning": true,
                "is_valet_station": false,
                "is_virtual_station": false,
                "last_reported": 1789333951,
                "name": "Duingt - Centre-Bourg",
                "num_bikes_available": 3,
                "num_docks_available": 8,
                "rental_uris": {},
                "station_id": "st_d0q8h2kmemg60qg4kipg",
                "vehicle_type_capacity": {
                    "1": 8,
                    "10": 0,
                    "14": 0,
                    "15": 0,
                    "2": 8,
                    "4": 8,
                    "5": 0,
                    "6": 0,
                    "7": 8
                },
                "vehicle_types_available": [
                    {
                        "count": 0,
                        "vehicle_type_id": "1"
                    },
                    {
                        "count": 0,
                        "vehicle_type_id": "2"
                    },
                    {
                        "count": 3,
                        "vehicle_type_id": "4"
                    },
                    {
                        "count": 0,
                        "vehicle_type_id": "7"
                    }
                ]
            },
            "type": "Feature"
        },
        {
            "geometry": {
                "coordinates": [
                    6.106846,
                    45.929983
                ],
                "type": "Point"
            },
            "properties": {
                "capacity": 10,
                "is_charging_station": false,
                "is_installed": true,
                "is_renting": true,
                "is_returning": true,
                "is_valet_station": false,
                "is_virtual_station": true,
                "last_reported": 1789333951,
                "name": "Epagny Metz-Tessy - A\u00e9roport",
                "num_bikes_available": 2,
                "num_docks_available": 8,
                "rental_uris": {},
                "station_id": "st_d0q8h2kmemg60qg4kir0",
                "vehicle_type_capacity": {
                    "1": 8,
                    "10": 8,
                    "14": 0,
                    "15": 0,
                    "2": 8,
                    "4": 8,
                    "5": 0,
                    "6": 0,
                    "7": 8
                },
                "vehicle_types_available": [
                    {
                        "count": 0,
                        "vehicle_type_id": "1"
                    },
                    {
                        "count": 0,
                        "vehicle_type_id": "10"
                    },
                    {
                        "count": 0,
                        "vehicle_type_id": "2"
                    },
                    {
                        "count": 2,
                        "vehicle_type_id": "4"
                    },
                    {
                        "count": 0,
                        "vehicle_type_id": "7"
                    }
                ]
            },
            "type": "Feature"
        },
        {
            "geometry": {
                "coordinates": [
                    6.22437,
                    46.03772
                ],
                "type": "Point"
            },
            "properties": {
                "capacity": 10,
                "is_charging_station": false,
                "is_installed": true,
                "is_renting": true,
                "is_returning": true,
                "is_valet_station": false,
                "is_virtual_station": false,
                "last_reported": 1789333951,
                "name": "Filli\u00e8re - \u00c9vires",
                "num_bikes_available": 6,
                "num_docks_available": 4,
                "rental_uris": {},
                "station_id": "st_d0q8h2kmemg60qg4kiu0",
                "vehicle_type_capacity": {
                    "1": 4,
                    "10": 0,
                    "14": 0,
                    "15": 0,
                    "2": 4,
                    "4": 4,
                    "5": 0,
                    "6": 0,
                    "7": 4
                },
                "vehicle_types_available": [
                    {
                        "count": 0,
                        "vehicle_type_id": "1"
                    },
                    {
                        "count": 0,
                        "vehicle_type_id": "2"
                    },
                    {
                        "count": 6,
                        "vehicle_type_id": "4"
                    },
                    {
                        "count": 0,
                        "vehicle_type_id": "7"
                    }
                ]
            },
            "type": "Feature"
        },
        {
            "geometry": {
                "coordinates": [
                    6.15781,
                    45.96791
                ],
                "type": "Point"
            },
            "properties": {
                "capacity": 10,
                "is_charging_station": false,
                "is_installed": true,
                "is_renting": true,
                "is_returning": true,
                "is_valet_station": false,
                "is_virtual_station": false,
                "last_reported": 1789333951,
                "name": "Filli\u00e8re - Gare St-Martin-Bellevue",
                "num_bikes_available": 2,
                "num_docks_available": 8,
                "rental_uris": {},
                "station_id": "st_d0q8h2kmemg60qg4kivg",
                "vehicle_type_capacity": {
                    "1": 8,
                    "10": 0,
                    "14": 0,
                    "15": 0,
                    "2": 8,
                    "4": 8,
                    "5": 0,
                    "6": 0,
                    "7": 8
                },
                "vehicle_types_available": [
                    {
                        "count": 0,
                        "vehicle_type_id": "1"
                    },
                    {
                        "count": 0,
                        "vehicle_type_id": "2"
                    },
                    {
                        "count": 2,
                        "vehicle_type_id": "4"
                    },
                    {
                        "count": 0,
                        "vehicle_type_id": "7"
                    }
                ]
            },
            "type": "Feature"
        },
        {
            "geometry": {
                "coordinates": [
                    6.18202,
                    45.97934
                ],
                "type": "Point"
            },
            "properties": {
                "capacity": 10,
                "is_charging_station": false,
                "is_installed": true,
                "is_renting": true,
                "is_returning": true,
                "is_valet_station": false,
                "is_virtual_station": false,
                "last_reported": 1789333951,
                "name": "Filli\u00e8re - Les Olli\u00e8res",
                "num_bikes_available": 0,
                "num_docks_available": 10,
                "rental_uris": {},
                "station_id": "st_d0q8h2kmemg60qg4kj10",
                "vehicle_type_capacity": {
                    "1": 10,
                    "10": 0,
                    "14": 0,
                    "15": 0,
                    "2": 10,
                    "4": 10,
                    "5": 0,
                    "6": 0,
                    "7": 10
                },
                "vehicle_types_available": [
                    {
                        "count": 0,
                        "vehicle_type_id": "1"
                    },
                    {
                        "count": 0,
                        "vehicle_type_id": "2"
                    },
                    {
                        "count": 0,
                        "vehicle_type_id": "4"
                    },
                    {
                        "count": 0,
                        "vehicle_type_id": "7"
                    }
                ]
            },
            "type": "Feature"
        },
        {
            "geometry": {
                "coordinates": [
                    6.24673,
                    45.99667
                ],
                "type": "Point"
            },
            "properties": {
                "capacity": 10,
                "is_charging_station": true,
                "is_installed": true,
                "is_renting": true,
                "is_returning": true,
                "is_valet_station": false,
                "is_virtual_station": false,
                "last_reported": 1789333951,
                "name": "Filli\u00e8re - Thorens-Gli\u00e8res",
                "num_bikes_available": 3,
                "num_docks_available": 7,
                "rental_uris": {},
                "station_id": "st_d0q8h2kmemg60qg4kj2g",
                "vehicle_type_capacity": {
                    "1": 7,
                    "10": 0,
                    "14": 0,
                    "15": 0,
                    "2": 7,
                    "4": 7,
                    "5": 0,
                    "6": 0,
                    "7": 7
                },
                "vehicle_types_available": [
                    {
                        "count": 0,
                        "vehicle_type_id": "1"
                    },
                    {
                        "count": 0,
                        "vehicle_type_id": "2"
                    },
                    {
                        "count": 3,
                        "vehicle_type_id": "4"
                    },
                    {
                        "count": 0,
                        "vehicle_type_id": "7"
                    }
                ]
            },
            "type": "Feature"
        },
        {
            "geometry": {
                "coordinates": [
                    6.05434,
                    45.78859
                ],
                "type": "Point"
            },
            "properties": {
                "capacity": 10,
                "is_charging_station": true,
                "is_installed": true,
                "is_renting": true,
                "is_returning": true,
                "is_valet_station": false,
                "is_virtual_station": false,
                "last_reported": 1789333951,
                "name": "Gruffy - Centre-Bourg",
                "num_bikes_available": 1,
                "num_docks_available": 9,
                "rental_uris": {},
                "station_id": "st_d0q8h2q5u9tmfvdh5fpg",
                "vehicle_type_capacity": {
                    "1": 9,
                    "10": 0,
                    "14": 0,
                    "15": 0,
                    "2": 9,
                    "4": 9,
                    "5": 0,
                    "6": 0,
                    "7": 9
                },
                "vehicle_types_available": [
                    {
                        "count": 0,
                        "vehicle_type_id": "2"
                    },
                    {
                        "count": 1,
                        "vehicle_type_id": "4"
                    },
                    {
                        "count": 0,
                        "vehicle_type_id": "7"
                    },
                    {
                        "count": 0,
                        "vehicle_type_id": "1"
                    }
                ]
            },
            "type": "Feature"
        },
        {
            "geometry": {
                "coordinates": [
                    6.01315,
                    45.7975
                ],
                "type": "Point"
            },
            "properties": {
                "capacity": 10,
                "is_charging_station": false,
                "is_installed": true,
                "is_renting": true,
                "is_returning": true,
                "is_valet_station": false,
                "is_virtual_station": false,
                "last_reported": 1789333951,
                "name": "H\u00e9ry-sur-Alby - Centre-Bourg",
                "num_bikes_available": 0,
                "num_docks_available": 10,
                "rental_uris": {},
                "station_id": "st_d0q8h2q5u9tmfvdh5fr0",
                "vehicle_type_capacity": {
                    "1": 10,
                    "10": 0,
                    "14": 0,
                    "15": 0,
                    "2": 10,
                    "4": 10,
                    "5": 0,
                    "6": 0,
                    "7": 10
                },
                "vehicle_types_available": [
                    {
                        "count": 0,
                        "vehicle_type_id": "1"
                    },
                    {
                        "count": 0,
                        "vehicle_type_id": "2"
                    },
                    {
                        "count": 0,
                        "vehicle_type_id": "4"
                    },
                    {
                        "count": 0,
                        "vehicle_type_id": "7"
                    }
                ]
            },
            "type": "Feature"
        },
        {
            "geometry": {
                "coordinates": [
                    6.198611,
                    45.861162
                ],
                "type": "Point"
            },
            "properties": {
                "capacity": 10,
                "is_charging_station": false,
                "is_installed": true,
                "is_renting": true,
                "is_returning": true,
                "is_valet_station": false,
                "is_virtual_station": false,
                "last_reported": 1789333951,
                "name": "Menthon-Saint-Bernard - Village",
                "num_bikes_available": 4,
                "num_docks_available": 7,
                "rental_uris": {},
                "station_id": "st_d0q8h2q5u9tmfvdh5fsg",
                "vehicle_type_capacity": {
                    "1": 9,
                    "10": 0,
                    "14": 0,
                    "15": 0,
                    "2": 9,
                    "4": 9,
                    "5": 0,
                    "6": 0,
                    "7": 9
                },
                "vehicle_types_available": [
                    {
                        "count": 0,
                        "vehicle_type_id": "2"
                    },
                    {
                        "count": 4,
                        "vehicle_type_id": "4"
                    },
                    {
                        "count": 0,
                        "vehicle_type_id": "7"
                    },
                    {
                        "count": 0,
                        "vehicle_type_id": "1"
                    }
                ]
            },
            "type": "Feature"
        },
        {
            "geometry": {
                "coordinates": [
                    6.04566,
                    45.86146
                ],
                "type": "Point"
            },
            "properties": {
                "capacity": 10,
                "is_charging_station": true,
                "is_installed": true,
                "is_renting": true,
                "is_returning": true,
                "is_valet_station": false,
                "is_virtual_station": false,
                "last_reported": 1789333951,
                "name": "Montagny-Les-Lanches - Mairie",
                "num_bikes_available": 3,
                "num_docks_available": 7,
                "rental_uris": {},
                "station_id": "st_d0q8h2q5u9tmfvdh5fu0",
                "vehicle_type_capacity": {
                    "1": 10,
                    "10": 0,
                    "14": 0,
                    "15": 0,
                    "2": 10,
                    "4": 10,
                    "5": 0,
                    "6": 0,
                    "7": 10
                },
                "vehicle_types_available": [
                    {
                        "count": 0,
                        "vehicle_type_id": "1"
                    },
                    {
                        "count": 0,
                        "vehicle_type_id": "2"
                    },
                    {
                        "count": 3,
                        "vehicle_type_id": "4"
                    },
                    {
                        "count": 0,
                        "vehicle_type_id": "7"
                    }
                ]
            },
            "type": "Feature"
        },
        {
            "geometry": {
                "coordinates": [
                    6.18851,
                    45.93435
                ],
                "type": "Point"
            },
            "properties": {
                "capacity": 10,
                "is_charging_station": true,
                "is_installed": true,
                "is_renting": true,
                "is_returning": true,
                "is_valet_station": false,
                "is_virtual_station": false,
                "last_reported": 1789333951,
                "name": "N\u00e2ves-Parmelan - Parking Centre",
                "num_bikes_available": 0,
                "num_docks_available": 10,
                "rental_uris": {},
                "station_id": "st_d0q8h2q5u9tmfvdh5fvg",
                "vehicle_type_capacity": {
                    "1": 10,
                    "10": 0,
                    "14": 0,
                    "15": 0,
                    "2": 10,
                    "4": 10,
                    "5": 0,
                    "6": 0,
                    "7": 10
                },
                "vehicle_types_available": [
                    {
                        "count": 0,
                        "vehicle_type_id": "1"
                    },
                    {
                        "count": 0,
                        "vehicle_type_id": "2"
                    },
                    {
                        "count": 0,
                        "vehicle_type_id": "4"
                    },
                    {
                        "count": 0,
                        "vehicle_type_id": "7"
                    }
                ]
            },
            "type": "Feature"
        },
        {
            "geometry": {
                "coordinates": [
                    6.06258,
                    45.92186
                ],
                "type": "Point"
            },
            "properties": {
                "capacity": 10,
                "is_charging_station": true,
                "is_installed": true,
                "is_renting": true,
                "is_returning": true,
                "is_valet_station": false,
                "is_virtual_station": false,
                "last_reported": 1789333951,
                "name": "Poisy - Centre-Ville",
                "num_bikes_available": 4,
                "num_docks_available": 6,
                "rental_uris": {},
                "station_id": "st_d0q8h2q5u9tmfvdh5g10",
                "vehicle_type_capacity": {
                    "1": 6,
                    "10": 0,
                    "14": 0,
                    "15": 0,
                    "2": 6,
                    "4": 6,
                    "5": 0,
                    "6": 0,
                    "7": 6
                },
                "vehicle_types_available": [
                    {
                        "count": 0,
                        "vehicle_type_id": "1"
                    },
                    {
                        "count": 0,
                        "vehicle_type_id": "2"
                    },
                    {
                        "count": 4,
                        "vehicle_type_id": "4"
                    },
                    {
                        "count": 0,
                        "vehicle_type_id": "7"
                    }
                ]
            },
            "type": "Feature"
        },
        {
            "geometry": {
                "coordinates": [
                    6.08361,
                    45.9175
                ],
                "type": "Point"
            },
            "properties": {
                "capacity": 10,
                "is_charging_station": true,
                "is_installed": true,
                "is_renting": true,
                "is_returning": true,
                "is_valet_station": false,
                "is_virtual_station": false,
                "last_reported": 1789333951,
                "name": "Poisy - Creusettes",
                "num_bikes_available": 4,
                "num_docks_available": 7,
                "rental_uris": {},
                "station_id": "st_d0q8h2q5u9tmfvdh5g2g",
                "vehicle_type_capacity": {
                    "1": 7,
                    "10": 0,
                    "14": 0,
                    "15": 0,
                    "2": 7,
                    "4": 7,
                    "5": 0,
                    "6": 0,
                    "7": 7
                },
                "vehicle_types_available": [
                    {
                        "count": 0,
                        "vehicle_type_id": "7"
                    },
                    {
                        "count": 0,
                        "vehicle_type_id": "1"
                    },
                    {
                        "count": 0,
                        "vehicle_type_id": "2"
                    },
                    {
                        "count": 4,
                        "vehicle_type_id": "4"
                    }
                ]
            },
            "type": "Feature"
        },
        {
            "geometry": {
                "coordinates": [
                    6.16473,
                    45.83567
                ],
                "type": "Point"
            },
            "properties": {
                "capacity": 20,
                "is_charging_station": true,
                "is_installed": true,
                "is_renting": true,
                "is_returning": true,
                "is_valet_station": false,
                "is_virtual_station": false,
                "last_reported": 1789333951,
                "name": "Saint-Jorioz - Parking Coll\u00e8ge",
                "num_bikes_available": 1,
                "num_docks_available": 16,
                "rental_uris": {},
                "station_id": "st_d0q8h2q5u9tmfvdh5g40",
                "vehicle_type_capacity": {
                    "1": 16,
                    "10": 0,
                    "14": 0,
                    "15": 0,
                    "2": 16,
                    "4": 16,
                    "5": 0,
                    "6": 0,
                    "7": 16
                },
                "vehicle_types_available": [
                    {
                        "count": 1,
                        "vehicle_type_id": "4"
                    },
                    {
                        "count": 0,
                        "vehicle_type_id": "7"
                    },
                    {
                        "count": 0,
                        "vehicle_type_id": "1"
                    },
                    {
                        "count": 0,
                        "vehicle_type_id": "2"
                    }
                ]
            },
            "type": "Feature"
        },
        {
            "geometry": {
                "coordinates": [
                    6.1718,
                    45.84314
                ],
                "type": "Point"
            },
            "properties": {
                "capacity": 10,
                "is_charging_station": false,
                "is_installed": true,
                "is_renting": true,
                "is_returning": true,
                "is_valet_station": false,
                "is_virtual_station": false,
                "last_reported": 1789333951,
                "name": "Saint-Jorioz - Plage",
                "num_bikes_available": 2,
                "num_docks_available": 10,
                "rental_uris": {},
                "station_id": "st_d0q8h2q5u9tmfvdh5g5g",
                "vehicle_type_capacity": {
                    "1": 10,
                    "10": 0,
                    "14": 0,
                    "15": 0,
                    "2": 10,
                    "4": 10,
                    "5": 0,
                    "6": 0,
                    "7": 10
                },
                "vehicle_types_available": [
                    {
                        "count": 2,
                        "vehicle_type_id": "4"
                    },
                    {
                        "count": 0,
                        "vehicle_type_id": "7"
                    },
                    {
                        "count": 0,
                        "vehicle_type_id": "1"
                    },
                    {
                        "count": 0,
                        "vehicle_type_id": "2"
                    }
                ]
            },
            "type": "Feature"
        },
        {
            "geometry": {
                "coordinates": [
                    6.03893,
                    45.80714
                ],
                "type": "Point"
            },
            "properties": {
                "capacity": 10,
                "is_charging_station": false,
                "is_installed": true,
                "is_renting": true,
                "is_returning": true,
                "is_valet_station": false,
                "is_virtual_station": false,
                "last_reported": 1789333951,
                "name": "M\u00fbres - le Faraudet",
                "num_bikes_available": 9,
                "num_docks_available": 1,
                "rental_uris": {},
                "station_id": "st_d0q8h2smemg60qg4kj40",
                "vehicle_type_capacity": {
                    "1": 10,
                    "10": 0,
                    "14": 0,
                    "15": 0,
                    "2": 10,
                    "4": 10,
                    "5": 0,
                    "6": 0,
                    "7": 10
                },
                "vehicle_types_available": [
                    {
                        "count": 0,
                        "vehicle_type_id": "1"
                    },
                    {
                        "count": 0,
                        "vehicle_type_id": "2"
                    },
                    {
                        "count": 9,
                        "vehicle_type_id": "4"
                    },
                    {
                        "count": 0,
                        "vehicle_type_id": "7"
                    }
                ]
            },
            "type": "Feature"
        },
        {
            "geometry": {
                "coordinates": [
                    6.08417,
                    45.84413
                ],
                "type": "Point"
            },
            "properties": {
                "capacity": 10,
                "is_charging_station": true,
                "is_installed": true,
                "is_renting": true,
                "is_returning": true,
                "is_valet_station": false,
                "is_virtual_station": false,
                "last_reported": 1789333951,
                "name": "Quintal - La Croix Ronde",
                "num_bikes_available": 2,
                "num_docks_available": 8,
                "rental_uris": {},
                "station_id": "st_d0q8h2smemg60qg4kj5g",
                "vehicle_type_capacity": {
                    "1": 8,
                    "10": 0,
                    "14": 0,
                    "15": 0,
                    "2": 8,
                    "4": 8,
                    "5": 0,
                    "6": 0,
                    "7": 8
                },
                "vehicle_types_available": [
                    {
                        "count": 0,
                        "vehicle_type_id": "1"
                    },
                    {
                        "count": 0,
                        "vehicle_type_id": "2"
                    },
                    {
                        "count": 2,
                        "vehicle_type_id": "4"
                    },
                    {
                        "count": 0,
                        "vehicle_type_id": "7"
                    }
                ]
            },
            "type": "Feature"
        },
        {
            "geometry": {
                "coordinates": [
                    5.97262,
                    45.80102
                ],
                "type": "Point"
            },
            "properties": {
                "capacity": 10,
                "is_charging_station": true,
                "is_installed": true,
                "is_renting": true,
                "is_returning": true,
                "is_valet_station": false,
                "is_virtual_station": false,
                "last_reported": 1789333951,
                "name": "Saint-F\u00e9lix - Centre-Bourg",
                "num_bikes_available": 7,
                "num_docks_available": 3,
                "rental_uris": {},
                "station_id": "st_d0q8h2smemg60qg4kj70",
                "vehicle_type_capacity": {
                    "1": 6,
                    "10": 0,
                    "14": 0,
                    "15": 0,
                    "2": 6,
                    "4": 6,
                    "5": 0,
                    "6": 0,
                    "7": 6
                },
                "vehicle_types_available": [
                    {
                        "count": 0,
                        "vehicle_type_id": "1"
                    },
                    {
                        "count": 0,
                        "vehicle_type_id": "2"
                    },
                    {
                        "count": 7,
                        "vehicle_type_id": "4"
                    },
                    {
                        "count": 0,
                        "vehicle_type_id": "7"
                    }
                ]
            },
            "type": "Feature"
        },
        {
            "geometry": {
                "coordinates": [
                    6.14169,
                    45.86664
                ],
                "type": "Point"
            },
            "properties": {
                "capacity": 10,
                "is_charging_station": false,
                "is_installed": true,
                "is_renting": true,
                "is_returning": true,
                "is_valet_station": false,
                "is_virtual_station": false,
                "last_reported": 1789333951,
                "name": "Sevrier - Parking de la Liaz",
                "num_bikes_available": 1,
                "num_docks_available": 9,
                "rental_uris": {},
                "station_id": "st_d0q8h325u9tmfvdh5g70",
                "vehicle_type_capacity": {
                    "1": 9,
                    "10": 0,
                    "14": 0,
                    "15": 0,
                    "2": 9,
                    "4": 9,
                    "5": 0,
                    "6": 0,
                    "7": 9
                },
                "vehicle_types_available": [
                    {
                        "count": 1,
                        "vehicle_type_id": "4"
                    },
                    {
                        "count": 0,
                        "vehicle_type_id": "7"
                    },
                    {
                        "count": 0,
                        "vehicle_type_id": "1"
                    },
                    {
                        "count": 0,
                        "vehicle_type_id": "2"
                    }
                ]
            },
            "type": "Feature"
        },
        {
            "geometry": {
                "coordinates": [
                    6.21457,
                    45.83943
                ],
                "type": "Point"
            },
            "properties": {
                "capacity": 10,
                "is_charging_station": true,
                "is_installed": true,
                "is_renting": true,
                "is_returning": true,
                "is_valet_station": false,
                "is_virtual_station": false,
                "last_reported": 1789333951,
                "name": "Talloires-Montmin - Centre-Ville",
                "num_bikes_available": 0,
                "num_docks_available": 8,
                "rental_uris": {},
                "station_id": "st_d0q8h325u9tmfvdh5g8g",
                "vehicle_type_capacity": {
                    "1": 8,
                    "10": 0,
                    "14": 0,
                    "15": 0,
                    "2": 8,
                    "4": 8,
                    "5": 0,
                    "6": 0,
                    "7": 8
                },
                "vehicle_types_available": [
                    {
                        "count": 0,
                        "vehicle_type_id": "2"
                    },
                    {
                        "count": 0,
                        "vehicle_type_id": "4"
                    },
                    {
                        "count": 0,
                        "vehicle_type_id": "7"
                    },
                    {
                        "count": 0,
                        "vehicle_type_id": "1"
                    }
                ]
            },
            "type": "Feature"
        },
        {
            "geometry": {
                "coordinates": [
                    6.19037,
                    45.95094
                ],
                "type": "Point"
            },
            "properties": {
                "capacity": 10,
                "is_charging_station": true,
                "is_installed": true,
                "is_renting": true,
                "is_returning": true,
                "is_valet_station": false,
                "is_virtual_station": false,
                "last_reported": 1789333951,
                "name": "Villaz - Centre-Bourg",
                "num_bikes_available": 0,
                "num_docks_available": 10,
                "rental_uris": {},
                "station_id": "st_d0q8h325u9tmfvdh5ga0",
                "vehicle_type_capacity": {
                    "1": 10,
                    "10": 0,
                    "14": 0,
                    "15": 0,
                    "2": 10,
                    "4": 10,
                    "5": 0,
                    "6": 0,
                    "7": 10
                },
                "vehicle_types_available": [
                    {
                        "count": 0,
                        "vehicle_type_id": "4"
                    },
                    {
                        "count": 0,
                        "vehicle_type_id": "7"
                    },
                    {
                        "count": 0,
                        "vehicle_type_id": "1"
                    },
                    {
                        "count": 0,
                        "vehicle_type_id": "2"
                    }
                ]
            },
            "type": "Feature"
        },
        {
            "geometry": {
                "coordinates": [
                    6.14856,
                    45.84595
                ],
                "type": "Point"
            },
            "properties": {
                "capacity": 10,
                "is_charging_station": true,
                "is_installed": true,
                "is_renting": true,
                "is_returning": true,
                "is_valet_station": false,
                "is_virtual_station": false,
                "last_reported": 1789333951,
                "name": "Sevrier - Parking des Tennis",
                "num_bikes_available": 4,
                "num_docks_available": 6,
                "rental_uris": {},
                "station_id": "st_d0q8h34memg60qg4kj8g",
                "vehicle_type_capacity": {
                    "1": 6,
                    "10": 0,
                    "14": 0,
                    "15": 0,
                    "2": 6,
                    "4": 6,
                    "5": 0,
                    "6": 0,
                    "7": 6
                },
                "vehicle_types_available": [
                    {
                        "count": 0,
                        "vehicle_type_id": "1"
                    },
                    {
                        "count": 0,
                        "vehicle_type_id": "2"
                    },
                    {
                        "count": 4,
                        "vehicle_type_id": "4"
                    },
                    {
                        "count": 0,
                        "vehicle_type_id": "7"
                    }
                ]
            },
            "type": "Feature"
        },
        {
            "geometry": {
                "coordinates": [
                    6.036582,
                    45.950544
                ],
                "type": "Point"
            },
            "properties": {
                "capacity": 10,
                "is_charging_station": true,
                "is_installed": true,
                "is_renting": true,
                "is_returning": true,
                "is_valet_station": false,
                "is_virtual_station": false,
                "last_reported": 1789333951,
                "name": "Sillingy - Coll\u00e8ge",
                "num_bikes_available": 13,
                "num_docks_available": 0,
                "rental_uris": {},
                "station_id": "st_d0q8h34memg60qg4kja0",
                "vehicle_type_capacity": {
                    "1": 10,
                    "10": 0,
                    "14": 0,
                    "15": 0,
                    "2": 10,
                    "4": 10,
                    "5": 0,
                    "6": 0,
                    "7": 10
                },
                "vehicle_types_available": [
                    {
                        "count": 0,
                        "vehicle_type_id": "1"
                    },
                    {
                        "count": 0,
                        "vehicle_type_id": "2"
                    },
                    {
                        "count": 13,
                        "vehicle_type_id": "4"
                    },
                    {
                        "count": 0,
                        "vehicle_type_id": "7"
                    }
                ]
            },
            "type": "Feature"
        },
        {
            "geometry": {
                "coordinates": [
                    6.068061,
                    45.943122
                ],
                "type": "Point"
            },
            "properties": {
                "capacity": 10,
                "is_charging_station": true,
                "is_installed": true,
                "is_renting": true,
                "is_returning": true,
                "is_valet_station": false,
                "is_virtual_station": false,
                "last_reported": 1789333951,
                "name": "Sillingy - Les Bains",
                "num_bikes_available": 0,
                "num_docks_available": 10,
                "rental_uris": {},
                "station_id": "st_d0q8h34memg60qg4kjbg",
                "vehicle_type_capacity": {
                    "1": 10,
                    "10": 0,
                    "14": 0,
                    "15": 0,
                    "2": 10,
                    "4": 10,
                    "5": 0,
                    "6": 0,
                    "7": 10
                },
                "vehicle_types_available": [
                    {
                        "count": 0,
                        "vehicle_type_id": "1"
                    },
                    {
                        "count": 0,
                        "vehicle_type_id": "2"
                    },
                    {
                        "count": 0,
                        "vehicle_type_id": "4"
                    },
                    {
                        "count": 0,
                        "vehicle_type_id": "7"
                    }
                ]
            },
            "type": "Feature"
        },
        {
            "geometry": {
                "coordinates": [
                    6.22223,
                    45.82442
                ],
                "type": "Point"
            },
            "properties": {
                "capacity": 10,
                "is_charging_station": true,
                "is_installed": true,
                "is_renting": true,
                "is_returning": true,
                "is_valet_station": false,
                "is_virtual_station": false,
                "last_reported": 1789333951,
                "name": "Talloires-Montmin - Angon",
                "num_bikes_available": 21,
                "num_docks_available": 0,
                "rental_uris": {},
                "station_id": "st_d0q8h34memg60qg4kjd0",
                "vehicle_type_capacity": {
                    "1": 10,
                    "10": 0,
                    "14": 0,
                    "15": 0,
                    "2": 10,
                    "4": 10,
                    "5": 0,
                    "6": 0,
                    "7": 10
                },
                "vehicle_types_available": [
                    {
                        "count": 0,
                        "vehicle_type_id": "1"
                    },
                    {
                        "count": 0,
                        "vehicle_type_id": "2"
                    },
                    {
                        "count": 21,
                        "vehicle_type_id": "4"
                    },
                    {
                        "count": 0,
                        "vehicle_type_id": "7"
                    }
                ]
            },
            "type": "Feature"
        },
        {
            "geometry": {
                "coordinates": [
                    6.21363,
                    45.84791
                ],
                "type": "Point"
            },
            "properties": {
                "capacity": 10,
                "is_charging_station": true,
                "is_installed": true,
                "is_renting": true,
                "is_returning": true,
                "is_valet_station": false,
                "is_virtual_station": false,
                "last_reported": 1789333951,
                "name": "Talloires-Montmin - Perroix",
                "num_bikes_available": 7,
                "num_docks_available": 2,
                "rental_uris": {},
                "station_id": "st_d0q8h34memg60qg4kjeg",
                "vehicle_type_capacity": {
                    "1": 9,
                    "10": 0,
                    "14": 0,
                    "15": 0,
                    "2": 9,
                    "4": 9,
                    "5": 0,
                    "6": 0,
                    "7": 9
                },
                "vehicle_types_available": [
                    {
                        "count": 0,
                        "vehicle_type_id": "1"
                    },
                    {
                        "count": 0,
                        "vehicle_type_id": "2"
                    },
                    {
                        "count": 7,
                        "vehicle_type_id": "4"
                    },
                    {
                        "count": 0,
                        "vehicle_type_id": "7"
                    }
                ]
            },
            "type": "Feature"
        },
        {
            "geometry": {
                "coordinates": [
                    6.177845,
                    45.87864
                ],
                "type": "Point"
            },
            "properties": {
                "capacity": 10,
                "is_charging_station": true,
                "is_installed": true,
                "is_renting": true,
                "is_returning": true,
                "is_valet_station": false,
                "is_virtual_station": false,
                "last_reported": 1789333951,
                "name": "Veyrier-du-Lac - Parking Tennis",
                "num_bikes_available": 1,
                "num_docks_available": 9,
                "rental_uris": {},
                "station_id": "st_d0q8h34memg60qg4kjg0",
                "vehicle_type_capacity": {
                    "1": 9,
                    "10": 0,
                    "14": 0,
                    "15": 0,
                    "2": 9,
                    "4": 9,
                    "5": 0,
                    "6": 0,
                    "7": 9
                },
                "vehicle_types_available": [
                    {
                        "count": 0,
                        "vehicle_type_id": "1"
                    },
                    {
                        "count": 0,
                        "vehicle_type_id": "2"
                    },
                    {
                        "count": 1,
                        "vehicle_type_id": "4"
                    },
                    {
                        "count": 0,
                        "vehicle_type_id": "7"
                    }
                ]
            },
            "type": "Feature"
        },
        {
            "geometry": {
                "coordinates": [
                    6.17414,
                    45.8871
                ],
                "type": "Point"
            },
            "properties": {
                "capacity": 10,
                "is_charging_station": true,
                "is_installed": true,
                "is_renting": true,
                "is_returning": true,
                "is_valet_station": false,
                "is_virtual_station": false,
                "last_reported": 1789333951,
                "name": "Veyrier-du-Lac \u2013 Kiosque",
                "num_bikes_available": 0,
                "num_docks_available": 9,
                "rental_uris": {},
                "station_id": "st_d0q8h34memg60qg4kjhg",
                "vehicle_type_capacity": {
                    "1": 9,
                    "10": 0,
                    "14": 0,
                    "15": 0,
                    "2": 9,
                    "4": 9,
                    "5": 0,
                    "6": 0,
                    "7": 9
                },
                "vehicle_types_available": [
                    {
                        "count": 0,
                        "vehicle_type_id": "1"
                    },
                    {
                        "count": 0,
                        "vehicle_type_id": "2"
                    },
                    {
                        "count": 0,
                        "vehicle_type_id": "4"
                    },
                    {
                        "count": 0,
                        "vehicle_type_id": "7"
                    }
                ]
            },
            "type": "Feature"
        },
        {
            "geometry": {
                "coordinates": [
                    6.06259,
                    45.80948
                ],
                "type": "Point"
            },
            "properties": {
                "capacity": 10,
                "is_charging_station": false,
                "is_installed": true,
                "is_renting": true,
                "is_returning": true,
                "is_valet_station": false,
                "is_virtual_station": false,
                "last_reported": 1789333951,
                "name": "Viuz-la-Chi\u00e9saz - Chef-Lieu",
                "num_bikes_available": 6,
                "num_docks_available": 4,
                "rental_uris": {},
                "station_id": "st_d0q8h34memg60qg4kjj0",
                "vehicle_type_capacity": {
                    "1": 4,
                    "10": 0,
                    "14": 0,
                    "15": 0,
                    "2": 4,
                    "4": 4,
                    "5": 0,
                    "6": 0,
                    "7": 4
                },
                "vehicle_types_available": [
                    {
                        "count": 0,
                        "vehicle_type_id": "1"
                    },
                    {
                        "count": 0,
                        "vehicle_type_id": "2"
                    },
                    {
                        "count": 6,
                        "vehicle_type_id": "4"
                    },
                    {
                        "count": 0,
                        "vehicle_type_id": "7"
                    }
                ]
            },
            "type": "Feature"
        },
        {
            "geometry": {
                "coordinates": [
                    6.1389,
                    45.94542
                ],
                "type": "Point"
            },
            "properties": {
                "capacity": 10,
                "is_charging_station": true,
                "is_installed": true,
                "is_renting": true,
                "is_returning": true,
                "is_valet_station": false,
                "is_virtual_station": false,
                "last_reported": 1789333951,
                "name": "Argonay Chef-Lieu",
                "num_bikes_available": 4,
                "num_docks_available": 6,
                "rental_uris": {},
                "station_id": "st_d52halko7dgs73ca4m2g",
                "vehicle_type_capacity": {
                    "1": 7,
                    "10": 0,
                    "14": 0,
                    "15": 0,
                    "2": 7,
                    "4": 7,
                    "5": 0,
                    "6": 0,
                    "7": 7
                },
                "vehicle_types_available": [
                    {
                        "count": 4,
                        "vehicle_type_id": "4"
                    },
                    {
                        "count": 0,
                        "vehicle_type_id": "7"
                    },
                    {
                        "count": 0,
                        "vehicle_type_id": "1"
                    },
                    {
                        "count": 0,
                        "vehicle_type_id": "2"
                    }
                ]
            },
            "type": "Feature"
        }
    ],
    "gbfs": {
        "station_information": {
            "last_updated": 1789333951,
            "ttl": 60,
            "version": "2.2"
        },
        "station_status": {
            "last_updated": 1789333951,
            "ttl": 60,
            "version": "2.2"
        }
    },
    "type": "FeatureCollection"
}