{
    "features": [
        {
            "geometry": {
                "coordinates": [
                    6.791123,
                    51.210096
                ],
                "type": "Point"
            },
            "properties": {
                "is_installed": true,
                "is_renting": true,
                "is_returning": true,
                "is_virtual_station": false,
                "last_reported": 1712860399,
                "name": "LIDL Oberbilker Allee",
                "num_bikes_available": 1,
                "num_docks_available": 0,
                "region_id": "50",
                "rental_uris": {
                    "android": "https://app.nextbike.net/station?id=101392449",
                    "ios": "https://app.nextbike.net/station?id=101392449",
                    "web": "https://nxtb.it/p/101392449"
                },
                "short_name": "5047",
                "station_id": "101392449"
            },
            "type": "Feature"
        },
        {
            "geometry": {
                "coordinates": [
                    6.796278,
                    51.247583
                ],
                "type": "Point"
            },
            "properties": {
                "is_installed": true,
                "is_renting": true,
                "is_returning": true,
                "is_virtual_station": false,
                "last_reported": 1712860399,
                "name": "LIDL Buscherstra\u00dfe",
                "num_bikes_available": 0,
                "num_docks_available": 0,
                "region_id": "50",
                "rental_uris": {
                    "android": "https://app.nextbike.net/station?id=101393310",
                    "ios": "https://app.nextbike.net/station?id=101393310",
                    "web": "https://nxtb.it/p/101393310"
                },
                "short_name": "5048",
                "station_id": "101393310"
            },
            "type": "Feature"
        },
        {
            "geometry": {
                "coordinates": [
                    6.768179,
                    51.212422
                ],
                "type": "Point"
            },
            "properties": {
                "is_installed": true,
                "is_renting": true,
                "is_returning": true,
                "is_virtual_station": false,
                "last_reported": 1712860399,
                "name": "Friedenspl\u00e4tzchen",
                "num_bikes_available": 6,
                "num_docks_available": 0,
                "region_id": "50",
                "rental_uris": {
                    "android": "https://app.nextbike.net/station?id=107443871",
                    "ios": "https://app.nextbike.net/station?id=107443871",
                    "web": "https://nxtb.it/p/107443871"
                },
                "short_name": "5043",
                "station_id": "107443871"
            },
            "type": "Feature"
        },
        {
            "geometry": {
                "coordinates": [
                    6.775534,
                    51.213984
                ],
                "type": "Point"
            },
            "properties": {
                "is_installed": true,
                "is_renting": true,
                "is_returning": true,
                "is_virtual_station": false,
                "last_reported": 1712860399,
                "name": "Kirchplatz I",
                "num_bikes_available": 0,
                "num_docks_available": 0,
                "region_id": "50",
                "rental_uris": {
                    "android": "https://app.nextbike.net/station?id=121449413",
                    "ios": "https://app.nextbike.net/station?id=121449413",
                    "web": "https://nxtb.it/p/121449413"
                },
                "short_name": "5042",
                "station_id": "121449413"
            },
            "type": "Feature"
        },
        {
            "geometry": {
                "coordinates": [
                    6.793596,
                    51.209559
                ],
                "type": "Point"
            },
            "properties": {
                "is_installed": true,
                "is_renting": true,
                "is_returning": true,
                "is_virtual_station": false,
                "last_reported": 1712860399,
                "name": "S-Bahnhof Volksgarten",
                "num_bikes_available": 1,
                "num_docks_available": 0,
                "region_id": "50",
                "rental_uris": {
                    "android": "https://app.nextbike.net/station?id=121921",
                    "ios": "https://app.nextbike.net/station?id=121921",
                    "web": "https://nxtb.it/p/121921"
                },
                "short_name": "5073",
                "station_id": "121921"
            },
            "type": "Feature"
        },
        {
            "geometry": {
                "coordinates": [
                    6.800033,
                    51.190321
                ],
                "type": "Point"
            },
            "properties": {
                "is_installed": true,
                "is_renting": true,
                "is_returning": true,
                "is_virtual_station": false,
                "last_reported": 1712860399,
                "name": "Uni-Ost I",
                "num_bikes_available": 1,
                "num_docks_available": 0,
                "region_id": "50",
                "rental_uris": {
                    "android": "https://app.nextbike.net/station?id=121932",
                    "ios": "https://app.nextbike.net/station?id=121932",
                    "web": "https://nxtb.it/p/121932"
                },
                "short_name": "5074",
                "station_id": "121932"
            },
            "type": "Feature"
        },
        {
            "geometry": {
                "coordinates": [
                    6.788467,
                    51.2057
                ],
                "type": "Point"
            },
            "properties": {
                "is_installed": true,
                "is_renting": true,
                "is_returning": true,
                "is_virtual_station": false,
                "last_reported": 1712860399,
                "name": "Auf'm Hennekamp/Redinghovenstra\u00dfe",
                "num_bikes_available": 0,
                "num_docks_available": 0,
                "region_id": "50",
                "rental_uris": {
                    "android": "https://app.nextbike.net/station?id=122000",
                    "ios": "https://app.nextbike.net/station?id=122000",
                    "web": "https://nxtb.it/p/122000"
                },
                "short_name": "5063",
                "station_id": "122000"
            },
            "type": "Feature"
        },
        {
            "geometry": {
                "coordinates": [
                    6.79793,
                    51.22054
                ],
                "type": "Point"
            },
            "properties": {
                "is_installed": true,
                "is_renting": true,
                "is_returning": true,
                "is_virtual_station": false,
                "last_reported": 1712860399,
                "name": "Ludwig-Erhard-Allee",
                "num_bikes_available": 0,
                "num_docks_available": 0,
                "region_id": "50",
                "rental_uris": {
                    "android": "https://app.nextbike.net/station?id=122769",
                    "ios": "https://app.nextbike.net/station?id=122769",
                    "web": "https://nxtb.it/p/122769"
                },
                "short_name": "5033",
                "station_id": "122769"
            },
            "type": "Feature"
        },
        {
            "geometry": {
                "coordinates": [
                    6.732205,
                    51.235381
                ],
                "type": "Point"
            },
            "properties": {
                "capacity": 7,
                "is_installed": true,
                "is_renting": true,
                "is_returning": true,
                "is_virtual_station": false,
                "last_reported": 1712860399,
                "name": "VODAFONE CAMPUS",
                "num_bikes_available": 1,
                "num_docks_available": 6,
                "region_id": "50",
                "rental_uris": {
                    "android": "https://app.nextbike.net/station?id=134641302",
                    "ios": "https://app.nextbike.net/station?id=134641302",
                    "web": "https://nxtb.it/p/134641302"
                },
                "short_name": "5085",
                "station_id": "134641302"
            },
            "type": "Feature"
        },
        {
            "geometry": {
                "coordinates": [
                    6.793144,
                    51.187791
                ],
                "type": "Point"
            },
            "properties": {
                "is_installed": true,
                "is_renting": true,
                "is_returning": true,
                "is_virtual_station": false,
                "last_reported": 1712860399,
                "name": "Uni-Mitte",
                "num_bikes_available": 0,
                "num_docks_available": 0,
                "region_id": "50",
                "rental_uris": {
                    "android": "https://app.nextbike.net/station?id=143466663",
                    "ios": "https://app.nextbike.net/station?id=143466663",
                    "web": "https://nxtb.it/p/143466663"
                },
                "short_name": "5072",
                "station_id": "143466663"
            },
            "type": "Feature"
        },
        {
            "geometry": {
                "coordinates": [
                    6.803568,
                    51.21639
                ],
                "type": "Point"
            },
            "properties": {
                "is_installed": true,
                "is_renting": true,
                "is_returning": true,
                "is_virtual_station": false,
                "last_reported": 1712860399,
                "name": "Oberbilker Markt",
                "num_bikes_available": 4,
                "num_docks_available": 0,
                "region_id": "50",
                "rental_uris": {
                    "android": "https://app.nextbike.net/station?id=1997",
                    "ios": "https://app.nextbike.net/station?id=1997",
                    "web": "https://nxtb.it/p/1997"
                },
                "short_name": "5028",
                "station_id": "1997"
            },
            "type": "Feature"
        },
        {
            "geometry": {
                "coordinates": [
                    6.751624,
                    51.213766
                ],
                "type": "Point"
            },
            "properties": {
                "is_installed": true,
                "is_renting": true,
                "is_returning": true,
                "is_virtual_station": false,
                "last_reported": 1712860399,
                "name": "Medienhafen UCI Kino",
                "num_bikes_available": 5,
                "num_docks_available": 0,
                "region_id": "50",
                "rental_uris": {
                    "android": "https://app.nextbike.net/station?id=2008",
                    "ios": "https://app.nextbike.net/station?id=2008",
                    "web": "https://nxtb.it/p/2008"
                },
                "short_name": "5039",
                "station_id": "2008"
            },
            "type": "Feature"
        },
        {
            "geometry": {
                "coordinates": [
                    6.757075,
                    51.226167
                ],
                "type": "Point"
            },
            "properties": {
                "is_installed": true,
                "is_renting": true,
                "is_returning": true,
                "is_virtual_station": false,
                "last_reported": 1712860399,
                "name": "Jugendherberge/D\u00fcsseldorfer Stra\u00dfe",
                "num_bikes_available": 0,
                "num_docks_available": 0,
                "region_id": "50",
                "rental_uris": {
                    "android": "https://app.nextbike.net/station?id=2009",
                    "ios": "https://app.nextbike.net/station?id=2009",
                    "web": "https://nxtb.it/p/2009"
                },
                "short_name": "5077",
                "station_id": "2009"
            },
            "type": "Feature"
        },
        {
            "geometry": {
                "coordinates": [
                    6.765937,
                    51.218914
                ],
                "type": "Point"
            },
            "properties": {
                "is_installed": true,
                "is_renting": true,
                "is_returning": true,
                "is_virtual_station": false,
                "last_reported": 1712860399,
                "name": "Apollo-Theater",
                "num_bikes_available": 1,
                "num_docks_available": 0,
                "region_id": "50",
                "rental_uris": {
                    "android": "https://app.nextbike.net/station?id=20725",
                    "ios": "https://app.nextbike.net/station?id=20725",
                    "web": "https://nxtb.it/p/20725"
                },
                "short_name": "5023",
                "station_id": "20725"
            },
            "type": "Feature"
        },
        {
            "geometry": {
                "coordinates": [
                    6.772846,
                    51.233937
                ],
                "type": "Point"
            },
            "properties": {
                "is_installed": true,
                "is_renting": true,
                "is_returning": true,
                "is_virtual_station": false,
                "last_reported": 1712860399,
                "name": "Rheinufer I",
                "num_bikes_available": 0,
                "num_docks_available": 0,
                "region_id": "50",
                "rental_uris": {
                    "android": "https://app.nextbike.net/station?id=219291763",
                    "ios": "https://app.nextbike.net/station?id=219291763",
                    "web": "https://nxtb.it/p/219291763"
                },
                "short_name": "5081",
                "station_id": "219291763"
            },
            "type": "Feature"
        },
        {
            "geometry": {
                "coordinates": [
                    6.771001,
                    51.240392
                ],
                "type": "Point"
            },
            "properties": {
                "is_installed": true,
                "is_renting": true,
                "is_returning": true,
                "is_virtual_station": false,
                "last_reported": 1712860399,
                "name": "Rheinufer III",
                "num_bikes_available": 0,
                "num_docks_available": 0,
                "region_id": "50",
                "rental_uris": {
                    "android": "https://app.nextbike.net/station?id=219294890",
                    "ios": "https://app.nextbike.net/station?id=219294890",
                    "web": "https://nxtb.it/p/219294890"
                },
                "short_name": "5083",
                "station_id": "219294890"
            },
            "type": "Feature"
        },
        {
            "geometry": {
                "coordinates": [
                    6.778913,
                    51.232966
                ],
                "type": "Point"
            },
            "properties": {
                "is_installed": true,
                "is_renting": true,
                "is_returning": true,
                "is_virtual_station": false,
                "last_reported": 1712860399,
                "name": "Hofgarten I",
                "num_bikes_available": 4,
                "num_docks_available": 0,
                "region_id": "50",
                "rental_uris": {
                    "android": "https://app.nextbike.net/station?id=219295165",
                    "ios": "https://app.nextbike.net/station?id=219295165",
                    "web": "https://nxtb.it/p/219295165"
                },
                "short_name": "5084",
                "station_id": "219295165"
            },
            "type": "Feature"
        },
        {
            "geometry": {
                "coordinates": [
                    6.794717,
                    51.247284
                ],
                "type": "Point"
            },
            "properties": {
                "is_installed": true,
                "is_renting": true,
                "is_returning": true,
                "is_virtual_station": false,
                "last_reported": 1712860399,
                "name": "Derendorf S-Bahn",
                "num_bikes_available": 0,
                "num_docks_available": 0,
                "region_id": "50",
                "rental_uris": {
                    "android": "https://app.nextbike.net/station?id=2342613",
                    "ios": "https://app.nextbike.net/station?id=2342613",
                    "web": "https://nxtb.it/p/2342613"
                },
                "short_name": "5055",
                "station_id": "2342613"
            },
            "type": "Feature"
        },
        {
            "geometry": {
                "coordinates": [
                    6.771639,
                    51.23657
                ],
                "type": "Point"
            },
            "properties": {
                "is_installed": true,
                "is_renting": true,
                "is_returning": true,
                "is_virtual_station": false,
                "last_reported": 1712860399,
                "name": "Rheinufer II",
                "num_bikes_available": 2,
                "num_docks_available": 0,
                "region_id": "50",
                "rental_uris": {
                    "android": "https://app.nextbike.net/station?id=2349",
                    "ios": "https://app.nextbike.net/station?id=2349",
                    "web": "https://nxtb.it/p/2349"
                },
                "short_name": "5082",
                "station_id": "2349"
            },
            "type": "Feature"
        },
        {
            "geometry": {
                "coordinates": [
                    6.803241,
                    51.238646
                ],
                "type": "Point"
            },
            "properties": {
                "is_installed": true,
                "is_renting": true,
                "is_returning": true,
                "is_virtual_station": false,
                "last_reported": 1712860399,
                "name": "Brehmstra\u00dfe/Graf-Recke-Stra\u00dfe",
                "num_bikes_available": 0,
                "num_docks_available": 0,
                "region_id": "50",
                "rental_uris": {
                    "android": "https://app.nextbike.net/station?id=2353",
                    "ios": "https://app.nextbike.net/station?id=2353",
                    "web": "https://nxtb.it/p/2353"
                },
                "short_name": "5044",
                "station_id": "2353"
            },
            "type": "Feature"
        },
        {
            "geometry": {
                "coordinates": [
                    6.785962,
                    51.284662
                ],
                "type": "Point"
            },
            "properties": {
                "is_installed": true,
                "is_renting": true,
                "is_returning": true,
                "is_virtual_station": false,
                "last_reported": 1712860399,
                "name": "C&A Online GmbH",
                "num_bikes_available": 0,
                "num_docks_available": 0,
                "region_id": "50",
                "rental_uris": {
                    "android": "https://app.nextbike.net/station?id=236653",
                    "ios": "https://app.nextbike.net/station?id=236653",
                    "web": "https://nxtb.it/p/236653"
                },
                "short_name": "5045",
                "station_id": "236653"
            },
            "type": "Feature"
        },
        {
            "geometry": {
                "coordinates": [
                    6.796407,
                    51.196406
                ],
                "type": "Point"
            },
            "properties": {
                "is_installed": true,
                "is_renting": true,
                "is_returning": true,
                "is_virtual_station": false,
                "last_reported": 1712860399,
                "name": "Christophstra\u00dfe I",
                "num_bikes_available": 0,
                "num_docks_available": 0,
                "region_id": "50",
                "rental_uris": {
                    "android": "https://app.nextbike.net/station?id=24482873",
                    "ios": "https://app.nextbike.net/station?id=24482873",
                    "web": "https://nxtb.it/p/24482873"
                },
                "short_name": "5021",
                "station_id": "24482873"
            },
            "type": "Feature"
        },
        {
            "geometry": {
                "coordinates": [
                    6.790806,
                    51.199375
                ],
                "type": "Point"
            },
            "properties": {
                "is_installed": true,
                "is_renting": true,
                "is_returning": true,
                "is_virtual_station": false,
                "last_reported": 1712860399,
                "name": "Uni-Kliniken IV",
                "num_bikes_available": 0,
                "num_docks_available": 0,
                "region_id": "50",
                "rental_uris": {
                    "android": "https://app.nextbike.net/station?id=24494521",
                    "ios": "https://app.nextbike.net/station?id=24494521",
                    "web": "https://nxtb.it/p/24494521"
                },
                "short_name": "5020",
                "station_id": "24494521"
            },
            "type": "Feature"
        },
        {
            "geometry": {
                "coordinates": [
                    6.784219,
                    51.227854
                ],
                "type": "Point"
            },
            "properties": {
                "is_installed": true,
                "is_renting": true,
                "is_returning": true,
                "is_virtual_station": false,
                "last_reported": 1712860399,
                "name": "Gustaf-Gr\u00fcndgens-Platz",
                "num_bikes_available": 0,
                "num_docks_available": 0,
                "region_id": "50",
                "rental_uris": {
                    "android": "https://app.nextbike.net/station?id=245282895",
                    "ios": "https://app.nextbike.net/station?id=245282895",
                    "web": "https://nxtb.it/p/245282895"
                },
                "short_name": "5086",
                "station_id": "245282895"
            },
            "type": "Feature"
        },
        {
            "geometry": {
                "coordinates": [
                    6.810805,
                    51.273065
                ],
                "type": "Point"
            },
            "properties": {
                "is_installed": true,
                "is_renting": true,
                "is_returning": true,
                "is_virtual_station": false,
                "last_reported": 1712860399,
                "name": "PSD Bank Dome",
                "num_bikes_available": 6,
                "num_docks_available": 0,
                "region_id": "50",
                "rental_uris": {
                    "android": "https://app.nextbike.net/station?id=245283392",
                    "ios": "https://app.nextbike.net/station?id=245283392",
                    "web": "https://nxtb.it/p/245283392"
                },
                "short_name": "5087",
                "station_id": "245283392"
            },
            "type": "Feature"
        },
        {
            "geometry": {
                "coordinates": [
                    6.776016,
                    51.230931
                ],
                "type": "Point"
            },
            "properties": {
                "is_installed": true,
                "is_renting": true,
                "is_returning": true,
                "is_virtual_station": false,
                "last_reported": 1712860399,
                "name": "Staatsanwaltschaft ",
                "num_bikes_available": 3,
                "num_docks_available": 0,
                "region_id": "50",
                "rental_uris": {
                    "android": "https://app.nextbike.net/station?id=246300216",
                    "ios": "https://app.nextbike.net/station?id=246300216",
                    "web": "https://nxtb.it/p/246300216"
                },
                "short_name": "5035",
                "station_id": "246300216"
            },
            "type": "Feature"
        },
        {
            "geometry": {
                "coordinates": [
                    6.775276,
                    51.230326
                ],
                "type": "Point"
            },
            "properties": {
                "is_installed": true,
                "is_renting": true,
                "is_returning": true,
                "is_virtual_station": false,
                "last_reported": 1712860399,
                "name": "Kunstakademie",
                "num_bikes_available": 6,
                "num_docks_available": 0,
                "region_id": "50",
                "rental_uris": {
                    "android": "https://app.nextbike.net/station?id=246302273",
                    "ios": "https://app.nextbike.net/station?id=246302273",
                    "web": "https://nxtb.it/p/246302273"
                },
                "short_name": "5049",
                "station_id": "246302273"
            },
            "type": "Feature"
        },
        {
            "geometry": {
                "coordinates": [
                    6.775968,
                    51.229564
                ],
                "type": "Point"
            },
            "properties": {
                "is_installed": true,
                "is_renting": true,
                "is_returning": true,
                "is_virtual_station": false,
                "last_reported": 1712860399,
                "name": "Ratinger Stra\u00dfe",
                "num_bikes_available": 1,
                "num_docks_available": 0,
                "region_id": "50",
                "rental_uris": {
                    "android": "https://app.nextbike.net/station?id=246304192",
                    "ios": "https://app.nextbike.net/station?id=246304192",
                    "web": "https://nxtb.it/p/246304192"
                },
                "short_name": "5051",
                "station_id": "246304192"
            },
            "type": "Feature"
        },
        {
            "geometry": {
                "coordinates": [
                    6.77114,
                    51.229073
                ],
                "type": "Point"
            },
            "properties": {
                "is_installed": true,
                "is_renting": true,
                "is_returning": true,
                "is_virtual_station": false,
                "last_reported": 1712860399,
                "name": "Reuterkaserne I",
                "num_bikes_available": 0,
                "num_docks_available": 0,
                "region_id": "50",
                "rental_uris": {
                    "android": "https://app.nextbike.net/station?id=246308198",
                    "ios": "https://app.nextbike.net/station?id=246308198",
                    "web": "https://nxtb.it/p/246308198"
                },
                "short_name": "5052",
                "station_id": "246308198"
            },
            "type": "Feature"
        },
        {
            "geometry": {
                "coordinates": [
                    6.771945,
                    51.230047
                ],
                "type": "Point"
            },
            "properties": {
                "is_installed": true,
                "is_renting": true,
                "is_returning": true,
                "is_virtual_station": false,
                "last_reported": 1712860399,
                "name": "Reuterkaserne II",
                "num_bikes_available": 0,
                "num_docks_available": 0,
                "region_id": "50",
                "rental_uris": {
                    "android": "https://app.nextbike.net/station?id=246309134",
                    "ios": "https://app.nextbike.net/station?id=246309134",
                    "web": "https://nxtb.it/p/246309134"
                },
                "short_name": "5053",
                "station_id": "246309134"
            },
            "type": "Feature"
        },
        {
            "geometry": {
                "coordinates": [
                    6.777593,
                    51.227172
                ],
                "type": "Point"
            },
            "properties": {
                "is_installed": true,
                "is_renting": true,
                "is_returning": true,
                "is_virtual_station": false,
                "last_reported": 1712860399,
                "name": "Oper",
                "num_bikes_available": 0,
                "num_docks_available": 0,
                "region_id": "50",
                "rental_uris": {
                    "android": "https://app.nextbike.net/station?id=246313143",
                    "ios": "https://app.nextbike.net/station?id=246313143",
                    "web": "https://nxtb.it/p/246313143"
                },
                "short_name": "5054",
                "station_id": "246313143"
            },
            "type": "Feature"
        },
        {
            "geometry": {
                "coordinates": [
                    6.776687,
                    51.227501
                ],
                "type": "Point"
            },
            "properties": {
                "is_installed": true,
                "is_renting": true,
                "is_returning": true,
                "is_virtual_station": false,
                "last_reported": 1712860399,
                "name": "Grabbeplatz",
                "num_bikes_available": 1,
                "num_docks_available": 0,
                "region_id": "50",
                "rental_uris": {
                    "android": "https://app.nextbike.net/station?id=246315029",
                    "ios": "https://app.nextbike.net/station?id=246315029",
                    "web": "https://nxtb.it/p/246315029"
                },
                "short_name": "5056",
                "station_id": "246315029"
            },
            "type": "Feature"
        },
        {
            "geometry": {
                "coordinates": [
                    6.773103,
                    51.227283
                ],
                "type": "Point"
            },
            "properties": {
                "is_installed": true,
                "is_renting": true,
                "is_returning": true,
                "is_virtual_station": false,
                "last_reported": 1712860399,
                "name": "M\u00fchlenstra\u00dfe II",
                "num_bikes_available": 0,
                "num_docks_available": 0,
                "region_id": "50",
                "rental_uris": {
                    "android": "https://app.nextbike.net/station?id=246317391",
                    "ios": "https://app.nextbike.net/station?id=246317391",
                    "web": "https://nxtb.it/p/246317391"
                },
                "short_name": "5057",
                "station_id": "246317391"
            },
            "type": "Feature"
        },
        {
            "geometry": {
                "coordinates": [
                    6.772637,
                    51.227182
                ],
                "type": "Point"
            },
            "properties": {
                "is_installed": true,
                "is_renting": true,
                "is_returning": true,
                "is_virtual_station": false,
                "last_reported": 1712860399,
                "name": "M\u00fchlenstra\u00dfe I",
                "num_bikes_available": 3,
                "num_docks_available": 0,
                "region_id": "50",
                "rental_uris": {
                    "android": "https://app.nextbike.net/station?id=246318158",
                    "ios": "https://app.nextbike.net/station?id=246318158",
                    "web": "https://nxtb.it/p/246318158"
                },
                "short_name": "5058",
                "station_id": "246318158"
            },
            "type": "Feature"
        },
        {
            "geometry": {
                "coordinates": [
                    6.783301,
                    51.226359
                ],
                "type": "Point"
            },
            "properties": {
                "is_installed": true,
                "is_renting": true,
                "is_returning": true,
                "is_virtual_station": false,
                "last_reported": 1712860399,
                "name": "Shadowstra\u00dfe I",
                "num_bikes_available": 1,
                "num_docks_available": 0,
                "region_id": "50",
                "rental_uris": {
                    "android": "https://app.nextbike.net/station?id=246319629",
                    "ios": "https://app.nextbike.net/station?id=246319629",
                    "web": "https://nxtb.it/p/246319629"
                },
                "short_name": "5059",
                "station_id": "246319629"
            },
            "type": "Feature"
        },
        {
            "geometry": {
                "coordinates": [
                    6.786386,
                    51.227252
                ],
                "type": "Point"
            },
            "properties": {
                "is_installed": true,
                "is_renting": true,
                "is_returning": true,
                "is_virtual_station": false,
                "last_reported": 1712860399,
                "name": "Shadowstra\u00dfe II",
                "num_bikes_available": 0,
                "num_docks_available": 0,
                "region_id": "50",
                "rental_uris": {
                    "android": "https://app.nextbike.net/station?id=246320591",
                    "ios": "https://app.nextbike.net/station?id=246320591",
                    "web": "https://nxtb.it/p/246320591"
                },
                "short_name": "5060",
                "station_id": "246320591"
            },
            "type": "Feature"
        },
        {
            "geometry": {
                "coordinates": [
                    6.784878,
                    51.225512
                ],
                "type": "Point"
            },
            "properties": {
                "is_installed": true,
                "is_renting": true,
                "is_returning": true,
                "is_virtual_station": false,
                "last_reported": 1712860399,
                "name": "Immermannstra\u00dfe - Klosterstra\u00dfe",
                "num_bikes_available": 0,
                "num_docks_available": 0,
                "region_id": "50",
                "rental_uris": {
                    "android": "https://app.nextbike.net/station?id=246323506",
                    "ios": "https://app.nextbike.net/station?id=246323506",
                    "web": "https://nxtb.it/p/246323506"
                },
                "short_name": "5062",
                "station_id": "246323506"
            },
            "type": "Feature"
        },
        {
            "geometry": {
                "coordinates": [
                    6.786515,
                    51.225492
                ],
                "type": "Point"
            },
            "properties": {
                "is_installed": true,
                "is_renting": true,
                "is_returning": true,
                "is_virtual_station": false,
                "last_reported": 1712860399,
                "name": "Liesegangstra\u00dfe",
                "num_bikes_available": 0,
                "num_docks_available": 0,
                "region_id": "50",
                "rental_uris": {
                    "android": "https://app.nextbike.net/station?id=246324067",
                    "ios": "https://app.nextbike.net/station?id=246324067",
                    "web": "https://nxtb.it/p/246324067"
                },
                "short_name": "5064",
                "station_id": "246324067"
            },
            "type": "Feature"
        },
        {
            "geometry": {
                "coordinates": [
                    6.786069,
                    51.224813
                ],
                "type": "Point"
            },
            "properties": {
                "is_installed": true,
                "is_renting": true,
                "is_returning": true,
                "is_virtual_station": false,
                "last_reported": 1712860399,
                "name": "Immermannstra\u00dfe I",
                "num_bikes_available": 0,
                "num_docks_available": 0,
                "region_id": "50",
                "rental_uris": {
                    "android": "https://app.nextbike.net/station?id=246324390",
                    "ios": "https://app.nextbike.net/station?id=246324390",
                    "web": "https://nxtb.it/p/246324390"
                },
                "short_name": "5065",
                "station_id": "246324390"
            },
            "type": "Feature"
        },
        {
            "geometry": {
                "coordinates": [
                    6.786627,
                    51.224152
                ],
                "type": "Point"
            },
            "properties": {
                "is_installed": true,
                "is_renting": true,
                "is_returning": true,
                "is_virtual_station": false,
                "last_reported": 1712860399,
                "name": "Immermannstra\u00dfe II",
                "num_bikes_available": 0,
                "num_docks_available": 0,
                "region_id": "50",
                "rental_uris": {
                    "android": "https://app.nextbike.net/station?id=246325161",
                    "ios": "https://app.nextbike.net/station?id=246325161",
                    "web": "https://nxtb.it/p/246325161"
                },
                "short_name": "5066",
                "station_id": "246325161"
            },
            "type": "Feature"
        },
        {
            "geometry": {
                "coordinates": [
                    6.787067,
                    51.224246
                ],
                "type": "Point"
            },
            "properties": {
                "is_installed": true,
                "is_renting": true,
                "is_returning": true,
                "is_virtual_station": false,
                "last_reported": 1712860399,
                "name": "Immermannstra\u00dfe III",
                "num_bikes_available": 0,
                "num_docks_available": 0,
                "region_id": "50",
                "rental_uris": {
                    "android": "https://app.nextbike.net/station?id=246325509",
                    "ios": "https://app.nextbike.net/station?id=246325509",
                    "web": "https://nxtb.it/p/246325509"
                },
                "short_name": "5068",
                "station_id": "246325509"
            },
            "type": "Feature"
        },
        {
            "geometry": {
                "coordinates": [
                    6.78807,
                    51.223906
                ],
                "type": "Point"
            },
            "properties": {
                "is_installed": true,
                "is_renting": true,
                "is_returning": true,
                "is_virtual_station": false,
                "last_reported": 1712860399,
                "name": "Immermannstra\u00dfe IV",
                "num_bikes_available": 1,
                "num_docks_available": 0,
                "region_id": "50",
                "rental_uris": {
                    "android": "https://app.nextbike.net/station?id=246326887",
                    "ios": "https://app.nextbike.net/station?id=246326887",
                    "web": "https://nxtb.it/p/246326887"
                },
                "short_name": "5069",
                "station_id": "246326887"
            },
            "type": "Feature"
        },
        {
            "geometry": {
                "coordinates": [
                    6.787866,
                    51.223634
                ],
                "type": "Point"
            },
            "properties": {
                "is_installed": true,
                "is_renting": true,
                "is_returning": true,
                "is_virtual_station": false,
                "last_reported": 1712860399,
                "name": "Immermannstra\u00dfe V",
                "num_bikes_available": 0,
                "num_docks_available": 0,
                "region_id": "50",
                "rental_uris": {
                    "android": "https://app.nextbike.net/station?id=246327315",
                    "ios": "https://app.nextbike.net/station?id=246327315",
                    "web": "https://nxtb.it/p/246327315"
                },
                "short_name": "5070",
                "station_id": "246327315"
            },
            "type": "Feature"
        },
        {
            "geometry": {
                "coordinates": [
                    6.789068,
                    51.222999
                ],
                "type": "Point"
            },
            "properties": {
                "is_installed": true,
                "is_renting": true,
                "is_returning": true,
                "is_virtual_station": false,
                "last_reported": 1712860399,
                "name": "Immermannstra\u00dfe VI",
                "num_bikes_available": 0,
                "num_docks_available": 0,
                "region_id": "50",
                "rental_uris": {
                    "android": "https://app.nextbike.net/station?id=246329740",
                    "ios": "https://app.nextbike.net/station?id=246329740",
                    "web": "https://nxtb.it/p/246329740"
                },
                "short_name": "5071",
                "station_id": "246329740"
            },
            "type": "Feature"
        },
        {
            "geometry": {
                "coordinates": [
                    6.789406,
                    51.223134
                ],
                "type": "Point"
            },
            "properties": {
                "is_installed": true,
                "is_renting": true,
                "is_returning": true,
                "is_virtual_station": false,
                "last_reported": 1712860399,
                "name": "Immermannstra\u00dfe VII",
                "num_bikes_available": 0,
                "num_docks_available": 0,
                "region_id": "50",
                "rental_uris": {
                    "android": "https://app.nextbike.net/station?id=246330794",
                    "ios": "https://app.nextbike.net/station?id=246330794",
                    "web": "https://nxtb.it/p/246330794"
                },
                "short_name": "5075",
                "station_id": "246330794"
            },
            "type": "Feature"
        },
        {
            "geometry": {
                "coordinates": [
                    6.791128,
                    51.222408
                ],
                "type": "Point"
            },
            "properties": {
                "is_installed": true,
                "is_renting": true,
                "is_returning": true,
                "is_virtual_station": false,
                "last_reported": 1712860399,
                "name": "Immermannstra\u00dfe VIII",
                "num_bikes_available": 0,
                "num_docks_available": 0,
                "region_id": "50",
                "rental_uris": {
                    "android": "https://app.nextbike.net/station?id=246331319",
                    "ios": "https://app.nextbike.net/station?id=246331319",
                    "web": "https://nxtb.it/p/246331319"
                },
                "short_name": "5078",
                "station_id": "246331319"
            },
            "type": "Feature"
        },
        {
            "geometry": {
                "coordinates": [
                    6.790624,
                    51.222193
                ],
                "type": "Point"
            },
            "properties": {
                "is_installed": true,
                "is_renting": true,
                "is_returning": true,
                "is_virtual_station": false,
                "last_reported": 1712860399,
                "name": "Immermannstra\u00dfe IX",
                "num_bikes_available": 1,
                "num_docks_available": 0,
                "region_id": "50",
                "rental_uris": {
                    "android": "https://app.nextbike.net/station?id=246332160",
                    "ios": "https://app.nextbike.net/station?id=246332160",
                    "web": "https://nxtb.it/p/246332160"
                },
                "short_name": "5079",
                "station_id": "246332160"
            },
            "type": "Feature"
        },
        {
            "geometry": {
                "coordinates": [
                    6.783478,
                    51.224978
                ],
                "type": "Point"
            },
            "properties": {
                "is_installed": true,
                "is_renting": true,
                "is_returning": true,
                "is_virtual_station": false,
                "last_reported": 1712860399,
                "name": "Ernst-Schneider-Platz",
                "num_bikes_available": 0,
                "num_docks_available": 0,
                "region_id": "50",
                "rental_uris": {
                    "android": "https://app.nextbike.net/station?id=246334410",
                    "ios": "https://app.nextbike.net/station?id=246334410",
                    "web": "https://nxtb.it/p/246334410"
                },
                "short_name": "5088",
                "station_id": "246334410"
            },
            "type": "Feature"
        },
        {
            "geometry": {
                "coordinates": [
                    6.781708,
                    51.224652
                ],
                "type": "Point"
            },
            "properties": {
                "is_installed": true,
                "is_renting": true,
                "is_returning": true,
                "is_virtual_station": false,
                "last_reported": 1712860399,
                "name": "Martin-Luther-Platz",
                "num_bikes_available": 0,
                "num_docks_available": 0,
                "region_id": "50",
                "rental_uris": {
                    "android": "https://app.nextbike.net/station?id=246334932",
                    "ios": "https://app.nextbike.net/station?id=246334932",
                    "web": "https://nxtb.it/p/246334932"
                },
                "short_name": "5089",
                "station_id": "246334932"
            },
            "type": "Feature"
        },
        {
            "geometry": {
                "coordinates": [
                    6.782041,
                    51.223053
                ],
                "type": "Point"
            },
            "properties": {
                "is_installed": true,
                "is_renting": true,
                "is_returning": true,
                "is_virtual_station": false,
                "last_reported": 1712860399,
                "name": "Berliner Allee - Steinstra\u00dfe",
                "num_bikes_available": 0,
                "num_docks_available": 0,
                "region_id": "50",
                "rental_uris": {
                    "android": "https://app.nextbike.net/station?id=246335502",
                    "ios": "https://app.nextbike.net/station?id=246335502",
                    "web": "https://nxtb.it/p/246335502"
                },
                "short_name": "5090",
                "station_id": "246335502"
            },
            "type": "Feature"
        },
        {
            "geometry": {
                "coordinates": [
                    6.780882,
                    51.223083
                ],
                "type": "Point"
            },
            "properties": {
                "is_installed": true,
                "is_renting": true,
                "is_returning": true,
                "is_virtual_station": false,
                "last_reported": 1712860399,
                "name": "Steinstra\u00dfe",
                "num_bikes_available": 0,
                "num_docks_available": 0,
                "region_id": "50",
                "rental_uris": {
                    "android": "https://app.nextbike.net/station?id=246335710",
                    "ios": "https://app.nextbike.net/station?id=246335710",
                    "web": "https://nxtb.it/p/246335710"
                },
                "short_name": "5091",
                "station_id": "246335710"
            },
            "type": "Feature"
        },
        {
            "geometry": {
                "coordinates": [
                    6.776751,
                    51.222986
                ],
                "type": "Point"
            },
            "properties": {
                "is_installed": true,
                "is_renting": true,
                "is_returning": true,
                "is_virtual_station": false,
                "last_reported": 1712860399,
                "name": "Benratherstra\u00dfe - Breitestra\u00dfe",
                "num_bikes_available": 0,
                "num_docks_available": 0,
                "region_id": "50",
                "rental_uris": {
                    "android": "https://app.nextbike.net/station?id=246336213",
                    "ios": "https://app.nextbike.net/station?id=246336213",
                    "web": "https://nxtb.it/p/246336213"
                },
                "short_name": "5092",
                "station_id": "246336213"
            },
            "type": "Feature"
        },
        {
            "geometry": {
                "coordinates": [
                    6.774412,
                    51.223174
                ],
                "type": "Point"
            },
            "properties": {
                "is_installed": true,
                "is_renting": true,
                "is_returning": true,
                "is_virtual_station": false,
                "last_reported": 1712860399,
                "name": "Carlsplatz",
                "num_bikes_available": 6,
                "num_docks_available": 0,
                "region_id": "50",
                "rental_uris": {
                    "android": "https://app.nextbike.net/station?id=246337125",
                    "ios": "https://app.nextbike.net/station?id=246337125",
                    "web": "https://nxtb.it/p/246337125"
                },
                "short_name": "5093",
                "station_id": "246337125"
            },
            "type": "Feature"
        },
        {
            "geometry": {
                "coordinates": [
                    6.772921,
                    51.222771
                ],
                "type": "Point"
            },
            "properties": {
                "is_installed": true,
                "is_renting": true,
                "is_returning": true,
                "is_virtual_station": false,
                "last_reported": 1712860399,
                "name": "Bilker Stra\u00dfe",
                "num_bikes_available": 2,
                "num_docks_available": 0,
                "region_id": "50",
                "rental_uris": {
                    "android": "https://app.nextbike.net/station?id=246338677",
                    "ios": "https://app.nextbike.net/station?id=246338677",
                    "web": "https://nxtb.it/p/246338677"
                },
                "short_name": "5094",
                "station_id": "246338677"
            },
            "type": "Feature"
        },
        {
            "geometry": {
                "coordinates": [
                    6.775528,
                    51.224289
                ],
                "type": "Point"
            },
            "properties": {
                "is_installed": true,
                "is_renting": true,
                "is_returning": true,
                "is_virtual_station": false,
                "last_reported": 1712860399,
                "name": "Kasernenstra\u00dfe - Grabenstra\u00dfe",
                "num_bikes_available": 5,
                "num_docks_available": 0,
                "region_id": "50",
                "rental_uris": {
                    "android": "https://app.nextbike.net/station?id=246387037",
                    "ios": "https://app.nextbike.net/station?id=246387037",
                    "web": "https://nxtb.it/p/246387037"
                },
                "short_name": "5095",
                "station_id": "246387037"
            },
            "type": "Feature"
        },
        {
            "geometry": {
                "coordinates": [
                    6.775635,
                    51.222509
                ],
                "type": "Point"
            },
            "properties": {
                "is_installed": true,
                "is_renting": true,
                "is_returning": true,
                "is_virtual_station": false,
                "last_reported": 1712860399,
                "name": "Ruby Hotel",
                "num_bikes_available": 2,
                "num_docks_available": 0,
                "region_id": "50",
                "rental_uris": {
                    "android": "https://app.nextbike.net/station?id=246388445",
                    "ios": "https://app.nextbike.net/station?id=246388445",
                    "web": "https://nxtb.it/p/246388445"
                },
                "short_name": "5096",
                "station_id": "246388445"
            },
            "type": "Feature"
        },
        {
            "geometry": {
                "coordinates": [
                    6.775743,
                    51.221588
                ],
                "type": "Point"
            },
            "properties": {
                "is_installed": true,
                "is_renting": true,
                "is_returning": true,
                "is_virtual_station": false,
                "last_reported": 1712860399,
                "name": "Luisen-Gymnasium",
                "num_bikes_available": 4,
                "num_docks_available": 0,
                "region_id": "50",
                "rental_uris": {
                    "android": "https://app.nextbike.net/station?id=246390603",
                    "ios": "https://app.nextbike.net/station?id=246390603",
                    "web": "https://nxtb.it/p/246390603"
                },
                "short_name": "5097",
                "station_id": "246390603"
            },
            "type": "Feature"
        },
        {
            "geometry": {
                "coordinates": [
                    6.773404,
                    51.221595
                ],
                "type": "Point"
            },
            "properties": {
                "is_installed": true,
                "is_renting": true,
                "is_returning": true,
                "is_virtual_station": false,
                "last_reported": 1712860399,
                "name": "Haus-der-Kirche",
                "num_bikes_available": 1,
                "num_docks_available": 0,
                "region_id": "50",
                "rental_uris": {
                    "android": "https://app.nextbike.net/station?id=246391371",
                    "ios": "https://app.nextbike.net/station?id=246391371",
                    "web": "https://nxtb.it/p/246391371"
                },
                "short_name": "5098",
                "station_id": "246391371"
            },
            "type": "Feature"
        },
        {
            "geometry": {
                "coordinates": [
                    6.771473,
                    51.222059
                ],
                "type": "Point"
            },
            "properties": {
                "is_installed": true,
                "is_renting": true,
                "is_returning": true,
                "is_virtual_station": false,
                "last_reported": 1712860399,
                "name": "Poststra\u00dfe",
                "num_bikes_available": 4,
                "num_docks_available": 0,
                "region_id": "50",
                "rental_uris": {
                    "android": "https://app.nextbike.net/station?id=246392750",
                    "ios": "https://app.nextbike.net/station?id=246392750",
                    "web": "https://nxtb.it/p/246392750"
                },
                "short_name": "5099",
                "station_id": "246392750"
            },
            "type": "Feature"
        },
        {
            "geometry": {
                "coordinates": [
                    6.768651,
                    51.220439
                ],
                "type": "Point"
            },
            "properties": {
                "is_installed": true,
                "is_renting": true,
                "is_returning": true,
                "is_virtual_station": false,
                "last_reported": 1712860399,
                "name": "Horionplatz",
                "num_bikes_available": 0,
                "num_docks_available": 0,
                "region_id": "50",
                "rental_uris": {
                    "android": "https://app.nextbike.net/station?id=246393570",
                    "ios": "https://app.nextbike.net/station?id=246393570",
                    "web": "https://nxtb.it/p/246393570"
                },
                "short_name": "5100",
                "station_id": "246393570"
            },
            "type": "Feature"
        },
        {
            "geometry": {
                "coordinates": [
                    6.777513,
                    51.21388
                ],
                "type": "Point"
            },
            "properties": {
                "is_installed": true,
                "is_renting": true,
                "is_returning": true,
                "is_virtual_station": false,
                "last_reported": 1712860399,
                "name": "Kirchplatz II",
                "num_bikes_available": 0,
                "num_docks_available": 0,
                "region_id": "50",
                "rental_uris": {
                    "android": "https://app.nextbike.net/station?id=246399416",
                    "ios": "https://app.nextbike.net/station?id=246399416",
                    "web": "https://nxtb.it/p/246399416"
                },
                "short_name": "5101",
                "station_id": "246399416"
            },
            "type": "Feature"
        },
        {
            "geometry": {
                "coordinates": [
                    6.772825,
                    51.216414
                ],
                "type": "Point"
            },
            "properties": {
                "is_installed": true,
                "is_renting": true,
                "is_returning": true,
                "is_virtual_station": false,
                "last_reported": 1712860399,
                "name": "Wasserstra\u00dfe II",
                "num_bikes_available": 0,
                "num_docks_available": 0,
                "region_id": "50",
                "rental_uris": {
                    "android": "https://app.nextbike.net/station?id=246403454",
                    "ios": "https://app.nextbike.net/station?id=246403454",
                    "web": "https://nxtb.it/p/246403454"
                },
                "short_name": "5102",
                "station_id": "246403454"
            },
            "type": "Feature"
        },
        {
            "geometry": {
                "coordinates": [
                    6.771526,
                    51.218531
                ],
                "type": "Point"
            },
            "properties": {
                "is_installed": true,
                "is_renting": true,
                "is_returning": true,
                "is_virtual_station": false,
                "last_reported": 1712860399,
                "name": "Wasserstra\u00dfe I",
                "num_bikes_available": 0,
                "num_docks_available": 0,
                "region_id": "50",
                "rental_uris": {
                    "android": "https://app.nextbike.net/station?id=246404872",
                    "ios": "https://app.nextbike.net/station?id=246404872",
                    "web": "https://nxtb.it/p/246404872"
                },
                "short_name": "5103",
                "station_id": "246404872"
            },
            "type": "Feature"
        },
        {
            "geometry": {
                "coordinates": [
                    6.77269,
                    51.219293
                ],
                "type": "Point"
            },
            "properties": {
                "is_installed": true,
                "is_renting": true,
                "is_returning": true,
                "is_virtual_station": false,
                "last_reported": 1712860399,
                "name": "Schwanenmarkt II",
                "num_bikes_available": 1,
                "num_docks_available": 0,
                "region_id": "50",
                "rental_uris": {
                    "android": "https://app.nextbike.net/station?id=246405720",
                    "ios": "https://app.nextbike.net/station?id=246405720",
                    "web": "https://nxtb.it/p/246405720"
                },
                "short_name": "5104",
                "station_id": "246405720"
            },
            "type": "Feature"
        },
        {
            "geometry": {
                "coordinates": [
                    6.774144,
                    51.219895
                ],
                "type": "Point"
            },
            "properties": {
                "is_installed": true,
                "is_renting": true,
                "is_returning": true,
                "is_virtual_station": false,
                "last_reported": 1712860399,
                "name": "Schwanenmarkt I",
                "num_bikes_available": 0,
                "num_docks_available": 0,
                "region_id": "50",
                "rental_uris": {
                    "android": "https://app.nextbike.net/station?id=246405887",
                    "ios": "https://app.nextbike.net/station?id=246405887",
                    "web": "https://nxtb.it/p/246405887"
                },
                "short_name": "5105",
                "station_id": "246405887"
            },
            "type": "Feature"
        },
        {
            "geometry": {
                "coordinates": [
                    6.775517,
                    51.218554
                ],
                "type": "Point"
            },
            "properties": {
                "is_installed": true,
                "is_renting": true,
                "is_returning": true,
                "is_virtual_station": false,
                "last_reported": 1712860399,
                "name": "GAP I",
                "num_bikes_available": 2,
                "num_docks_available": 0,
                "region_id": "50",
                "rental_uris": {
                    "android": "https://app.nextbike.net/station?id=246406801",
                    "ios": "https://app.nextbike.net/station?id=246406801",
                    "web": "https://nxtb.it/p/246406801"
                },
                "short_name": "5106",
                "station_id": "246406801"
            },
            "type": "Feature"
        },
        {
            "geometry": {
                "coordinates": [
                    6.779187,
                    51.218161
                ],
                "type": "Point"
            },
            "properties": {
                "is_installed": true,
                "is_renting": true,
                "is_returning": true,
                "is_virtual_station": false,
                "last_reported": 1712860399,
                "name": "GAP II",
                "num_bikes_available": 2,
                "num_docks_available": 0,
                "region_id": "50",
                "rental_uris": {
                    "android": "https://app.nextbike.net/station?id=246408466",
                    "ios": "https://app.nextbike.net/station?id=246408466",
                    "web": "https://nxtb.it/p/246408466"
                },
                "short_name": "5107",
                "station_id": "246408466"
            },
            "type": "Feature"
        },
        {
            "geometry": {
                "coordinates": [
                    6.791031,
                    51.221239
                ],
                "type": "Point"
            },
            "properties": {
                "is_installed": true,
                "is_renting": true,
                "is_returning": true,
                "is_virtual_station": false,
                "last_reported": 1712860399,
                "name": "Karlstra\u00dfe II",
                "num_bikes_available": 3,
                "num_docks_available": 0,
                "region_id": "50",
                "rental_uris": {
                    "android": "https://app.nextbike.net/station?id=246415162",
                    "ios": "https://app.nextbike.net/station?id=246415162",
                    "web": "https://nxtb.it/p/246415162"
                },
                "short_name": "5108",
                "station_id": "246415162"
            },
            "type": "Feature"
        },
        {
            "geometry": {
                "coordinates": [
                    6.79344,
                    51.223312
                ],
                "type": "Point"
            },
            "properties": {
                "is_installed": true,
                "is_renting": true,
                "is_returning": true,
                "is_virtual_station": false,
                "last_reported": 1712860399,
                "name": "Karlstra\u00dfe I",
                "num_bikes_available": 2,
                "num_docks_available": 0,
                "region_id": "50",
                "rental_uris": {
                    "android": "https://app.nextbike.net/station?id=246415818",
                    "ios": "https://app.nextbike.net/station?id=246415818",
                    "web": "https://nxtb.it/p/246415818"
                },
                "short_name": "5109",
                "station_id": "246415818"
            },
            "type": "Feature"
        },
        {
            "geometry": {
                "coordinates": [
                    6.795704,
                    51.22348
                ],
                "type": "Point"
            },
            "properties": {
                "is_installed": true,
                "is_renting": true,
                "is_returning": true,
                "is_virtual_station": false,
                "last_reported": 1712860399,
                "name": "Worringer Platz",
                "num_bikes_available": 2,
                "num_docks_available": 0,
                "region_id": "50",
                "rental_uris": {
                    "android": "https://app.nextbike.net/station?id=246416638",
                    "ios": "https://app.nextbike.net/station?id=246416638",
                    "web": "https://nxtb.it/p/246416638"
                },
                "short_name": "5110",
                "station_id": "246416638"
            },
            "type": "Feature"
        },
        {
            "geometry": {
                "coordinates": [
                    6.791487,
                    51.224232
                ],
                "type": "Point"
            },
            "properties": {
                "is_installed": true,
                "is_renting": true,
                "is_returning": true,
                "is_virtual_station": false,
                "last_reported": 1712860399,
                "name": "Stephanienstra\u00dfe - Klosterstra\u00dfe",
                "num_bikes_available": 0,
                "num_docks_available": 0,
                "region_id": "50",
                "rental_uris": {
                    "android": "https://app.nextbike.net/station?id=246417408",
                    "ios": "https://app.nextbike.net/station?id=246417408",
                    "web": "https://nxtb.it/p/246417408"
                },
                "short_name": "5111",
                "station_id": "246417408"
            },
            "type": "Feature"
        },
        {
            "geometry": {
                "coordinates": [
                    6.787936,
                    51.224844
                ],
                "type": "Point"
            },
            "properties": {
                "is_installed": true,
                "is_renting": true,
                "is_returning": true,
                "is_virtual_station": false,
                "last_reported": 1712860399,
                "name": "Klosterstra\u00dfe",
                "num_bikes_available": 0,
                "num_docks_available": 0,
                "region_id": "50",
                "rental_uris": {
                    "android": "https://app.nextbike.net/station?id=246418026",
                    "ios": "https://app.nextbike.net/station?id=246418026",
                    "web": "https://nxtb.it/p/246418026"
                },
                "short_name": "5112",
                "station_id": "246418026"
            },
            "type": "Feature"
        },
        {
            "geometry": {
                "coordinates": [
                    6.788617,
                    51.226352
                ],
                "type": "Point"
            },
            "properties": {
                "is_installed": true,
                "is_renting": true,
                "is_returning": true,
                "is_virtual_station": false,
                "last_reported": 1712860399,
                "name": "Leopoldstra\u00dfe I",
                "num_bikes_available": 0,
                "num_docks_available": 0,
                "region_id": "50",
                "rental_uris": {
                    "android": "https://app.nextbike.net/station?id=246419489",
                    "ios": "https://app.nextbike.net/station?id=246419489",
                    "web": "https://nxtb.it/p/246419489"
                },
                "short_name": "5113",
                "station_id": "246419489"
            },
            "type": "Feature"
        },
        {
            "geometry": {
                "coordinates": [
                    6.790758,
                    51.226392
                ],
                "type": "Point"
            },
            "properties": {
                "is_installed": true,
                "is_renting": true,
                "is_returning": true,
                "is_virtual_station": false,
                "last_reported": 1712860399,
                "name": "Leopoldstra\u00dfe II",
                "num_bikes_available": 0,
                "num_docks_available": 0,
                "region_id": "50",
                "rental_uris": {
                    "android": "https://app.nextbike.net/station?id=246425631",
                    "ios": "https://app.nextbike.net/station?id=246425631",
                    "web": "https://nxtb.it/p/246425631"
                },
                "short_name": "5114",
                "station_id": "246425631"
            },
            "type": "Feature"
        },
        {
            "geometry": {
                "coordinates": [
                    6.788591,
                    51.220049
                ],
                "type": "Point"
            },
            "properties": {
                "is_installed": true,
                "is_renting": true,
                "is_returning": true,
                "is_virtual_station": false,
                "last_reported": 1712860399,
                "name": "Karlstra\u00dfe III",
                "num_bikes_available": 0,
                "num_docks_available": 0,
                "region_id": "50",
                "rental_uris": {
                    "android": "https://app.nextbike.net/station?id=246429327",
                    "ios": "https://app.nextbike.net/station?id=246429327",
                    "web": "https://nxtb.it/p/246429327"
                },
                "short_name": "5115",
                "station_id": "246429327"
            },
            "type": "Feature"
        },
        {
            "geometry": {
                "coordinates": [
                    6.779423,
                    51.225344
                ],
                "type": "Point"
            },
            "properties": {
                "is_installed": true,
                "is_renting": true,
                "is_returning": true,
                "is_virtual_station": false,
                "last_reported": 1712860399,
                "name": "K\u00d6 II",
                "num_bikes_available": 2,
                "num_docks_available": 0,
                "region_id": "50",
                "rental_uris": {
                    "android": "https://app.nextbike.net/station?id=248500033",
                    "ios": "https://app.nextbike.net/station?id=248500033",
                    "web": "https://nxtb.it/p/248500033"
                },
                "short_name": "4751",
                "station_id": "248500033"
            },
            "type": "Feature"
        },
        {
            "geometry": {
                "coordinates": [
                    6.778436,
                    51.226439
                ],
                "type": "Point"
            },
            "properties": {
                "is_installed": true,
                "is_renting": true,
                "is_returning": true,
                "is_virtual_station": false,
                "last_reported": 1712860399,
                "name": "K\u00d6 I ",
                "num_bikes_available": 1,
                "num_docks_available": 0,
                "region_id": "50",
                "rental_uris": {
                    "android": "https://app.nextbike.net/station?id=248500906",
                    "ios": "https://app.nextbike.net/station?id=248500906",
                    "web": "https://nxtb.it/p/248500906"
                },
                "short_name": "4752",
                "station_id": "248500906"
            },
            "type": "Feature"
        },
        {
            "geometry": {
                "coordinates": [
                    6.77938,
                    51.223372
                ],
                "type": "Point"
            },
            "properties": {
                "is_installed": true,
                "is_renting": true,
                "is_returning": true,
                "is_virtual_station": false,
                "last_reported": 1712860399,
                "name": "K\u00d6 VI",
                "num_bikes_available": 4,
                "num_docks_available": 0,
                "region_id": "50",
                "rental_uris": {
                    "android": "https://app.nextbike.net/station?id=248502819",
                    "ios": "https://app.nextbike.net/station?id=248502819",
                    "web": "https://nxtb.it/p/248502819"
                },
                "short_name": "4753",
                "station_id": "248502819"
            },
            "type": "Feature"
        },
        {
            "geometry": {
                "coordinates": [
                    6.778157,
                    51.221581
                ],
                "type": "Point"
            },
            "properties": {
                "is_installed": true,
                "is_renting": true,
                "is_returning": true,
                "is_virtual_station": false,
                "last_reported": 1712860399,
                "name": "K\u00d6 VII",
                "num_bikes_available": 1,
                "num_docks_available": 0,
                "region_id": "50",
                "rental_uris": {
                    "android": "https://app.nextbike.net/station?id=248503875",
                    "ios": "https://app.nextbike.net/station?id=248503875",
                    "web": "https://nxtb.it/p/248503875"
                },
                "short_name": "4754",
                "station_id": "248503875"
            },
            "type": "Feature"
        },
        {
            "geometry": {
                "coordinates": [
                    6.784111,
                    51.223077
                ],
                "type": "Point"
            },
            "properties": {
                "is_installed": true,
                "is_renting": true,
                "is_returning": true,
                "is_virtual_station": false,
                "last_reported": 1712860399,
                "name": "Platz der deutschen Einheit",
                "num_bikes_available": 0,
                "num_docks_available": 0,
                "region_id": "50",
                "rental_uris": {
                    "android": "https://app.nextbike.net/station?id=248504834",
                    "ios": "https://app.nextbike.net/station?id=248504834",
                    "web": "https://nxtb.it/p/248504834"
                },
                "short_name": "4755",
                "station_id": "248504834"
            },
            "type": "Feature"
        },
        {
            "geometry": {
                "coordinates": [
                    6.785533,
                    51.223802
                ],
                "type": "Point"
            },
            "properties": {
                "is_installed": true,
                "is_renting": true,
                "is_returning": true,
                "is_virtual_station": false,
                "last_reported": 1712860399,
                "name": "Kreuzstra\u00dfe",
                "num_bikes_available": 0,
                "num_docks_available": 0,
                "region_id": "50",
                "rental_uris": {
                    "android": "https://app.nextbike.net/station?id=248512015",
                    "ios": "https://app.nextbike.net/station?id=248512015",
                    "web": "https://nxtb.it/p/248512015"
                },
                "short_name": "4756",
                "station_id": "248512015"
            },
            "type": "Feature"
        },
        {
            "geometry": {
                "coordinates": [
                    6.785924,
                    51.223019
                ],
                "type": "Point"
            },
            "properties": {
                "is_installed": true,
                "is_renting": true,
                "is_returning": true,
                "is_virtual_station": false,
                "last_reported": 1712860399,
                "name": "Friedrich-Ebert-Stra\u00dfe",
                "num_bikes_available": 0,
                "num_docks_available": 0,
                "region_id": "50",
                "rental_uris": {
                    "android": "https://app.nextbike.net/station?id=248513262",
                    "ios": "https://app.nextbike.net/station?id=248513262",
                    "web": "https://nxtb.it/p/248513262"
                },
                "short_name": "4757",
                "station_id": "248513262"
            },
            "type": "Feature"
        },
        {
            "geometry": {
                "coordinates": [
                    6.785608,
                    51.22223
                ],
                "type": "Point"
            },
            "properties": {
                "is_installed": true,
                "is_renting": true,
                "is_returning": true,
                "is_virtual_station": false,
                "last_reported": 1712860399,
                "name": "Bismarckstra\u00dfe",
                "num_bikes_available": 0,
                "num_docks_available": 0,
                "region_id": "50",
                "rental_uris": {
                    "android": "https://app.nextbike.net/station?id=248514390",
                    "ios": "https://app.nextbike.net/station?id=248514390",
                    "web": "https://nxtb.it/p/248514390"
                },
                "short_name": "4758",
                "station_id": "248514390"
            },
            "type": "Feature"
        },
        {
            "geometry": {
                "coordinates": [
                    6.785678,
                    51.221256
                ],
                "type": "Point"
            },
            "properties": {
                "is_installed": true,
                "is_renting": true,
                "is_returning": true,
                "is_virtual_station": false,
                "last_reported": 1712860399,
                "name": "Oststra\u00dfe",
                "num_bikes_available": 2,
                "num_docks_available": 0,
                "region_id": "50",
                "rental_uris": {
                    "android": "https://app.nextbike.net/station?id=248515851",
                    "ios": "https://app.nextbike.net/station?id=248515851",
                    "web": "https://nxtb.it/p/248515851"
                },
                "short_name": "4759",
                "station_id": "248515851"
            },
            "type": "Feature"
        },
        {
            "geometry": {
                "coordinates": [
                    6.788306,
                    51.221497
                ],
                "type": "Point"
            },
            "properties": {
                "is_installed": true,
                "is_renting": true,
                "is_returning": true,
                "is_virtual_station": false,
                "last_reported": 1712860399,
                "name": "Charlottenstra\u00dfe - Friedrich-Ebert-Stra\u00dfe",
                "num_bikes_available": 2,
                "num_docks_available": 0,
                "region_id": "50",
                "rental_uris": {
                    "android": "https://app.nextbike.net/station?id=248517475",
                    "ios": "https://app.nextbike.net/station?id=248517475",
                    "web": "https://nxtb.it/p/248517475"
                },
                "short_name": "4760",
                "station_id": "248517475"
            },
            "type": "Feature"
        },
        {
            "geometry": {
                "coordinates": [
                    6.789379,
                    51.220782
                ],
                "type": "Point"
            },
            "properties": {
                "is_installed": true,
                "is_renting": true,
                "is_returning": true,
                "is_virtual_station": false,
                "last_reported": 1712860399,
                "name": "Bismarckstra\u00dfe II",
                "num_bikes_available": 0,
                "num_docks_available": 0,
                "region_id": "50",
                "rental_uris": {
                    "android": "https://app.nextbike.net/station?id=248518133",
                    "ios": "https://app.nextbike.net/station?id=248518133",
                    "web": "https://nxtb.it/p/248518133"
                },
                "short_name": "4761",
                "station_id": "248518133"
            },
            "type": "Feature"
        },
        {
            "geometry": {
                "coordinates": [
                    6.792254,
                    51.220348
                ],
                "type": "Point"
            },
            "properties": {
                "is_installed": true,
                "is_renting": true,
                "is_returning": true,
                "is_virtual_station": false,
                "last_reported": 1712860399,
                "name": "D\u00fcsseldorf HBF I",
                "num_bikes_available": 5,
                "num_docks_available": 0,
                "region_id": "50",
                "rental_uris": {
                    "android": "https://app.nextbike.net/station?id=248521915",
                    "ios": "https://app.nextbike.net/station?id=248521915",
                    "web": "https://nxtb.it/p/248521915"
                },
                "short_name": "4762",
                "station_id": "248521915"
            },
            "type": "Feature"
        },
        {
            "geometry": {
                "coordinates": [
                    6.791015,
                    51.219875
                ],
                "type": "Point"
            },
            "properties": {
                "is_installed": true,
                "is_renting": true,
                "is_returning": true,
                "is_virtual_station": false,
                "last_reported": 1712860399,
                "name": "D\u00fcsseldorf HBF IV",
                "num_bikes_available": 1,
                "num_docks_available": 0,
                "region_id": "50",
                "rental_uris": {
                    "android": "https://app.nextbike.net/station?id=248523055",
                    "ios": "https://app.nextbike.net/station?id=248523055",
                    "web": "https://nxtb.it/p/248523055"
                },
                "short_name": "4763",
                "station_id": "248523055"
            },
            "type": "Feature"
        },
        {
            "geometry": {
                "coordinates": [
                    6.793392,
                    51.221676
                ],
                "type": "Point"
            },
            "properties": {
                "is_installed": true,
                "is_renting": true,
                "is_returning": true,
                "is_virtual_station": false,
                "last_reported": 1712860399,
                "name": "D\u00fcsseldorf HBF II",
                "num_bikes_available": 2,
                "num_docks_available": 0,
                "region_id": "50",
                "rental_uris": {
                    "android": "https://app.nextbike.net/station?id=248524671",
                    "ios": "https://app.nextbike.net/station?id=248524671",
                    "web": "https://nxtb.it/p/248524671"
                },
                "short_name": "4764",
                "station_id": "248524671"
            },
            "type": "Feature"
        },
        {
            "geometry": {
                "coordinates": [
                    6.795087,
                    51.222253
                ],
                "type": "Point"
            },
            "properties": {
                "is_installed": true,
                "is_renting": true,
                "is_returning": true,
                "is_virtual_station": false,
                "last_reported": 1712860399,
                "name": "D\u00fcsseldorf HBF III",
                "num_bikes_available": 0,
                "num_docks_available": 0,
                "region_id": "50",
                "rental_uris": {
                    "android": "https://app.nextbike.net/station?id=248525616",
                    "ios": "https://app.nextbike.net/station?id=248525616",
                    "web": "https://nxtb.it/p/248525616"
                },
                "short_name": "4765",
                "station_id": "248525616"
            },
            "type": "Feature"
        },
        {
            "geometry": {
                "coordinates": [
                    6.790366,
                    51.219398
                ],
                "type": "Point"
            },
            "properties": {
                "is_installed": true,
                "is_renting": true,
                "is_returning": true,
                "is_virtual_station": false,
                "last_reported": 1712860399,
                "name": "Stresemannplatz II",
                "num_bikes_available": 0,
                "num_docks_available": 0,
                "region_id": "50",
                "rental_uris": {
                    "android": "https://app.nextbike.net/station?id=248528795",
                    "ios": "https://app.nextbike.net/station?id=248528795",
                    "web": "https://nxtb.it/p/248528795"
                },
                "short_name": "4766",
                "station_id": "248528795"
            },
            "type": "Feature"
        },
        {
            "geometry": {
                "coordinates": [
                    6.788591,
                    51.21972
                ],
                "type": "Point"
            },
            "properties": {
                "is_installed": true,
                "is_renting": true,
                "is_returning": true,
                "is_virtual_station": false,
                "last_reported": 1712860399,
                "name": "Stresemannplatz I",
                "num_bikes_available": 0,
                "num_docks_available": 0,
                "region_id": "50",
                "rental_uris": {
                    "android": "https://app.nextbike.net/station?id=248528974",
                    "ios": "https://app.nextbike.net/station?id=248528974",
                    "web": "https://nxtb.it/p/248528974"
                },
                "short_name": "4767",
                "station_id": "248528974"
            },
            "type": "Feature"
        },
        {
            "geometry": {
                "coordinates": [
                    6.790318,
                    51.218524
                ],
                "type": "Point"
            },
            "properties": {
                "is_installed": true,
                "is_renting": true,
                "is_returning": true,
                "is_virtual_station": false,
                "last_reported": 1712860399,
                "name": "Harkortstra\u00dfe",
                "num_bikes_available": 1,
                "num_docks_available": 0,
                "region_id": "50",
                "rental_uris": {
                    "android": "https://app.nextbike.net/station?id=248529829",
                    "ios": "https://app.nextbike.net/station?id=248529829",
                    "web": "https://nxtb.it/p/248529829"
                },
                "short_name": "4768",
                "station_id": "248529829"
            },
            "type": "Feature"
        },
        {
            "geometry": {
                "coordinates": [
                    6.787266,
                    51.219492
                ],
                "type": "Point"
            },
            "properties": {
                "is_installed": true,
                "is_renting": true,
                "is_returning": true,
                "is_virtual_station": false,
                "last_reported": 1712860399,
                "name": "Stresemannstra\u00dfe I",
                "num_bikes_available": 0,
                "num_docks_available": 0,
                "region_id": "50",
                "rental_uris": {
                    "android": "https://app.nextbike.net/station?id=248531086",
                    "ios": "https://app.nextbike.net/station?id=248531086",
                    "web": "https://nxtb.it/p/248531086"
                },
                "short_name": "4770",
                "station_id": "248531086"
            },
            "type": "Feature"
        },
        {
            "geometry": {
                "coordinates": [
                    6.785211,
                    51.220479
                ],
                "type": "Point"
            },
            "properties": {
                "is_installed": true,
                "is_renting": true,
                "is_returning": true,
                "is_virtual_station": false,
                "last_reported": 1712860399,
                "name": "Stresemannstra\u00dfe III",
                "num_bikes_available": 0,
                "num_docks_available": 0,
                "region_id": "50",
                "rental_uris": {
                    "android": "https://app.nextbike.net/station?id=248531536",
                    "ios": "https://app.nextbike.net/station?id=248531536",
                    "web": "https://nxtb.it/p/248531536"
                },
                "short_name": "4771",
                "station_id": "248531536"
            },
            "type": "Feature"
        },
        {
            "geometry": {
                "coordinates": [
                    6.782636,
                    51.221424
                ],
                "type": "Point"
            },
            "properties": {
                "is_installed": true,
                "is_renting": true,
                "is_returning": true,
                "is_virtual_station": false,
                "last_reported": 1712860399,
                "name": "Berliner Allee I",
                "num_bikes_available": 6,
                "num_docks_available": 0,
                "region_id": "50",
                "rental_uris": {
                    "android": "https://app.nextbike.net/station?id=248533063",
                    "ios": "https://app.nextbike.net/station?id=248533063",
                    "web": "https://nxtb.it/p/248533063"
                },
                "short_name": "4772",
                "station_id": "248533063"
            },
            "type": "Feature"
        },
        {
            "geometry": {
                "coordinates": [
                    6.781982,
                    51.221269
                ],
                "type": "Point"
            },
            "properties": {
                "is_installed": true,
                "is_renting": true,
                "is_returning": true,
                "is_virtual_station": false,
                "last_reported": 1712860399,
                "name": "Berliner Allee II",
                "num_bikes_available": 1,
                "num_docks_available": 0,
                "region_id": "50",
                "rental_uris": {
                    "android": "https://app.nextbike.net/station?id=248533482",
                    "ios": "https://app.nextbike.net/station?id=248533482",
                    "web": "https://nxtb.it/p/248533482"
                },
                "short_name": "4773",
                "station_id": "248533482"
            },
            "type": "Feature"
        },
        {
            "geometry": {
                "coordinates": [
                    6.784047,
                    51.219935
                ],
                "type": "Point"
            },
            "properties": {
                "is_installed": true,
                "is_renting": true,
                "is_returning": true,
                "is_virtual_station": false,
                "last_reported": 1712860399,
                "name": "Alexanderstra\u00dfe",
                "num_bikes_available": 3,
                "num_docks_available": 0,
                "region_id": "50",
                "rental_uris": {
                    "android": "https://app.nextbike.net/station?id=248534734",
                    "ios": "https://app.nextbike.net/station?id=248534734",
                    "web": "https://nxtb.it/p/248534734"
                },
                "short_name": "4774",
                "station_id": "248534734"
            },
            "type": "Feature"
        },
        {
            "geometry": {
                "coordinates": [
                    6.785554,
                    51.219172
                ],
                "type": "Point"
            },
            "properties": {
                "is_installed": true,
                "is_renting": true,
                "is_returning": true,
                "is_virtual_station": false,
                "last_reported": 1712860399,
                "name": "Bahnstra\u00dfe",
                "num_bikes_available": 2,
                "num_docks_available": 0,
                "region_id": "50",
                "rental_uris": {
                    "android": "https://app.nextbike.net/station?id=248535311",
                    "ios": "https://app.nextbike.net/station?id=248535311",
                    "web": "https://nxtb.it/p/248535311"
                },
                "short_name": "4775",
                "station_id": "248535311"
            },
            "type": "Feature"
        },
        {
            "geometry": {
                "coordinates": [
                    6.782405,
                    51.21977
                ],
                "type": "Point"
            },
            "properties": {
                "is_installed": true,
                "is_renting": true,
                "is_returning": true,
                "is_virtual_station": false,
                "last_reported": 1712860399,
                "name": "Zurheide II",
                "num_bikes_available": 6,
                "num_docks_available": 0,
                "region_id": "50",
                "rental_uris": {
                    "android": "https://app.nextbike.net/station?id=248536439",
                    "ios": "https://app.nextbike.net/station?id=248536439",
                    "web": "https://nxtb.it/p/248536439"
                },
                "short_name": "4776",
                "station_id": "248536439"
            },
            "type": "Feature"
        },
        {
            "geometry": {
                "coordinates": [
                    6.783146,
                    51.218924
                ],
                "type": "Point"
            },
            "properties": {
                "is_installed": true,
                "is_renting": true,
                "is_returning": true,
                "is_virtual_station": false,
                "last_reported": 1712860399,
                "name": "Zurheide I",
                "num_bikes_available": 12,
                "num_docks_available": 0,
                "region_id": "50",
                "rental_uris": {
                    "android": "https://app.nextbike.net/station?id=248537413",
                    "ios": "https://app.nextbike.net/station?id=248537413",
                    "web": "https://nxtb.it/p/248537413"
                },
                "short_name": "4777",
                "station_id": "248537413"
            },
            "type": "Feature"
        },
        {
            "geometry": {
                "coordinates": [
                    6.7891,
                    51.228045
                ],
                "type": "Point"
            },
            "properties": {
                "is_installed": true,
                "is_renting": true,
                "is_returning": true,
                "is_virtual_station": false,
                "last_reported": 1712860399,
                "name": "Am Wehrhahn I",
                "num_bikes_available": 0,
                "num_docks_available": 0,
                "region_id": "50",
                "rental_uris": {
                    "android": "https://app.nextbike.net/station?id=248553311",
                    "ios": "https://app.nextbike.net/station?id=248553311",
                    "web": "https://nxtb.it/p/248553311"
                },
                "short_name": "4778",
                "station_id": "248553311"
            },
            "type": "Feature"
        },
        {
            "geometry": {
                "coordinates": [
                    6.790801,
                    51.228301
                ],
                "type": "Point"
            },
            "properties": {
                "is_installed": true,
                "is_renting": true,
                "is_returning": true,
                "is_virtual_station": false,
                "last_reported": 1712860399,
                "name": "Am Wehrhahn II",
                "num_bikes_available": 0,
                "num_docks_available": 0,
                "region_id": "50",
                "rental_uris": {
                    "android": "https://app.nextbike.net/station?id=248553547",
                    "ios": "https://app.nextbike.net/station?id=248553547",
                    "web": "https://nxtb.it/p/248553547"
                },
                "short_name": "4779",
                "station_id": "248553547"
            },
            "type": "Feature"
        },
        {
            "geometry": {
                "coordinates": [
                    6.796117,
                    51.229745
                ],
                "type": "Point"
            },
            "properties": {
                "is_installed": true,
                "is_renting": true,
                "is_returning": true,
                "is_virtual_station": false,
                "last_reported": 1712860399,
                "name": "Am Wehrhahn III",
                "num_bikes_available": 0,
                "num_docks_available": 0,
                "region_id": "50",
                "rental_uris": {
                    "android": "https://app.nextbike.net/station?id=248553780",
                    "ios": "https://app.nextbike.net/station?id=248553780",
                    "web": "https://nxtb.it/p/248553780"
                },
                "short_name": "4780",
                "station_id": "248553780"
            },
            "type": "Feature"
        },
        {
            "geometry": {
                "coordinates": [
                    6.796364,
                    51.229359
                ],
                "type": "Point"
            },
            "properties": {
                "is_installed": true,
                "is_renting": true,
                "is_returning": true,
                "is_virtual_station": false,
                "last_reported": 1712860399,
                "name": "Worringerstra\u00dfe I",
                "num_bikes_available": 0,
                "num_docks_available": 0,
                "region_id": "50",
                "rental_uris": {
                    "android": "https://app.nextbike.net/station?id=248554422",
                    "ios": "https://app.nextbike.net/station?id=248554422",
                    "web": "https://nxtb.it/p/248554422"
                },
                "short_name": "4781",
                "station_id": "248554422"
            },
            "type": "Feature"
        },
        {
            "geometry": {
                "coordinates": [
                    6.793016,
                    51.229187
                ],
                "type": "Point"
            },
            "properties": {
                "is_installed": true,
                "is_renting": true,
                "is_returning": true,
                "is_virtual_station": false,
                "last_reported": 1712860399,
                "name": "Wielandstra\u00dfe",
                "num_bikes_available": 1,
                "num_docks_available": 0,
                "region_id": "50",
                "rental_uris": {
                    "android": "https://app.nextbike.net/station?id=248554649",
                    "ios": "https://app.nextbike.net/station?id=248554649",
                    "web": "https://nxtb.it/p/248554649"
                },
                "short_name": "4782",
                "station_id": "248554649"
            },
            "type": "Feature"
        },
        {
            "geometry": {
                "coordinates": [
                    6.791219,
                    51.227256
                ],
                "type": "Point"
            },
            "properties": {
                "is_installed": true,
                "is_renting": true,
                "is_returning": true,
                "is_virtual_station": false,
                "last_reported": 1712860399,
                "name": "B\u00f6rnestra\u00dfe",
                "num_bikes_available": 0,
                "num_docks_available": 0,
                "region_id": "50",
                "rental_uris": {
                    "android": "https://app.nextbike.net/station?id=248554863",
                    "ios": "https://app.nextbike.net/station?id=248554863",
                    "web": "https://nxtb.it/p/248554863"
                },
                "short_name": "4783",
                "station_id": "248554863"
            },
            "type": "Feature"
        },
        {
            "geometry": {
                "coordinates": [
                    6.791836,
                    51.225583
                ],
                "type": "Point"
            },
            "properties": {
                "is_installed": true,
                "is_renting": true,
                "is_returning": true,
                "is_virtual_station": false,
                "last_reported": 1712860399,
                "name": "Karl-Anton-Stra\u00dfe I",
                "num_bikes_available": 0,
                "num_docks_available": 0,
                "region_id": "50",
                "rental_uris": {
                    "android": "https://app.nextbike.net/station?id=248555173",
                    "ios": "https://app.nextbike.net/station?id=248555173",
                    "web": "https://nxtb.it/p/248555173"
                },
                "short_name": "4784",
                "station_id": "248555173"
            },
            "type": "Feature"
        },
        {
            "geometry": {
                "coordinates": [
                    6.794599,
                    51.225371
                ],
                "type": "Point"
            },
            "properties": {
                "is_installed": true,
                "is_renting": true,
                "is_returning": true,
                "is_virtual_station": false,
                "last_reported": 1712860399,
                "name": "Karl-Anton-Stra\u00dfe II",
                "num_bikes_available": 3,
                "num_docks_available": 0,
                "region_id": "50",
                "rental_uris": {
                    "android": "https://app.nextbike.net/station?id=248555703",
                    "ios": "https://app.nextbike.net/station?id=248555703",
                    "web": "https://nxtb.it/p/248555703"
                },
                "short_name": "4785",
                "station_id": "248555703"
            },
            "type": "Feature"
        },
        {
            "geometry": {
                "coordinates": [
                    6.793853,
                    51.226171
                ],
                "type": "Point"
            },
            "properties": {
                "is_installed": true,
                "is_renting": true,
                "is_returning": true,
                "is_virtual_station": false,
                "last_reported": 1712860399,
                "name": "K\u00f6lnerstra\u00dfe",
                "num_bikes_available": 0,
                "num_docks_available": 0,
                "region_id": "50",
                "rental_uris": {
                    "android": "https://app.nextbike.net/station?id=248557678",
                    "ios": "https://app.nextbike.net/station?id=248557678",
                    "web": "https://nxtb.it/p/248557678"
                },
                "short_name": "4786",
                "station_id": "248557678"
            },
            "type": "Feature"
        },
        {
            "geometry": {
                "coordinates": [
                    6.793934,
                    51.22645
                ],
                "type": "Point"
            },
            "properties": {
                "is_installed": true,
                "is_renting": true,
                "is_returning": true,
                "is_virtual_station": false,
                "last_reported": 1712860399,
                "name": "Sch\u00fctzenstra\u00dfe II",
                "num_bikes_available": 0,
                "num_docks_available": 0,
                "region_id": "50",
                "rental_uris": {
                    "android": "https://app.nextbike.net/station?id=248558360",
                    "ios": "https://app.nextbike.net/station?id=248558360",
                    "web": "https://nxtb.it/p/248558360"
                },
                "short_name": "4787",
                "station_id": "248558360"
            },
            "type": "Feature"
        },
        {
            "geometry": {
                "coordinates": [
                    6.795071,
                    51.228616
                ],
                "type": "Point"
            },
            "properties": {
                "is_installed": true,
                "is_renting": true,
                "is_returning": true,
                "is_virtual_station": false,
                "last_reported": 1712860399,
                "name": "Sch\u00fctzenstra\u00dfe I",
                "num_bikes_available": 0,
                "num_docks_available": 0,
                "region_id": "50",
                "rental_uris": {
                    "android": "https://app.nextbike.net/station?id=248558887",
                    "ios": "https://app.nextbike.net/station?id=248558887",
                    "web": "https://nxtb.it/p/248558887"
                },
                "short_name": "4788",
                "station_id": "248558887"
            },
            "type": "Feature"
        },
        {
            "geometry": {
                "coordinates": [
                    6.7955,
                    51.227236
                ],
                "type": "Point"
            },
            "properties": {
                "is_installed": true,
                "is_renting": true,
                "is_returning": true,
                "is_virtual_station": false,
                "last_reported": 1712860399,
                "name": "Gerresheimerstra\u00dfe",
                "num_bikes_available": 0,
                "num_docks_available": 0,
                "region_id": "50",
                "rental_uris": {
                    "android": "https://app.nextbike.net/station?id=248560440",
                    "ios": "https://app.nextbike.net/station?id=248560440",
                    "web": "https://nxtb.it/p/248560440"
                },
                "short_name": "4789",
                "station_id": "248560440"
            },
            "type": "Feature"
        },
        {
            "geometry": {
                "coordinates": [
                    6.796514,
                    51.22695
                ],
                "type": "Point"
            },
            "properties": {
                "is_installed": true,
                "is_renting": true,
                "is_returning": true,
                "is_virtual_station": false,
                "last_reported": 1712860399,
                "name": "Worringerstra\u00dfe II",
                "num_bikes_available": 0,
                "num_docks_available": 0,
                "region_id": "50",
                "rental_uris": {
                    "android": "https://app.nextbike.net/station?id=248561555",
                    "ios": "https://app.nextbike.net/station?id=248561555",
                    "web": "https://nxtb.it/p/248561555"
                },
                "short_name": "4790",
                "station_id": "248561555"
            },
            "type": "Feature"
        },
        {
            "geometry": {
                "coordinates": [
                    6.79617,
                    51.225479
                ],
                "type": "Point"
            },
            "properties": {
                "is_installed": true,
                "is_renting": true,
                "is_returning": true,
                "is_virtual_station": false,
                "last_reported": 1712860399,
                "name": "Worringerstra\u00dfe III",
                "num_bikes_available": 1,
                "num_docks_available": 0,
                "region_id": "50",
                "rental_uris": {
                    "android": "https://app.nextbike.net/station?id=248562909",
                    "ios": "https://app.nextbike.net/station?id=248562909",
                    "web": "https://nxtb.it/p/248562909"
                },
                "short_name": "4791",
                "station_id": "248562909"
            },
            "type": "Feature"
        },
        {
            "geometry": {
                "coordinates": [
                    6.798595,
                    51.226224
                ],
                "type": "Point"
            },
            "properties": {
                "is_installed": true,
                "is_renting": true,
                "is_returning": true,
                "is_virtual_station": false,
                "last_reported": 1712860399,
                "name": "Vinzenzplatz",
                "num_bikes_available": 0,
                "num_docks_available": 0,
                "region_id": "50",
                "rental_uris": {
                    "android": "https://app.nextbike.net/station?id=248563347",
                    "ios": "https://app.nextbike.net/station?id=248563347",
                    "web": "https://nxtb.it/p/248563347"
                },
                "short_name": "4792",
                "station_id": "248563347"
            },
            "type": "Feature"
        },
        {
            "geometry": {
                "coordinates": [
                    6.792871,
                    51.247458
                ],
                "type": "Point"
            },
            "properties": {
                "is_installed": true,
                "is_renting": true,
                "is_returning": true,
                "is_virtual_station": false,
                "last_reported": 1712860399,
                "name": "HSD-Mensa",
                "num_bikes_available": 1,
                "num_docks_available": 0,
                "region_id": "50",
                "rental_uris": {
                    "android": "https://app.nextbike.net/station?id=26049363",
                    "ios": "https://app.nextbike.net/station?id=26049363",
                    "web": "https://nxtb.it/p/26049363"
                },
                "short_name": "5016",
                "station_id": "26049363"
            },
            "type": "Feature"
        },
        {
            "geometry": {
                "coordinates": [
                    6.767932,
                    51.208483
                ],
                "type": "Point"
            },
            "properties": {
                "is_installed": true,
                "is_renting": true,
                "is_returning": true,
                "is_virtual_station": false,
                "last_reported": 1712860399,
                "name": "Bachpl\u00e4tzchen I",
                "num_bikes_available": 0,
                "num_docks_available": 0,
                "region_id": "50",
                "rental_uris": {
                    "android": "https://app.nextbike.net/station?id=261131874",
                    "ios": "https://app.nextbike.net/station?id=261131874",
                    "web": "https://nxtb.it/p/261131874"
                },
                "short_name": "4794",
                "station_id": "261131874"
            },
            "type": "Feature"
        },
        {
            "geometry": {
                "coordinates": [
                    6.80058,
                    51.250312
                ],
                "type": "Point"
            },
            "properties": {
                "is_installed": true,
                "is_renting": true,
                "is_returning": true,
                "is_virtual_station": false,
                "last_reported": 1712860399,
                "name": "ARAG Platz",
                "num_bikes_available": 2,
                "num_docks_available": 0,
                "region_id": "50",
                "rental_uris": {
                    "android": "https://app.nextbike.net/station?id=2728",
                    "ios": "https://app.nextbike.net/station?id=2728",
                    "web": "https://nxtb.it/p/2728"
                },
                "short_name": "5032",
                "station_id": "2728"
            },
            "type": "Feature"
        },
        {
            "geometry": {
                "coordinates": [
                    6.789063,
                    51.199102
                ],
                "type": "Point"
            },
            "properties": {
                "is_installed": true,
                "is_renting": true,
                "is_returning": true,
                "is_virtual_station": false,
                "last_reported": 1712860399,
                "name": "Uni-Kliniken III",
                "num_bikes_available": 0,
                "num_docks_available": 0,
                "region_id": "50",
                "rental_uris": {
                    "android": "https://app.nextbike.net/station?id=278976949",
                    "ios": "https://app.nextbike.net/station?id=278976949",
                    "web": "https://nxtb.it/p/278976949"
                },
                "short_name": "4795",
                "station_id": "278976949"
            },
            "type": "Feature"
        },
        {
            "geometry": {
                "coordinates": [
                    6.789647,
                    51.200215
                ],
                "type": "Point"
            },
            "properties": {
                "is_installed": true,
                "is_renting": true,
                "is_returning": true,
                "is_virtual_station": false,
                "last_reported": 1712860399,
                "name": "Uni-Kliniken V",
                "num_bikes_available": 0,
                "num_docks_available": 0,
                "region_id": "50",
                "rental_uris": {
                    "android": "https://app.nextbike.net/station?id=278977745",
                    "ios": "https://app.nextbike.net/station?id=278977745",
                    "web": "https://nxtb.it/p/278977745"
                },
                "short_name": "4796",
                "station_id": "278977745"
            },
            "type": "Feature"
        },
        {
            "geometry": {
                "coordinates": [
                    6.784766,
                    51.198359
                ],
                "type": "Point"
            },
            "properties": {
                "is_installed": true,
                "is_renting": true,
                "is_returning": true,
                "is_virtual_station": false,
                "last_reported": 1712860399,
                "name": "Uni-Kliniken II",
                "num_bikes_available": 0,
                "num_docks_available": 0,
                "region_id": "50",
                "rental_uris": {
                    "android": "https://app.nextbike.net/station?id=278978858",
                    "ios": "https://app.nextbike.net/station?id=278978858",
                    "web": "https://nxtb.it/p/278978858"
                },
                "short_name": "4797",
                "station_id": "278978858"
            },
            "type": "Feature"
        },
        {
            "geometry": {
                "coordinates": [
                    6.782926,
                    51.198054
                ],
                "type": "Point"
            },
            "properties": {
                "is_installed": true,
                "is_renting": true,
                "is_returning": true,
                "is_virtual_station": false,
                "last_reported": 1712860399,
                "name": "Uni-Kliniken I",
                "num_bikes_available": 0,
                "num_docks_available": 0,
                "region_id": "50",
                "rental_uris": {
                    "android": "https://app.nextbike.net/station?id=278979323",
                    "ios": "https://app.nextbike.net/station?id=278979323",
                    "web": "https://nxtb.it/p/278979323"
                },
                "short_name": "4798",
                "station_id": "278979323"
            },
            "type": "Feature"
        },
        {
            "geometry": {
                "coordinates": [
                    6.791916,
                    51.191555
                ],
                "type": "Point"
            },
            "properties": {
                "is_installed": true,
                "is_renting": true,
                "is_returning": true,
                "is_virtual_station": false,
                "last_reported": 1712860399,
                "name": "Uni-Mensa III",
                "num_bikes_available": 0,
                "num_docks_available": 0,
                "region_id": "50",
                "rental_uris": {
                    "android": "https://app.nextbike.net/station?id=278984768",
                    "ios": "https://app.nextbike.net/station?id=278984768",
                    "web": "https://nxtb.it/p/278984768"
                },
                "short_name": "4799",
                "station_id": "278984768"
            },
            "type": "Feature"
        },
        {
            "geometry": {
                "coordinates": [
                    6.790302,
                    51.190775
                ],
                "type": "Point"
            },
            "properties": {
                "is_installed": true,
                "is_renting": true,
                "is_returning": true,
                "is_virtual_station": false,
                "last_reported": 1712860399,
                "name": "Uni-West I",
                "num_bikes_available": 0,
                "num_docks_available": 0,
                "region_id": "50",
                "rental_uris": {
                    "android": "https://app.nextbike.net/station?id=278985512",
                    "ios": "https://app.nextbike.net/station?id=278985512",
                    "web": "https://nxtb.it/p/278985512"
                },
                "short_name": "4800",
                "station_id": "278985512"
            },
            "type": "Feature"
        },
        {
            "geometry": {
                "coordinates": [
                    6.788263,
                    51.19135
                ],
                "type": "Point"
            },
            "properties": {
                "is_installed": true,
                "is_renting": true,
                "is_returning": true,
                "is_virtual_station": false,
                "last_reported": 1712860399,
                "name": "Uni-West II",
                "num_bikes_available": 0,
                "num_docks_available": 0,
                "region_id": "50",
                "rental_uris": {
                    "android": "https://app.nextbike.net/station?id=278985778",
                    "ios": "https://app.nextbike.net/station?id=278985778",
                    "web": "https://nxtb.it/p/278985778"
                },
                "short_name": "4801",
                "station_id": "278985778"
            },
            "type": "Feature"
        },
        {
            "geometry": {
                "coordinates": [
                    6.795784,
                    51.186115
                ],
                "type": "Point"
            },
            "properties": {
                "is_installed": true,
                "is_renting": true,
                "is_returning": true,
                "is_virtual_station": false,
                "last_reported": 1712860399,
                "name": "Uni S\u00fcd I",
                "num_bikes_available": 0,
                "num_docks_available": 0,
                "region_id": "50",
                "rental_uris": {
                    "android": "https://app.nextbike.net/station?id=278988679",
                    "ios": "https://app.nextbike.net/station?id=278988679",
                    "web": "https://nxtb.it/p/278988679"
                },
                "short_name": "4802",
                "station_id": "278988679"
            },
            "type": "Feature"
        },
        {
            "geometry": {
                "coordinates": [
                    6.802302,
                    51.182645
                ],
                "type": "Point"
            },
            "properties": {
                "is_installed": true,
                "is_renting": true,
                "is_returning": true,
                "is_virtual_station": false,
                "last_reported": 1712860399,
                "name": "Uni-S\u00fcd-Ost I",
                "num_bikes_available": 1,
                "num_docks_available": 0,
                "region_id": "50",
                "rental_uris": {
                    "android": "https://app.nextbike.net/station?id=278990091",
                    "ios": "https://app.nextbike.net/station?id=278990091",
                    "web": "https://nxtb.it/p/278990091"
                },
                "short_name": "4803",
                "station_id": "278990091"
            },
            "type": "Feature"
        },
        {
            "geometry": {
                "coordinates": [
                    6.800113,
                    51.189175
                ],
                "type": "Point"
            },
            "properties": {
                "is_installed": true,
                "is_renting": true,
                "is_returning": true,
                "is_virtual_station": false,
                "last_reported": 1712860399,
                "name": "Uni-Ost II",
                "num_bikes_available": 2,
                "num_docks_available": 0,
                "region_id": "50",
                "rental_uris": {
                    "android": "https://app.nextbike.net/station?id=278992198",
                    "ios": "https://app.nextbike.net/station?id=278992198",
                    "web": "https://nxtb.it/p/278992198"
                },
                "short_name": "4804",
                "station_id": "278992198"
            },
            "type": "Feature"
        },
        {
            "geometry": {
                "coordinates": [
                    6.797903,
                    51.189306
                ],
                "type": "Point"
            },
            "properties": {
                "is_installed": true,
                "is_renting": true,
                "is_returning": true,
                "is_virtual_station": false,
                "last_reported": 1712860399,
                "name": "Christophstra\u00dfe III",
                "num_bikes_available": 0,
                "num_docks_available": 0,
                "region_id": "50",
                "rental_uris": {
                    "android": "https://app.nextbike.net/station?id=278996753",
                    "ios": "https://app.nextbike.net/station?id=278996753",
                    "web": "https://nxtb.it/p/278996753"
                },
                "short_name": "4805",
                "station_id": "278996753"
            },
            "type": "Feature"
        },
        {
            "geometry": {
                "coordinates": [
                    6.800666,
                    51.195428
                ],
                "type": "Point"
            },
            "properties": {
                "is_installed": true,
                "is_renting": true,
                "is_returning": true,
                "is_virtual_station": false,
                "last_reported": 1712860399,
                "name": "S\u00fcdpark",
                "num_bikes_available": 0,
                "num_docks_available": 0,
                "region_id": "50",
                "rental_uris": {
                    "android": "https://app.nextbike.net/station?id=278998014",
                    "ios": "https://app.nextbike.net/station?id=278998014",
                    "web": "https://nxtb.it/p/278998014"
                },
                "short_name": "4806",
                "station_id": "278998014"
            },
            "type": "Feature"
        },
        {
            "geometry": {
                "coordinates": [
                    6.783966,
                    51.202366
                ],
                "type": "Point"
            },
            "properties": {
                "is_installed": true,
                "is_renting": true,
                "is_returning": true,
                "is_virtual_station": false,
                "last_reported": 1712860399,
                "name": "Auf'm Hennekamp",
                "num_bikes_available": 2,
                "num_docks_available": 0,
                "region_id": "50",
                "rental_uris": {
                    "android": "https://app.nextbike.net/station?id=279000600",
                    "ios": "https://app.nextbike.net/station?id=279000600",
                    "web": "https://nxtb.it/p/279000600"
                },
                "short_name": "4809",
                "station_id": "279000600"
            },
            "type": "Feature"
        },
        {
            "geometry": {
                "coordinates": [
                    6.783392,
                    51.196127
                ],
                "type": "Point"
            },
            "properties": {
                "is_installed": true,
                "is_renting": true,
                "is_returning": true,
                "is_virtual_station": false,
                "last_reported": 1712860399,
                "name": "Chlodwigstra\u00dfe I",
                "num_bikes_available": 0,
                "num_docks_available": 0,
                "region_id": "50",
                "rental_uris": {
                    "android": "https://app.nextbike.net/station?id=279003052",
                    "ios": "https://app.nextbike.net/station?id=279003052",
                    "web": "https://nxtb.it/p/279003052"
                },
                "short_name": "4810",
                "station_id": "279003052"
            },
            "type": "Feature"
        },
        {
            "geometry": {
                "coordinates": [
                    6.785367,
                    51.19368
                ],
                "type": "Point"
            },
            "properties": {
                "is_installed": true,
                "is_renting": true,
                "is_returning": true,
                "is_virtual_station": false,
                "last_reported": 1712860399,
                "name": "Ernst-Derra-Stra\u00dfe",
                "num_bikes_available": 0,
                "num_docks_available": 0,
                "region_id": "50",
                "rental_uris": {
                    "android": "https://app.nextbike.net/station?id=279005042",
                    "ios": "https://app.nextbike.net/station?id=279005042",
                    "web": "https://nxtb.it/p/279005042"
                },
                "short_name": "4811",
                "station_id": "279005042"
            },
            "type": "Feature"
        },
        {
            "geometry": {
                "coordinates": [
                    6.791337,
                    51.194282
                ],
                "type": "Point"
            },
            "properties": {
                "is_installed": true,
                "is_renting": true,
                "is_returning": true,
                "is_virtual_station": false,
                "last_reported": 1712860399,
                "name": "UKD II",
                "num_bikes_available": 0,
                "num_docks_available": 0,
                "region_id": "50",
                "rental_uris": {
                    "android": "https://app.nextbike.net/station?id=279006497",
                    "ios": "https://app.nextbike.net/station?id=279006497",
                    "web": "https://nxtb.it/p/279006497"
                },
                "short_name": "4812",
                "station_id": "279006497"
            },
            "type": "Feature"
        },
        {
            "geometry": {
                "coordinates": [
                    6.790704,
                    51.195697
                ],
                "type": "Point"
            },
            "properties": {
                "is_installed": true,
                "is_renting": true,
                "is_returning": true,
                "is_virtual_station": false,
                "last_reported": 1712860399,
                "name": "UKD I",
                "num_bikes_available": 0,
                "num_docks_available": 0,
                "region_id": "50",
                "rental_uris": {
                    "android": "https://app.nextbike.net/station?id=279006982",
                    "ios": "https://app.nextbike.net/station?id=279006982",
                    "web": "https://nxtb.it/p/279006982"
                },
                "short_name": "4813",
                "station_id": "279006982"
            },
            "type": "Feature"
        },
        {
            "geometry": {
                "coordinates": [
                    6.787646,
                    51.196309
                ],
                "type": "Point"
            },
            "properties": {
                "is_installed": true,
                "is_renting": true,
                "is_returning": true,
                "is_virtual_station": false,
                "last_reported": 1712860399,
                "name": "UKD III",
                "num_bikes_available": 0,
                "num_docks_available": 0,
                "region_id": "50",
                "rental_uris": {
                    "android": "https://app.nextbike.net/station?id=279007599",
                    "ios": "https://app.nextbike.net/station?id=279007599",
                    "web": "https://nxtb.it/p/279007599"
                },
                "short_name": "4814",
                "station_id": "279007599"
            },
            "type": "Feature"
        },
        {
            "geometry": {
                "coordinates": [
                    6.779251,
                    51.219949
                ],
                "type": "Point"
            },
            "properties": {
                "is_installed": true,
                "is_renting": true,
                "is_returning": true,
                "is_virtual_station": false,
                "last_reported": 1712860399,
                "name": "K\u00d6 X",
                "num_bikes_available": 2,
                "num_docks_available": 0,
                "region_id": "50",
                "rental_uris": {
                    "android": "https://app.nextbike.net/station?id=279011683",
                    "ios": "https://app.nextbike.net/station?id=279011683",
                    "web": "https://nxtb.it/p/279011683"
                },
                "short_name": "4815",
                "station_id": "279011683"
            },
            "type": "Feature"
        },
        {
            "geometry": {
                "coordinates": [
                    6.779289,
                    51.221366
                ],
                "type": "Point"
            },
            "properties": {
                "is_installed": true,
                "is_renting": true,
                "is_returning": true,
                "is_virtual_station": false,
                "last_reported": 1712860399,
                "name": "K\u00d6 VIII",
                "num_bikes_available": 1,
                "num_docks_available": 0,
                "region_id": "50",
                "rental_uris": {
                    "android": "https://app.nextbike.net/station?id=279012181",
                    "ios": "https://app.nextbike.net/station?id=279012181",
                    "web": "https://nxtb.it/p/279012181"
                },
                "short_name": "4816",
                "station_id": "279012181"
            },
            "type": "Feature"
        },
        {
            "geometry": {
                "coordinates": [
                    6.795441,
                    51.218826
                ],
                "type": "Point"
            },
            "properties": {
                "is_installed": true,
                "is_renting": true,
                "is_returning": true,
                "is_virtual_station": false,
                "last_reported": 1712860399,
                "name": "Radstation",
                "num_bikes_available": 2,
                "num_docks_available": 0,
                "region_id": "50",
                "rental_uris": {
                    "android": "https://app.nextbike.net/station?id=28183578",
                    "ios": "https://app.nextbike.net/station?id=28183578",
                    "web": "https://nxtb.it/p/28183578"
                },
                "short_name": "5017",
                "station_id": "28183578"
            },
            "type": "Feature"
        },
        {
            "geometry": {
                "coordinates": [
                    6.760154,
                    51.207663
                ],
                "type": "Point"
            },
            "properties": {
                "is_installed": true,
                "is_renting": true,
                "is_returning": true,
                "is_virtual_station": false,
                "last_reported": 1712860399,
                "name": "Georg-Schulhoff-Platz",
                "num_bikes_available": 1,
                "num_docks_available": 0,
                "region_id": "50",
                "rental_uris": {
                    "android": "https://app.nextbike.net/station?id=28777145",
                    "ios": "https://app.nextbike.net/station?id=28777145",
                    "web": "https://nxtb.it/p/28777145"
                },
                "short_name": "5031",
                "station_id": "28777145"
            },
            "type": "Feature"
        },
        {
            "geometry": {
                "coordinates": [
                    6.769584,
                    51.196269
                ],
                "type": "Point"
            },
            "properties": {
                "is_installed": true,
                "is_renting": true,
                "is_returning": true,
                "is_virtual_station": false,
                "last_reported": 1712860399,
                "name": "Aachener Platz",
                "num_bikes_available": 18,
                "num_docks_available": 0,
                "region_id": "50",
                "rental_uris": {
                    "android": "https://app.nextbike.net/station?id=28777203",
                    "ios": "https://app.nextbike.net/station?id=28777203",
                    "web": "https://nxtb.it/p/28777203"
                },
                "short_name": "5034",
                "station_id": "28777203"
            },
            "type": "Feature"
        },
        {
            "geometry": {
                "coordinates": [
                    6.780281,
                    51.2057
                ],
                "type": "Point"
            },
            "properties": {
                "is_installed": true,
                "is_renting": true,
                "is_returning": true,
                "is_virtual_station": false,
                "last_reported": 1712860399,
                "name": "Karolinger Platz",
                "num_bikes_available": 0,
                "num_docks_available": 0,
                "region_id": "50",
                "rental_uris": {
                    "android": "https://app.nextbike.net/station?id=28777273",
                    "ios": "https://app.nextbike.net/station?id=28777273",
                    "web": "https://nxtb.it/p/28777273"
                },
                "short_name": "5036",
                "station_id": "28777273"
            },
            "type": "Feature"
        },
        {
            "geometry": {
                "coordinates": [
                    6.807908,
                    51.208497
                ],
                "type": "Point"
            },
            "properties": {
                "is_installed": true,
                "is_renting": true,
                "is_returning": true,
                "is_virtual_station": false,
                "last_reported": 1712860399,
                "name": "Oberbilk S-Bahn",
                "num_bikes_available": 3,
                "num_docks_available": 0,
                "region_id": "50",
                "rental_uris": {
                    "android": "https://app.nextbike.net/station?id=28777345",
                    "ios": "https://app.nextbike.net/station?id=28777345",
                    "web": "https://nxtb.it/p/28777345"
                },
                "short_name": "5038",
                "station_id": "28777345"
            },
            "type": "Feature"
        },
        {
            "geometry": {
                "coordinates": [
                    6.769246,
                    51.208836
                ],
                "type": "Point"
            },
            "properties": {
                "is_installed": true,
                "is_renting": true,
                "is_returning": true,
                "is_virtual_station": false,
                "last_reported": 1712860399,
                "name": "Bachpl\u00e4tzchen II",
                "num_bikes_available": 0,
                "num_docks_available": 0,
                "region_id": "50",
                "rental_uris": {
                    "android": "https://app.nextbike.net/station?id=310793188",
                    "ios": "https://app.nextbike.net/station?id=310793188",
                    "web": "https://nxtb.it/p/310793188"
                },
                "short_name": "4819",
                "station_id": "310793188"
            },
            "type": "Feature"
        },
        {
            "geometry": {
                "coordinates": [
                    6.788784,
                    51.198914
                ],
                "type": "Point"
            },
            "properties": {
                "is_installed": true,
                "is_renting": true,
                "is_returning": true,
                "is_virtual_station": false,
                "last_reported": 1712860399,
                "name": "Uni-Kliniken VI",
                "num_bikes_available": 0,
                "num_docks_available": 0,
                "region_id": "50",
                "rental_uris": {
                    "android": "https://app.nextbike.net/station?id=320915266",
                    "ios": "https://app.nextbike.net/station?id=320915266",
                    "web": "https://nxtb.it/p/320915266"
                },
                "short_name": "4821",
                "station_id": "320915266"
            },
            "type": "Feature"
        },
        {
            "geometry": {
                "coordinates": [
                    6.739039,
                    51.30009
                ],
                "type": "Point"
            },
            "properties": {
                "is_installed": true,
                "is_renting": true,
                "is_returning": true,
                "is_virtual_station": false,
                "last_reported": 1712860399,
                "name": "Klemensplatz",
                "num_bikes_available": 11,
                "num_docks_available": 0,
                "region_id": "50",
                "rental_uris": {
                    "android": "https://app.nextbike.net/station?id=326142",
                    "ios": "https://app.nextbike.net/station?id=326142",
                    "web": "https://nxtb.it/p/326142"
                },
                "short_name": "5050",
                "station_id": "326142"
            },
            "type": "Feature"
        },
        {
            "geometry": {
                "coordinates": [
                    6.808047,
                    51.22868
                ],
                "type": "Point"
            },
            "properties": {
                "is_installed": true,
                "is_renting": true,
                "is_returning": true,
                "is_virtual_station": false,
                "last_reported": 1712860399,
                "name": "Hermannplatz",
                "num_bikes_available": 2,
                "num_docks_available": 0,
                "region_id": "50",
                "rental_uris": {
                    "android": "https://app.nextbike.net/station?id=326400702",
                    "ios": "https://app.nextbike.net/station?id=326400702",
                    "web": "https://nxtb.it/p/326400702"
                },
                "short_name": "4822",
                "station_id": "326400702"
            },
            "type": "Feature"
        },
        {
            "geometry": {
                "coordinates": [
                    6.739554,
                    51.256262
                ],
                "type": "Point"
            },
            "properties": {
                "is_installed": true,
                "is_renting": true,
                "is_returning": true,
                "is_virtual_station": false,
                "last_reported": 1712860399,
                "name": "Messe S\u00fcd",
                "num_bikes_available": 1,
                "num_docks_available": 0,
                "region_id": "50",
                "rental_uris": {
                    "android": "https://app.nextbike.net/station?id=333392",
                    "ios": "https://app.nextbike.net/station?id=333392",
                    "web": "https://nxtb.it/p/333392"
                },
                "short_name": "5040",
                "station_id": "333392"
            },
            "type": "Feature"
        },
        {
            "geometry": {
                "coordinates": [
                    6.797951,
                    51.186384
                ],
                "type": "Point"
            },
            "properties": {
                "is_installed": true,
                "is_renting": true,
                "is_returning": true,
                "is_virtual_station": false,
                "last_reported": 1712860399,
                "name": "Uni S\u00fcd",
                "num_bikes_available": 0,
                "num_docks_available": 0,
                "region_id": "50",
                "rental_uris": {
                    "android": "https://app.nextbike.net/station?id=3522",
                    "ios": "https://app.nextbike.net/station?id=3522",
                    "web": "https://nxtb.it/p/3522"
                },
                "short_name": "5022",
                "station_id": "3522"
            },
            "type": "Feature"
        },
        {
            "geometry": {
                "coordinates": [
                    6.769917,
                    51.250275
                ],
                "type": "Point"
            },
            "properties": {
                "is_installed": true,
                "is_renting": true,
                "is_returning": true,
                "is_virtual_station": false,
                "last_reported": 1712860399,
                "name": "Robert-Schumann-Hochschule",
                "num_bikes_available": 7,
                "num_docks_available": 0,
                "region_id": "50",
                "rental_uris": {
                    "android": "https://app.nextbike.net/station?id=37124454",
                    "ios": "https://app.nextbike.net/station?id=37124454",
                    "web": "https://nxtb.it/p/37124454"
                },
                "short_name": "5025",
                "station_id": "37124454"
            },
            "type": "Feature"
        },
        {
            "geometry": {
                "coordinates": [
                    6.778564,
                    51.225156
                ],
                "type": "Point"
            },
            "properties": {
                "is_installed": true,
                "is_renting": true,
                "is_returning": true,
                "is_virtual_station": false,
                "last_reported": 1712860399,
                "name": "K\u00d6 III - Ausweichstation",
                "num_bikes_available": 4,
                "num_docks_available": 0,
                "region_id": "50",
                "rental_uris": {
                    "android": "https://app.nextbike.net/station?id=373865806",
                    "ios": "https://app.nextbike.net/station?id=373865806",
                    "web": "https://nxtb.it/p/373865806"
                },
                "short_name": "4829",
                "station_id": "373865806"
            },
            "type": "Feature"
        },
        {
            "geometry": {
                "coordinates": [
                    6.787823,
                    51.291184
                ],
                "type": "Point"
            },
            "properties": {
                "is_installed": true,
                "is_renting": true,
                "is_returning": true,
                "is_virtual_station": false,
                "last_reported": 1712860399,
                "name": "Flughafen S-Bahn",
                "num_bikes_available": 0,
                "num_docks_available": 0,
                "region_id": "50",
                "rental_uris": {
                    "android": "https://app.nextbike.net/station?id=43289064",
                    "ios": "https://app.nextbike.net/station?id=43289064",
                    "web": "https://nxtb.it/p/43289064"
                },
                "short_name": "5030",
                "station_id": "43289064"
            },
            "type": "Feature"
        },
        {
            "geometry": {
                "coordinates": [
                    6.822939,
                    51.236799
                ],
                "type": "Point"
            },
            "properties": {
                "is_installed": true,
                "is_renting": true,
                "is_returning": true,
                "is_virtual_station": false,
                "last_reported": 1712860399,
                "name": "Metro AG",
                "num_bikes_available": 0,
                "num_docks_available": 0,
                "region_id": "50",
                "rental_uris": {
                    "android": "https://app.nextbike.net/station?id=4775611",
                    "ios": "https://app.nextbike.net/station?id=4775611",
                    "web": "https://nxtb.it/p/4775611"
                },
                "short_name": "5067",
                "station_id": "4775611"
            },
            "type": "Feature"
        },
        {
            "geometry": {
                "coordinates": [
                    6.820552,
                    51.212523
                ],
                "type": "Point"
            },
            "properties": {
                "is_installed": true,
                "is_renting": true,
                "is_returning": true,
                "is_virtual_station": false,
                "last_reported": 1712860399,
                "name": "Rheinbahn HQ",
                "num_bikes_available": 1,
                "num_docks_available": 0,
                "region_id": "50",
                "rental_uris": {
                    "android": "https://app.nextbike.net/station?id=60150088",
                    "ios": "https://app.nextbike.net/station?id=60150088",
                    "web": "https://nxtb.it/p/60150088"
                },
                "short_name": "5027",
                "station_id": "60150088"
            },
            "type": "Feature"
        },
        {
            "geometry": {
                "coordinates": [
                    6.795511,
                    51.187965
                ],
                "type": "Point"
            },
            "properties": {
                "is_installed": true,
                "is_renting": true,
                "is_returning": true,
                "is_virtual_station": false,
                "last_reported": 1712860399,
                "name": "Uni - SP Saal",
                "num_bikes_available": 0,
                "num_docks_available": 0,
                "region_id": "50",
                "rental_uris": {
                    "android": "https://app.nextbike.net/station?id=66032087",
                    "ios": "https://app.nextbike.net/station?id=66032087",
                    "web": "https://nxtb.it/p/66032087"
                },
                "short_name": "5024",
                "station_id": "66032087"
            },
            "type": "Feature"
        },
        {
            "geometry": {
                "coordinates": [
                    6.792304,
                    51.193758
                ],
                "type": "Point"
            },
            "properties": {
                "is_installed": true,
                "is_renting": true,
                "is_returning": true,
                "is_virtual_station": false,
                "last_reported": 1712860399,
                "name": "Uni - Nord",
                "num_bikes_available": 0,
                "num_docks_available": 0,
                "region_id": "50",
                "rental_uris": {
                    "android": "https://app.nextbike.net/station?id=66032396",
                    "ios": "https://app.nextbike.net/station?id=66032396",
                    "web": "https://nxtb.it/p/66032396"
                },
                "short_name": "5026",
                "station_id": "66032396"
            },
            "type": "Feature"
        },
        {
            "geometry": {
                "coordinates": [
                    6.789368,
                    51.2379
                ],
                "type": "Point"
            },
            "properties": {
                "is_installed": true,
                "is_renting": true,
                "is_returning": true,
                "is_virtual_station": false,
                "last_reported": 1712860399,
                "name": "Carl-Mosterts-Platz",
                "num_bikes_available": 0,
                "num_docks_available": 0,
                "region_id": "50",
                "rental_uris": {
                    "android": "https://app.nextbike.net/station?id=66645",
                    "ios": "https://app.nextbike.net/station?id=66645",
                    "web": "https://nxtb.it/p/66645"
                },
                "short_name": "5018",
                "station_id": "66645"
            },
            "type": "Feature"
        },
        {
            "geometry": {
                "coordinates": [
                    6.782041,
                    51.252515
                ],
                "type": "Point"
            },
            "properties": {
                "is_installed": true,
                "is_renting": true,
                "is_returning": true,
                "is_virtual_station": false,
                "last_reported": 1712860399,
                "name": "Derendorfer Allee 10",
                "num_bikes_available": 13,
                "num_docks_available": 0,
                "region_id": "50",
                "rental_uris": {
                    "android": "https://app.nextbike.net/station?id=66647",
                    "ios": "https://app.nextbike.net/station?id=66647",
                    "web": "https://nxtb.it/p/66647"
                },
                "short_name": "5061",
                "station_id": "66647"
            },
            "type": "Feature"
        },
        {
            "geometry": {
                "coordinates": [
                    6.776987,
                    51.248546
                ],
                "type": "Point"
            },
            "properties": {
                "is_installed": true,
                "is_renting": true,
                "is_returning": true,
                "is_virtual_station": false,
                "last_reported": 1712860399,
                "name": "Frankenplatz / Frankenstra\u00dfe",
                "num_bikes_available": 2,
                "num_docks_available": 0,
                "region_id": "50",
                "rental_uris": {
                    "android": "https://app.nextbike.net/station?id=66650",
                    "ios": "https://app.nextbike.net/station?id=66650",
                    "web": "https://nxtb.it/p/66650"
                },
                "short_name": "5076",
                "station_id": "66650"
            },
            "type": "Feature"
        },
        {
            "geometry": {
                "coordinates": [
                    6.776719,
                    51.219854
                ],
                "type": "Point"
            },
            "properties": {
                "is_installed": true,
                "is_renting": true,
                "is_returning": true,
                "is_virtual_station": false,
                "last_reported": 1712860399,
                "name": "K\u00d6 IX",
                "num_bikes_available": 0,
                "num_docks_available": 0,
                "region_id": "50",
                "rental_uris": {
                    "android": "https://app.nextbike.net/station?id=66658",
                    "ios": "https://app.nextbike.net/station?id=66658",
                    "web": "https://nxtb.it/p/66658"
                },
                "short_name": "5037",
                "station_id": "66658"
            },
            "type": "Feature"
        },
        {
            "geometry": {
                "coordinates": [
                    6.813165,
                    51.222489
                ],
                "type": "Point"
            },
            "properties": {
                "is_installed": true,
                "is_renting": true,
                "is_returning": true,
                "is_virtual_station": false,
                "last_reported": 1712860399,
                "name": "Stadtwerke D\u00fcsseldorf",
                "num_bikes_available": 0,
                "num_docks_available": 0,
                "region_id": "50",
                "rental_uris": {
                    "android": "https://app.nextbike.net/station?id=66665",
                    "ios": "https://app.nextbike.net/station?id=66665",
                    "web": "https://nxtb.it/p/66665"
                },
                "short_name": "5046",
                "station_id": "66665"
            },
            "type": "Feature"
        },
        {
            "geometry": {
                "coordinates": [
                    6.781982,
                    51.240644
                ],
                "type": "Point"
            },
            "properties": {
                "is_installed": true,
                "is_renting": true,
                "is_returning": true,
                "is_virtual_station": false,
                "last_reported": 1712860399,
                "name": "Nordstra\u00dfe/Collenbachstra\u00dfe",
                "num_bikes_available": 1,
                "num_docks_available": 0,
                "region_id": "50",
                "rental_uris": {
                    "android": "https://app.nextbike.net/station?id=66677",
                    "ios": "https://app.nextbike.net/station?id=66677",
                    "web": "https://nxtb.it/p/66677"
                },
                "short_name": "5029",
                "station_id": "66677"
            },
            "type": "Feature"
        },
        {
            "geometry": {
                "coordinates": [
                    6.762026,
                    51.215443
                ],
                "type": "Point"
            },
            "properties": {
                "is_installed": true,
                "is_renting": true,
                "is_returning": true,
                "is_virtual_station": false,
                "last_reported": 1712860399,
                "name": "Stadttor",
                "num_bikes_available": 1,
                "num_docks_available": 0,
                "region_id": "50",
                "rental_uris": {
                    "android": "https://app.nextbike.net/station?id=77433454",
                    "ios": "https://app.nextbike.net/station?id=77433454",
                    "web": "https://nxtb.it/p/77433454"
                },
                "short_name": "5041",
                "station_id": "77433454"
            },
            "type": "Feature"
        }
    ],
    "type": "FeatureCollection"
}