{
    "features": [
        {
            "geometry": {
                "coordinates": [
                    14.918487,
                    50.401856
                ],
                "type": "Point"
            },
            "properties": {
                "is_installed": true,
                "is_renting": true,
                "is_returning": true,
                "is_virtual_station": false,
                "last_reported": 1789277842,
                "name": "Podchlum\u00ed",
                "num_bikes_available": 0,
                "num_docks_available": 0,
                "region_id": "681",
                "rental_uris": {
                    "android": "https://app.nextbike.net/station?id=105738084",
                    "ios": "https://app.nextbike.net/station?id=105738084",
                    "web": "https://nxtb.it/p/105738084"
                },
                "short_name": "49480",
                "station_id": "105738084",
                "vehicle_types_available": []
            },
            "type": "Feature"
        },
        {
            "geometry": {
                "coordinates": [
                    14.923747,
                    50.406194
                ],
                "type": "Point"
            },
            "properties": {
                "capacity": 6,
                "is_installed": true,
                "is_renting": true,
                "is_returning": true,
                "is_virtual_station": false,
                "last_reported": 1789277842,
                "name": "Vond\u0159ichova",
                "num_bikes_available": 3,
                "num_docks_available": 3,
                "region_id": "681",
                "rental_uris": {
                    "android": "https://app.nextbike.net/station?id=122682786",
                    "ios": "https://app.nextbike.net/station?id=122682786",
                    "web": "https://nxtb.it/p/122682786"
                },
                "short_name": "46233",
                "station_id": "122682786",
                "vehicle_types_available": [
                    {
                        "count": 2,
                        "vehicle_type_id": "333"
                    },
                    {
                        "count": 1,
                        "vehicle_type_id": "427"
                    }
                ]
            },
            "type": "Feature"
        },
        {
            "geometry": {
                "coordinates": [
                    14.907531,
                    50.40672
                ],
                "type": "Point"
            },
            "properties": {
                "capacity": 4,
                "is_installed": true,
                "is_renting": true,
                "is_returning": true,
                "is_virtual_station": false,
                "last_reported": 1789277842,
                "name": "Mileny H\u00e1\u017eov\u00e9 MHD",
                "num_bikes_available": 0,
                "num_docks_available": 4,
                "region_id": "681",
                "rental_uris": {
                    "android": "https://app.nextbike.net/station?id=128553246",
                    "ios": "https://app.nextbike.net/station?id=128553246",
                    "web": "https://nxtb.it/p/128553246"
                },
                "short_name": "49531",
                "station_id": "128553246",
                "vehicle_types_available": []
            },
            "type": "Feature"
        },
        {
            "geometry": {
                "coordinates": [
                    14.921743,
                    50.437378
                ],
                "type": "Point"
            },
            "properties": {
                "capacity": 10,
                "is_installed": true,
                "is_renting": true,
                "is_returning": true,
                "is_virtual_station": false,
                "last_reported": 1789277842,
                "name": "Kosmonosy - multifunk\u010dn\u00ed t\u011blocvi\u010dna",
                "num_bikes_available": 0,
                "num_docks_available": 10,
                "region_id": "681",
                "rental_uris": {
                    "android": "https://app.nextbike.net/station?id=139512003",
                    "ios": "https://app.nextbike.net/station?id=139512003",
                    "web": "https://nxtb.it/p/139512003"
                },
                "short_name": "49536",
                "station_id": "139512003",
                "vehicle_types_available": []
            },
            "type": "Feature"
        },
        {
            "geometry": {
                "coordinates": [
                    14.911446,
                    50.435942
                ],
                "type": "Point"
            },
            "properties": {
                "capacity": 10,
                "is_installed": true,
                "is_renting": true,
                "is_returning": true,
                "is_virtual_station": false,
                "last_reported": 1789277842,
                "name": "Kosmonosy - Action",
                "num_bikes_available": 2,
                "num_docks_available": 8,
                "region_id": "681",
                "rental_uris": {
                    "android": "https://app.nextbike.net/station?id=146955760",
                    "ios": "https://app.nextbike.net/station?id=146955760",
                    "web": "https://nxtb.it/p/146955760"
                },
                "short_name": "495381",
                "station_id": "146955760",
                "vehicle_types_available": [
                    {
                        "count": 1,
                        "vehicle_type_id": "184"
                    },
                    {
                        "count": 1,
                        "vehicle_type_id": "254"
                    }
                ]
            },
            "type": "Feature"
        },
        {
            "geometry": {
                "coordinates": [
                    14.907879,
                    50.427317
                ],
                "type": "Point"
            },
            "properties": {
                "capacity": 4,
                "is_installed": true,
                "is_renting": true,
                "is_returning": true,
                "is_virtual_station": false,
                "last_reported": 1789277842,
                "name": "Fitness Fitplace",
                "num_bikes_available": 2,
                "num_docks_available": 1,
                "region_id": "681",
                "rental_uris": {
                    "android": "https://app.nextbike.net/station?id=232938063",
                    "ios": "https://app.nextbike.net/station?id=232938063",
                    "web": "https://nxtb.it/p/232938063"
                },
                "short_name": "495383",
                "station_id": "232938063",
                "vehicle_types_available": [
                    {
                        "count": 1,
                        "vehicle_type_id": "333"
                    },
                    {
                        "count": 1,
                        "vehicle_type_id": "427"
                    }
                ]
            },
            "type": "Feature"
        },
        {
            "geometry": {
                "coordinates": [
                    14.907096,
                    50.424778
                ],
                "type": "Point"
            },
            "properties": {
                "capacity": 4,
                "is_installed": true,
                "is_renting": true,
                "is_returning": true,
                "is_virtual_station": false,
                "last_reported": 1789277842,
                "name": "Erbenova park",
                "num_bikes_available": 1,
                "num_docks_available": 3,
                "region_id": "681",
                "rental_uris": {
                    "android": "https://app.nextbike.net/station?id=232984315",
                    "ios": "https://app.nextbike.net/station?id=232984315",
                    "web": "https://nxtb.it/p/232984315"
                },
                "short_name": "495384",
                "station_id": "232984315",
                "vehicle_types_available": [
                    {
                        "count": 1,
                        "vehicle_type_id": "333"
                    }
                ]
            },
            "type": "Feature"
        },
        {
            "geometry": {
                "coordinates": [
                    14.925813,
                    50.412023
                ],
                "type": "Point"
            },
            "properties": {
                "capacity": 4,
                "is_installed": true,
                "is_renting": true,
                "is_returning": true,
                "is_virtual_station": false,
                "last_reported": 1789277842,
                "name": "Jilemnick\u00e9ho",
                "num_bikes_available": 3,
                "num_docks_available": 1,
                "region_id": "681",
                "rental_uris": {
                    "android": "https://app.nextbike.net/station?id=235045531",
                    "ios": "https://app.nextbike.net/station?id=235045531",
                    "web": "https://nxtb.it/p/235045531"
                },
                "short_name": "495385",
                "station_id": "235045531",
                "vehicle_types_available": [
                    {
                        "count": 3,
                        "vehicle_type_id": "254"
                    }
                ]
            },
            "type": "Feature"
        },
        {
            "geometry": {
                "coordinates": [
                    14.929342,
                    50.412776
                ],
                "type": "Point"
            },
            "properties": {
                "capacity": 4,
                "is_installed": true,
                "is_renting": true,
                "is_returning": true,
                "is_virtual_station": false,
                "last_reported": 1789277842,
                "name": "Dukelsk\u00e1",
                "num_bikes_available": 4,
                "num_docks_available": 0,
                "region_id": "681",
                "rental_uris": {
                    "android": "https://app.nextbike.net/station?id=235045752",
                    "ios": "https://app.nextbike.net/station?id=235045752",
                    "web": "https://nxtb.it/p/235045752"
                },
                "short_name": "495386",
                "station_id": "235045752",
                "vehicle_types_available": [
                    {
                        "count": 1,
                        "vehicle_type_id": "184"
                    },
                    {
                        "count": 1,
                        "vehicle_type_id": "254"
                    },
                    {
                        "count": 1,
                        "vehicle_type_id": "258"
                    },
                    {
                        "count": 1,
                        "vehicle_type_id": "333"
                    }
                ]
            },
            "type": "Feature"
        },
        {
            "geometry": {
                "coordinates": [
                    14.922036,
                    50.411906
                ],
                "type": "Point"
            },
            "properties": {
                "capacity": 4,
                "is_installed": true,
                "is_renting": true,
                "is_returning": true,
                "is_virtual_station": false,
                "last_reported": 1789277842,
                "name": "\u0160tef\u00e1nikova",
                "num_bikes_available": 0,
                "num_docks_available": 4,
                "region_id": "681",
                "rental_uris": {
                    "android": "https://app.nextbike.net/station?id=235045944",
                    "ios": "https://app.nextbike.net/station?id=235045944",
                    "web": "https://nxtb.it/p/235045944"
                },
                "short_name": "495387",
                "station_id": "235045944",
                "vehicle_types_available": []
            },
            "type": "Feature"
        },
        {
            "geometry": {
                "coordinates": [
                    14.907236,
                    50.422714
                ],
                "type": "Point"
            },
            "properties": {
                "capacity": 4,
                "is_installed": true,
                "is_renting": true,
                "is_returning": true,
                "is_virtual_station": false,
                "last_reported": 1789277842,
                "name": "\u010cechova II",
                "num_bikes_available": 0,
                "num_docks_available": 4,
                "region_id": "681",
                "rental_uris": {
                    "android": "https://app.nextbike.net/station?id=235051142",
                    "ios": "https://app.nextbike.net/station?id=235051142",
                    "web": "https://nxtb.it/p/235051142"
                },
                "short_name": "495388",
                "station_id": "235051142",
                "vehicle_types_available": []
            },
            "type": "Feature"
        },
        {
            "geometry": {
                "coordinates": [
                    14.911264,
                    50.433095
                ],
                "type": "Point"
            },
            "properties": {
                "capacity": 4,
                "is_installed": true,
                "is_renting": true,
                "is_returning": true,
                "is_virtual_station": false,
                "last_reported": 1789277842,
                "name": "17. listopadu",
                "num_bikes_available": 2,
                "num_docks_available": 2,
                "region_id": "681",
                "rental_uris": {
                    "android": "https://app.nextbike.net/station?id=235051364",
                    "ios": "https://app.nextbike.net/station?id=235051364",
                    "web": "https://nxtb.it/p/235051364"
                },
                "short_name": "495389",
                "station_id": "235051364",
                "vehicle_types_available": [
                    {
                        "count": 2,
                        "vehicle_type_id": "333"
                    }
                ]
            },
            "type": "Feature"
        },
        {
            "geometry": {
                "coordinates": [
                    14.909997,
                    50.43069
                ],
                "type": "Point"
            },
            "properties": {
                "capacity": 4,
                "is_installed": true,
                "is_renting": true,
                "is_returning": true,
                "is_virtual_station": false,
                "last_reported": 1789277842,
                "name": "Jana Palacha",
                "num_bikes_available": 1,
                "num_docks_available": 3,
                "region_id": "681",
                "rental_uris": {
                    "android": "https://app.nextbike.net/station?id=238642232",
                    "ios": "https://app.nextbike.net/station?id=238642232",
                    "web": "https://nxtb.it/p/238642232"
                },
                "short_name": "495390",
                "station_id": "238642232",
                "vehicle_types_available": [
                    {
                        "count": 1,
                        "vehicle_type_id": "254"
                    }
                ]
            },
            "type": "Feature"
        },
        {
            "geometry": {
                "coordinates": [
                    14.899272,
                    50.447646
                ],
                "type": "Point"
            },
            "properties": {
                "capacity": 10,
                "is_installed": true,
                "is_renting": true,
                "is_returning": true,
                "is_virtual_station": false,
                "last_reported": 1789277842,
                "name": "Bradlec - zast\u00e1vka bus",
                "num_bikes_available": 0,
                "num_docks_available": 10,
                "region_id": "681",
                "rental_uris": {
                    "android": "https://app.nextbike.net/station?id=27582875",
                    "ios": "https://app.nextbike.net/station?id=27582875",
                    "web": "https://nxtb.it/p/27582875"
                },
                "short_name": "46074",
                "station_id": "27582875",
                "vehicle_types_available": []
            },
            "type": "Feature"
        },
        {
            "geometry": {
                "coordinates": [
                    14.96421,
                    50.5247
                ],
                "type": "Point"
            },
            "properties": {
                "capacity": 10,
                "is_installed": true,
                "is_renting": true,
                "is_returning": true,
                "is_virtual_station": false,
                "last_reported": 1789277842,
                "name": "Na Pl\u00e1\u017ei",
                "num_bikes_available": 1,
                "num_docks_available": 9,
                "region_id": "704",
                "rental_uris": {
                    "android": "https://app.nextbike.net/station?id=27582967",
                    "ios": "https://app.nextbike.net/station?id=27582967",
                    "web": "https://nxtb.it/p/27582967"
                },
                "short_name": "46088",
                "station_id": "27582967",
                "vehicle_types_available": [
                    {
                        "count": 1,
                        "vehicle_type_id": "333"
                    }
                ]
            },
            "type": "Feature"
        },
        {
            "geometry": {
                "coordinates": [
                    14.925938,
                    50.410472
                ],
                "type": "Point"
            },
            "properties": {
                "is_installed": true,
                "is_renting": true,
                "is_returning": true,
                "is_virtual_station": false,
                "last_reported": 1789277842,
                "name": "Domov ml\u00e1de\u017ee",
                "num_bikes_available": 5,
                "num_docks_available": 0,
                "region_id": "681",
                "rental_uris": {
                    "android": "https://app.nextbike.net/station?id=27583600",
                    "ios": "https://app.nextbike.net/station?id=27583600",
                    "web": "https://nxtb.it/p/27583600"
                },
                "short_name": "46158",
                "station_id": "27583600",
                "vehicle_types_available": [
                    {
                        "count": 2,
                        "vehicle_type_id": "333"
                    },
                    {
                        "count": 3,
                        "vehicle_type_id": "254"
                    }
                ]
            },
            "type": "Feature"
        },
        {
            "geometry": {
                "coordinates": [
                    14.899932,
                    50.443904
                ],
                "type": "Point"
            },
            "properties": {
                "capacity": 10,
                "is_installed": true,
                "is_renting": true,
                "is_returning": true,
                "is_virtual_station": false,
                "last_reported": 1789277842,
                "name": "Bradlec",
                "num_bikes_available": 4,
                "num_docks_available": 6,
                "region_id": "681",
                "rental_uris": {
                    "android": "https://app.nextbike.net/station?id=27583638",
                    "ios": "https://app.nextbike.net/station?id=27583638",
                    "web": "https://nxtb.it/p/27583638"
                },
                "short_name": "46162",
                "station_id": "27583638",
                "vehicle_types_available": [
                    {
                        "count": 2,
                        "vehicle_type_id": "254"
                    },
                    {
                        "count": 2,
                        "vehicle_type_id": "333"
                    }
                ]
            },
            "type": "Feature"
        },
        {
            "geometry": {
                "coordinates": [
                    14.898383,
                    50.385776
                ],
                "type": "Point"
            },
            "properties": {
                "capacity": 10,
                "is_installed": true,
                "is_renting": true,
                "is_returning": true,
                "is_virtual_station": false,
                "last_reported": 1789277842,
                "name": "Bezde\u010d\u00edn",
                "num_bikes_available": 2,
                "num_docks_available": 8,
                "region_id": "681",
                "rental_uris": {
                    "android": "https://app.nextbike.net/station?id=27604157",
                    "ios": "https://app.nextbike.net/station?id=27604157",
                    "web": "https://nxtb.it/p/27604157"
                },
                "short_name": "46193",
                "station_id": "27604157",
                "vehicle_types_available": [
                    {
                        "count": 2,
                        "vehicle_type_id": "427"
                    }
                ]
            },
            "type": "Feature"
        },
        {
            "geometry": {
                "coordinates": [
                    14.898662,
                    50.421471
                ],
                "type": "Point"
            },
            "properties": {
                "capacity": 10,
                "is_installed": true,
                "is_renting": true,
                "is_returning": true,
                "is_virtual_station": false,
                "last_reported": 1789277842,
                "name": "Lod\u011bnice (+15 minut na odjezd)",
                "num_bikes_available": 15,
                "num_docks_available": 0,
                "region_id": "681",
                "rental_uris": {
                    "android": "https://app.nextbike.net/station?id=27604673",
                    "ios": "https://app.nextbike.net/station?id=27604673",
                    "web": "https://nxtb.it/p/27604673"
                },
                "short_name": "46266",
                "station_id": "27604673",
                "vehicle_types_available": [
                    {
                        "count": 2,
                        "vehicle_type_id": "184"
                    },
                    {
                        "count": 6,
                        "vehicle_type_id": "254"
                    },
                    {
                        "count": 1,
                        "vehicle_type_id": "208"
                    },
                    {
                        "count": 5,
                        "vehicle_type_id": "333"
                    },
                    {
                        "count": 1,
                        "vehicle_type_id": "427"
                    }
                ]
            },
            "type": "Feature"
        },
        {
            "geometry": {
                "coordinates": [
                    14.886645,
                    50.399527
                ],
                "type": "Point"
            },
            "properties": {
                "capacity": 10,
                "is_installed": true,
                "is_renting": true,
                "is_returning": true,
                "is_virtual_station": false,
                "last_reported": 1789277842,
                "name": "Sahara",
                "num_bikes_available": 5,
                "num_docks_available": 5,
                "region_id": "681",
                "rental_uris": {
                    "android": "https://app.nextbike.net/station?id=27605176",
                    "ios": "https://app.nextbike.net/station?id=27605176",
                    "web": "https://nxtb.it/p/27605176"
                },
                "short_name": "46331",
                "station_id": "27605176",
                "vehicle_types_available": [
                    {
                        "count": 4,
                        "vehicle_type_id": "254"
                    },
                    {
                        "count": 1,
                        "vehicle_type_id": "427"
                    }
                ]
            },
            "type": "Feature"
        },
        {
            "geometry": {
                "coordinates": [
                    14.981254,
                    50.524459
                ],
                "type": "Point"
            },
            "properties": {
                "capacity": 10,
                "is_installed": true,
                "is_renting": true,
                "is_returning": true,
                "is_virtual_station": false,
                "last_reported": 1789277842,
                "name": "U LDN",
                "num_bikes_available": 2,
                "num_docks_available": 8,
                "region_id": "704",
                "rental_uris": {
                    "android": "https://app.nextbike.net/station?id=27605181",
                    "ios": "https://app.nextbike.net/station?id=27605181",
                    "web": "https://nxtb.it/p/27605181"
                },
                "short_name": "46332",
                "station_id": "27605181",
                "vehicle_types_available": [
                    {
                        "count": 2,
                        "vehicle_type_id": "333"
                    }
                ]
            },
            "type": "Feature"
        },
        {
            "geometry": {
                "coordinates": [
                    14.908965,
                    50.418559
                ],
                "type": "Point"
            },
            "properties": {
                "capacity": 10,
                "is_installed": true,
                "is_renting": true,
                "is_returning": true,
                "is_virtual_station": false,
                "last_reported": 1789277842,
                "name": "Klaudianova nemocnice - parkovac\u00ed d\u016fm",
                "num_bikes_available": 0,
                "num_docks_available": 9,
                "region_id": "681",
                "rental_uris": {
                    "android": "https://app.nextbike.net/station?id=27605673",
                    "ios": "https://app.nextbike.net/station?id=27605673",
                    "web": "https://nxtb.it/p/27605673"
                },
                "short_name": "46388",
                "station_id": "27605673",
                "vehicle_types_available": []
            },
            "type": "Feature"
        },
        {
            "geometry": {
                "coordinates": [
                    14.90366,
                    50.41236
                ],
                "type": "Point"
            },
            "properties": {
                "is_installed": true,
                "is_renting": true,
                "is_returning": true,
                "is_virtual_station": false,
                "last_reported": 1789277842,
                "name": "Magistr\u00e1t m\u011bsta - Komensk\u00e9ho n\u00e1m\u011bst\u00ed",
                "num_bikes_available": 0,
                "num_docks_available": 0,
                "region_id": "681",
                "rental_uris": {
                    "android": "https://app.nextbike.net/station?id=30074389",
                    "ios": "https://app.nextbike.net/station?id=30074389",
                    "web": "https://nxtb.it/p/30074389"
                },
                "short_name": "48996",
                "station_id": "30074389",
                "vehicle_types_available": []
            },
            "type": "Feature"
        },
        {
            "geometry": {
                "coordinates": [
                    14.90497,
                    50.41614
                ],
                "type": "Point"
            },
            "properties": {
                "is_installed": true,
                "is_renting": true,
                "is_returning": true,
                "is_virtual_station": false,
                "last_reported": 1789277842,
                "name": "St\u0159edn\u00ed pr\u016fmyslov\u00e1 \u0161kola",
                "num_bikes_available": 0,
                "num_docks_available": 0,
                "region_id": "681",
                "rental_uris": {
                    "android": "https://app.nextbike.net/station?id=30089628",
                    "ios": "https://app.nextbike.net/station?id=30089628",
                    "web": "https://nxtb.it/p/30089628"
                },
                "short_name": "47720",
                "station_id": "30089628",
                "vehicle_types_available": []
            },
            "type": "Feature"
        },
        {
            "geometry": {
                "coordinates": [
                    14.91273,
                    50.42969
                ],
                "type": "Point"
            },
            "properties": {
                "is_installed": true,
                "is_renting": true,
                "is_returning": true,
                "is_virtual_station": false,
                "last_reported": 1789277842,
                "name": "Jana Palacha - trafika",
                "num_bikes_available": 0,
                "num_docks_available": 0,
                "region_id": "681",
                "rental_uris": {
                    "android": "https://app.nextbike.net/station?id=30089675",
                    "ios": "https://app.nextbike.net/station?id=30089675",
                    "web": "https://nxtb.it/p/30089675"
                },
                "short_name": "47721",
                "station_id": "30089675",
                "vehicle_types_available": []
            },
            "type": "Feature"
        },
        {
            "geometry": {
                "coordinates": [
                    14.917323,
                    50.410692
                ],
                "type": "Point"
            },
            "properties": {
                "is_installed": true,
                "is_renting": true,
                "is_returning": true,
                "is_virtual_station": false,
                "last_reported": 1789277842,
                "name": "N\u00e1m\u011bst\u00ed republiky - Okresn\u00ed soud",
                "num_bikes_available": 8,
                "num_docks_available": 0,
                "region_id": "681",
                "rental_uris": {
                    "android": "https://app.nextbike.net/station?id=30089769",
                    "ios": "https://app.nextbike.net/station?id=30089769",
                    "web": "https://nxtb.it/p/30089769"
                },
                "short_name": "47704",
                "station_id": "30089769",
                "vehicle_types_available": [
                    {
                        "count": 1,
                        "vehicle_type_id": "184"
                    },
                    {
                        "count": 5,
                        "vehicle_type_id": "254"
                    },
                    {
                        "count": 2,
                        "vehicle_type_id": "333"
                    }
                ]
            },
            "type": "Feature"
        },
        {
            "geometry": {
                "coordinates": [
                    14.907278,
                    50.412688
                ],
                "type": "Point"
            },
            "properties": {
                "is_installed": true,
                "is_renting": true,
                "is_returning": true,
                "is_virtual_station": false,
                "last_reported": 1789277842,
                "name": "N\u00e1m\u011bst\u00ed M\u00edru (+15 minut na p\u0159\u00edjezd)",
                "num_bikes_available": 0,
                "num_docks_available": 0,
                "region_id": "681",
                "rental_uris": {
                    "android": "https://app.nextbike.net/station?id=30089792",
                    "ios": "https://app.nextbike.net/station?id=30089792",
                    "web": "https://nxtb.it/p/30089792"
                },
                "short_name": "47722",
                "station_id": "30089792",
                "vehicle_types_available": []
            },
            "type": "Feature"
        },
        {
            "geometry": {
                "coordinates": [
                    14.91326,
                    50.41151
                ],
                "type": "Point"
            },
            "properties": {
                "is_installed": true,
                "is_renting": true,
                "is_returning": true,
                "is_virtual_station": false,
                "last_reported": 1789277842,
                "name": "T\u0159\u00edda Tom\u00e1\u0161e Garrigua Masaryka",
                "num_bikes_available": 2,
                "num_docks_available": 0,
                "region_id": "681",
                "rental_uris": {
                    "android": "https://app.nextbike.net/station?id=30089826",
                    "ios": "https://app.nextbike.net/station?id=30089826",
                    "web": "https://nxtb.it/p/30089826"
                },
                "short_name": "47705",
                "station_id": "30089826",
                "vehicle_types_available": [
                    {
                        "count": 1,
                        "vehicle_type_id": "254"
                    },
                    {
                        "count": 1,
                        "vehicle_type_id": "333"
                    }
                ]
            },
            "type": "Feature"
        },
        {
            "geometry": {
                "coordinates": [
                    14.90527,
                    50.42595
                ],
                "type": "Point"
            },
            "properties": {
                "is_installed": true,
                "is_renting": true,
                "is_returning": true,
                "is_virtual_station": false,
                "last_reported": 1789277842,
                "name": "V\u00e1clavkova - 8. Z\u0160",
                "num_bikes_available": 0,
                "num_docks_available": 0,
                "region_id": "681",
                "rental_uris": {
                    "android": "https://app.nextbike.net/station?id=30089840",
                    "ios": "https://app.nextbike.net/station?id=30089840",
                    "web": "https://nxtb.it/p/30089840"
                },
                "short_name": "47723",
                "station_id": "30089840",
                "vehicle_types_available": []
            },
            "type": "Feature"
        },
        {
            "geometry": {
                "coordinates": [
                    14.913,
                    50.43062
                ],
                "type": "Point"
            },
            "properties": {
                "is_installed": true,
                "is_renting": true,
                "is_returning": true,
                "is_virtual_station": false,
                "last_reported": 1789277842,
                "name": "Magistr\u00e1t - odbor dopravy",
                "num_bikes_available": 2,
                "num_docks_available": 0,
                "region_id": "681",
                "rental_uris": {
                    "android": "https://app.nextbike.net/station?id=30089859",
                    "ios": "https://app.nextbike.net/station?id=30089859",
                    "web": "https://nxtb.it/p/30089859"
                },
                "short_name": "47724",
                "station_id": "30089859",
                "vehicle_types_available": [
                    {
                        "count": 1,
                        "vehicle_type_id": "254"
                    },
                    {
                        "count": 1,
                        "vehicle_type_id": "427"
                    }
                ]
            },
            "type": "Feature"
        },
        {
            "geometry": {
                "coordinates": [
                    14.911156,
                    50.415577
                ],
                "type": "Point"
            },
            "properties": {
                "is_installed": true,
                "is_renting": true,
                "is_returning": true,
                "is_virtual_station": false,
                "last_reported": 1789277842,
                "name": "\u0160koda - mezin\u00e1rodn\u00ed prodej",
                "num_bikes_available": 1,
                "num_docks_available": 0,
                "region_id": "681",
                "rental_uris": {
                    "android": "https://app.nextbike.net/station?id=30089874",
                    "ios": "https://app.nextbike.net/station?id=30089874",
                    "web": "https://nxtb.it/p/30089874"
                },
                "short_name": "47706",
                "station_id": "30089874",
                "vehicle_types_available": [
                    {
                        "count": 1,
                        "vehicle_type_id": "427"
                    }
                ]
            },
            "type": "Feature"
        },
        {
            "geometry": {
                "coordinates": [
                    14.90815,
                    50.41077
                ],
                "type": "Point"
            },
            "properties": {
                "is_installed": true,
                "is_renting": true,
                "is_returning": true,
                "is_virtual_station": false,
                "last_reported": 1789277842,
                "name": "Zimn\u00ed stadion - \u0160KO-ENERGO arena (+15 minut na odjezd)",
                "num_bikes_available": 6,
                "num_docks_available": 0,
                "region_id": "681",
                "rental_uris": {
                    "android": "https://app.nextbike.net/station?id=30089919",
                    "ios": "https://app.nextbike.net/station?id=30089919",
                    "web": "https://nxtb.it/p/30089919"
                },
                "short_name": "47725",
                "station_id": "30089919",
                "vehicle_types_available": [
                    {
                        "count": 1,
                        "vehicle_type_id": "208"
                    },
                    {
                        "count": 4,
                        "vehicle_type_id": "254"
                    },
                    {
                        "count": 1,
                        "vehicle_type_id": "333"
                    }
                ]
            },
            "type": "Feature"
        },
        {
            "geometry": {
                "coordinates": [
                    14.921938,
                    50.430772
                ],
                "type": "Point"
            },
            "properties": {
                "is_installed": true,
                "is_renting": true,
                "is_returning": true,
                "is_virtual_station": false,
                "last_reported": 1789277842,
                "name": "V. Klementa - Forum",
                "num_bikes_available": 4,
                "num_docks_available": 0,
                "region_id": "681",
                "rental_uris": {
                    "android": "https://app.nextbike.net/station?id=30089947",
                    "ios": "https://app.nextbike.net/station?id=30089947",
                    "web": "https://nxtb.it/p/30089947"
                },
                "short_name": "47707",
                "station_id": "30089947",
                "vehicle_types_available": [
                    {
                        "count": 2,
                        "vehicle_type_id": "254"
                    },
                    {
                        "count": 2,
                        "vehicle_type_id": "333"
                    }
                ]
            },
            "type": "Feature"
        },
        {
            "geometry": {
                "coordinates": [
                    14.90553,
                    50.42493
                ],
                "type": "Point"
            },
            "properties": {
                "is_installed": true,
                "is_renting": true,
                "is_returning": true,
                "is_virtual_station": false,
                "last_reported": 1789277842,
                "name": "V\u00e1clavkova - 7. Z\u0160",
                "num_bikes_available": 0,
                "num_docks_available": 0,
                "region_id": "681",
                "rental_uris": {
                    "android": "https://app.nextbike.net/station?id=30089951",
                    "ios": "https://app.nextbike.net/station?id=30089951",
                    "web": "https://nxtb.it/p/30089951"
                },
                "short_name": "47726",
                "station_id": "30089951",
                "vehicle_types_available": []
            },
            "type": "Feature"
        },
        {
            "geometry": {
                "coordinates": [
                    14.902117,
                    50.410418
                ],
                "type": "Point"
            },
            "properties": {
                "is_installed": true,
                "is_renting": true,
                "is_returning": true,
                "is_virtual_station": false,
                "last_reported": 1789277842,
                "name": "Starom\u011bstsk\u00e9 n\u00e1m\u011bst\u00ed",
                "num_bikes_available": 0,
                "num_docks_available": 0,
                "region_id": "681",
                "rental_uris": {
                    "android": "https://app.nextbike.net/station?id=30089978",
                    "ios": "https://app.nextbike.net/station?id=30089978",
                    "web": "https://nxtb.it/p/30089978"
                },
                "short_name": "47727",
                "station_id": "30089978",
                "vehicle_types_available": []
            },
            "type": "Feature"
        },
        {
            "geometry": {
                "coordinates": [
                    14.90187,
                    50.42846
                ],
                "type": "Point"
            },
            "properties": {
                "is_installed": true,
                "is_renting": true,
                "is_returning": true,
                "is_virtual_station": false,
                "last_reported": 1789277842,
                "name": "Svojs\u00edkova - kruhov\u00fd objezd (+15 minut na p\u0159\u00edjezd)",
                "num_bikes_available": 2,
                "num_docks_available": 0,
                "region_id": "681",
                "rental_uris": {
                    "android": "https://app.nextbike.net/station?id=30090011",
                    "ios": "https://app.nextbike.net/station?id=30090011",
                    "web": "https://nxtb.it/p/30090011"
                },
                "short_name": "47728",
                "station_id": "30090011",
                "vehicle_types_available": [
                    {
                        "count": 1,
                        "vehicle_type_id": "254"
                    },
                    {
                        "count": 1,
                        "vehicle_type_id": "333"
                    }
                ]
            },
            "type": "Feature"
        },
        {
            "geometry": {
                "coordinates": [
                    14.91966,
                    50.41114
                ],
                "type": "Point"
            },
            "properties": {
                "is_installed": true,
                "is_renting": true,
                "is_returning": true,
                "is_virtual_station": false,
                "last_reported": 1789277842,
                "name": "Ji\u010d\u00ednsk\u00e1 - Rozvoj",
                "num_bikes_available": 0,
                "num_docks_available": 0,
                "region_id": "681",
                "rental_uris": {
                    "android": "https://app.nextbike.net/station?id=30090023",
                    "ios": "https://app.nextbike.net/station?id=30090023",
                    "web": "https://nxtb.it/p/30090023"
                },
                "short_name": "47708",
                "station_id": "30090023",
                "vehicle_types_available": []
            },
            "type": "Feature"
        },
        {
            "geometry": {
                "coordinates": [
                    14.90903,
                    50.43387
                ],
                "type": "Point"
            },
            "properties": {
                "is_installed": true,
                "is_renting": true,
                "is_returning": true,
                "is_virtual_station": false,
                "last_reported": 1789277842,
                "name": "17. listopadu - U Pastelky",
                "num_bikes_available": 3,
                "num_docks_available": 0,
                "region_id": "681",
                "rental_uris": {
                    "android": "https://app.nextbike.net/station?id=30090070",
                    "ios": "https://app.nextbike.net/station?id=30090070",
                    "web": "https://nxtb.it/p/30090070"
                },
                "short_name": "47729",
                "station_id": "30090070",
                "vehicle_types_available": [
                    {
                        "count": 1,
                        "vehicle_type_id": "254"
                    },
                    {
                        "count": 2,
                        "vehicle_type_id": "333"
                    }
                ]
            },
            "type": "Feature"
        },
        {
            "geometry": {
                "coordinates": [
                    14.91527,
                    50.42151
                ],
                "type": "Point"
            },
            "properties": {
                "is_installed": true,
                "is_renting": true,
                "is_returning": true,
                "is_virtual_station": false,
                "last_reported": 1789277842,
                "name": "V. Klementa - D\u0159ev\u00e1k",
                "num_bikes_available": 0,
                "num_docks_available": 0,
                "region_id": "681",
                "rental_uris": {
                    "android": "https://app.nextbike.net/station?id=30090094",
                    "ios": "https://app.nextbike.net/station?id=30090094",
                    "web": "https://nxtb.it/p/30090094"
                },
                "short_name": "47709",
                "station_id": "30090094",
                "vehicle_types_available": []
            },
            "type": "Feature"
        },
        {
            "geometry": {
                "coordinates": [
                    14.911366,
                    50.425178
                ],
                "type": "Point"
            },
            "properties": {
                "is_installed": true,
                "is_renting": true,
                "is_returning": true,
                "is_virtual_station": false,
                "last_reported": 1789277842,
                "name": "Kaufland",
                "num_bikes_available": 0,
                "num_docks_available": 0,
                "region_id": "681",
                "rental_uris": {
                    "android": "https://app.nextbike.net/station?id=30090120",
                    "ios": "https://app.nextbike.net/station?id=30090120",
                    "web": "https://nxtb.it/p/30090120"
                },
                "short_name": "47730",
                "station_id": "30090120",
                "vehicle_types_available": []
            },
            "type": "Feature"
        },
        {
            "geometry": {
                "coordinates": [
                    14.915695,
                    50.434442
                ],
                "type": "Point"
            },
            "properties": {
                "is_installed": true,
                "is_renting": true,
                "is_returning": true,
                "is_virtual_station": false,
                "last_reported": 1789277842,
                "name": "Tesco",
                "num_bikes_available": 7,
                "num_docks_available": 0,
                "region_id": "681",
                "rental_uris": {
                    "android": "https://app.nextbike.net/station?id=30090190",
                    "ios": "https://app.nextbike.net/station?id=30090190",
                    "web": "https://nxtb.it/p/30090190"
                },
                "short_name": "47710",
                "station_id": "30090190",
                "vehicle_types_available": [
                    {
                        "count": 4,
                        "vehicle_type_id": "184"
                    },
                    {
                        "count": 1,
                        "vehicle_type_id": "254"
                    },
                    {
                        "count": 2,
                        "vehicle_type_id": "333"
                    }
                ]
            },
            "type": "Feature"
        },
        {
            "geometry": {
                "coordinates": [
                    14.906449,
                    50.431169
                ],
                "type": "Point"
            },
            "properties": {
                "is_installed": true,
                "is_renting": true,
                "is_returning": true,
                "is_virtual_station": false,
                "last_reported": 1789277842,
                "name": "Na Radou\u010di - COOP",
                "num_bikes_available": 1,
                "num_docks_available": 0,
                "region_id": "681",
                "rental_uris": {
                    "android": "https://app.nextbike.net/station?id=30090218",
                    "ios": "https://app.nextbike.net/station?id=30090218",
                    "web": "https://nxtb.it/p/30090218"
                },
                "short_name": "47731",
                "station_id": "30090218",
                "vehicle_types_available": [
                    {
                        "count": 1,
                        "vehicle_type_id": "427"
                    }
                ]
            },
            "type": "Feature"
        },
        {
            "geometry": {
                "coordinates": [
                    14.903474,
                    50.414599
                ],
                "type": "Point"
            },
            "properties": {
                "is_installed": true,
                "is_renting": true,
                "is_returning": true,
                "is_virtual_station": false,
                "last_reported": 1789277842,
                "name": "Vzd\u011bl\u00e1vac\u00ed Centrum \u0160koda Auto",
                "num_bikes_available": 0,
                "num_docks_available": 0,
                "region_id": "681",
                "rental_uris": {
                    "android": "https://app.nextbike.net/station?id=30090232",
                    "ios": "https://app.nextbike.net/station?id=30090232",
                    "web": "https://nxtb.it/p/30090232"
                },
                "short_name": "47711",
                "station_id": "30090232",
                "vehicle_types_available": []
            },
            "type": "Feature"
        },
        {
            "geometry": {
                "coordinates": [
                    14.90846,
                    50.42896
                ],
                "type": "Point"
            },
            "properties": {
                "is_installed": true,
                "is_renting": true,
                "is_returning": true,
                "is_virtual_station": false,
                "last_reported": 1789277842,
                "name": "Nov\u00fd park",
                "num_bikes_available": 3,
                "num_docks_available": 0,
                "region_id": "681",
                "rental_uris": {
                    "android": "https://app.nextbike.net/station?id=30090254",
                    "ios": "https://app.nextbike.net/station?id=30090254",
                    "web": "https://nxtb.it/p/30090254"
                },
                "short_name": "47732",
                "station_id": "30090254",
                "vehicle_types_available": [
                    {
                        "count": 2,
                        "vehicle_type_id": "184"
                    },
                    {
                        "count": 1,
                        "vehicle_type_id": "333"
                    }
                ]
            },
            "type": "Feature"
        },
        {
            "geometry": {
                "coordinates": [
                    14.904526,
                    50.428506
                ],
                "type": "Point"
            },
            "properties": {
                "is_installed": true,
                "is_renting": true,
                "is_returning": true,
                "is_virtual_station": false,
                "last_reported": 1789277842,
                "name": "Pe\u010dovatelsk\u00fd d\u016fm",
                "num_bikes_available": 0,
                "num_docks_available": 0,
                "region_id": "681",
                "rental_uris": {
                    "android": "https://app.nextbike.net/station?id=30090284",
                    "ios": "https://app.nextbike.net/station?id=30090284",
                    "web": "https://nxtb.it/p/30090284"
                },
                "short_name": "47712",
                "station_id": "30090284",
                "vehicle_types_available": []
            },
            "type": "Feature"
        },
        {
            "geometry": {
                "coordinates": [
                    14.91597,
                    50.43251
                ],
                "type": "Point"
            },
            "properties": {
                "is_installed": true,
                "is_renting": true,
                "is_returning": true,
                "is_virtual_station": false,
                "last_reported": 1789277842,
                "name": "17. listopadu - Penny",
                "num_bikes_available": 1,
                "num_docks_available": 0,
                "region_id": "681",
                "rental_uris": {
                    "android": "https://app.nextbike.net/station?id=30090289",
                    "ios": "https://app.nextbike.net/station?id=30090289",
                    "web": "https://nxtb.it/p/30090289"
                },
                "short_name": "47733",
                "station_id": "30090289",
                "vehicle_types_available": [
                    {
                        "count": 1,
                        "vehicle_type_id": "254"
                    }
                ]
            },
            "type": "Feature"
        },
        {
            "geometry": {
                "coordinates": [
                    14.90664,
                    50.41611
                ],
                "type": "Point"
            },
            "properties": {
                "is_installed": true,
                "is_renting": true,
                "is_returning": true,
                "is_virtual_station": false,
                "last_reported": 1789277842,
                "name": "Gymn\u00e1zium Dr. Josefa Peka\u0159e",
                "num_bikes_available": 0,
                "num_docks_available": 0,
                "region_id": "681",
                "rental_uris": {
                    "android": "https://app.nextbike.net/station?id=30090318",
                    "ios": "https://app.nextbike.net/station?id=30090318",
                    "web": "https://nxtb.it/p/30090318"
                },
                "short_name": "47734",
                "station_id": "30090318",
                "vehicle_types_available": []
            },
            "type": "Feature"
        },
        {
            "geometry": {
                "coordinates": [
                    14.91774,
                    50.41281
                ],
                "type": "Point"
            },
            "properties": {
                "is_installed": true,
                "is_renting": true,
                "is_returning": true,
                "is_virtual_station": false,
                "last_reported": 1789277842,
                "name": "Laurinov\u00e1 - Z\u0160",
                "num_bikes_available": 1,
                "num_docks_available": 0,
                "region_id": "681",
                "rental_uris": {
                    "android": "https://app.nextbike.net/station?id=30090352",
                    "ios": "https://app.nextbike.net/station?id=30090352",
                    "web": "https://nxtb.it/p/30090352"
                },
                "short_name": "47713",
                "station_id": "30090352",
                "vehicle_types_available": [
                    {
                        "count": 1,
                        "vehicle_type_id": "184"
                    }
                ]
            },
            "type": "Feature"
        },
        {
            "geometry": {
                "coordinates": [
                    14.91828,
                    50.43151
                ],
                "type": "Point"
            },
            "properties": {
                "is_installed": true,
                "is_renting": true,
                "is_returning": true,
                "is_virtual_station": false,
                "last_reported": 1789277842,
                "name": "17. listopadu - Bus",
                "num_bikes_available": 2,
                "num_docks_available": 0,
                "region_id": "681",
                "rental_uris": {
                    "android": "https://app.nextbike.net/station?id=30090369",
                    "ios": "https://app.nextbike.net/station?id=30090369",
                    "web": "https://nxtb.it/p/30090369"
                },
                "short_name": "47735",
                "station_id": "30090369",
                "vehicle_types_available": [
                    {
                        "count": 2,
                        "vehicle_type_id": "333"
                    }
                ]
            },
            "type": "Feature"
        },
        {
            "geometry": {
                "coordinates": [
                    14.91902,
                    50.42953
                ],
                "type": "Point"
            },
            "properties": {
                "is_installed": true,
                "is_renting": true,
                "is_returning": true,
                "is_virtual_station": false,
                "last_reported": 1789277842,
                "name": "Zdravotn\u00ed st\u0159edisko - Modr\u00e1 hv\u011bzda",
                "num_bikes_available": 2,
                "num_docks_available": 0,
                "region_id": "681",
                "rental_uris": {
                    "android": "https://app.nextbike.net/station?id=30090421",
                    "ios": "https://app.nextbike.net/station?id=30090421",
                    "web": "https://nxtb.it/p/30090421"
                },
                "short_name": "47714",
                "station_id": "30090421",
                "vehicle_types_available": [
                    {
                        "count": 1,
                        "vehicle_type_id": "254"
                    },
                    {
                        "count": 1,
                        "vehicle_type_id": "333"
                    }
                ]
            },
            "type": "Feature"
        },
        {
            "geometry": {
                "coordinates": [
                    14.91174,
                    50.42313
                ],
                "type": "Point"
            },
            "properties": {
                "is_installed": true,
                "is_renting": true,
                "is_returning": true,
                "is_virtual_station": false,
                "last_reported": 1789277842,
                "name": "Palack\u00e9ho - Erbenova",
                "num_bikes_available": 0,
                "num_docks_available": 0,
                "region_id": "681",
                "rental_uris": {
                    "android": "https://app.nextbike.net/station?id=30090437",
                    "ios": "https://app.nextbike.net/station?id=30090437",
                    "web": "https://nxtb.it/p/30090437"
                },
                "short_name": "47736",
                "station_id": "30090437",
                "vehicle_types_available": []
            },
            "type": "Feature"
        },
        {
            "geometry": {
                "coordinates": [
                    14.91274,
                    50.4184
                ],
                "type": "Point"
            },
            "properties": {
                "is_installed": true,
                "is_renting": true,
                "is_returning": true,
                "is_virtual_station": false,
                "last_reported": 1789277842,
                "name": "Manpower",
                "num_bikes_available": 0,
                "num_docks_available": 0,
                "region_id": "681",
                "rental_uris": {
                    "android": "https://app.nextbike.net/station?id=30090486",
                    "ios": "https://app.nextbike.net/station?id=30090486",
                    "web": "https://nxtb.it/p/30090486"
                },
                "short_name": "47715",
                "station_id": "30090486",
                "vehicle_types_available": []
            },
            "type": "Feature"
        },
        {
            "geometry": {
                "coordinates": [
                    14.91428,
                    50.42024
                ],
                "type": "Point"
            },
            "properties": {
                "is_installed": true,
                "is_renting": true,
                "is_returning": true,
                "is_virtual_station": false,
                "last_reported": 1789277842,
                "name": "V. Klementa - po\u0161ta",
                "num_bikes_available": 0,
                "num_docks_available": 0,
                "region_id": "681",
                "rental_uris": {
                    "android": "https://app.nextbike.net/station?id=30090561",
                    "ios": "https://app.nextbike.net/station?id=30090561",
                    "web": "https://nxtb.it/p/30090561"
                },
                "short_name": "47719",
                "station_id": "30090561",
                "vehicle_types_available": []
            },
            "type": "Feature"
        },
        {
            "geometry": {
                "coordinates": [
                    14.912165,
                    50.434821
                ],
                "type": "Point"
            },
            "properties": {
                "is_installed": true,
                "is_renting": true,
                "is_returning": true,
                "is_virtual_station": false,
                "last_reported": 1789277842,
                "name": "Spinning",
                "num_bikes_available": 1,
                "num_docks_available": 0,
                "region_id": "681",
                "rental_uris": {
                    "android": "https://app.nextbike.net/station?id=30090585",
                    "ios": "https://app.nextbike.net/station?id=30090585",
                    "web": "https://nxtb.it/p/30090585"
                },
                "short_name": "47716",
                "station_id": "30090585",
                "vehicle_types_available": [
                    {
                        "count": 1,
                        "vehicle_type_id": "208"
                    }
                ]
            },
            "type": "Feature"
        },
        {
            "geometry": {
                "coordinates": [
                    14.91082,
                    50.41226
                ],
                "type": "Point"
            },
            "properties": {
                "is_installed": true,
                "is_renting": true,
                "is_returning": true,
                "is_virtual_station": false,
                "last_reported": 1789277842,
                "name": "Obchodn\u00ed akademie - T\u0159\u00edda T.G.M.",
                "num_bikes_available": 1,
                "num_docks_available": 0,
                "region_id": "681",
                "rental_uris": {
                    "android": "https://app.nextbike.net/station?id=30090602",
                    "ios": "https://app.nextbike.net/station?id=30090602",
                    "web": "https://nxtb.it/p/30090602"
                },
                "short_name": "47718",
                "station_id": "30090602",
                "vehicle_types_available": [
                    {
                        "count": 1,
                        "vehicle_type_id": "254"
                    }
                ]
            },
            "type": "Feature"
        },
        {
            "geometry": {
                "coordinates": [
                    14.90411,
                    50.42413
                ],
                "type": "Point"
            },
            "properties": {
                "is_installed": true,
                "is_renting": true,
                "is_returning": true,
                "is_virtual_station": false,
                "last_reported": 1789277842,
                "name": "Sportcentrum Sparing",
                "num_bikes_available": 1,
                "num_docks_available": 0,
                "region_id": "681",
                "rental_uris": {
                    "android": "https://app.nextbike.net/station?id=30090699",
                    "ios": "https://app.nextbike.net/station?id=30090699",
                    "web": "https://nxtb.it/p/30090699"
                },
                "short_name": "47717",
                "station_id": "30090699",
                "vehicle_types_available": [
                    {
                        "count": 1,
                        "vehicle_type_id": "333"
                    }
                ]
            },
            "type": "Feature"
        },
        {
            "geometry": {
                "coordinates": [
                    14.9575,
                    50.402281
                ],
                "type": "Point"
            },
            "properties": {
                "is_installed": true,
                "is_renting": true,
                "is_returning": true,
                "is_virtual_station": false,
                "last_reported": 1789277842,
                "name": "\u0158epov",
                "num_bikes_available": 13,
                "num_docks_available": 0,
                "region_id": "681",
                "rental_uris": {
                    "android": "https://app.nextbike.net/station?id=30090917",
                    "ios": "https://app.nextbike.net/station?id=30090917",
                    "web": "https://nxtb.it/p/30090917"
                },
                "short_name": "47737",
                "station_id": "30090917",
                "vehicle_types_available": [
                    {
                        "count": 2,
                        "vehicle_type_id": "184"
                    },
                    {
                        "count": 5,
                        "vehicle_type_id": "254"
                    },
                    {
                        "count": 6,
                        "vehicle_type_id": "333"
                    }
                ]
            },
            "type": "Feature"
        },
        {
            "geometry": {
                "coordinates": [
                    14.924122,
                    50.433232
                ],
                "type": "Point"
            },
            "properties": {
                "is_installed": true,
                "is_renting": true,
                "is_returning": true,
                "is_virtual_station": false,
                "last_reported": 1789277842,
                "name": "Kosmonosy - Lidl",
                "num_bikes_available": 4,
                "num_docks_available": 0,
                "region_id": "681",
                "rental_uris": {
                    "android": "https://app.nextbike.net/station?id=30091151",
                    "ios": "https://app.nextbike.net/station?id=30091151",
                    "web": "https://nxtb.it/p/30091151"
                },
                "short_name": "47738",
                "station_id": "30091151",
                "vehicle_types_available": [
                    {
                        "count": 1,
                        "vehicle_type_id": "184"
                    },
                    {
                        "count": 1,
                        "vehicle_type_id": "254"
                    },
                    {
                        "count": 2,
                        "vehicle_type_id": "333"
                    }
                ]
            },
            "type": "Feature"
        },
        {
            "geometry": {
                "coordinates": [
                    14.92799,
                    50.440154
                ],
                "type": "Point"
            },
            "properties": {
                "is_installed": true,
                "is_renting": true,
                "is_returning": true,
                "is_virtual_station": false,
                "last_reported": 1789277842,
                "name": "Kosmonosy - M\u011bstsk\u00fd \u00fa\u0159ad",
                "num_bikes_available": 1,
                "num_docks_available": 0,
                "region_id": "681",
                "rental_uris": {
                    "android": "https://app.nextbike.net/station?id=30091210",
                    "ios": "https://app.nextbike.net/station?id=30091210",
                    "web": "https://nxtb.it/p/30091210"
                },
                "short_name": "47739",
                "station_id": "30091210",
                "vehicle_types_available": [
                    {
                        "count": 1,
                        "vehicle_type_id": "254"
                    }
                ]
            },
            "type": "Feature"
        },
        {
            "geometry": {
                "coordinates": [
                    14.88942,
                    50.40643
                ],
                "type": "Point"
            },
            "properties": {
                "is_installed": true,
                "is_renting": true,
                "is_returning": true,
                "is_virtual_station": false,
                "last_reported": 1789277842,
                "name": "Hlavn\u00ed n\u00e1dra\u017e\u00ed",
                "num_bikes_available": 9,
                "num_docks_available": 0,
                "region_id": "681",
                "rental_uris": {
                    "android": "https://app.nextbike.net/station?id=30131912",
                    "ios": "https://app.nextbike.net/station?id=30131912",
                    "web": "https://nxtb.it/p/30131912"
                },
                "short_name": "47740",
                "station_id": "30131912",
                "vehicle_types_available": [
                    {
                        "count": 1,
                        "vehicle_type_id": "184"
                    },
                    {
                        "count": 4,
                        "vehicle_type_id": "254"
                    },
                    {
                        "count": 3,
                        "vehicle_type_id": "333"
                    },
                    {
                        "count": 1,
                        "vehicle_type_id": "427"
                    }
                ]
            },
            "type": "Feature"
        },
        {
            "geometry": {
                "coordinates": [
                    14.93123,
                    50.41159
                ],
                "type": "Point"
            },
            "properties": {
                "is_installed": true,
                "is_renting": true,
                "is_returning": true,
                "is_virtual_station": false,
                "last_reported": 1789277842,
                "name": "Zalu\u017eansk\u00e1 - sportovn\u00ed hala",
                "num_bikes_available": 11,
                "num_docks_available": 0,
                "region_id": "681",
                "rental_uris": {
                    "android": "https://app.nextbike.net/station?id=30132058",
                    "ios": "https://app.nextbike.net/station?id=30132058",
                    "web": "https://nxtb.it/p/30132058"
                },
                "short_name": "47741",
                "station_id": "30132058",
                "vehicle_types_available": [
                    {
                        "count": 4,
                        "vehicle_type_id": "254"
                    },
                    {
                        "count": 7,
                        "vehicle_type_id": "333"
                    }
                ]
            },
            "type": "Feature"
        },
        {
            "geometry": {
                "coordinates": [
                    14.920029,
                    50.407704
                ],
                "type": "Point"
            },
            "properties": {
                "is_installed": true,
                "is_renting": true,
                "is_returning": true,
                "is_virtual_station": false,
                "last_reported": 1789277842,
                "name": "M\u011bstsk\u00fd baz\u00e9n",
                "num_bikes_available": 6,
                "num_docks_available": 0,
                "region_id": "681",
                "rental_uris": {
                    "android": "https://app.nextbike.net/station?id=30132334",
                    "ios": "https://app.nextbike.net/station?id=30132334",
                    "web": "https://nxtb.it/p/30132334"
                },
                "short_name": "47743",
                "station_id": "30132334",
                "vehicle_types_available": [
                    {
                        "count": 2,
                        "vehicle_type_id": "184"
                    },
                    {
                        "count": 1,
                        "vehicle_type_id": "208"
                    },
                    {
                        "count": 1,
                        "vehicle_type_id": "254"
                    },
                    {
                        "count": 1,
                        "vehicle_type_id": "333"
                    },
                    {
                        "count": 1,
                        "vehicle_type_id": "427"
                    }
                ]
            },
            "type": "Feature"
        },
        {
            "geometry": {
                "coordinates": [
                    14.90233,
                    50.41363
                ],
                "type": "Point"
            },
            "properties": {
                "is_installed": true,
                "is_renting": true,
                "is_returning": true,
                "is_virtual_station": false,
                "last_reported": 1789277842,
                "name": "Na Karmeli - park",
                "num_bikes_available": 0,
                "num_docks_available": 0,
                "region_id": "681",
                "rental_uris": {
                    "android": "https://app.nextbike.net/station?id=30132507",
                    "ios": "https://app.nextbike.net/station?id=30132507",
                    "web": "https://nxtb.it/p/30132507"
                },
                "short_name": "47744",
                "station_id": "30132507",
                "vehicle_types_available": []
            },
            "type": "Feature"
        },
        {
            "geometry": {
                "coordinates": [
                    14.9267,
                    50.434
                ],
                "type": "Point"
            },
            "properties": {
                "is_installed": true,
                "is_renting": true,
                "is_returning": true,
                "is_virtual_station": false,
                "last_reported": 1789277842,
                "name": "Kosmonosy - \u0160koda Servisn\u00ed centrum II",
                "num_bikes_available": 1,
                "num_docks_available": 0,
                "region_id": "681",
                "rental_uris": {
                    "android": "https://app.nextbike.net/station?id=30156258",
                    "ios": "https://app.nextbike.net/station?id=30156258",
                    "web": "https://nxtb.it/p/30156258"
                },
                "short_name": "47746",
                "station_id": "30156258",
                "vehicle_types_available": [
                    {
                        "count": 1,
                        "vehicle_type_id": "427"
                    }
                ]
            },
            "type": "Feature"
        },
        {
            "geometry": {
                "coordinates": [
                    14.917494,
                    50.424652
                ],
                "type": "Point"
            },
            "properties": {
                "is_installed": true,
                "is_renting": true,
                "is_returning": true,
                "is_virtual_station": false,
                "last_reported": 1789277842,
                "name": "\u0160koda - Administrativn\u00ed centrum",
                "num_bikes_available": 0,
                "num_docks_available": 0,
                "region_id": "681",
                "rental_uris": {
                    "android": "https://app.nextbike.net/station?id=30244536",
                    "ios": "https://app.nextbike.net/station?id=30244536",
                    "web": "https://nxtb.it/p/30244536"
                },
                "short_name": "47748",
                "station_id": "30244536",
                "vehicle_types_available": []
            },
            "type": "Feature"
        },
        {
            "geometry": {
                "coordinates": [
                    14.9118,
                    50.417375
                ],
                "type": "Point"
            },
            "properties": {
                "is_installed": true,
                "is_renting": true,
                "is_returning": true,
                "is_virtual_station": false,
                "last_reported": 1789277842,
                "name": "Oblastn\u00ed nemocnice M.B. - Hlavn\u00ed vstup",
                "num_bikes_available": 0,
                "num_docks_available": 0,
                "region_id": "681",
                "rental_uris": {
                    "android": "https://app.nextbike.net/station?id=30491956",
                    "ios": "https://app.nextbike.net/station?id=30491956",
                    "web": "https://nxtb.it/p/30491956"
                },
                "short_name": "47750",
                "station_id": "30491956",
                "vehicle_types_available": []
            },
            "type": "Feature"
        },
        {
            "geometry": {
                "coordinates": [
                    14.91047,
                    50.418663
                ],
                "type": "Point"
            },
            "properties": {
                "is_installed": true,
                "is_renting": true,
                "is_returning": true,
                "is_virtual_station": false,
                "last_reported": 1789277842,
                "name": "Oblastn\u00ed nemocnice M.B. - L\u00e9k\u00e1rna",
                "num_bikes_available": 0,
                "num_docks_available": 0,
                "region_id": "681",
                "rental_uris": {
                    "android": "https://app.nextbike.net/station?id=30491984",
                    "ios": "https://app.nextbike.net/station?id=30491984",
                    "web": "https://nxtb.it/p/30491984"
                },
                "short_name": "47749",
                "station_id": "30491984",
                "vehicle_types_available": []
            },
            "type": "Feature"
        },
        {
            "geometry": {
                "coordinates": [
                    14.9205,
                    50.441443
                ],
                "type": "Point"
            },
            "properties": {
                "is_installed": true,
                "is_renting": true,
                "is_returning": true,
                "is_virtual_station": false,
                "last_reported": 1789277842,
                "name": "Kosmonosy - S\u00eddli\u0161t\u011b pod koupali\u0161t\u011bm",
                "num_bikes_available": 1,
                "num_docks_available": 0,
                "region_id": "681",
                "rental_uris": {
                    "android": "https://app.nextbike.net/station?id=30751718",
                    "ios": "https://app.nextbike.net/station?id=30751718",
                    "web": "https://nxtb.it/p/30751718"
                },
                "short_name": "47751",
                "station_id": "30751718",
                "vehicle_types_available": [
                    {
                        "count": 1,
                        "vehicle_type_id": "333"
                    }
                ]
            },
            "type": "Feature"
        },
        {
            "geometry": {
                "coordinates": [
                    14.915731,
                    50.444451
                ],
                "type": "Point"
            },
            "properties": {
                "is_installed": true,
                "is_renting": true,
                "is_returning": true,
                "is_virtual_station": false,
                "last_reported": 1789277842,
                "name": "Kosmonosy - koupali\u0161t\u011b",
                "num_bikes_available": 0,
                "num_docks_available": 0,
                "region_id": "681",
                "rental_uris": {
                    "android": "https://app.nextbike.net/station?id=30751746",
                    "ios": "https://app.nextbike.net/station?id=30751746",
                    "web": "https://nxtb.it/p/30751746"
                },
                "short_name": "47752",
                "station_id": "30751746",
                "vehicle_types_available": []
            },
            "type": "Feature"
        },
        {
            "geometry": {
                "coordinates": [
                    14.923641,
                    50.440387
                ],
                "type": "Point"
            },
            "properties": {
                "is_installed": true,
                "is_renting": true,
                "is_returning": true,
                "is_virtual_station": false,
                "last_reported": 1789277842,
                "name": "Kosmonosy - Z\u00e1mek",
                "num_bikes_available": 0,
                "num_docks_available": 0,
                "region_id": "681",
                "rental_uris": {
                    "android": "https://app.nextbike.net/station?id=30751784",
                    "ios": "https://app.nextbike.net/station?id=30751784",
                    "web": "https://nxtb.it/p/30751784"
                },
                "short_name": "47753",
                "station_id": "30751784",
                "vehicle_types_available": []
            },
            "type": "Feature"
        },
        {
            "geometry": {
                "coordinates": [
                    14.930538,
                    50.447925
                ],
                "type": "Point"
            },
            "properties": {
                "is_installed": true,
                "is_renting": true,
                "is_returning": true,
                "is_virtual_station": false,
                "last_reported": 1789277842,
                "name": "Kosmonosy - Sportovn\u00ed klub",
                "num_bikes_available": 0,
                "num_docks_available": 0,
                "region_id": "681",
                "rental_uris": {
                    "android": "https://app.nextbike.net/station?id=30751822",
                    "ios": "https://app.nextbike.net/station?id=30751822",
                    "web": "https://nxtb.it/p/30751822"
                },
                "short_name": "47754",
                "station_id": "30751822",
                "vehicle_types_available": []
            },
            "type": "Feature"
        },
        {
            "geometry": {
                "coordinates": [
                    14.920136,
                    50.435292
                ],
                "type": "Point"
            },
            "properties": {
                "is_installed": true,
                "is_renting": true,
                "is_returning": true,
                "is_virtual_station": false,
                "last_reported": 1789277842,
                "name": "Kosmonosy - Zahradn\u00ed ulice",
                "num_bikes_available": 2,
                "num_docks_available": 0,
                "region_id": "681",
                "rental_uris": {
                    "android": "https://app.nextbike.net/station?id=30751847",
                    "ios": "https://app.nextbike.net/station?id=30751847",
                    "web": "https://nxtb.it/p/30751847"
                },
                "short_name": "47755",
                "station_id": "30751847",
                "vehicle_types_available": [
                    {
                        "count": 2,
                        "vehicle_type_id": "254"
                    }
                ]
            },
            "type": "Feature"
        },
        {
            "geometry": {
                "coordinates": [
                    14.926678,
                    50.436905
                ],
                "type": "Point"
            },
            "properties": {
                "is_installed": true,
                "is_renting": true,
                "is_returning": true,
                "is_virtual_station": false,
                "last_reported": 1789277842,
                "name": "Kosmonosy - Restaurace u Janka",
                "num_bikes_available": 0,
                "num_docks_available": 0,
                "region_id": "681",
                "rental_uris": {
                    "android": "https://app.nextbike.net/station?id=30751903",
                    "ios": "https://app.nextbike.net/station?id=30751903",
                    "web": "https://nxtb.it/p/30751903"
                },
                "short_name": "47756",
                "station_id": "30751903",
                "vehicle_types_available": []
            },
            "type": "Feature"
        },
        {
            "geometry": {
                "coordinates": [
                    14.923807,
                    50.446828
                ],
                "type": "Point"
            },
            "properties": {
                "is_installed": true,
                "is_renting": true,
                "is_returning": true,
                "is_virtual_station": false,
                "last_reported": 1789277842,
                "name": "Kosmonosy - Canaba",
                "num_bikes_available": 0,
                "num_docks_available": 0,
                "region_id": "681",
                "rental_uris": {
                    "android": "https://app.nextbike.net/station?id=30877074",
                    "ios": "https://app.nextbike.net/station?id=30877074",
                    "web": "https://nxtb.it/p/30877074"
                },
                "short_name": "47757",
                "station_id": "30877074",
                "vehicle_types_available": []
            },
            "type": "Feature"
        },
        {
            "geometry": {
                "coordinates": [
                    14.912192,
                    50.413666
                ],
                "type": "Point"
            },
            "properties": {
                "is_installed": true,
                "is_renting": true,
                "is_returning": true,
                "is_virtual_station": false,
                "last_reported": 1789277842,
                "name": "D\u016fm kultury (+15 minut na p\u0159\u00edjezd)",
                "num_bikes_available": 0,
                "num_docks_available": 0,
                "region_id": "681",
                "rental_uris": {
                    "android": "https://app.nextbike.net/station?id=30929587",
                    "ios": "https://app.nextbike.net/station?id=30929587",
                    "web": "https://nxtb.it/p/30929587"
                },
                "short_name": "47758",
                "station_id": "30929587",
                "vehicle_types_available": []
            },
            "type": "Feature"
        },
        {
            "geometry": {
                "coordinates": [
                    14.937651,
                    50.408025
                ],
                "type": "Point"
            },
            "properties": {
                "is_installed": true,
                "is_renting": true,
                "is_returning": true,
                "is_virtual_station": false,
                "last_reported": 1789277842,
                "name": "OC Olympia",
                "num_bikes_available": 9,
                "num_docks_available": 0,
                "region_id": "681",
                "rental_uris": {
                    "android": "https://app.nextbike.net/station?id=31517363",
                    "ios": "https://app.nextbike.net/station?id=31517363",
                    "web": "https://nxtb.it/p/31517363"
                },
                "short_name": "47759",
                "station_id": "31517363",
                "vehicle_types_available": [
                    {
                        "count": 1,
                        "vehicle_type_id": "208"
                    },
                    {
                        "count": 2,
                        "vehicle_type_id": "254"
                    },
                    {
                        "count": 6,
                        "vehicle_type_id": "333"
                    }
                ]
            },
            "type": "Feature"
        },
        {
            "geometry": {
                "coordinates": [
                    14.963976,
                    50.536819
                ],
                "type": "Point"
            },
            "properties": {
                "is_installed": true,
                "is_renting": true,
                "is_returning": true,
                "is_virtual_station": false,
                "last_reported": 1789277842,
                "name": "Vostrov",
                "num_bikes_available": 0,
                "num_docks_available": 0,
                "region_id": "704",
                "rental_uris": {
                    "android": "https://app.nextbike.net/station?id=31517402",
                    "ios": "https://app.nextbike.net/station?id=31517402",
                    "web": "https://nxtb.it/p/31517402"
                },
                "short_name": "47760",
                "station_id": "31517402",
                "vehicle_types_available": []
            },
            "type": "Feature"
        },
        {
            "geometry": {
                "coordinates": [
                    14.927233,
                    50.412525
                ],
                "type": "Point"
            },
            "properties": {
                "is_installed": true,
                "is_renting": true,
                "is_returning": true,
                "is_virtual_station": false,
                "last_reported": 1789277842,
                "name": "6. Z\u0160",
                "num_bikes_available": 0,
                "num_docks_available": 0,
                "region_id": "681",
                "rental_uris": {
                    "android": "https://app.nextbike.net/station?id=31534379",
                    "ios": "https://app.nextbike.net/station?id=31534379",
                    "web": "https://nxtb.it/p/31534379"
                },
                "short_name": "47761",
                "station_id": "31534379",
                "vehicle_types_available": []
            },
            "type": "Feature"
        },
        {
            "geometry": {
                "coordinates": [
                    14.915169,
                    50.419603
                ],
                "type": "Point"
            },
            "properties": {
                "is_installed": true,
                "is_renting": true,
                "is_returning": true,
                "is_virtual_station": false,
                "last_reported": 1789277842,
                "name": "Bondy",
                "num_bikes_available": 0,
                "num_docks_available": 0,
                "region_id": "681",
                "rental_uris": {
                    "android": "https://app.nextbike.net/station?id=32221385",
                    "ios": "https://app.nextbike.net/station?id=32221385",
                    "web": "https://nxtb.it/p/32221385"
                },
                "short_name": "47762",
                "station_id": "32221385",
                "vehicle_types_available": []
            },
            "type": "Feature"
        },
        {
            "geometry": {
                "coordinates": [
                    14.917584,
                    50.428595
                ],
                "type": "Point"
            },
            "properties": {
                "is_installed": true,
                "is_renting": true,
                "is_returning": true,
                "is_virtual_station": false,
                "last_reported": 1789277842,
                "name": "Jana Palacha - Albert",
                "num_bikes_available": 1,
                "num_docks_available": 0,
                "region_id": "681",
                "rental_uris": {
                    "android": "https://app.nextbike.net/station?id=32221414",
                    "ios": "https://app.nextbike.net/station?id=32221414",
                    "web": "https://nxtb.it/p/32221414"
                },
                "short_name": "47763",
                "station_id": "32221414",
                "vehicle_types_available": [
                    {
                        "count": 1,
                        "vehicle_type_id": "333"
                    }
                ]
            },
            "type": "Feature"
        },
        {
            "geometry": {
                "coordinates": [
                    14.913801,
                    50.418827
                ],
                "type": "Point"
            },
            "properties": {
                "is_installed": true,
                "is_renting": true,
                "is_returning": true,
                "is_virtual_station": false,
                "last_reported": 1789277842,
                "name": "Muzeum \u0160koda",
                "num_bikes_available": 0,
                "num_docks_available": 0,
                "region_id": "681",
                "rental_uris": {
                    "android": "https://app.nextbike.net/station?id=33467705",
                    "ios": "https://app.nextbike.net/station?id=33467705",
                    "web": "https://nxtb.it/p/33467705"
                },
                "short_name": "47764",
                "station_id": "33467705",
                "vehicle_types_available": []
            },
            "type": "Feature"
        },
        {
            "geometry": {
                "coordinates": [
                    14.956937,
                    50.411545
                ],
                "type": "Point"
            },
            "properties": {
                "capacity": 4,
                "is_installed": true,
                "is_renting": true,
                "is_returning": true,
                "is_virtual_station": false,
                "last_reported": 1789277842,
                "name": "Ascorium",
                "num_bikes_available": 6,
                "num_docks_available": 0,
                "region_id": "681",
                "rental_uris": {
                    "android": "https://app.nextbike.net/station?id=33513569",
                    "ios": "https://app.nextbike.net/station?id=33513569",
                    "web": "https://nxtb.it/p/33513569"
                },
                "short_name": "46885",
                "station_id": "33513569",
                "vehicle_types_available": [
                    {
                        "count": 1,
                        "vehicle_type_id": "184"
                    },
                    {
                        "count": 4,
                        "vehicle_type_id": "333"
                    },
                    {
                        "count": 1,
                        "vehicle_type_id": "427"
                    }
                ]
            },
            "type": "Feature"
        },
        {
            "geometry": {
                "coordinates": [
                    14.913458,
                    50.425581
                ],
                "type": "Point"
            },
            "properties": {
                "is_installed": true,
                "is_renting": true,
                "is_returning": true,
                "is_virtual_station": false,
                "last_reported": 1789277842,
                "name": "M\u011bstsk\u00fd stadion - vstup",
                "num_bikes_available": 1,
                "num_docks_available": 0,
                "region_id": "681",
                "rental_uris": {
                    "android": "https://app.nextbike.net/station?id=344491273",
                    "ios": "https://app.nextbike.net/station?id=344491273",
                    "web": "https://nxtb.it/p/344491273"
                },
                "short_name": "46813",
                "station_id": "344491273",
                "vehicle_types_available": [
                    {
                        "count": 1,
                        "vehicle_type_id": "184"
                    }
                ]
            },
            "type": "Feature"
        },
        {
            "geometry": {
                "coordinates": [
                    14.90046,
                    50.40219
                ],
                "type": "Point"
            },
            "properties": {
                "capacity": 10,
                "is_installed": true,
                "is_renting": true,
                "is_returning": true,
                "is_virtual_station": false,
                "last_reported": 1789277842,
                "name": "Leteck\u00e9 muzeum",
                "num_bikes_available": 1,
                "num_docks_available": 9,
                "region_id": "681",
                "rental_uris": {
                    "android": "https://app.nextbike.net/station?id=35359917",
                    "ios": "https://app.nextbike.net/station?id=35359917",
                    "web": "https://nxtb.it/p/35359917"
                },
                "short_name": "46877",
                "station_id": "35359917",
                "vehicle_types_available": [
                    {
                        "count": 1,
                        "vehicle_type_id": "254"
                    }
                ]
            },
            "type": "Feature"
        },
        {
            "geometry": {
                "coordinates": [
                    14.91976,
                    50.427516
                ],
                "type": "Point"
            },
            "properties": {
                "is_installed": true,
                "is_renting": true,
                "is_returning": true,
                "is_virtual_station": false,
                "last_reported": 1789277842,
                "name": "T\u0159. V. Klementa - Br\u00e1na \u010d.11",
                "num_bikes_available": 0,
                "num_docks_available": 0,
                "region_id": "681",
                "rental_uris": {
                    "android": "https://app.nextbike.net/station?id=35733207",
                    "ios": "https://app.nextbike.net/station?id=35733207",
                    "web": "https://nxtb.it/p/35733207"
                },
                "short_name": "47765",
                "station_id": "35733207",
                "vehicle_types_available": []
            },
            "type": "Feature"
        },
        {
            "geometry": {
                "coordinates": [
                    14.891903,
                    50.405017
                ],
                "type": "Point"
            },
            "properties": {
                "capacity": 4,
                "is_installed": true,
                "is_renting": true,
                "is_returning": true,
                "is_virtual_station": false,
                "last_reported": 1789277842,
                "name": "\u010cejeti\u010dky - bus",
                "num_bikes_available": 12,
                "num_docks_available": 0,
                "region_id": "681",
                "rental_uris": {
                    "android": "https://app.nextbike.net/station?id=363380489",
                    "ios": "https://app.nextbike.net/station?id=363380489",
                    "web": "https://nxtb.it/p/363380489"
                },
                "short_name": "46812",
                "station_id": "363380489",
                "vehicle_types_available": [
                    {
                        "count": 5,
                        "vehicle_type_id": "254"
                    },
                    {
                        "count": 2,
                        "vehicle_type_id": "184"
                    },
                    {
                        "count": 4,
                        "vehicle_type_id": "333"
                    },
                    {
                        "count": 1,
                        "vehicle_type_id": "427"
                    }
                ]
            },
            "type": "Feature"
        },
        {
            "geometry": {
                "coordinates": [
                    14.899506,
                    50.389182
                ],
                "type": "Point"
            },
            "properties": {
                "capacity": 4,
                "is_installed": true,
                "is_renting": true,
                "is_returning": true,
                "is_virtual_station": false,
                "last_reported": 1789277842,
                "name": "Bezd\u011b\u010d\u00edn - ubytovna",
                "num_bikes_available": 2,
                "num_docks_available": 2,
                "region_id": "681",
                "rental_uris": {
                    "android": "https://app.nextbike.net/station?id=363882288",
                    "ios": "https://app.nextbike.net/station?id=363882288",
                    "web": "https://nxtb.it/p/363882288"
                },
                "short_name": "46811",
                "station_id": "363882288",
                "vehicle_types_available": [
                    {
                        "count": 1,
                        "vehicle_type_id": "333"
                    },
                    {
                        "count": 1,
                        "vehicle_type_id": "427"
                    }
                ]
            },
            "type": "Feature"
        },
        {
            "geometry": {
                "coordinates": [
                    14.969817,
                    50.510233
                ],
                "type": "Point"
            },
            "properties": {
                "is_installed": true,
                "is_renting": true,
                "is_returning": true,
                "is_virtual_station": false,
                "last_reported": 1789277842,
                "name": "Mahle Behr",
                "num_bikes_available": 0,
                "num_docks_available": 0,
                "region_id": "704",
                "rental_uris": {
                    "android": "https://app.nextbike.net/station?id=385627329",
                    "ios": "https://app.nextbike.net/station?id=385627329",
                    "web": "https://nxtb.it/p/385627329"
                },
                "short_name": "45633",
                "station_id": "385627329",
                "vehicle_types_available": []
            },
            "type": "Feature"
        },
        {
            "geometry": {
                "coordinates": [
                    14.921009,
                    50.427813
                ],
                "type": "Point"
            },
            "properties": {
                "is_installed": true,
                "is_renting": true,
                "is_returning": true,
                "is_virtual_station": false,
                "last_reported": 1789277842,
                "name": "Laurin & Klement Kampus",
                "num_bikes_available": 0,
                "num_docks_available": 0,
                "region_id": "681",
                "rental_uris": {
                    "android": "https://app.nextbike.net/station?id=398375833",
                    "ios": "https://app.nextbike.net/station?id=398375833",
                    "web": "https://nxtb.it/p/398375833"
                },
                "short_name": "49379",
                "station_id": "398375833",
                "vehicle_types_available": []
            },
            "type": "Feature"
        },
        {
            "geometry": {
                "coordinates": [
                    14.899698,
                    50.409141
                ],
                "type": "Point"
            },
            "properties": {
                "is_installed": true,
                "is_renting": true,
                "is_returning": true,
                "is_virtual_station": false,
                "last_reported": 1789277842,
                "name": "Motorov\u00e9 centrum - Pt\u00e1ck\u00e1",
                "num_bikes_available": 5,
                "num_docks_available": 0,
                "region_id": "681",
                "rental_uris": {
                    "android": "https://app.nextbike.net/station?id=41271538",
                    "ios": "https://app.nextbike.net/station?id=41271538",
                    "web": "https://nxtb.it/p/41271538"
                },
                "short_name": "48999",
                "station_id": "41271538",
                "vehicle_types_available": [
                    {
                        "count": 2,
                        "vehicle_type_id": "254"
                    },
                    {
                        "count": 3,
                        "vehicle_type_id": "333"
                    }
                ]
            },
            "type": "Feature"
        },
        {
            "geometry": {
                "coordinates": [
                    14.901785,
                    50.412769
                ],
                "type": "Point"
            },
            "properties": {
                "is_installed": true,
                "is_renting": true,
                "is_returning": true,
                "is_virtual_station": false,
                "last_reported": 1789277842,
                "name": "Technick\u00fd park - v\u00fdtah",
                "num_bikes_available": 3,
                "num_docks_available": 0,
                "region_id": "681",
                "rental_uris": {
                    "android": "https://app.nextbike.net/station?id=41271566",
                    "ios": "https://app.nextbike.net/station?id=41271566",
                    "web": "https://nxtb.it/p/41271566"
                },
                "short_name": "48998",
                "station_id": "41271566",
                "vehicle_types_available": [
                    {
                        "count": 2,
                        "vehicle_type_id": "254"
                    },
                    {
                        "count": 1,
                        "vehicle_type_id": "333"
                    }
                ]
            },
            "type": "Feature"
        },
        {
            "geometry": {
                "coordinates": [
                    14.897547,
                    50.41396
                ],
                "type": "Point"
            },
            "properties": {
                "is_installed": true,
                "is_renting": true,
                "is_returning": true,
                "is_virtual_station": false,
                "last_reported": 1789277842,
                "name": "U \u010cesany",
                "num_bikes_available": 0,
                "num_docks_available": 0,
                "region_id": "681",
                "rental_uris": {
                    "android": "https://app.nextbike.net/station?id=41271599",
                    "ios": "https://app.nextbike.net/station?id=41271599",
                    "web": "https://nxtb.it/p/41271599"
                },
                "short_name": "48997",
                "station_id": "41271599",
                "vehicle_types_available": []
            },
            "type": "Feature"
        },
        {
            "geometry": {
                "coordinates": [
                    14.925264,
                    50.41097
                ],
                "type": "Point"
            },
            "properties": {
                "is_installed": true,
                "is_renting": true,
                "is_returning": true,
                "is_virtual_station": false,
                "last_reported": 1789277842,
                "name": "Fibichova",
                "num_bikes_available": 0,
                "num_docks_available": 0,
                "region_id": "681",
                "rental_uris": {
                    "android": "https://app.nextbike.net/station?id=41751690",
                    "ios": "https://app.nextbike.net/station?id=41751690",
                    "web": "https://nxtb.it/p/41751690"
                },
                "short_name": "47767",
                "station_id": "41751690",
                "vehicle_types_available": []
            },
            "type": "Feature"
        },
        {
            "geometry": {
                "coordinates": [
                    14.896023,
                    50.447374
                ],
                "type": "Point"
            },
            "properties": {
                "is_installed": true,
                "is_renting": true,
                "is_returning": true,
                "is_virtual_station": false,
                "last_reported": 1789277842,
                "name": "Nad Lesem",
                "num_bikes_available": 1,
                "num_docks_available": 0,
                "region_id": "681",
                "rental_uris": {
                    "android": "https://app.nextbike.net/station?id=419011705",
                    "ios": "https://app.nextbike.net/station?id=419011705",
                    "web": "https://nxtb.it/p/419011705"
                },
                "short_name": "495391",
                "station_id": "419011705",
                "vehicle_types_available": [
                    {
                        "count": 1,
                        "vehicle_type_id": "427"
                    }
                ]
            },
            "type": "Feature"
        },
        {
            "geometry": {
                "coordinates": [
                    14.978437,
                    50.401966
                ],
                "type": "Point"
            },
            "properties": {
                "capacity": 2,
                "is_installed": true,
                "is_renting": true,
                "is_returning": true,
                "is_virtual_station": false,
                "last_reported": 1789277842,
                "name": "Kolomuty",
                "num_bikes_available": 22,
                "num_docks_available": 0,
                "region_id": "681",
                "rental_uris": {
                    "android": "https://app.nextbike.net/station?id=42028778",
                    "ios": "https://app.nextbike.net/station?id=42028778",
                    "web": "https://nxtb.it/p/42028778"
                },
                "short_name": "46819",
                "station_id": "42028778",
                "vehicle_types_available": [
                    {
                        "count": 6,
                        "vehicle_type_id": "184"
                    },
                    {
                        "count": 3,
                        "vehicle_type_id": "254"
                    },
                    {
                        "count": 10,
                        "vehicle_type_id": "333"
                    },
                    {
                        "count": 3,
                        "vehicle_type_id": "427"
                    }
                ]
            },
            "type": "Feature"
        },
        {
            "geometry": {
                "coordinates": [
                    14.97474,
                    50.52254
                ],
                "type": "Point"
            },
            "properties": {
                "is_installed": true,
                "is_renting": true,
                "is_returning": true,
                "is_virtual_station": false,
                "last_reported": 1789277842,
                "name": "Masarykovo n\u00e1m\u011bst\u00ed",
                "num_bikes_available": 2,
                "num_docks_available": 0,
                "region_id": "704",
                "rental_uris": {
                    "android": "https://app.nextbike.net/station?id=42366793",
                    "ios": "https://app.nextbike.net/station?id=42366793",
                    "web": "https://nxtb.it/p/42366793"
                },
                "short_name": "47768",
                "station_id": "42366793",
                "vehicle_types_available": [
                    {
                        "count": 2,
                        "vehicle_type_id": "333"
                    }
                ]
            },
            "type": "Feature"
        },
        {
            "geometry": {
                "coordinates": [
                    14.97588,
                    50.5337
                ],
                "type": "Point"
            },
            "properties": {
                "is_installed": true,
                "is_renting": true,
                "is_returning": true,
                "is_virtual_station": false,
                "last_reported": 1789277842,
                "name": "Za Z\u00e1mkem",
                "num_bikes_available": 0,
                "num_docks_available": 0,
                "region_id": "704",
                "rental_uris": {
                    "android": "https://app.nextbike.net/station?id=42416229",
                    "ios": "https://app.nextbike.net/station?id=42416229",
                    "web": "https://nxtb.it/p/42416229"
                },
                "short_name": "47769",
                "station_id": "42416229",
                "vehicle_types_available": []
            },
            "type": "Feature"
        },
        {
            "geometry": {
                "coordinates": [
                    14.97271,
                    50.52749
                ],
                "type": "Point"
            },
            "properties": {
                "is_installed": true,
                "is_renting": true,
                "is_returning": true,
                "is_virtual_station": false,
                "last_reported": 1789277842,
                "name": "U Z\u00e1mku",
                "num_bikes_available": 0,
                "num_docks_available": 0,
                "region_id": "704",
                "rental_uris": {
                    "android": "https://app.nextbike.net/station?id=42416302",
                    "ios": "https://app.nextbike.net/station?id=42416302",
                    "web": "https://nxtb.it/p/42416302"
                },
                "short_name": "48789",
                "station_id": "42416302",
                "vehicle_types_available": []
            },
            "type": "Feature"
        },
        {
            "geometry": {
                "coordinates": [
                    14.9778,
                    50.51869
                ],
                "type": "Point"
            },
            "properties": {
                "is_installed": true,
                "is_renting": true,
                "is_returning": true,
                "is_virtual_station": false,
                "last_reported": 1789277842,
                "name": "Dopravn\u00ed termin\u00e1l",
                "num_bikes_available": 1,
                "num_docks_available": 0,
                "region_id": "704",
                "rental_uris": {
                    "android": "https://app.nextbike.net/station?id=42416428",
                    "ios": "https://app.nextbike.net/station?id=42416428",
                    "web": "https://nxtb.it/p/42416428"
                },
                "short_name": "48788",
                "station_id": "42416428",
                "vehicle_types_available": [
                    {
                        "count": 1,
                        "vehicle_type_id": "254"
                    }
                ]
            },
            "type": "Feature"
        },
        {
            "geometry": {
                "coordinates": [
                    14.96777,
                    50.52659
                ],
                "type": "Point"
            },
            "properties": {
                "is_installed": true,
                "is_renting": true,
                "is_returning": true,
                "is_virtual_station": false,
                "last_reported": 1789277842,
                "name": "Sportovn\u00ed zona",
                "num_bikes_available": 7,
                "num_docks_available": 0,
                "region_id": "704",
                "rental_uris": {
                    "android": "https://app.nextbike.net/station?id=42416440",
                    "ios": "https://app.nextbike.net/station?id=42416440",
                    "web": "https://nxtb.it/p/42416440"
                },
                "short_name": "48787",
                "station_id": "42416440",
                "vehicle_types_available": [
                    {
                        "count": 6,
                        "vehicle_type_id": "254"
                    },
                    {
                        "count": 1,
                        "vehicle_type_id": "333"
                    }
                ]
            },
            "type": "Feature"
        },
        {
            "geometry": {
                "coordinates": [
                    14.97911,
                    50.52276
                ],
                "type": "Point"
            },
            "properties": {
                "is_installed": true,
                "is_renting": true,
                "is_returning": true,
                "is_virtual_station": false,
                "last_reported": 1789277842,
                "name": "S\u00eddli\u0161t\u011b Lidick\u00e1",
                "num_bikes_available": 0,
                "num_docks_available": 0,
                "region_id": "704",
                "rental_uris": {
                    "android": "https://app.nextbike.net/station?id=42416453",
                    "ios": "https://app.nextbike.net/station?id=42416453",
                    "web": "https://nxtb.it/p/42416453"
                },
                "short_name": "48786",
                "station_id": "42416453",
                "vehicle_types_available": []
            },
            "type": "Feature"
        },
        {
            "geometry": {
                "coordinates": [
                    14.96913,
                    50.51894
                ],
                "type": "Point"
            },
            "properties": {
                "is_installed": true,
                "is_renting": true,
                "is_returning": true,
                "is_virtual_station": false,
                "last_reported": 1789277842,
                "name": "S\u00eddli\u0161t\u011b Jaselsk\u00e1",
                "num_bikes_available": 1,
                "num_docks_available": 0,
                "region_id": "704",
                "rental_uris": {
                    "android": "https://app.nextbike.net/station?id=42416464",
                    "ios": "https://app.nextbike.net/station?id=42416464",
                    "web": "https://nxtb.it/p/42416464"
                },
                "short_name": "48785",
                "station_id": "42416464",
                "vehicle_types_available": [
                    {
                        "count": 1,
                        "vehicle_type_id": "333"
                    }
                ]
            },
            "type": "Feature"
        },
        {
            "geometry": {
                "coordinates": [
                    14.96958,
                    50.52244
                ],
                "type": "Point"
            },
            "properties": {
                "is_installed": true,
                "is_renting": true,
                "is_returning": true,
                "is_virtual_station": false,
                "last_reported": 1789277842,
                "name": "Are\u00e1l \u0161kol",
                "num_bikes_available": 0,
                "num_docks_available": 0,
                "region_id": "704",
                "rental_uris": {
                    "android": "https://app.nextbike.net/station?id=42416496",
                    "ios": "https://app.nextbike.net/station?id=42416496",
                    "web": "https://nxtb.it/p/42416496"
                },
                "short_name": "48783",
                "station_id": "42416496",
                "vehicle_types_available": []
            },
            "type": "Feature"
        },
        {
            "geometry": {
                "coordinates": [
                    14.96089,
                    50.52043
                ],
                "type": "Point"
            },
            "properties": {
                "is_installed": true,
                "is_renting": true,
                "is_returning": true,
                "is_virtual_station": false,
                "last_reported": 1789277842,
                "name": "Salabka",
                "num_bikes_available": 1,
                "num_docks_available": 0,
                "region_id": "704",
                "rental_uris": {
                    "android": "https://app.nextbike.net/station?id=42416518",
                    "ios": "https://app.nextbike.net/station?id=42416518",
                    "web": "https://nxtb.it/p/42416518"
                },
                "short_name": "48782",
                "station_id": "42416518",
                "vehicle_types_available": [
                    {
                        "count": 1,
                        "vehicle_type_id": "333"
                    }
                ]
            },
            "type": "Feature"
        },
        {
            "geometry": {
                "coordinates": [
                    14.976736,
                    50.516131
                ],
                "type": "Point"
            },
            "properties": {
                "is_installed": true,
                "is_renting": true,
                "is_returning": true,
                "is_virtual_station": false,
                "last_reported": 1789277842,
                "name": "HBPO",
                "num_bikes_available": 2,
                "num_docks_available": 0,
                "region_id": "704",
                "rental_uris": {
                    "android": "https://app.nextbike.net/station?id=42416531",
                    "ios": "https://app.nextbike.net/station?id=42416531",
                    "web": "https://nxtb.it/p/42416531"
                },
                "short_name": "48781",
                "station_id": "42416531",
                "vehicle_types_available": [
                    {
                        "count": 2,
                        "vehicle_type_id": "333"
                    }
                ]
            },
            "type": "Feature"
        },
        {
            "geometry": {
                "coordinates": [
                    14.881404,
                    50.40258
                ],
                "type": "Point"
            },
            "properties": {
                "is_installed": true,
                "is_renting": true,
                "is_returning": true,
                "is_virtual_station": false,
                "last_reported": 1789277842,
                "name": "Vineck\u00e1",
                "num_bikes_available": 0,
                "num_docks_available": 0,
                "region_id": "681",
                "rental_uris": {
                    "android": "https://app.nextbike.net/station?id=427905107",
                    "ios": "https://app.nextbike.net/station?id=427905107",
                    "web": "https://nxtb.it/p/427905107"
                },
                "short_name": "495392",
                "station_id": "427905107",
                "vehicle_types_available": []
            },
            "type": "Feature"
        },
        {
            "geometry": {
                "coordinates": [
                    14.97199,
                    50.51627
                ],
                "type": "Point"
            },
            "properties": {
                "is_installed": true,
                "is_renting": true,
                "is_returning": true,
                "is_virtual_station": false,
                "last_reported": 1789277842,
                "name": "N\u00e1kupn\u00ed zona",
                "num_bikes_available": 0,
                "num_docks_available": 0,
                "region_id": "704",
                "rental_uris": {
                    "android": "https://app.nextbike.net/station?id=43178027",
                    "ios": "https://app.nextbike.net/station?id=43178027",
                    "web": "https://nxtb.it/p/43178027"
                },
                "short_name": "48780",
                "station_id": "43178027",
                "vehicle_types_available": []
            },
            "type": "Feature"
        },
        {
            "geometry": {
                "coordinates": [
                    14.919995,
                    50.408848
                ],
                "type": "Point"
            },
            "properties": {
                "is_installed": true,
                "is_renting": true,
                "is_returning": true,
                "is_virtual_station": false,
                "last_reported": 1789277842,
                "name": "\u0160t\u011bp\u00e1nka",
                "num_bikes_available": 0,
                "num_docks_available": 0,
                "region_id": "681",
                "rental_uris": {
                    "android": "https://app.nextbike.net/station?id=43486182",
                    "ios": "https://app.nextbike.net/station?id=43486182",
                    "web": "https://nxtb.it/p/43486182"
                },
                "short_name": "48011",
                "station_id": "43486182",
                "vehicle_types_available": []
            },
            "type": "Feature"
        },
        {
            "geometry": {
                "coordinates": [
                    14.918198,
                    50.42629
                ],
                "type": "Point"
            },
            "properties": {
                "is_installed": true,
                "is_renting": true,
                "is_returning": true,
                "is_virtual_station": false,
                "last_reported": 1789277842,
                "name": "Ubytovna \u0160koda Auto",
                "num_bikes_available": 0,
                "num_docks_available": 0,
                "region_id": "681",
                "rental_uris": {
                    "android": "https://app.nextbike.net/station?id=43493983",
                    "ios": "https://app.nextbike.net/station?id=43493983",
                    "web": "https://nxtb.it/p/43493983"
                },
                "short_name": "48012",
                "station_id": "43493983",
                "vehicle_types_available": []
            },
            "type": "Feature"
        },
        {
            "geometry": {
                "coordinates": [
                    14.894663,
                    50.42993
                ],
                "type": "Point"
            },
            "properties": {
                "capacity": 10,
                "is_installed": true,
                "is_renting": true,
                "is_returning": true,
                "is_virtual_station": false,
                "last_reported": 1789277842,
                "name": "Podl\u00e1zky (+15 minut na odjezd)",
                "num_bikes_available": 14,
                "num_docks_available": 0,
                "region_id": "681",
                "rental_uris": {
                    "android": "https://app.nextbike.net/station?id=43907367",
                    "ios": "https://app.nextbike.net/station?id=43907367",
                    "web": "https://nxtb.it/p/43907367"
                },
                "short_name": "46240",
                "station_id": "43907367",
                "vehicle_types_available": [
                    {
                        "count": 1,
                        "vehicle_type_id": "184"
                    },
                    {
                        "count": 7,
                        "vehicle_type_id": "254"
                    },
                    {
                        "count": 1,
                        "vehicle_type_id": "258"
                    },
                    {
                        "count": 5,
                        "vehicle_type_id": "333"
                    }
                ]
            },
            "type": "Feature"
        },
        {
            "geometry": {
                "coordinates": [
                    14.98444,
                    50.51846
                ],
                "type": "Point"
            },
            "properties": {
                "capacity": 4,
                "is_installed": true,
                "is_renting": true,
                "is_returning": true,
                "is_virtual_station": false,
                "last_reported": 1789277842,
                "name": "Jir\u00e1skova ulice - za trat\u00ed",
                "num_bikes_available": 2,
                "num_docks_available": 2,
                "region_id": "704",
                "rental_uris": {
                    "android": "https://app.nextbike.net/station?id=45985430",
                    "ios": "https://app.nextbike.net/station?id=45985430",
                    "web": "https://nxtb.it/p/45985430"
                },
                "short_name": "48302",
                "station_id": "45985430",
                "vehicle_types_available": [
                    {
                        "count": 1,
                        "vehicle_type_id": "254"
                    },
                    {
                        "count": 1,
                        "vehicle_type_id": "333"
                    }
                ]
            },
            "type": "Feature"
        },
        {
            "geometry": {
                "coordinates": [
                    14.97065,
                    50.53627
                ],
                "type": "Point"
            },
            "properties": {
                "capacity": 4,
                "is_installed": true,
                "is_renting": true,
                "is_returning": true,
                "is_virtual_station": false,
                "last_reported": 1789277842,
                "name": "U Statku",
                "num_bikes_available": 7,
                "num_docks_available": 0,
                "region_id": "704",
                "rental_uris": {
                    "android": "https://app.nextbike.net/station?id=45985451",
                    "ios": "https://app.nextbike.net/station?id=45985451",
                    "web": "https://nxtb.it/p/45985451"
                },
                "short_name": "48303",
                "station_id": "45985451",
                "vehicle_types_available": [
                    {
                        "count": 1,
                        "vehicle_type_id": "254"
                    },
                    {
                        "count": 6,
                        "vehicle_type_id": "333"
                    }
                ]
            },
            "type": "Feature"
        },
        {
            "geometry": {
                "coordinates": [
                    14.886129,
                    50.446246
                ],
                "type": "Point"
            },
            "properties": {
                "is_installed": true,
                "is_renting": true,
                "is_returning": true,
                "is_virtual_station": false,
                "last_reported": 1789277842,
                "name": "Deb\u0159 - n\u00e1dra\u017e\u00ed",
                "num_bikes_available": 2,
                "num_docks_available": 0,
                "region_id": "681",
                "rental_uris": {
                    "android": "https://app.nextbike.net/station?id=45985482",
                    "ios": "https://app.nextbike.net/station?id=45985482",
                    "web": "https://nxtb.it/p/45985482"
                },
                "short_name": "48305",
                "station_id": "45985482",
                "vehicle_types_available": [
                    {
                        "count": 1,
                        "vehicle_type_id": "254"
                    },
                    {
                        "count": 1,
                        "vehicle_type_id": "427"
                    }
                ]
            },
            "type": "Feature"
        },
        {
            "geometry": {
                "coordinates": [
                    14.938459,
                    50.398467
                ],
                "type": "Point"
            },
            "properties": {
                "capacity": 2,
                "is_installed": true,
                "is_renting": true,
                "is_returning": true,
                "is_virtual_station": false,
                "last_reported": 1789277842,
                "name": "Jemn\u00edky",
                "num_bikes_available": 2,
                "num_docks_available": 0,
                "region_id": "681",
                "rental_uris": {
                    "android": "https://app.nextbike.net/station?id=45985496",
                    "ios": "https://app.nextbike.net/station?id=45985496",
                    "web": "https://nxtb.it/p/45985496"
                },
                "short_name": "48306",
                "station_id": "45985496",
                "vehicle_types_available": [
                    {
                        "count": 1,
                        "vehicle_type_id": "254"
                    },
                    {
                        "count": 1,
                        "vehicle_type_id": "333"
                    }
                ]
            },
            "type": "Feature"
        },
        {
            "geometry": {
                "coordinates": [
                    14.91976,
                    50.44509
                ],
                "type": "Point"
            },
            "properties": {
                "is_installed": true,
                "is_renting": true,
                "is_returning": true,
                "is_virtual_station": false,
                "last_reported": 1789277842,
                "name": "Kosmonosy - Obora park, parkovi\u0161t\u011b",
                "num_bikes_available": 0,
                "num_docks_available": 0,
                "region_id": "681",
                "rental_uris": {
                    "android": "https://app.nextbike.net/station?id=482813001",
                    "ios": "https://app.nextbike.net/station?id=482813001",
                    "web": "https://nxtb.it/p/482813001"
                },
                "short_name": "495380",
                "station_id": "482813001",
                "vehicle_types_available": []
            },
            "type": "Feature"
        },
        {
            "geometry": {
                "coordinates": [
                    14.90236,
                    50.44897
                ],
                "type": "Point"
            },
            "properties": {
                "is_installed": true,
                "is_renting": true,
                "is_returning": true,
                "is_virtual_station": false,
                "last_reported": 1789277842,
                "name": "Bradlec - Na V\u00fdslun\u00ed",
                "num_bikes_available": 0,
                "num_docks_available": 0,
                "region_id": "681",
                "rental_uris": {
                    "android": "https://app.nextbike.net/station?id=483738633",
                    "ios": "https://app.nextbike.net/station?id=483738633",
                    "web": "https://nxtb.it/p/483738633"
                },
                "short_name": "495393",
                "station_id": "483738633",
                "vehicle_types_available": []
            },
            "type": "Feature"
        },
        {
            "geometry": {
                "coordinates": [
                    14.89581,
                    50.41812
                ],
                "type": "Point"
            },
            "properties": {
                "is_installed": true,
                "is_renting": true,
                "is_returning": true,
                "is_virtual_station": false,
                "last_reported": 1789277842,
                "name": "U \u010cesany - l\u00e1vka",
                "num_bikes_available": 0,
                "num_docks_available": 0,
                "region_id": "681",
                "rental_uris": {
                    "android": "https://app.nextbike.net/station?id=488905112",
                    "ios": "https://app.nextbike.net/station?id=488905112",
                    "web": "https://nxtb.it/p/488905112"
                },
                "short_name": "495394",
                "station_id": "488905112",
                "vehicle_types_available": []
            },
            "type": "Feature"
        },
        {
            "geometry": {
                "coordinates": [
                    14.888256,
                    50.396878
                ],
                "type": "Point"
            },
            "properties": {
                "capacity": 4,
                "is_installed": true,
                "is_renting": true,
                "is_returning": true,
                "is_virtual_station": false,
                "last_reported": 1789277842,
                "name": "Chr\u00e1st",
                "num_bikes_available": 1,
                "num_docks_available": 3,
                "region_id": "681",
                "rental_uris": {
                    "android": "https://app.nextbike.net/station?id=518712072",
                    "ios": "https://app.nextbike.net/station?id=518712072",
                    "web": "https://nxtb.it/p/518712072"
                },
                "short_name": "46810",
                "station_id": "518712072",
                "vehicle_types_available": [
                    {
                        "count": 1,
                        "vehicle_type_id": "184"
                    }
                ]
            },
            "type": "Feature"
        },
        {
            "geometry": {
                "coordinates": [
                    14.90215,
                    50.42591
                ],
                "type": "Point"
            },
            "properties": {
                "is_installed": true,
                "is_renting": true,
                "is_returning": true,
                "is_virtual_station": false,
                "last_reported": 1789277842,
                "name": "Na Radou\u010di - mate\u0159sk\u00e1 \u0161kolka",
                "num_bikes_available": 0,
                "num_docks_available": 0,
                "region_id": "681",
                "rental_uris": {
                    "android": "https://app.nextbike.net/station?id=531279122",
                    "ios": "https://app.nextbike.net/station?id=531279122",
                    "web": "https://nxtb.it/p/531279122"
                },
                "short_name": "46692",
                "station_id": "531279122",
                "vehicle_types_available": []
            },
            "type": "Feature"
        },
        {
            "geometry": {
                "coordinates": [
                    14.9514,
                    50.41226
                ],
                "type": "Point"
            },
            "properties": {
                "is_installed": true,
                "is_renting": true,
                "is_returning": true,
                "is_virtual_station": false,
                "last_reported": 1789277842,
                "name": "Pr\u016fmyslov\u00e1 z\u00f3na Plazy",
                "num_bikes_available": 1,
                "num_docks_available": 0,
                "region_id": "681",
                "rental_uris": {
                    "android": "https://app.nextbike.net/station?id=531279764",
                    "ios": "https://app.nextbike.net/station?id=531279764",
                    "web": "https://nxtb.it/p/531279764"
                },
                "short_name": "46693",
                "station_id": "531279764",
                "vehicle_types_available": [
                    {
                        "count": 1,
                        "vehicle_type_id": "254"
                    }
                ]
            },
            "type": "Feature"
        },
        {
            "geometry": {
                "coordinates": [
                    14.879482,
                    50.425414
                ],
                "type": "Point"
            },
            "properties": {
                "is_installed": true,
                "is_renting": true,
                "is_returning": true,
                "is_virtual_station": false,
                "last_reported": 1789277842,
                "name": "Dalovice, \u0161kola",
                "num_bikes_available": 0,
                "num_docks_available": 0,
                "region_id": "681",
                "rental_uris": {
                    "android": "https://app.nextbike.net/station?id=540544124",
                    "ios": "https://app.nextbike.net/station?id=540544124",
                    "web": "https://nxtb.it/p/540544124"
                },
                "short_name": "46359",
                "station_id": "540544124",
                "vehicle_types_available": []
            },
            "type": "Feature"
        },
        {
            "geometry": {
                "coordinates": [
                    14.9727,
                    50.51819
                ],
                "type": "Point"
            },
            "properties": {
                "is_installed": true,
                "is_renting": true,
                "is_returning": true,
                "is_virtual_station": false,
                "last_reported": 1789277842,
                "name": "\u010csl. arm\u00e1dy, potraviny",
                "num_bikes_available": 1,
                "num_docks_available": 0,
                "region_id": "704",
                "rental_uris": {
                    "android": "https://app.nextbike.net/station?id=542499872",
                    "ios": "https://app.nextbike.net/station?id=542499872",
                    "web": "https://nxtb.it/p/542499872"
                },
                "short_name": "48769",
                "station_id": "542499872",
                "vehicle_types_available": [
                    {
                        "count": 1,
                        "vehicle_type_id": "333"
                    }
                ]
            },
            "type": "Feature"
        },
        {
            "geometry": {
                "coordinates": [
                    14.936358,
                    50.411693
                ],
                "type": "Point"
            },
            "properties": {
                "is_installed": true,
                "is_renting": true,
                "is_returning": true,
                "is_virtual_station": false,
                "last_reported": 1789277842,
                "name": "Albert",
                "num_bikes_available": 0,
                "num_docks_available": 0,
                "region_id": "681",
                "rental_uris": {
                    "android": "https://app.nextbike.net/station?id=545162434",
                    "ios": "https://app.nextbike.net/station?id=545162434",
                    "web": "https://nxtb.it/p/545162434"
                },
                "short_name": "46891",
                "station_id": "545162434",
                "vehicle_types_available": []
            },
            "type": "Feature"
        },
        {
            "geometry": {
                "coordinates": [
                    14.923314,
                    50.416494
                ],
                "type": "Point"
            },
            "properties": {
                "is_installed": true,
                "is_renting": true,
                "is_returning": true,
                "is_virtual_station": false,
                "last_reported": 1789277842,
                "name": "6. Br\u00e1na \u0160koda",
                "num_bikes_available": 2,
                "num_docks_available": 0,
                "region_id": "681",
                "rental_uris": {
                    "android": "https://app.nextbike.net/station?id=54746085",
                    "ios": "https://app.nextbike.net/station?id=54746085",
                    "web": "https://nxtb.it/p/54746085"
                },
                "short_name": "49000",
                "station_id": "54746085",
                "vehicle_types_available": [
                    {
                        "count": 1,
                        "vehicle_type_id": "254"
                    },
                    {
                        "count": 1,
                        "vehicle_type_id": "333"
                    }
                ]
            },
            "type": "Feature"
        },
        {
            "geometry": {
                "coordinates": [
                    14.90224,
                    50.410776
                ],
                "type": "Point"
            },
            "properties": {
                "is_installed": true,
                "is_renting": true,
                "is_returning": true,
                "is_virtual_station": false,
                "last_reported": 1789277842,
                "name": "Starom\u011bstsk\u00e9 n\u00e1m\u011bst\u00ed II",
                "num_bikes_available": 0,
                "num_docks_available": 0,
                "region_id": "681",
                "rental_uris": {
                    "android": "https://app.nextbike.net/station?id=54746143",
                    "ios": "https://app.nextbike.net/station?id=54746143",
                    "web": "https://nxtb.it/p/54746143"
                },
                "short_name": "49001",
                "station_id": "54746143",
                "vehicle_types_available": []
            },
            "type": "Feature"
        },
        {
            "geometry": {
                "coordinates": [
                    14.898754,
                    50.437984
                ],
                "type": "Point"
            },
            "properties": {
                "is_installed": true,
                "is_renting": true,
                "is_returning": true,
                "is_virtual_station": false,
                "last_reported": 1789277842,
                "name": "Deb\u0159 I",
                "num_bikes_available": 1,
                "num_docks_available": 0,
                "region_id": "681",
                "rental_uris": {
                    "android": "https://app.nextbike.net/station?id=54746210",
                    "ios": "https://app.nextbike.net/station?id=54746210",
                    "web": "https://nxtb.it/p/54746210"
                },
                "short_name": "49002",
                "station_id": "54746210",
                "vehicle_types_available": [
                    {
                        "count": 1,
                        "vehicle_type_id": "254"
                    }
                ]
            },
            "type": "Feature"
        },
        {
            "geometry": {
                "coordinates": [
                    14.896778,
                    50.413134
                ],
                "type": "Point"
            },
            "properties": {
                "is_installed": true,
                "is_renting": true,
                "is_returning": true,
                "is_virtual_station": false,
                "last_reported": 1789277842,
                "name": "Kon\u011bvova - parkovi\u0161t\u011b \u0160A",
                "num_bikes_available": 6,
                "num_docks_available": 0,
                "region_id": "681",
                "rental_uris": {
                    "android": "https://app.nextbike.net/station?id=54746257",
                    "ios": "https://app.nextbike.net/station?id=54746257",
                    "web": "https://nxtb.it/p/54746257"
                },
                "short_name": "49003",
                "station_id": "54746257",
                "vehicle_types_available": [
                    {
                        "count": 4,
                        "vehicle_type_id": "254"
                    },
                    {
                        "count": 2,
                        "vehicle_type_id": "333"
                    }
                ]
            },
            "type": "Feature"
        },
        {
            "geometry": {
                "coordinates": [
                    14.886633,
                    50.412702
                ],
                "type": "Point"
            },
            "properties": {
                "is_installed": true,
                "is_renting": true,
                "is_returning": true,
                "is_virtual_station": false,
                "last_reported": 1789277842,
                "name": "\u010cejetice - fotbalov\u00e9 h\u0159i\u0161t\u011b",
                "num_bikes_available": 2,
                "num_docks_available": 0,
                "region_id": "681",
                "rental_uris": {
                    "android": "https://app.nextbike.net/station?id=54746309",
                    "ios": "https://app.nextbike.net/station?id=54746309",
                    "web": "https://nxtb.it/p/54746309"
                },
                "short_name": "49004",
                "station_id": "54746309",
                "vehicle_types_available": [
                    {
                        "count": 2,
                        "vehicle_type_id": "333"
                    }
                ]
            },
            "type": "Feature"
        },
        {
            "geometry": {
                "coordinates": [
                    14.92196,
                    50.410764
                ],
                "type": "Point"
            },
            "properties": {
                "is_installed": true,
                "is_renting": true,
                "is_returning": true,
                "is_virtual_station": false,
                "last_reported": 1789277842,
                "name": "Rozvoj",
                "num_bikes_available": 0,
                "num_docks_available": 0,
                "region_id": "681",
                "rental_uris": {
                    "android": "https://app.nextbike.net/station?id=55405694",
                    "ios": "https://app.nextbike.net/station?id=55405694",
                    "web": "https://nxtb.it/p/55405694"
                },
                "short_name": "48013",
                "station_id": "55405694",
                "vehicle_types_available": []
            },
            "type": "Feature"
        },
        {
            "geometry": {
                "coordinates": [
                    14.9059,
                    50.415058
                ],
                "type": "Point"
            },
            "properties": {
                "is_installed": true,
                "is_renting": true,
                "is_returning": true,
                "is_virtual_station": false,
                "last_reported": 1789277842,
                "name": "Osmilet\u00e9 gymn\u00e1zium",
                "num_bikes_available": 0,
                "num_docks_available": 0,
                "region_id": "681",
                "rental_uris": {
                    "android": "https://app.nextbike.net/station?id=56125242",
                    "ios": "https://app.nextbike.net/station?id=56125242",
                    "web": "https://nxtb.it/p/56125242"
                },
                "short_name": "49005",
                "station_id": "56125242",
                "vehicle_types_available": []
            },
            "type": "Feature"
        },
        {
            "geometry": {
                "coordinates": [
                    14.909333,
                    50.423859
                ],
                "type": "Point"
            },
            "properties": {
                "is_installed": true,
                "is_renting": true,
                "is_returning": true,
                "is_virtual_station": false,
                "last_reported": 1789277842,
                "name": "Havl\u00ed\u010dkova - Erbenova",
                "num_bikes_available": 1,
                "num_docks_available": 0,
                "region_id": "681",
                "rental_uris": {
                    "android": "https://app.nextbike.net/station?id=56125274",
                    "ios": "https://app.nextbike.net/station?id=56125274",
                    "web": "https://nxtb.it/p/56125274"
                },
                "short_name": "49006",
                "station_id": "56125274",
                "vehicle_types_available": [
                    {
                        "count": 1,
                        "vehicle_type_id": "427"
                    }
                ]
            },
            "type": "Feature"
        },
        {
            "geometry": {
                "coordinates": [
                    14.930712,
                    50.434641
                ],
                "type": "Point"
            },
            "properties": {
                "is_installed": true,
                "is_renting": true,
                "is_returning": true,
                "is_virtual_station": false,
                "last_reported": 1789277842,
                "name": "Kosmonosy - V\u00edta Nejedl\u00e9ho",
                "num_bikes_available": 0,
                "num_docks_available": 0,
                "region_id": "681",
                "rental_uris": {
                    "android": "https://app.nextbike.net/station?id=56125295",
                    "ios": "https://app.nextbike.net/station?id=56125295",
                    "web": "https://nxtb.it/p/56125295"
                },
                "short_name": "49007",
                "station_id": "56125295",
                "vehicle_types_available": []
            },
            "type": "Feature"
        },
        {
            "geometry": {
                "coordinates": [
                    14.908202,
                    50.439725
                ],
                "type": "Point"
            },
            "properties": {
                "is_installed": true,
                "is_renting": true,
                "is_returning": true,
                "is_virtual_station": false,
                "last_reported": 1789277842,
                "name": "Zahr\u00e1dk\u00e1\u0159sk\u00e1 kolonie",
                "num_bikes_available": 0,
                "num_docks_available": 0,
                "region_id": "681",
                "rental_uris": {
                    "android": "https://app.nextbike.net/station?id=56125318",
                    "ios": "https://app.nextbike.net/station?id=56125318",
                    "web": "https://nxtb.it/p/56125318"
                },
                "short_name": "49008",
                "station_id": "56125318",
                "vehicle_types_available": []
            },
            "type": "Feature"
        },
        {
            "geometry": {
                "coordinates": [
                    14.920529,
                    50.411426
                ],
                "type": "Point"
            },
            "properties": {
                "is_installed": true,
                "is_renting": true,
                "is_returning": true,
                "is_virtual_station": false,
                "last_reported": 1789277842,
                "name": "U kas\u00e1ren",
                "num_bikes_available": 0,
                "num_docks_available": 0,
                "region_id": "681",
                "rental_uris": {
                    "android": "https://app.nextbike.net/station?id=56125331",
                    "ios": "https://app.nextbike.net/station?id=56125331",
                    "web": "https://nxtb.it/p/56125331"
                },
                "short_name": "49009",
                "station_id": "56125331",
                "vehicle_types_available": []
            },
            "type": "Feature"
        },
        {
            "geometry": {
                "coordinates": [
                    14.905789,
                    50.422565
                ],
                "type": "Point"
            },
            "properties": {
                "is_installed": true,
                "is_renting": true,
                "is_returning": true,
                "is_virtual_station": false,
                "last_reported": 1789277842,
                "name": "\u010cechova",
                "num_bikes_available": 0,
                "num_docks_available": 0,
                "region_id": "681",
                "rental_uris": {
                    "android": "https://app.nextbike.net/station?id=56125354",
                    "ios": "https://app.nextbike.net/station?id=56125354",
                    "web": "https://nxtb.it/p/56125354"
                },
                "short_name": "49010",
                "station_id": "56125354",
                "vehicle_types_available": []
            },
            "type": "Feature"
        },
        {
            "geometry": {
                "coordinates": [
                    14.89812,
                    50.40707
                ],
                "type": "Point"
            },
            "properties": {
                "is_installed": true,
                "is_renting": true,
                "is_returning": true,
                "is_virtual_station": false,
                "last_reported": 1789277842,
                "name": "Akuma",
                "num_bikes_available": 1,
                "num_docks_available": 0,
                "region_id": "681",
                "rental_uris": {
                    "android": "https://app.nextbike.net/station?id=561663074",
                    "ios": "https://app.nextbike.net/station?id=561663074",
                    "web": "https://nxtb.it/p/561663074"
                },
                "short_name": "495395",
                "station_id": "561663074",
                "vehicle_types_available": [
                    {
                        "count": 1,
                        "vehicle_type_id": "333"
                    }
                ]
            },
            "type": "Feature"
        },
        {
            "geometry": {
                "coordinates": [
                    14.89992,
                    50.43628
                ],
                "type": "Point"
            },
            "properties": {
                "is_installed": true,
                "is_renting": true,
                "is_returning": true,
                "is_virtual_station": false,
                "last_reported": 1789277842,
                "name": "Deb\u0159, skatepark",
                "num_bikes_available": 0,
                "num_docks_available": 0,
                "region_id": "681",
                "rental_uris": {
                    "android": "https://app.nextbike.net/station?id=581790702",
                    "ios": "https://app.nextbike.net/station?id=581790702",
                    "web": "https://nxtb.it/p/581790702"
                },
                "short_name": "495396",
                "station_id": "581790702",
                "vehicle_types_available": []
            },
            "type": "Feature"
        },
        {
            "geometry": {
                "coordinates": [
                    14.90928,
                    50.41744
                ],
                "type": "Point"
            },
            "properties": {
                "is_installed": true,
                "is_renting": true,
                "is_returning": true,
                "is_virtual_station": false,
                "last_reported": 1789277842,
                "name": "Bo\u017eeny N\u011bmcov\u00e9, \u0161kola",
                "num_bikes_available": 0,
                "num_docks_available": 0,
                "region_id": "681",
                "rental_uris": {
                    "android": "https://app.nextbike.net/station?id=600488948",
                    "ios": "https://app.nextbike.net/station?id=600488948",
                    "web": "https://nxtb.it/p/600488948"
                },
                "short_name": "47770",
                "station_id": "600488948",
                "vehicle_types_available": []
            },
            "type": "Feature"
        },
        {
            "geometry": {
                "coordinates": [
                    14.91396,
                    50.41113
                ],
                "type": "Point"
            },
            "properties": {
                "is_installed": true,
                "is_renting": true,
                "is_returning": true,
                "is_virtual_station": false,
                "last_reported": 1789277842,
                "name": "N\u00e1m\u011bst\u00ed Republiky, potraviny",
                "num_bikes_available": 1,
                "num_docks_available": 0,
                "region_id": "681",
                "rental_uris": {
                    "android": "https://app.nextbike.net/station?id=600488993",
                    "ios": "https://app.nextbike.net/station?id=600488993",
                    "web": "https://nxtb.it/p/600488993"
                },
                "short_name": "47771",
                "station_id": "600488993",
                "vehicle_types_available": [
                    {
                        "count": 1,
                        "vehicle_type_id": "333"
                    }
                ]
            },
            "type": "Feature"
        },
        {
            "geometry": {
                "coordinates": [
                    14.91556,
                    50.41069
                ],
                "type": "Point"
            },
            "properties": {
                "is_installed": true,
                "is_renting": true,
                "is_returning": true,
                "is_virtual_station": false,
                "last_reported": 1789277842,
                "name": "N\u00e1m\u011bst\u00ed Republiky, st\u0159ed",
                "num_bikes_available": 0,
                "num_docks_available": 0,
                "region_id": "681",
                "rental_uris": {
                    "android": "https://app.nextbike.net/station?id=600489049",
                    "ios": "https://app.nextbike.net/station?id=600489049",
                    "web": "https://nxtb.it/p/600489049"
                },
                "short_name": "47772",
                "station_id": "600489049",
                "vehicle_types_available": []
            },
            "type": "Feature"
        },
        {
            "geometry": {
                "coordinates": [
                    14.90231,
                    50.4087
                ],
                "type": "Point"
            },
            "properties": {
                "is_installed": true,
                "is_renting": true,
                "is_returning": true,
                "is_virtual_station": false,
                "last_reported": 1789277842,
                "name": "Pod hradem, bus",
                "num_bikes_available": 4,
                "num_docks_available": 0,
                "region_id": "681",
                "rental_uris": {
                    "android": "https://app.nextbike.net/station?id=600489091",
                    "ios": "https://app.nextbike.net/station?id=600489091",
                    "web": "https://nxtb.it/p/600489091"
                },
                "short_name": "47773",
                "station_id": "600489091",
                "vehicle_types_available": [
                    {
                        "count": 2,
                        "vehicle_type_id": "254"
                    },
                    {
                        "count": 2,
                        "vehicle_type_id": "333"
                    }
                ]
            },
            "type": "Feature"
        },
        {
            "geometry": {
                "coordinates": [
                    14.91717,
                    50.42387
                ],
                "type": "Point"
            },
            "properties": {
                "capacity": 6,
                "is_installed": true,
                "is_renting": true,
                "is_returning": true,
                "is_virtual_station": false,
                "last_reported": 1789277842,
                "name": "V. Klementa/8. br\u00e1na",
                "num_bikes_available": 0,
                "num_docks_available": 6,
                "region_id": "681",
                "rental_uris": {
                    "android": "https://app.nextbike.net/station?id=611353003",
                    "ios": "https://app.nextbike.net/station?id=611353003",
                    "web": "https://nxtb.it/p/611353003"
                },
                "short_name": "495397",
                "station_id": "611353003",
                "vehicle_types_available": []
            },
            "type": "Feature"
        },
        {
            "geometry": {
                "coordinates": [
                    14.92876,
                    50.41013
                ],
                "type": "Point"
            },
            "properties": {
                "is_installed": true,
                "is_renting": true,
                "is_returning": true,
                "is_virtual_station": true,
                "last_reported": 1789277842,
                "name": "M\u011bstsk\u00e9 koupali\u0161t\u011b",
                "num_bikes_available": 3,
                "num_docks_available": 0,
                "region_id": "681",
                "rental_uris": {
                    "android": "https://app.nextbike.net/station?id=625046050",
                    "ios": "https://app.nextbike.net/station?id=625046050",
                    "web": "https://nxtb.it/p/625046050"
                },
                "short_name": "47742",
                "station_area": {
                    "coordinates": [
                        [
                            [
                                [
                                    14.92876,
                                    50.410355
                                ],
                                [
                                    14.929065,
                                    50.410242
                                ],
                                [
                                    14.929065,
                                    50.410018
                                ],
                                [
                                    14.92876,
                                    50.409905
                                ],
                                [
                                    14.928455,
                                    50.410018
                                ],
                                [
                                    14.928455,
                                    50.410242
                                ],
                                [
                                    14.92876,
                                    50.410355
                                ]
                            ]
                        ]
                    ],
                    "type": "MultiPolygon"
                },
                "station_id": "625046050",
                "vehicle_types_available": [
                    {
                        "count": 1,
                        "vehicle_type_id": "254"
                    },
                    {
                        "count": 1,
                        "vehicle_type_id": "333"
                    },
                    {
                        "count": 1,
                        "vehicle_type_id": "427"
                    }
                ]
            },
            "type": "Feature"
        },
        {
            "geometry": {
                "coordinates": [
                    14.884034,
                    50.434686
                ],
                "type": "Point"
            },
            "properties": {
                "is_installed": true,
                "is_renting": true,
                "is_returning": true,
                "is_virtual_station": false,
                "last_reported": 1789277842,
                "name": "Michalovce",
                "num_bikes_available": 0,
                "num_docks_available": 0,
                "region_id": "681",
                "rental_uris": {
                    "android": "https://app.nextbike.net/station?id=89314235",
                    "ios": "https://app.nextbike.net/station?id=89314235",
                    "web": "https://nxtb.it/p/89314235"
                },
                "short_name": "49436",
                "station_id": "89314235",
                "vehicle_types_available": []
            },
            "type": "Feature"
        },
        {
            "geometry": {
                "coordinates": [
                    14.890018,
                    50.443301
                ],
                "type": "Point"
            },
            "properties": {
                "is_installed": true,
                "is_renting": true,
                "is_returning": true,
                "is_virtual_station": false,
                "last_reported": 1789277842,
                "name": "Deb\u0159 II",
                "num_bikes_available": 5,
                "num_docks_available": 0,
                "region_id": "681",
                "rental_uris": {
                    "android": "https://app.nextbike.net/station?id=91556692",
                    "ios": "https://app.nextbike.net/station?id=91556692",
                    "web": "https://nxtb.it/p/91556692"
                },
                "short_name": "49437",
                "station_id": "91556692",
                "vehicle_types_available": [
                    {
                        "count": 2,
                        "vehicle_type_id": "184"
                    },
                    {
                        "count": 1,
                        "vehicle_type_id": "254"
                    },
                    {
                        "count": 1,
                        "vehicle_type_id": "333"
                    },
                    {
                        "count": 1,
                        "vehicle_type_id": "427"
                    }
                ]
            },
            "type": "Feature"
        },
        {
            "geometry": {
                "coordinates": [
                    14.912679,
                    50.426072
                ],
                "type": "Point"
            },
            "properties": {
                "capacity": 10,
                "is_installed": true,
                "is_renting": true,
                "is_returning": true,
                "is_virtual_station": false,
                "last_reported": 1789277842,
                "name": "M\u011bstsk\u00e1 sportovn\u00ed hala",
                "num_bikes_available": 1,
                "num_docks_available": 9,
                "region_id": "681",
                "rental_uris": {
                    "android": "https://app.nextbike.net/station?id=95223482",
                    "ios": "https://app.nextbike.net/station?id=95223482",
                    "web": "https://nxtb.it/p/95223482"
                },
                "short_name": "49470",
                "station_id": "95223482",
                "vehicle_types_available": [
                    {
                        "count": 1,
                        "vehicle_type_id": "254"
                    }
                ]
            },
            "type": "Feature"
        }
    ],
    "gbfs": {
        "station_information": {
            "last_updated": 1789277842,
            "ttl": 60,
            "version": "2.3"
        },
        "station_status": {
            "last_updated": 1789277842,
            "ttl": 60,
            "version": "2.3"
        }
    },
    "type": "FeatureCollection"
}