{
    "features": [
        {
            "geometry": {
                "coordinates": [
                    -71.21574255155943,
                    46.807752157533336
                ],
                "type": "Point"
            },
            "properties": {
                "address": "730 Rue Jacques-Parizeau",
                "altitude": 0.0,
                "capacity": 36,
                "geofenced_capacity": 0,
                "groups": [
                    "Prolongation de saison novembre"
                ],
                "is_charging_station": true,
                "is_installed": true,
                "is_renting": true,
                "is_returning": true,
                "is_valet_station": true,
                "is_virtual_station": false,
                "last_reported": 1762435785,
                "name": "Parc de la Francophonie",
                "nearby_distance": 1000.0,
                "num_bikes_available": 26,
                "num_bikes_disabled": 0,
                "num_docks_available": 10,
                "num_docks_disabled": 0,
                "obcn": "",
                "physical_configuration": "ELECTRICBIKESTATION",
                "post_code": "G1R 5E5",
                "rental_methods": [
                    "KEY",
                    "TRANSITCARD",
                    "CREDITCARD",
                    "PHONE"
                ],
                "rental_uris": {},
                "short_name": "",
                "station_id": "10",
                "status": "IN_SERVICE",
                "traffic": null,
                "vehicle_docks_available": [
                    {
                        "count": 10,
                        "vehicle_type_ids": [
                            "EFIT",
                            "BOOST",
                            "ICONIC",
                            "FIT"
                        ]
                    }
                ],
                "vehicle_types_available": [
                    {
                        "count": 0,
                        "vehicle_type_id": "FIT"
                    },
                    {
                        "count": 0,
                        "vehicle_type_id": "ICONIC"
                    },
                    {
                        "count": 0,
                        "vehicle_type_id": "BOOST"
                    },
                    {
                        "count": 26,
                        "vehicle_type_id": "EFIT"
                    }
                ]
            },
            "type": "Feature"
        },
        {
            "geometry": {
                "coordinates": [
                    -71.23406555757677,
                    46.82999344468069
                ],
                "type": "Point"
            },
            "properties": {
                "address": "Beno\u00eet-XV / 16e Rue",
                "altitude": 0.0,
                "capacity": 20,
                "geofenced_capacity": 0,
                "groups": [
                    "Stations \u00e9lectrifi\u00e9es 2025",
                    "Prolongation de saison novembre"
                ],
                "is_charging_station": true,
                "is_installed": true,
                "is_renting": true,
                "is_returning": true,
                "is_virtual_station": false,
                "last_reported": 1762435750,
                "name": "Beno\u00eet-XV / 16e Rue",
                "nearby_distance": 1000.0,
                "num_bikes_available": 15,
                "num_bikes_disabled": 0,
                "num_docks_available": 5,
                "num_docks_disabled": 0,
                "obcn": "",
                "physical_configuration": "ELECTRICBIKESTATION",
                "rental_methods": [
                    "KEY",
                    "TRANSITCARD",
                    "CREDITCARD",
                    "PHONE"
                ],
                "rental_uris": {},
                "short_name": "",
                "station_id": "103",
                "status": "IN_SERVICE",
                "traffic": null,
                "vehicle_docks_available": [
                    {
                        "count": 5,
                        "vehicle_type_ids": [
                            "EFIT",
                            "BOOST",
                            "ICONIC",
                            "FIT"
                        ]
                    }
                ],
                "vehicle_types_available": [
                    {
                        "count": 0,
                        "vehicle_type_id": "FIT"
                    },
                    {
                        "count": 0,
                        "vehicle_type_id": "ICONIC"
                    },
                    {
                        "count": 0,
                        "vehicle_type_id": "BOOST"
                    },
                    {
                        "count": 15,
                        "vehicle_type_id": "EFIT"
                    }
                ]
            },
            "type": "Feature"
        },
        {
            "geometry": {
                "coordinates": [
                    -71.23717313373956,
                    46.83690506957536
                ],
                "type": "Point"
            },
            "properties": {
                "address": "26e Rue / 25e Rue",
                "altitude": 0.0,
                "capacity": 16,
                "geofenced_capacity": 0,
                "groups": [
                    "Stations \u00e9lectrifi\u00e9es 2025",
                    "Prolongation de saison novembre"
                ],
                "is_charging_station": true,
                "is_installed": true,
                "is_renting": true,
                "is_returning": true,
                "is_virtual_station": false,
                "last_reported": 1762435665,
                "name": "26e Rue / 25e Rue",
                "nearby_distance": 1000.0,
                "num_bikes_available": 4,
                "num_bikes_disabled": 0,
                "num_docks_available": 12,
                "num_docks_disabled": 0,
                "obcn": "",
                "physical_configuration": "ELECTRICBIKESTATION",
                "rental_methods": [
                    "KEY",
                    "TRANSITCARD",
                    "CREDITCARD",
                    "PHONE"
                ],
                "rental_uris": {},
                "short_name": "",
                "station_id": "104",
                "status": "IN_SERVICE",
                "traffic": null,
                "vehicle_docks_available": [
                    {
                        "count": 12,
                        "vehicle_type_ids": [
                            "EFIT",
                            "BOOST",
                            "ICONIC",
                            "FIT"
                        ]
                    }
                ],
                "vehicle_types_available": [
                    {
                        "count": 0,
                        "vehicle_type_id": "FIT"
                    },
                    {
                        "count": 0,
                        "vehicle_type_id": "ICONIC"
                    },
                    {
                        "count": 0,
                        "vehicle_type_id": "BOOST"
                    },
                    {
                        "count": 4,
                        "vehicle_type_id": "EFIT"
                    }
                ]
            },
            "type": "Feature"
        },
        {
            "geometry": {
                "coordinates": [
                    -71.22207256483458,
                    46.83992332197408
                ],
                "type": "Point"
            },
            "properties": {
                "address": "\u00c9glise de Saint-Pascal-de-Maizerets",
                "altitude": 0.0,
                "capacity": 20,
                "geofenced_capacity": 0,
                "groups": [
                    "Stations \u00e9lectrifi\u00e9es 2025",
                    "Prolongation de saison novembre"
                ],
                "is_charging_station": true,
                "is_installed": true,
                "is_renting": true,
                "is_returning": true,
                "is_virtual_station": false,
                "last_reported": 1762435760,
                "name": "\u00c9glise de Saint-Pascal-de-Maizerets",
                "nearby_distance": 1000.0,
                "num_bikes_available": 4,
                "num_bikes_disabled": 0,
                "num_docks_available": 16,
                "num_docks_disabled": 0,
                "obcn": "",
                "physical_configuration": "ELECTRICBIKESTATION",
                "rental_methods": [
                    "KEY",
                    "TRANSITCARD",
                    "CREDITCARD",
                    "PHONE"
                ],
                "rental_uris": {},
                "short_name": "",
                "station_id": "105",
                "status": "IN_SERVICE",
                "traffic": null,
                "vehicle_docks_available": [
                    {
                        "count": 16,
                        "vehicle_type_ids": [
                            "EFIT",
                            "BOOST",
                            "ICONIC",
                            "FIT"
                        ]
                    }
                ],
                "vehicle_types_available": [
                    {
                        "count": 0,
                        "vehicle_type_id": "FIT"
                    },
                    {
                        "count": 0,
                        "vehicle_type_id": "ICONIC"
                    },
                    {
                        "count": 0,
                        "vehicle_type_id": "BOOST"
                    },
                    {
                        "count": 4,
                        "vehicle_type_id": "EFIT"
                    }
                ]
            },
            "type": "Feature"
        },
        {
            "geometry": {
                "coordinates": [
                    -71.22581692861937,
                    46.803790282177374
                ],
                "type": "Point"
            },
            "properties": {
                "address": "1051 Avenue Cartier",
                "altitude": 0.0,
                "capacity": 28,
                "geofenced_capacity": 0,
                "groups": [
                    "Stations \u00e9lectrifi\u00e9es 2025",
                    "Prolongation de saison novembre"
                ],
                "is_charging_station": true,
                "is_installed": true,
                "is_renting": true,
                "is_returning": true,
                "is_virtual_station": false,
                "last_reported": 1762435668,
                "name": "Fraser / Cartier",
                "nearby_distance": 1000.0,
                "num_bikes_available": 14,
                "num_bikes_disabled": 1,
                "num_docks_available": 13,
                "num_docks_disabled": 0,
                "obcn": "",
                "physical_configuration": "ELECTRICBIKESTATION",
                "post_code": "G1R 2S6",
                "rental_methods": [
                    "KEY",
                    "TRANSITCARD",
                    "CREDITCARD",
                    "PHONE"
                ],
                "rental_uris": {},
                "short_name": "",
                "station_id": "11",
                "status": "IN_SERVICE",
                "traffic": null,
                "vehicle_docks_available": [
                    {
                        "count": 13,
                        "vehicle_type_ids": [
                            "EFIT",
                            "BOOST",
                            "ICONIC",
                            "FIT"
                        ]
                    }
                ],
                "vehicle_types_available": [
                    {
                        "count": 0,
                        "vehicle_type_id": "FIT"
                    },
                    {
                        "count": 0,
                        "vehicle_type_id": "ICONIC"
                    },
                    {
                        "count": 0,
                        "vehicle_type_id": "BOOST"
                    },
                    {
                        "count": 14,
                        "vehicle_type_id": "EFIT"
                    }
                ]
            },
            "type": "Feature"
        },
        {
            "geometry": {
                "coordinates": [
                    -71.2809524171295,
                    46.7861473992621
                ],
                "type": "Point"
            },
            "properties": {
                "address": "Sainte-Foy / N\u00e9r\u00e9e-Tremblay",
                "altitude": 0.0,
                "capacity": 16,
                "geofenced_capacity": 0,
                "groups": [
                    "Stations \u00e9lectrifi\u00e9es 2025",
                    "Prolongation de saison novembre"
                ],
                "is_charging_station": true,
                "is_installed": true,
                "is_renting": true,
                "is_returning": true,
                "is_virtual_station": false,
                "last_reported": 1762435728,
                "name": "Sainte-Foy / N\u00e9r\u00e9e-Tremblay",
                "nearby_distance": 1000.0,
                "num_bikes_available": 2,
                "num_bikes_disabled": 0,
                "num_docks_available": 14,
                "num_docks_disabled": 0,
                "obcn": "",
                "physical_configuration": "ELECTRICBIKESTATION",
                "rental_methods": [
                    "KEY",
                    "TRANSITCARD",
                    "CREDITCARD",
                    "PHONE"
                ],
                "rental_uris": {},
                "short_name": "",
                "station_id": "111",
                "status": "IN_SERVICE",
                "traffic": null,
                "vehicle_docks_available": [
                    {
                        "count": 14,
                        "vehicle_type_ids": [
                            "EFIT",
                            "BOOST",
                            "ICONIC",
                            "FIT"
                        ]
                    }
                ],
                "vehicle_types_available": [
                    {
                        "count": 0,
                        "vehicle_type_id": "FIT"
                    },
                    {
                        "count": 0,
                        "vehicle_type_id": "ICONIC"
                    },
                    {
                        "count": 0,
                        "vehicle_type_id": "BOOST"
                    },
                    {
                        "count": 2,
                        "vehicle_type_id": "EFIT"
                    }
                ]
            },
            "type": "Feature"
        },
        {
            "geometry": {
                "coordinates": [
                    -71.28115419819228,
                    46.772207184678265
                ],
                "type": "Point"
            },
            "properties": {
                "address": "Place Ste-Foy",
                "altitude": 0.0,
                "capacity": 22,
                "geofenced_capacity": 0,
                "groups": [
                    "Stations \u00e9lectrifi\u00e9es 2025",
                    "Prolongation de saison novembre"
                ],
                "is_charging_station": true,
                "is_installed": true,
                "is_renting": true,
                "is_returning": true,
                "is_virtual_station": false,
                "last_reported": 1762435705,
                "name": "Place Ste-Foy",
                "nearby_distance": 1000.0,
                "num_bikes_available": 2,
                "num_bikes_disabled": 0,
                "num_docks_available": 20,
                "num_docks_disabled": 0,
                "obcn": "",
                "physical_configuration": "ELECTRICBIKESTATION",
                "rental_methods": [
                    "KEY",
                    "TRANSITCARD",
                    "CREDITCARD",
                    "PHONE"
                ],
                "rental_uris": {},
                "short_name": "",
                "station_id": "114",
                "status": "IN_SERVICE",
                "traffic": null,
                "vehicle_docks_available": [
                    {
                        "count": 20,
                        "vehicle_type_ids": [
                            "EFIT",
                            "BOOST",
                            "ICONIC",
                            "FIT"
                        ]
                    }
                ],
                "vehicle_types_available": [
                    {
                        "count": 0,
                        "vehicle_type_id": "FIT"
                    },
                    {
                        "count": 0,
                        "vehicle_type_id": "ICONIC"
                    },
                    {
                        "count": 0,
                        "vehicle_type_id": "BOOST"
                    },
                    {
                        "count": 2,
                        "vehicle_type_id": "EFIT"
                    }
                ]
            },
            "type": "Feature"
        },
        {
            "geometry": {
                "coordinates": [
                    -71.2831375638134,
                    46.77166712760249
                ],
                "type": "Point"
            },
            "properties": {
                "address": "Laurier Qu\u00e9bec",
                "altitude": 0.0,
                "capacity": 22,
                "geofenced_capacity": 0,
                "groups": [
                    "Stations \u00e9lectrifi\u00e9es 2025",
                    "Prolongation de saison novembre"
                ],
                "is_charging_station": true,
                "is_installed": true,
                "is_renting": true,
                "is_returning": true,
                "is_virtual_station": false,
                "last_reported": 1762435783,
                "name": "Laurier Qu\u00e9bec",
                "nearby_distance": 1000.0,
                "num_bikes_available": 8,
                "num_bikes_disabled": 0,
                "num_docks_available": 14,
                "num_docks_disabled": 0,
                "obcn": "",
                "physical_configuration": "ELECTRICBIKESTATION",
                "rental_methods": [
                    "KEY",
                    "TRANSITCARD",
                    "CREDITCARD",
                    "PHONE"
                ],
                "rental_uris": {},
                "short_name": "",
                "station_id": "115",
                "status": "IN_SERVICE",
                "traffic": null,
                "vehicle_docks_available": [
                    {
                        "count": 14,
                        "vehicle_type_ids": [
                            "EFIT",
                            "BOOST",
                            "ICONIC",
                            "FIT"
                        ]
                    }
                ],
                "vehicle_types_available": [
                    {
                        "count": 0,
                        "vehicle_type_id": "FIT"
                    },
                    {
                        "count": 0,
                        "vehicle_type_id": "ICONIC"
                    },
                    {
                        "count": 0,
                        "vehicle_type_id": "BOOST"
                    },
                    {
                        "count": 8,
                        "vehicle_type_id": "EFIT"
                    }
                ]
            },
            "type": "Feature"
        },
        {
            "geometry": {
                "coordinates": [
                    -71.24584830886256,
                    46.839248704195
                ],
                "type": "Point"
            },
            "properties": {
                "address": "Des Saules / 1re avenue",
                "altitude": 0.0,
                "capacity": 16,
                "geofenced_capacity": 0,
                "groups": [
                    "Stations \u00e9lectrifi\u00e9es 2025",
                    "Prolongation de saison novembre"
                ],
                "is_charging_station": true,
                "is_installed": true,
                "is_renting": true,
                "is_returning": true,
                "is_virtual_station": false,
                "last_reported": 1762435840,
                "name": "Des Saules E. / 1re Avenue",
                "nearby_distance": 1000.0,
                "num_bikes_available": 8,
                "num_bikes_disabled": 0,
                "num_docks_available": 8,
                "num_docks_disabled": 0,
                "obcn": "",
                "physical_configuration": "ELECTRICBIKESTATION",
                "rental_methods": [
                    "KEY",
                    "TRANSITCARD",
                    "CREDITCARD",
                    "PHONE"
                ],
                "rental_uris": {},
                "short_name": "",
                "station_id": "121",
                "status": "IN_SERVICE",
                "traffic": null,
                "vehicle_docks_available": [
                    {
                        "count": 8,
                        "vehicle_type_ids": [
                            "EFIT",
                            "BOOST",
                            "ICONIC",
                            "FIT"
                        ]
                    }
                ],
                "vehicle_types_available": [
                    {
                        "count": 0,
                        "vehicle_type_id": "FIT"
                    },
                    {
                        "count": 0,
                        "vehicle_type_id": "ICONIC"
                    },
                    {
                        "count": 0,
                        "vehicle_type_id": "BOOST"
                    },
                    {
                        "count": 8,
                        "vehicle_type_id": "EFIT"
                    }
                ]
            },
            "type": "Feature"
        },
        {
            "geometry": {
                "coordinates": [
                    -71.2411400986,
                    46.83755261329308
                ],
                "type": "Point"
            },
            "properties": {
                "address": "Parc G\u00e9rard-Marchand ",
                "altitude": null,
                "capacity": 20,
                "geofenced_capacity": 0,
                "groups": [
                    "Stations \u00e9lectrifi\u00e9es 2025",
                    "Prolongation de saison novembre"
                ],
                "is_charging_station": true,
                "is_installed": true,
                "is_renting": true,
                "is_returning": true,
                "is_virtual_station": false,
                "last_reported": 1762435698,
                "name": "Parc G\u00e9rard-Marchand ",
                "nearby_distance": 1000.0,
                "num_bikes_available": 6,
                "num_bikes_disabled": 0,
                "num_docks_available": 14,
                "num_docks_disabled": 0,
                "obcn": "",
                "physical_configuration": "ELECTRICBIKESTATION",
                "rental_methods": [
                    "KEY",
                    "TRANSITCARD",
                    "CREDITCARD",
                    "PHONE"
                ],
                "rental_uris": {},
                "short_name": "",
                "station_id": "131",
                "status": "IN_SERVICE",
                "traffic": null,
                "vehicle_docks_available": [
                    {
                        "count": 14,
                        "vehicle_type_ids": [
                            "EFIT",
                            "BOOST",
                            "ICONIC",
                            "FIT"
                        ]
                    }
                ],
                "vehicle_types_available": [
                    {
                        "count": 0,
                        "vehicle_type_id": "FIT"
                    },
                    {
                        "count": 0,
                        "vehicle_type_id": "ICONIC"
                    },
                    {
                        "count": 0,
                        "vehicle_type_id": "BOOST"
                    },
                    {
                        "count": 6,
                        "vehicle_type_id": "EFIT"
                    }
                ]
            },
            "type": "Feature"
        },
        {
            "geometry": {
                "coordinates": [
                    -71.24956383148204,
                    46.82027622149531
                ],
                "type": "Point"
            },
            "properties": {
                "address": "Fleur-de-Lys / Wilfrid-hamel",
                "altitude": 0.0,
                "capacity": 56,
                "geofenced_capacity": 0,
                "groups": [
                    "Stations \u00e9lectrifi\u00e9es 2025",
                    "Prolongation de saison novembre"
                ],
                "is_charging_station": true,
                "is_installed": true,
                "is_renting": true,
                "is_returning": true,
                "is_virtual_station": false,
                "last_reported": 1762435679,
                "name": "Fleur-de-Lys / Wilfrid-Hamel",
                "nearby_distance": 1000.0,
                "num_bikes_available": 28,
                "num_bikes_disabled": 0,
                "num_docks_available": 28,
                "num_docks_disabled": 0,
                "obcn": "",
                "physical_configuration": "ELECTRICBIKESTATION",
                "rental_methods": [
                    "KEY",
                    "TRANSITCARD",
                    "CREDITCARD",
                    "PHONE"
                ],
                "rental_uris": {},
                "short_name": "",
                "station_id": "133",
                "status": "IN_SERVICE",
                "traffic": null,
                "vehicle_docks_available": [
                    {
                        "count": 28,
                        "vehicle_type_ids": [
                            "EFIT",
                            "BOOST",
                            "ICONIC",
                            "FIT"
                        ]
                    }
                ],
                "vehicle_types_available": [
                    {
                        "count": 0,
                        "vehicle_type_id": "FIT"
                    },
                    {
                        "count": 0,
                        "vehicle_type_id": "ICONIC"
                    },
                    {
                        "count": 0,
                        "vehicle_type_id": "BOOST"
                    },
                    {
                        "count": 28,
                        "vehicle_type_id": "EFIT"
                    }
                ]
            },
            "type": "Feature"
        },
        {
            "geometry": {
                "coordinates": [
                    -71.23916122359982,
                    46.82808524573164
                ],
                "type": "Point"
            },
            "properties": {
                "address": "D'Assise / Ozanam",
                "altitude": 0.0,
                "capacity": 20,
                "geofenced_capacity": 0,
                "groups": [
                    "Stations \u00e9lectrifi\u00e9es 2025",
                    "Prolongation de saison novembre"
                ],
                "is_charging_station": true,
                "is_installed": true,
                "is_renting": true,
                "is_returning": true,
                "is_virtual_station": false,
                "last_reported": 1762435779,
                "name": "D'Assise / Ozanam",
                "nearby_distance": 1000.0,
                "num_bikes_available": 11,
                "num_bikes_disabled": 0,
                "num_docks_available": 9,
                "num_docks_disabled": 0,
                "obcn": "",
                "physical_configuration": "ELECTRICBIKESTATION",
                "rental_methods": [
                    "KEY",
                    "TRANSITCARD",
                    "CREDITCARD",
                    "PHONE"
                ],
                "rental_uris": {},
                "short_name": "",
                "station_id": "136",
                "status": "IN_SERVICE",
                "traffic": null,
                "vehicle_docks_available": [
                    {
                        "count": 9,
                        "vehicle_type_ids": [
                            "EFIT",
                            "BOOST",
                            "ICONIC",
                            "FIT"
                        ]
                    }
                ],
                "vehicle_types_available": [
                    {
                        "count": 0,
                        "vehicle_type_id": "FIT"
                    },
                    {
                        "count": 0,
                        "vehicle_type_id": "ICONIC"
                    },
                    {
                        "count": 0,
                        "vehicle_type_id": "BOOST"
                    },
                    {
                        "count": 11,
                        "vehicle_type_id": "EFIT"
                    }
                ]
            },
            "type": "Feature"
        },
        {
            "geometry": {
                "coordinates": [
                    -71.25832027273796,
                    46.793318961169156
                ],
                "type": "Point"
            },
            "properties": {
                "address": "Eymard / Sainte-Foy",
                "altitude": 0.0,
                "capacity": 16,
                "geofenced_capacity": 0,
                "groups": [
                    "Stations \u00e9lectrifi\u00e9es 2025",
                    "Prolongation de saison novembre"
                ],
                "is_charging_station": true,
                "is_installed": true,
                "is_renting": true,
                "is_returning": true,
                "is_virtual_station": false,
                "last_reported": 1762435789,
                "name": "Eymard / Sainte-Foy",
                "nearby_distance": 1000.0,
                "num_bikes_available": 9,
                "num_bikes_disabled": 0,
                "num_docks_available": 7,
                "num_docks_disabled": 0,
                "obcn": "",
                "physical_configuration": "ELECTRICBIKESTATION",
                "post_code": "12346",
                "rental_methods": [
                    "KEY",
                    "TRANSITCARD",
                    "CREDITCARD",
                    "PHONE"
                ],
                "rental_uris": {},
                "short_name": "",
                "station_id": "14",
                "status": "IN_SERVICE",
                "traffic": null,
                "vehicle_docks_available": [
                    {
                        "count": 7,
                        "vehicle_type_ids": [
                            "EFIT",
                            "BOOST",
                            "ICONIC",
                            "FIT"
                        ]
                    }
                ],
                "vehicle_types_available": [
                    {
                        "count": 0,
                        "vehicle_type_id": "FIT"
                    },
                    {
                        "count": 0,
                        "vehicle_type_id": "ICONIC"
                    },
                    {
                        "count": 0,
                        "vehicle_type_id": "BOOST"
                    },
                    {
                        "count": 9,
                        "vehicle_type_id": "EFIT"
                    }
                ]
            },
            "type": "Feature"
        },
        {
            "geometry": {
                "coordinates": [
                    -71.27235196379394,
                    46.78852625368843
                ],
                "type": "Point"
            },
            "properties": {
                "address": "De Belmont / Sainte-Foy",
                "altitude": 0.0,
                "capacity": 20,
                "geofenced_capacity": 0,
                "groups": [
                    "Stations \u00e9lectrifi\u00e9es 2025",
                    "Prolongation de saison novembre"
                ],
                "is_charging_station": true,
                "is_installed": true,
                "is_renting": true,
                "is_returning": true,
                "is_virtual_station": false,
                "last_reported": 1762435736,
                "name": "De Belmont / Sainte-Foy",
                "nearby_distance": 1000.0,
                "num_bikes_available": 4,
                "num_bikes_disabled": 0,
                "num_docks_available": 16,
                "num_docks_disabled": 0,
                "obcn": "",
                "physical_configuration": "ELECTRICBIKESTATION",
                "rental_methods": [
                    "KEY",
                    "TRANSITCARD",
                    "CREDITCARD",
                    "PHONE"
                ],
                "rental_uris": {},
                "short_name": "",
                "station_id": "140",
                "status": "IN_SERVICE",
                "traffic": null,
                "vehicle_docks_available": [
                    {
                        "count": 16,
                        "vehicle_type_ids": [
                            "EFIT",
                            "BOOST",
                            "ICONIC",
                            "FIT"
                        ]
                    }
                ],
                "vehicle_types_available": [
                    {
                        "count": 0,
                        "vehicle_type_id": "FIT"
                    },
                    {
                        "count": 0,
                        "vehicle_type_id": "ICONIC"
                    },
                    {
                        "count": 0,
                        "vehicle_type_id": "BOOST"
                    },
                    {
                        "count": 4,
                        "vehicle_type_id": "EFIT"
                    }
                ]
            },
            "type": "Feature"
        },
        {
            "geometry": {
                "coordinates": [
                    -71.25262917355235,
                    46.79135483991666
                ],
                "type": "Point"
            },
            "properties": {
                "address": "De Calli\u00e8res / Marguerite-Bourgeoys",
                "altitude": 0.0,
                "capacity": 16,
                "geofenced_capacity": 0,
                "groups": [
                    "Stations \u00e9lectrifi\u00e9es 2025",
                    "Prolongation de saison novembre"
                ],
                "is_charging_station": true,
                "is_installed": true,
                "is_renting": true,
                "is_returning": true,
                "is_virtual_station": false,
                "last_reported": 1762435704,
                "name": "De Calli\u00e8res / Marguerite-Bourgeoys",
                "nearby_distance": 1000.0,
                "num_bikes_available": 8,
                "num_bikes_disabled": 1,
                "num_docks_available": 7,
                "num_docks_disabled": 0,
                "obcn": "",
                "physical_configuration": "ELECTRICBIKESTATION",
                "post_code": "12347",
                "rental_methods": [
                    "KEY",
                    "TRANSITCARD",
                    "CREDITCARD",
                    "PHONE"
                ],
                "rental_uris": {},
                "short_name": "",
                "station_id": "15",
                "status": "IN_SERVICE",
                "traffic": null,
                "vehicle_docks_available": [
                    {
                        "count": 7,
                        "vehicle_type_ids": [
                            "EFIT",
                            "BOOST",
                            "ICONIC",
                            "FIT"
                        ]
                    }
                ],
                "vehicle_types_available": [
                    {
                        "count": 0,
                        "vehicle_type_id": "FIT"
                    },
                    {
                        "count": 0,
                        "vehicle_type_id": "ICONIC"
                    },
                    {
                        "count": 0,
                        "vehicle_type_id": "BOOST"
                    },
                    {
                        "count": 8,
                        "vehicle_type_id": "EFIT"
                    }
                ]
            },
            "type": "Feature"
        },
        {
            "geometry": {
                "coordinates": [
                    -71.22095197043895,
                    46.802699971603225
                ],
                "type": "Point"
            },
            "properties": {
                "address": "Wilfrid-Laurier / Galipeault",
                "altitude": 0.0,
                "capacity": 16,
                "geofenced_capacity": 0,
                "groups": [
                    "Stations \u00e9lectrifi\u00e9es 2025",
                    "Prolongation de saison novembre"
                ],
                "is_charging_station": true,
                "is_installed": true,
                "is_renting": true,
                "is_returning": true,
                "is_virtual_station": false,
                "last_reported": 1762435779,
                "name": "Wilfrid-Laurier / Galipeault",
                "nearby_distance": 1000.0,
                "num_bikes_available": 6,
                "num_bikes_disabled": 0,
                "num_docks_available": 10,
                "num_docks_disabled": 0,
                "obcn": "",
                "physical_configuration": "ELECTRICBIKESTATION",
                "rental_methods": [
                    "KEY",
                    "TRANSITCARD",
                    "CREDITCARD",
                    "PHONE"
                ],
                "rental_uris": {},
                "short_name": "",
                "station_id": "162",
                "status": "IN_SERVICE",
                "traffic": null,
                "vehicle_docks_available": [
                    {
                        "count": 10,
                        "vehicle_type_ids": [
                            "EFIT",
                            "BOOST",
                            "ICONIC",
                            "FIT"
                        ]
                    }
                ],
                "vehicle_types_available": [
                    {
                        "count": 0,
                        "vehicle_type_id": "FIT"
                    },
                    {
                        "count": 0,
                        "vehicle_type_id": "ICONIC"
                    },
                    {
                        "count": 0,
                        "vehicle_type_id": "BOOST"
                    },
                    {
                        "count": 6,
                        "vehicle_type_id": "EFIT"
                    }
                ]
            },
            "type": "Feature"
        },
        {
            "geometry": {
                "coordinates": [
                    -71.25653867825925,
                    46.78852123489627
                ],
                "type": "Point"
            },
            "properties": {
                "address": "G\u00e9rard-Morisset / Ren\u00e9-L\u00e9vesque",
                "altitude": 0.0,
                "capacity": 20,
                "geofenced_capacity": 0,
                "groups": [
                    "Stations \u00e9lectrifi\u00e9es 2025",
                    "Prolongation de saison novembre"
                ],
                "is_charging_station": true,
                "is_installed": true,
                "is_renting": true,
                "is_returning": true,
                "is_virtual_station": false,
                "last_reported": 1762435812,
                "name": "G\u00e9rard-Morisset / Ren\u00e9-L\u00e9vesque O.",
                "nearby_distance": 1000.0,
                "num_bikes_available": 9,
                "num_bikes_disabled": 0,
                "num_docks_available": 11,
                "num_docks_disabled": 0,
                "obcn": "",
                "physical_configuration": "ELECTRICBIKESTATION",
                "rental_methods": [
                    "KEY",
                    "TRANSITCARD",
                    "CREDITCARD",
                    "PHONE"
                ],
                "rental_uris": {},
                "short_name": "",
                "station_id": "167",
                "status": "IN_SERVICE",
                "traffic": null,
                "vehicle_docks_available": [
                    {
                        "count": 11,
                        "vehicle_type_ids": [
                            "EFIT",
                            "BOOST",
                            "ICONIC",
                            "FIT"
                        ]
                    }
                ],
                "vehicle_types_available": [
                    {
                        "count": 0,
                        "vehicle_type_id": "FIT"
                    },
                    {
                        "count": 0,
                        "vehicle_type_id": "ICONIC"
                    },
                    {
                        "count": 0,
                        "vehicle_type_id": "BOOST"
                    },
                    {
                        "count": 9,
                        "vehicle_type_id": "EFIT"
                    }
                ]
            },
            "type": "Feature"
        },
        {
            "geometry": {
                "coordinates": [
                    -71.2153150972209,
                    46.81814751514878
                ],
                "type": "Point"
            },
            "properties": {
                "address": "SAAQ",
                "altitude": 0.0,
                "capacity": 20,
                "geofenced_capacity": 0,
                "groups": [
                    "Stations \u00e9lectrifi\u00e9es 2025",
                    "Prolongation de saison novembre"
                ],
                "is_charging_station": true,
                "is_installed": true,
                "is_renting": true,
                "is_returning": true,
                "is_virtual_station": false,
                "last_reported": 1762435693,
                "name": "SAAQ - \u00c9difice Jean-Lesage",
                "nearby_distance": 1000.0,
                "num_bikes_available": 2,
                "num_bikes_disabled": 1,
                "num_docks_available": 17,
                "num_docks_disabled": 0,
                "obcn": "",
                "physical_configuration": "ELECTRICBIKESTATION",
                "rental_methods": [
                    "KEY",
                    "TRANSITCARD",
                    "CREDITCARD",
                    "PHONE"
                ],
                "rental_uris": {},
                "short_name": "",
                "station_id": "170",
                "status": "IN_SERVICE",
                "traffic": null,
                "vehicle_docks_available": [
                    {
                        "count": 17,
                        "vehicle_type_ids": [
                            "EFIT",
                            "BOOST",
                            "ICONIC",
                            "FIT"
                        ]
                    }
                ],
                "vehicle_types_available": [
                    {
                        "count": 0,
                        "vehicle_type_id": "FIT"
                    },
                    {
                        "count": 0,
                        "vehicle_type_id": "ICONIC"
                    },
                    {
                        "count": 0,
                        "vehicle_type_id": "BOOST"
                    },
                    {
                        "count": 2,
                        "vehicle_type_id": "EFIT"
                    }
                ]
            },
            "type": "Feature"
        },
        {
            "geometry": {
                "coordinates": [
                    -71.24216566311739,
                    46.81231722364255
                ],
                "type": "Point"
            },
            "properties": {
                "address": "Patro Laval",
                "altitude": 0.0,
                "capacity": 20,
                "geofenced_capacity": 0,
                "groups": [
                    "Stations \u00e9lectrifi\u00e9es 2025",
                    "Prolongation de saison novembre"
                ],
                "is_charging_station": true,
                "is_installed": true,
                "is_renting": true,
                "is_returning": true,
                "is_virtual_station": false,
                "last_reported": 1762435774,
                "name": "Patro Laval",
                "nearby_distance": 1000.0,
                "num_bikes_available": 3,
                "num_bikes_disabled": 0,
                "num_docks_available": 17,
                "num_docks_disabled": 1,
                "obcn": "",
                "physical_configuration": "ELECTRICBIKESTATION",
                "post_code": "123456",
                "rental_methods": [
                    "KEY",
                    "TRANSITCARD",
                    "CREDITCARD",
                    "PHONE"
                ],
                "rental_uris": {},
                "short_name": "",
                "station_id": "18",
                "status": "IN_SERVICE",
                "traffic": null,
                "vehicle_docks_available": [
                    {
                        "count": 17,
                        "vehicle_type_ids": [
                            "EFIT",
                            "BOOST",
                            "ICONIC",
                            "FIT"
                        ]
                    }
                ],
                "vehicle_types_available": [
                    {
                        "count": 0,
                        "vehicle_type_id": "FIT"
                    },
                    {
                        "count": 0,
                        "vehicle_type_id": "ICONIC"
                    },
                    {
                        "count": 0,
                        "vehicle_type_id": "BOOST"
                    },
                    {
                        "count": 3,
                        "vehicle_type_id": "EFIT"
                    }
                ]
            },
            "type": "Feature"
        },
        {
            "geometry": {
                "coordinates": [
                    -71.22854741739651,
                    46.825133777009
                ],
                "type": "Point"
            },
            "properties": {
                "address": "780 3e Avenue",
                "altitude": 0.0,
                "capacity": 24,
                "geofenced_capacity": 0,
                "groups": [
                    "Stations \u00e9lectrifi\u00e9es 2025",
                    "Prolongation de saison novembre"
                ],
                "is_charging_station": true,
                "is_installed": true,
                "is_renting": true,
                "is_returning": true,
                "is_virtual_station": false,
                "last_reported": 1762435677,
                "name": "3e Avenue / 8e Rue",
                "nearby_distance": 1000.0,
                "num_bikes_available": 1,
                "num_bikes_disabled": 3,
                "num_docks_available": 20,
                "num_docks_disabled": 0,
                "obcn": "",
                "physical_configuration": "ELECTRICBIKESTATION",
                "post_code": "G1L 2W6",
                "rental_methods": [
                    "KEY",
                    "TRANSITCARD",
                    "CREDITCARD",
                    "PHONE"
                ],
                "rental_uris": {},
                "short_name": "",
                "station_id": "2",
                "status": "IN_SERVICE",
                "traffic": null,
                "vehicle_docks_available": [
                    {
                        "count": 20,
                        "vehicle_type_ids": [
                            "EFIT",
                            "BOOST",
                            "ICONIC",
                            "FIT"
                        ]
                    }
                ],
                "vehicle_types_available": [
                    {
                        "count": 0,
                        "vehicle_type_id": "FIT"
                    },
                    {
                        "count": 0,
                        "vehicle_type_id": "ICONIC"
                    },
                    {
                        "count": 0,
                        "vehicle_type_id": "BOOST"
                    },
                    {
                        "count": 1,
                        "vehicle_type_id": "EFIT"
                    }
                ]
            },
            "type": "Feature"
        },
        {
            "geometry": {
                "coordinates": [
                    -71.2434363596382,
                    46.795135745934004
                ],
                "type": "Point"
            },
            "properties": {
                "address": "Biblioth\u00e8que Coll\u00e8ge-des-J\u00e9suites",
                "altitude": 0.0,
                "capacity": 16,
                "geofenced_capacity": 0,
                "groups": [
                    "Stations \u00e9lectrifi\u00e9es 2025",
                    "Prolongation de saison novembre"
                ],
                "is_charging_station": true,
                "is_installed": true,
                "is_renting": true,
                "is_returning": true,
                "is_virtual_station": false,
                "last_reported": 1762435741,
                "name": "Biblioth\u00e8que Coll\u00e8ge-des-J\u00e9suites",
                "nearby_distance": 1000.0,
                "num_bikes_available": 13,
                "num_bikes_disabled": 0,
                "num_docks_available": 3,
                "num_docks_disabled": 0,
                "obcn": "",
                "physical_configuration": "ELECTRICBIKESTATION",
                "post_code": "123456",
                "rental_methods": [
                    "KEY",
                    "TRANSITCARD",
                    "CREDITCARD",
                    "PHONE"
                ],
                "rental_uris": {},
                "short_name": "",
                "station_id": "20",
                "status": "IN_SERVICE",
                "traffic": null,
                "vehicle_docks_available": [
                    {
                        "count": 3,
                        "vehicle_type_ids": [
                            "EFIT",
                            "BOOST",
                            "ICONIC",
                            "FIT"
                        ]
                    }
                ],
                "vehicle_types_available": [
                    {
                        "count": 0,
                        "vehicle_type_id": "FIT"
                    },
                    {
                        "count": 0,
                        "vehicle_type_id": "ICONIC"
                    },
                    {
                        "count": 0,
                        "vehicle_type_id": "BOOST"
                    },
                    {
                        "count": 13,
                        "vehicle_type_id": "EFIT"
                    }
                ]
            },
            "type": "Feature"
        },
        {
            "geometry": {
                "coordinates": [
                    -71.23946720926467,
                    46.7986913050282
                ],
                "type": "Point"
            },
            "properties": {
                "address": "P\u00e8re-Marquette / Belv\u00e9d\u00e8re",
                "altitude": 0.0,
                "capacity": 24,
                "geofenced_capacity": 0,
                "groups": [
                    "Stations \u00e9lectrifi\u00e9es 2025",
                    "Prolongation de saison novembre"
                ],
                "is_charging_station": true,
                "is_installed": true,
                "is_renting": true,
                "is_returning": true,
                "is_virtual_station": false,
                "last_reported": 1762435664,
                "name": "P\u00e8re-Marquette / Des Braves",
                "nearby_distance": 1000.0,
                "num_bikes_available": 1,
                "num_bikes_disabled": 1,
                "num_docks_available": 22,
                "num_docks_disabled": 0,
                "obcn": "",
                "physical_configuration": "ELECTRICBIKESTATION",
                "post_code": "123456",
                "rental_methods": [
                    "KEY",
                    "TRANSITCARD",
                    "CREDITCARD",
                    "PHONE"
                ],
                "rental_uris": {},
                "short_name": "",
                "station_id": "21",
                "status": "IN_SERVICE",
                "traffic": null,
                "vehicle_docks_available": [
                    {
                        "count": 22,
                        "vehicle_type_ids": [
                            "EFIT",
                            "BOOST",
                            "ICONIC",
                            "FIT"
                        ]
                    }
                ],
                "vehicle_types_available": [
                    {
                        "count": 0,
                        "vehicle_type_id": "FIT"
                    },
                    {
                        "count": 0,
                        "vehicle_type_id": "ICONIC"
                    },
                    {
                        "count": 0,
                        "vehicle_type_id": "BOOST"
                    },
                    {
                        "count": 1,
                        "vehicle_type_id": "EFIT"
                    }
                ]
            },
            "type": "Feature"
        },
        {
            "geometry": {
                "coordinates": [
                    -71.23913342582605,
                    46.801316256971084
                ],
                "type": "Point"
            },
            "properties": {
                "address": "Murray / Sainte-Foy",
                "altitude": null,
                "capacity": 16,
                "geofenced_capacity": 0,
                "groups": [
                    "Prolongation de saison novembre"
                ],
                "is_charging_station": true,
                "is_installed": true,
                "is_renting": true,
                "is_returning": true,
                "is_virtual_station": false,
                "last_reported": 1762435812,
                "name": "Parc des Braves",
                "nearby_distance": 1000.0,
                "num_bikes_available": 3,
                "num_bikes_disabled": 0,
                "num_docks_available": 13,
                "num_docks_disabled": 0,
                "obcn": "",
                "physical_configuration": "ELECTRICBIKESTATION",
                "post_code": "123456",
                "rental_methods": [
                    "KEY",
                    "TRANSITCARD",
                    "CREDITCARD",
                    "PHONE"
                ],
                "rental_uris": {},
                "short_name": "",
                "station_id": "22",
                "status": "IN_SERVICE",
                "traffic": null,
                "vehicle_docks_available": [
                    {
                        "count": 13,
                        "vehicle_type_ids": [
                            "EFIT",
                            "BOOST",
                            "ICONIC",
                            "FIT"
                        ]
                    }
                ],
                "vehicle_types_available": [
                    {
                        "count": 0,
                        "vehicle_type_id": "FIT"
                    },
                    {
                        "count": 0,
                        "vehicle_type_id": "ICONIC"
                    },
                    {
                        "count": 0,
                        "vehicle_type_id": "BOOST"
                    },
                    {
                        "count": 3,
                        "vehicle_type_id": "EFIT"
                    }
                ]
            },
            "type": "Feature"
        },
        {
            "geometry": {
                "coordinates": [
                    -71.23230385112188,
                    46.80298336771991
                ],
                "type": "Point"
            },
            "properties": {
                "address": "P\u00e8re-Marquette / Des \u00c9rables",
                "altitude": 0.0,
                "capacity": 24,
                "geofenced_capacity": 0,
                "groups": [
                    "Stations \u00e9lectrifi\u00e9es 2025",
                    "Prolongation de saison novembre"
                ],
                "is_charging_station": true,
                "is_installed": true,
                "is_renting": true,
                "is_returning": true,
                "is_virtual_station": false,
                "last_reported": 1762435665,
                "name": "P\u00e8re-Marquette / De Manr\u00e8se",
                "nearby_distance": 1000.0,
                "num_bikes_available": 15,
                "num_bikes_disabled": 0,
                "num_docks_available": 9,
                "num_docks_disabled": 0,
                "obcn": "",
                "physical_configuration": "ELECTRICBIKESTATION",
                "post_code": "123456",
                "rental_methods": [
                    "KEY",
                    "TRANSITCARD",
                    "CREDITCARD",
                    "PHONE"
                ],
                "rental_uris": {},
                "short_name": "",
                "station_id": "23",
                "status": "IN_SERVICE",
                "traffic": null,
                "vehicle_docks_available": [
                    {
                        "count": 9,
                        "vehicle_type_ids": [
                            "EFIT",
                            "BOOST",
                            "ICONIC",
                            "FIT"
                        ]
                    }
                ],
                "vehicle_types_available": [
                    {
                        "count": 0,
                        "vehicle_type_id": "FIT"
                    },
                    {
                        "count": 0,
                        "vehicle_type_id": "ICONIC"
                    },
                    {
                        "count": 0,
                        "vehicle_type_id": "BOOST"
                    },
                    {
                        "count": 15,
                        "vehicle_type_id": "EFIT"
                    }
                ]
            },
            "type": "Feature"
        },
        {
            "geometry": {
                "coordinates": [
                    -71.22686526215266,
                    46.80618864587998
                ],
                "type": "Point"
            },
            "properties": {
                "address": "Parc Lockwell",
                "altitude": 0.0,
                "capacity": 24,
                "geofenced_capacity": 0,
                "groups": [
                    "Stations \u00e9lectrifi\u00e9es 2025",
                    "Prolongation de saison novembre"
                ],
                "is_charging_station": true,
                "is_installed": true,
                "is_renting": true,
                "is_returning": true,
                "is_virtual_station": false,
                "last_reported": 1762435804,
                "name": "Parc Lockwell",
                "nearby_distance": 1000.0,
                "num_bikes_available": 17,
                "num_bikes_disabled": 0,
                "num_docks_available": 7,
                "num_docks_disabled": 0,
                "obcn": "",
                "physical_configuration": "ELECTRICBIKESTATION",
                "post_code": "123456",
                "rental_methods": [
                    "KEY",
                    "TRANSITCARD",
                    "CREDITCARD",
                    "PHONE"
                ],
                "rental_uris": {},
                "short_name": "",
                "station_id": "24",
                "status": "IN_SERVICE",
                "traffic": null,
                "vehicle_docks_available": [
                    {
                        "count": 7,
                        "vehicle_type_ids": [
                            "EFIT",
                            "BOOST",
                            "ICONIC",
                            "FIT"
                        ]
                    }
                ],
                "vehicle_types_available": [
                    {
                        "count": 0,
                        "vehicle_type_id": "FIT"
                    },
                    {
                        "count": 0,
                        "vehicle_type_id": "ICONIC"
                    },
                    {
                        "count": 0,
                        "vehicle_type_id": "BOOST"
                    },
                    {
                        "count": 17,
                        "vehicle_type_id": "EFIT"
                    }
                ]
            },
            "type": "Feature"
        },
        {
            "geometry": {
                "coordinates": [
                    -71.221078,
                    46.806292
                ],
                "type": "Point"
            },
            "properties": {
                "address": "Grand Th\u00e9\u00e2tre",
                "altitude": 0.0,
                "capacity": 34,
                "geofenced_capacity": 0,
                "groups": [
                    "Stations \u00e9lectrifi\u00e9es 2025",
                    "Prolongation de saison novembre"
                ],
                "is_charging_station": true,
                "is_installed": true,
                "is_renting": true,
                "is_returning": true,
                "is_virtual_station": false,
                "last_reported": 1762435667,
                "name": "Grand Th\u00e9\u00e2tre de Qu\u00e9bec",
                "nearby_distance": 1000.0,
                "num_bikes_available": 5,
                "num_bikes_disabled": 1,
                "num_docks_available": 28,
                "num_docks_disabled": 1,
                "obcn": "",
                "physical_configuration": "ELECTRICBIKESTATION",
                "post_code": "123456",
                "rental_methods": [
                    "KEY",
                    "TRANSITCARD",
                    "CREDITCARD",
                    "PHONE"
                ],
                "rental_uris": {},
                "short_name": "",
                "station_id": "26",
                "status": "IN_SERVICE",
                "traffic": null,
                "vehicle_docks_available": [
                    {
                        "count": 28,
                        "vehicle_type_ids": [
                            "EFIT",
                            "BOOST",
                            "ICONIC",
                            "FIT"
                        ]
                    }
                ],
                "vehicle_types_available": [
                    {
                        "count": 0,
                        "vehicle_type_id": "FIT"
                    },
                    {
                        "count": 0,
                        "vehicle_type_id": "ICONIC"
                    },
                    {
                        "count": 0,
                        "vehicle_type_id": "BOOST"
                    },
                    {
                        "count": 5,
                        "vehicle_type_id": "EFIT"
                    }
                ]
            },
            "type": "Feature"
        },
        {
            "geometry": {
                "coordinates": [
                    -71.20125289282007,
                    46.814784549011776
                ],
                "type": "Point"
            },
            "properties": {
                "address": "Place des Canotiers",
                "altitude": null,
                "capacity": 32,
                "geofenced_capacity": 0,
                "groups": [
                    "Prolongation de saison novembre"
                ],
                "is_charging_station": true,
                "is_installed": true,
                "is_renting": true,
                "is_returning": true,
                "is_virtual_station": false,
                "last_reported": 1762435659,
                "name": "Place des Canotiers",
                "nearby_distance": 1000.0,
                "num_bikes_available": 10,
                "num_bikes_disabled": 1,
                "num_docks_available": 21,
                "num_docks_disabled": 0,
                "obcn": "",
                "physical_configuration": "ELECTRICBIKESTATION",
                "post_code": "123456",
                "rental_methods": [
                    "KEY",
                    "TRANSITCARD",
                    "CREDITCARD",
                    "PHONE"
                ],
                "rental_uris": {},
                "short_name": "",
                "station_id": "29",
                "status": "IN_SERVICE",
                "traffic": null,
                "vehicle_docks_available": [
                    {
                        "count": 21,
                        "vehicle_type_ids": [
                            "EFIT",
                            "BOOST",
                            "ICONIC",
                            "FIT"
                        ]
                    }
                ],
                "vehicle_types_available": [
                    {
                        "count": 0,
                        "vehicle_type_id": "FIT"
                    },
                    {
                        "count": 0,
                        "vehicle_type_id": "ICONIC"
                    },
                    {
                        "count": 0,
                        "vehicle_type_id": "BOOST"
                    },
                    {
                        "count": 10,
                        "vehicle_type_id": "EFIT"
                    }
                ]
            },
            "type": "Feature"
        },
        {
            "geometry": {
                "coordinates": [
                    -71.21286931253941,
                    46.81748363513417
                ],
                "type": "Point"
            },
            "properties": {
                "address": "130 Rue de la Gare du Palais",
                "altitude": 0.0,
                "capacity": 16,
                "geofenced_capacity": 0,
                "groups": [
                    "Prolongation de saison novembre"
                ],
                "is_charging_station": true,
                "is_installed": true,
                "is_renting": true,
                "is_returning": true,
                "is_virtual_station": false,
                "last_reported": 1762435797,
                "name": "Gare du Palais",
                "nearby_distance": 1000.0,
                "num_bikes_available": 6,
                "num_bikes_disabled": 0,
                "num_docks_available": 10,
                "num_docks_disabled": 0,
                "obcn": "",
                "physical_configuration": "ELECTRICBIKESTATION",
                "post_code": "G1K 3X2",
                "rental_methods": [
                    "KEY",
                    "TRANSITCARD",
                    "CREDITCARD",
                    "PHONE"
                ],
                "rental_uris": {},
                "short_name": "",
                "station_id": "3",
                "status": "IN_SERVICE",
                "traffic": null,
                "vehicle_docks_available": [
                    {
                        "count": 10,
                        "vehicle_type_ids": [
                            "EFIT",
                            "BOOST",
                            "ICONIC",
                            "FIT"
                        ]
                    }
                ],
                "vehicle_types_available": [
                    {
                        "count": 0,
                        "vehicle_type_id": "FIT"
                    },
                    {
                        "count": 0,
                        "vehicle_type_id": "ICONIC"
                    },
                    {
                        "count": 0,
                        "vehicle_type_id": "BOOST"
                    },
                    {
                        "count": 6,
                        "vehicle_type_id": "EFIT"
                    }
                ]
            },
            "type": "Feature"
        },
        {
            "geometry": {
                "coordinates": [
                    -71.20873930382155,
                    46.817650062860366
                ],
                "type": "Point"
            },
            "properties": {
                "address": "Bassin Louise",
                "altitude": 0.0,
                "capacity": 24,
                "geofenced_capacity": 0,
                "groups": [
                    "Prolongation de saison novembre"
                ],
                "is_charging_station": true,
                "is_installed": true,
                "is_renting": true,
                "is_returning": true,
                "is_virtual_station": false,
                "last_reported": 1762435815,
                "name": "Bassin Louise",
                "nearby_distance": 1000.0,
                "num_bikes_available": 11,
                "num_bikes_disabled": 1,
                "num_docks_available": 12,
                "num_docks_disabled": 0,
                "obcn": "",
                "physical_configuration": "ELECTRICBIKESTATION",
                "post_code": "123456",
                "rental_methods": [
                    "KEY",
                    "TRANSITCARD",
                    "CREDITCARD",
                    "PHONE"
                ],
                "rental_uris": {},
                "short_name": "",
                "station_id": "30",
                "status": "IN_SERVICE",
                "traffic": null,
                "vehicle_docks_available": [
                    {
                        "count": 12,
                        "vehicle_type_ids": [
                            "EFIT",
                            "BOOST",
                            "ICONIC",
                            "FIT"
                        ]
                    }
                ],
                "vehicle_types_available": [
                    {
                        "count": 0,
                        "vehicle_type_id": "FIT"
                    },
                    {
                        "count": 0,
                        "vehicle_type_id": "ICONIC"
                    },
                    {
                        "count": 0,
                        "vehicle_type_id": "BOOST"
                    },
                    {
                        "count": 11,
                        "vehicle_type_id": "EFIT"
                    }
                ]
            },
            "type": "Feature"
        },
        {
            "geometry": {
                "coordinates": [
                    -71.21899632428105,
                    46.81788381582096
                ],
                "type": "Point"
            },
            "properties": {
                "address": "Parc John-Munn",
                "altitude": 0.0,
                "capacity": 28,
                "geofenced_capacity": 0,
                "groups": [
                    "Stations \u00e9lectrifi\u00e9es 2025",
                    "Prolongation de saison novembre"
                ],
                "is_charging_station": true,
                "is_installed": true,
                "is_renting": true,
                "is_returning": true,
                "is_virtual_station": false,
                "last_reported": 1762435675,
                "name": "Parc John-Munn",
                "nearby_distance": 1000.0,
                "num_bikes_available": 4,
                "num_bikes_disabled": 0,
                "num_docks_available": 24,
                "num_docks_disabled": 0,
                "obcn": "",
                "physical_configuration": "ELECTRICBIKESTATION",
                "post_code": "123456",
                "rental_methods": [
                    "KEY",
                    "TRANSITCARD",
                    "CREDITCARD",
                    "PHONE"
                ],
                "rental_uris": {},
                "short_name": "",
                "station_id": "32",
                "status": "IN_SERVICE",
                "traffic": null,
                "vehicle_docks_available": [
                    {
                        "count": 24,
                        "vehicle_type_ids": [
                            "EFIT",
                            "BOOST",
                            "ICONIC",
                            "FIT"
                        ]
                    }
                ],
                "vehicle_types_available": [
                    {
                        "count": 0,
                        "vehicle_type_id": "FIT"
                    },
                    {
                        "count": 0,
                        "vehicle_type_id": "ICONIC"
                    },
                    {
                        "count": 0,
                        "vehicle_type_id": "BOOST"
                    },
                    {
                        "count": 4,
                        "vehicle_type_id": "EFIT"
                    }
                ]
            },
            "type": "Feature"
        },
        {
            "geometry": {
                "coordinates": [
                    -71.22872112456692,
                    46.812892538605325
                ],
                "type": "Point"
            },
            "properties": {
                "address": "Saint-Joseph / Langelier",
                "altitude": null,
                "capacity": 20,
                "geofenced_capacity": 0,
                "groups": [
                    "Stations \u00e9lectrifi\u00e9es 2025",
                    "Prolongation de saison novembre"
                ],
                "is_charging_station": true,
                "is_installed": true,
                "is_renting": true,
                "is_returning": true,
                "is_virtual_station": false,
                "last_reported": 1762435702,
                "name": "Saint-Joseph E. / Caron",
                "nearby_distance": 1000.0,
                "num_bikes_available": 12,
                "num_bikes_disabled": 0,
                "num_docks_available": 8,
                "num_docks_disabled": 0,
                "obcn": "",
                "physical_configuration": "ELECTRICBIKESTATION",
                "post_code": "123456",
                "rental_methods": [
                    "KEY",
                    "TRANSITCARD",
                    "CREDITCARD",
                    "PHONE"
                ],
                "rental_uris": {},
                "short_name": "",
                "station_id": "34",
                "status": "IN_SERVICE",
                "traffic": null,
                "vehicle_docks_available": [
                    {
                        "count": 8,
                        "vehicle_type_ids": [
                            "EFIT",
                            "BOOST",
                            "ICONIC",
                            "FIT"
                        ]
                    }
                ],
                "vehicle_types_available": [
                    {
                        "count": 0,
                        "vehicle_type_id": "FIT"
                    },
                    {
                        "count": 0,
                        "vehicle_type_id": "ICONIC"
                    },
                    {
                        "count": 0,
                        "vehicle_type_id": "BOOST"
                    },
                    {
                        "count": 12,
                        "vehicle_type_id": "EFIT"
                    }
                ]
            },
            "type": "Feature"
        },
        {
            "geometry": {
                "coordinates": [
                    -71.2360961572326,
                    46.8070057051584
                ],
                "type": "Point"
            },
            "properties": {
                "address": "Place Roger-Lemelin",
                "altitude": 0.0,
                "capacity": 20,
                "geofenced_capacity": 0,
                "groups": [
                    "Stations \u00e9lectrifi\u00e9es 2025",
                    "Prolongation de saison novembre"
                ],
                "is_charging_station": true,
                "is_installed": true,
                "is_renting": true,
                "is_returning": true,
                "is_virtual_station": false,
                "last_reported": 1762435752,
                "name": "Place Roger-Lemelin",
                "nearby_distance": 1000.0,
                "num_bikes_available": 1,
                "num_bikes_disabled": 0,
                "num_docks_available": 19,
                "num_docks_disabled": 0,
                "obcn": "",
                "physical_configuration": "ELECTRICBIKESTATION",
                "post_code": "123456",
                "rental_methods": [
                    "KEY",
                    "TRANSITCARD",
                    "CREDITCARD",
                    "PHONE"
                ],
                "rental_uris": {},
                "short_name": "",
                "station_id": "35",
                "status": "IN_SERVICE",
                "traffic": null,
                "vehicle_docks_available": [
                    {
                        "count": 19,
                        "vehicle_type_ids": [
                            "EFIT",
                            "BOOST",
                            "ICONIC",
                            "FIT"
                        ]
                    }
                ],
                "vehicle_types_available": [
                    {
                        "count": 0,
                        "vehicle_type_id": "FIT"
                    },
                    {
                        "count": 0,
                        "vehicle_type_id": "ICONIC"
                    },
                    {
                        "count": 0,
                        "vehicle_type_id": "BOOST"
                    },
                    {
                        "count": 1,
                        "vehicle_type_id": "EFIT"
                    }
                ]
            },
            "type": "Feature"
        },
        {
            "geometry": {
                "coordinates": [
                    -71.235443,
                    46.815057
                ],
                "type": "Point"
            },
            "properties": {
                "address": "Parc Victoria",
                "altitude": 0.0,
                "capacity": 24,
                "geofenced_capacity": 0,
                "groups": [
                    "Stations \u00e9lectrifi\u00e9es 2025",
                    "Prolongation de saison novembre"
                ],
                "is_charging_station": true,
                "is_installed": true,
                "is_renting": true,
                "is_returning": true,
                "is_virtual_station": false,
                "last_reported": 1762435828,
                "name": "Parc Victoria - S.-Napol\u00e9on-Parent",
                "nearby_distance": 1000.0,
                "num_bikes_available": 15,
                "num_bikes_disabled": 1,
                "num_docks_available": 8,
                "num_docks_disabled": 0,
                "obcn": "",
                "physical_configuration": "ELECTRICBIKESTATION",
                "post_code": "123456",
                "rental_methods": [
                    "KEY",
                    "TRANSITCARD",
                    "CREDITCARD",
                    "PHONE"
                ],
                "rental_uris": {},
                "short_name": "",
                "station_id": "36",
                "status": "IN_SERVICE",
                "traffic": null,
                "vehicle_docks_available": [
                    {
                        "count": 8,
                        "vehicle_type_ids": [
                            "EFIT",
                            "BOOST",
                            "ICONIC",
                            "FIT"
                        ]
                    }
                ],
                "vehicle_types_available": [
                    {
                        "count": 0,
                        "vehicle_type_id": "FIT"
                    },
                    {
                        "count": 0,
                        "vehicle_type_id": "ICONIC"
                    },
                    {
                        "count": 0,
                        "vehicle_type_id": "BOOST"
                    },
                    {
                        "count": 15,
                        "vehicle_type_id": "EFIT"
                    }
                ]
            },
            "type": "Feature"
        },
        {
            "geometry": {
                "coordinates": [
                    -71.22555066618058,
                    46.822100909007546
                ],
                "type": "Point"
            },
            "properties": {
                "address": "3e Rue / 3e Avenue",
                "altitude": 0.0,
                "capacity": 24,
                "geofenced_capacity": 0,
                "groups": [
                    "Stations \u00e9lectrifi\u00e9es 2025",
                    "Prolongation de saison novembre"
                ],
                "is_charging_station": true,
                "is_installed": true,
                "is_renting": true,
                "is_returning": true,
                "is_virtual_station": false,
                "last_reported": 1762435834,
                "name": "3e Rue / 3e Avenue",
                "nearby_distance": 1000.0,
                "num_bikes_available": 6,
                "num_bikes_disabled": 0,
                "num_docks_available": 18,
                "num_docks_disabled": 0,
                "obcn": "",
                "physical_configuration": "ELECTRICBIKESTATION",
                "post_code": "123456",
                "rental_methods": [
                    "KEY",
                    "TRANSITCARD",
                    "CREDITCARD",
                    "PHONE"
                ],
                "rental_uris": {},
                "short_name": "",
                "station_id": "38",
                "status": "IN_SERVICE",
                "traffic": null,
                "vehicle_docks_available": [
                    {
                        "count": 18,
                        "vehicle_type_ids": [
                            "EFIT",
                            "BOOST",
                            "ICONIC",
                            "FIT"
                        ]
                    }
                ],
                "vehicle_types_available": [
                    {
                        "count": 0,
                        "vehicle_type_id": "FIT"
                    },
                    {
                        "count": 0,
                        "vehicle_type_id": "ICONIC"
                    },
                    {
                        "count": 0,
                        "vehicle_type_id": "BOOST"
                    },
                    {
                        "count": 6,
                        "vehicle_type_id": "EFIT"
                    }
                ]
            },
            "type": "Feature"
        },
        {
            "geometry": {
                "coordinates": [
                    -71.22837657406617,
                    46.83056247988369
                ],
                "type": "Point"
            },
            "properties": {
                "address": "C\u00e9gep Limoilou",
                "altitude": 0.0,
                "capacity": 20,
                "geofenced_capacity": 0,
                "groups": [
                    "Stations \u00e9lectrifi\u00e9es 2025",
                    "Prolongation de saison novembre"
                ],
                "is_charging_station": true,
                "is_installed": true,
                "is_renting": true,
                "is_returning": true,
                "is_virtual_station": false,
                "last_reported": 1762435730,
                "name": "C\u00e9gep Limoilou - Limoilou",
                "nearby_distance": 1000.0,
                "num_bikes_available": 13,
                "num_bikes_disabled": 1,
                "num_docks_available": 6,
                "num_docks_disabled": 0,
                "obcn": "",
                "physical_configuration": "ELECTRICBIKESTATION",
                "post_code": "123456",
                "rental_methods": [
                    "KEY",
                    "TRANSITCARD",
                    "CREDITCARD",
                    "PHONE"
                ],
                "rental_uris": {},
                "short_name": "",
                "station_id": "40",
                "status": "IN_SERVICE",
                "traffic": null,
                "vehicle_docks_available": [
                    {
                        "count": 6,
                        "vehicle_type_ids": [
                            "EFIT",
                            "BOOST",
                            "ICONIC",
                            "FIT"
                        ]
                    }
                ],
                "vehicle_types_available": [
                    {
                        "count": 0,
                        "vehicle_type_id": "FIT"
                    },
                    {
                        "count": 0,
                        "vehicle_type_id": "ICONIC"
                    },
                    {
                        "count": 0,
                        "vehicle_type_id": "BOOST"
                    },
                    {
                        "count": 13,
                        "vehicle_type_id": "EFIT"
                    }
                ]
            },
            "type": "Feature"
        },
        {
            "geometry": {
                "coordinates": [
                    -71.2347588,
                    46.82497869
                ],
                "type": "Point"
            },
            "properties": {
                "address": "Parc de l'Anse-\u00e0-Cartier",
                "altitude": 0.0,
                "capacity": 23,
                "geofenced_capacity": 0,
                "groups": [
                    "Stations \u00e9lectrifi\u00e9es 2025",
                    "Prolongation de saison novembre"
                ],
                "is_charging_station": true,
                "is_installed": true,
                "is_renting": true,
                "is_returning": true,
                "is_virtual_station": false,
                "last_reported": 1762435698,
                "name": "Parc de l'Anse-\u00e0-Cartier",
                "nearby_distance": 1000.0,
                "num_bikes_available": 0,
                "num_bikes_disabled": 0,
                "num_docks_available": 23,
                "num_docks_disabled": 0,
                "obcn": "",
                "physical_configuration": "ELECTRICBIKESTATION",
                "post_code": "123456",
                "rental_methods": [
                    "KEY",
                    "TRANSITCARD",
                    "CREDITCARD",
                    "PHONE"
                ],
                "rental_uris": {},
                "short_name": "",
                "station_id": "41",
                "status": "IN_SERVICE",
                "traffic": null,
                "vehicle_docks_available": [
                    {
                        "count": 23,
                        "vehicle_type_ids": [
                            "EFIT",
                            "BOOST",
                            "ICONIC",
                            "FIT"
                        ]
                    }
                ],
                "vehicle_types_available": [
                    {
                        "count": 0,
                        "vehicle_type_id": "FIT"
                    },
                    {
                        "count": 0,
                        "vehicle_type_id": "ICONIC"
                    },
                    {
                        "count": 0,
                        "vehicle_type_id": "BOOST"
                    },
                    {
                        "count": 0,
                        "vehicle_type_id": "EFIT"
                    }
                ]
            },
            "type": "Feature"
        },
        {
            "geometry": {
                "coordinates": [
                    -71.24406570853023,
                    46.8294326924675
                ],
                "type": "Point"
            },
            "properties": {
                "address": "Grand March\u00e9",
                "altitude": 0.0,
                "capacity": 16,
                "geofenced_capacity": 0,
                "groups": [
                    "Stations \u00e9lectrifi\u00e9es 2025",
                    "Prolongation de saison novembre"
                ],
                "is_charging_station": true,
                "is_installed": true,
                "is_renting": true,
                "is_returning": true,
                "is_virtual_station": false,
                "last_reported": 1762435746,
                "name": "ExpoCit\u00e9 - Grand March\u00e9",
                "nearby_distance": 1000.0,
                "num_bikes_available": 5,
                "num_bikes_disabled": 0,
                "num_docks_available": 11,
                "num_docks_disabled": 0,
                "obcn": "",
                "physical_configuration": "ELECTRICBIKESTATION",
                "post_code": "123456",
                "rental_methods": [
                    "KEY",
                    "TRANSITCARD",
                    "CREDITCARD",
                    "PHONE"
                ],
                "rental_uris": {},
                "short_name": "",
                "station_id": "42",
                "status": "IN_SERVICE",
                "traffic": null,
                "vehicle_docks_available": [
                    {
                        "count": 11,
                        "vehicle_type_ids": [
                            "EFIT",
                            "BOOST",
                            "ICONIC",
                            "FIT"
                        ]
                    }
                ],
                "vehicle_types_available": [
                    {
                        "count": 0,
                        "vehicle_type_id": "FIT"
                    },
                    {
                        "count": 0,
                        "vehicle_type_id": "ICONIC"
                    },
                    {
                        "count": 0,
                        "vehicle_type_id": "BOOST"
                    },
                    {
                        "count": 5,
                        "vehicle_type_id": "EFIT"
                    }
                ]
            },
            "type": "Feature"
        },
        {
            "geometry": {
                "coordinates": [
                    -71.22041093634985,
                    46.81240304152266
                ],
                "type": "Point"
            },
            "properties": {
                "address": "Lavigueur",
                "altitude": 0.0,
                "capacity": 16,
                "geofenced_capacity": 0,
                "groups": [
                    "Stations \u00e9lectrifi\u00e9es 2025",
                    "Prolongation de saison novembre"
                ],
                "is_charging_station": true,
                "is_installed": true,
                "is_renting": true,
                "is_returning": true,
                "is_virtual_station": false,
                "last_reported": 1762435827,
                "name": "Lavigueur / Sainte-Genevi\u00e8ve",
                "nearby_distance": 1000.0,
                "num_bikes_available": 2,
                "num_bikes_disabled": 1,
                "num_docks_available": 13,
                "num_docks_disabled": 0,
                "obcn": "",
                "physical_configuration": "ELECTRICBIKESTATION",
                "rental_methods": [
                    "KEY",
                    "TRANSITCARD",
                    "CREDITCARD",
                    "PHONE"
                ],
                "rental_uris": {},
                "short_name": "",
                "station_id": "48",
                "status": "IN_SERVICE",
                "traffic": null,
                "vehicle_docks_available": [
                    {
                        "count": 13,
                        "vehicle_type_ids": [
                            "EFIT",
                            "BOOST",
                            "ICONIC",
                            "FIT"
                        ]
                    }
                ],
                "vehicle_types_available": [
                    {
                        "count": 0,
                        "vehicle_type_id": "FIT"
                    },
                    {
                        "count": 0,
                        "vehicle_type_id": "ICONIC"
                    },
                    {
                        "count": 0,
                        "vehicle_type_id": "BOOST"
                    },
                    {
                        "count": 2,
                        "vehicle_type_id": "EFIT"
                    }
                ]
            },
            "type": "Feature"
        },
        {
            "geometry": {
                "coordinates": [
                    -71.20866286086462,
                    46.81315107393019
                ],
                "type": "Point"
            },
            "properties": {
                "address": "18 Rue Pierre Olivier Chauveau",
                "altitude": 0.0,
                "capacity": 24,
                "geofenced_capacity": 0,
                "groups": [
                    "Prolongation de saison novembre"
                ],
                "is_charging_station": false,
                "is_installed": true,
                "is_renting": true,
                "is_returning": true,
                "is_virtual_station": false,
                "last_reported": 1762435695,
                "name": "H\u00f4tel de ville",
                "nearby_distance": 1000.0,
                "num_bikes_available": 2,
                "num_bikes_disabled": 0,
                "num_docks_available": 22,
                "num_docks_disabled": 0,
                "obcn": "",
                "physical_configuration": "REGULAR",
                "post_code": "G1R 5Z1",
                "rental_methods": [
                    "KEY",
                    "TRANSITCARD",
                    "CREDITCARD",
                    "PHONE"
                ],
                "rental_uris": {},
                "short_name": "",
                "station_id": "5",
                "status": "IN_SERVICE",
                "traffic": null,
                "vehicle_docks_available": [
                    {
                        "count": 22,
                        "vehicle_type_ids": [
                            "EFIT",
                            "BOOST",
                            "ICONIC",
                            "FIT"
                        ]
                    }
                ],
                "vehicle_types_available": [
                    {
                        "count": 0,
                        "vehicle_type_id": "FIT"
                    },
                    {
                        "count": 0,
                        "vehicle_type_id": "ICONIC"
                    },
                    {
                        "count": 0,
                        "vehicle_type_id": "BOOST"
                    },
                    {
                        "count": 2,
                        "vehicle_type_id": "EFIT"
                    }
                ]
            },
            "type": "Feature"
        },
        {
            "geometry": {
                "coordinates": [
                    -71.23540046142958,
                    46.80106563508459
                ],
                "type": "Point"
            },
            "properties": {
                "address": "Brown / P\u00e8re-Marquette",
                "altitude": 0.0,
                "capacity": 24,
                "geofenced_capacity": 0,
                "groups": [
                    "Stations \u00e9lectrifi\u00e9es 2025",
                    "Prolongation de saison novembre"
                ],
                "is_charging_station": true,
                "is_installed": true,
                "is_renting": true,
                "is_returning": true,
                "is_virtual_station": false,
                "last_reported": 1762435767,
                "name": "Brown / P\u00e8re-Marquette",
                "nearby_distance": 1000.0,
                "num_bikes_available": 0,
                "num_bikes_disabled": 1,
                "num_docks_available": 23,
                "num_docks_disabled": 0,
                "obcn": "",
                "physical_configuration": "ELECTRICBIKESTATION",
                "rental_methods": [
                    "KEY",
                    "TRANSITCARD",
                    "CREDITCARD",
                    "PHONE"
                ],
                "rental_uris": {},
                "short_name": "",
                "station_id": "50",
                "status": "IN_SERVICE",
                "traffic": null,
                "vehicle_docks_available": [
                    {
                        "count": 23,
                        "vehicle_type_ids": [
                            "EFIT",
                            "BOOST",
                            "ICONIC",
                            "FIT"
                        ]
                    }
                ],
                "vehicle_types_available": [
                    {
                        "count": 0,
                        "vehicle_type_id": "FIT"
                    },
                    {
                        "count": 0,
                        "vehicle_type_id": "ICONIC"
                    },
                    {
                        "count": 0,
                        "vehicle_type_id": "BOOST"
                    },
                    {
                        "count": 0,
                        "vehicle_type_id": "EFIT"
                    }
                ]
            },
            "type": "Feature"
        },
        {
            "geometry": {
                "coordinates": [
                    -71.24431075977705,
                    46.79751457389288
                ],
                "type": "Point"
            },
            "properties": {
                "address": "Cardinal-Rouleau / Raymond-Casgrain",
                "altitude": 0.0,
                "capacity": 20,
                "geofenced_capacity": 0,
                "groups": [
                    "Stations \u00e9lectrifi\u00e9es 2025",
                    "Prolongation de saison novembre"
                ],
                "is_charging_station": true,
                "is_installed": true,
                "is_renting": true,
                "is_returning": true,
                "is_virtual_station": false,
                "last_reported": 1762435683,
                "name": "Raymond-Casgrain / Cardinal-Rouleau",
                "nearby_distance": 1000.0,
                "num_bikes_available": 2,
                "num_bikes_disabled": 0,
                "num_docks_available": 18,
                "num_docks_disabled": 0,
                "obcn": "",
                "physical_configuration": "ELECTRICBIKESTATION",
                "rental_methods": [
                    "KEY",
                    "TRANSITCARD",
                    "CREDITCARD",
                    "PHONE"
                ],
                "rental_uris": {},
                "short_name": "",
                "station_id": "51",
                "status": "IN_SERVICE",
                "traffic": null,
                "vehicle_docks_available": [
                    {
                        "count": 18,
                        "vehicle_type_ids": [
                            "EFIT",
                            "BOOST",
                            "ICONIC",
                            "FIT"
                        ]
                    }
                ],
                "vehicle_types_available": [
                    {
                        "count": 0,
                        "vehicle_type_id": "FIT"
                    },
                    {
                        "count": 0,
                        "vehicle_type_id": "ICONIC"
                    },
                    {
                        "count": 0,
                        "vehicle_type_id": "BOOST"
                    },
                    {
                        "count": 2,
                        "vehicle_type_id": "EFIT"
                    }
                ]
            },
            "type": "Feature"
        },
        {
            "geometry": {
                "coordinates": [
                    -71.25823142456434,
                    46.786588174519565
                ],
                "type": "Point"
            },
            "properties": {
                "address": "Parc Anet-Gomin",
                "altitude": 0.0,
                "capacity": 16,
                "geofenced_capacity": 0,
                "groups": [
                    "Stations \u00e9lectrifi\u00e9es 2025",
                    "Prolongation de saison novembre"
                ],
                "is_charging_station": true,
                "is_installed": true,
                "is_renting": true,
                "is_returning": true,
                "is_virtual_station": false,
                "last_reported": 1762435677,
                "name": "Parc Anet-Gomin",
                "nearby_distance": 1000.0,
                "num_bikes_available": 5,
                "num_bikes_disabled": 0,
                "num_docks_available": 11,
                "num_docks_disabled": 0,
                "obcn": "",
                "physical_configuration": "ELECTRICBIKESTATION",
                "rental_methods": [
                    "KEY",
                    "TRANSITCARD",
                    "CREDITCARD",
                    "PHONE"
                ],
                "rental_uris": {},
                "short_name": "",
                "station_id": "56",
                "status": "IN_SERVICE",
                "traffic": null,
                "vehicle_docks_available": [
                    {
                        "count": 11,
                        "vehicle_type_ids": [
                            "EFIT",
                            "BOOST",
                            "ICONIC",
                            "FIT"
                        ]
                    }
                ],
                "vehicle_types_available": [
                    {
                        "count": 0,
                        "vehicle_type_id": "FIT"
                    },
                    {
                        "count": 0,
                        "vehicle_type_id": "ICONIC"
                    },
                    {
                        "count": 0,
                        "vehicle_type_id": "BOOST"
                    },
                    {
                        "count": 5,
                        "vehicle_type_id": "EFIT"
                    }
                ]
            },
            "type": "Feature"
        },
        {
            "geometry": {
                "coordinates": [
                    -71.26476528572462,
                    46.78938334025807
                ],
                "type": "Point"
            },
            "properties": {
                "address": "H\u00e9l\u00e8ne-Boull\u00e9 / Du Bon-Air",
                "altitude": 0.0,
                "capacity": 20,
                "geofenced_capacity": 0,
                "groups": [
                    "Stations \u00e9lectrifi\u00e9es 2025",
                    "Prolongation de saison novembre"
                ],
                "is_charging_station": true,
                "is_installed": true,
                "is_renting": true,
                "is_returning": true,
                "is_virtual_station": false,
                "last_reported": 1762435716,
                "name": "H\u00e9l\u00e8ne-Boull\u00e9 / Du Bon-Air",
                "nearby_distance": 1000.0,
                "num_bikes_available": 13,
                "num_bikes_disabled": 1,
                "num_docks_available": 6,
                "num_docks_disabled": 0,
                "obcn": "",
                "physical_configuration": "ELECTRICBIKESTATION",
                "rental_methods": [
                    "KEY",
                    "TRANSITCARD",
                    "CREDITCARD",
                    "PHONE"
                ],
                "rental_uris": {},
                "short_name": "",
                "station_id": "57",
                "status": "IN_SERVICE",
                "traffic": null,
                "vehicle_docks_available": [
                    {
                        "count": 6,
                        "vehicle_type_ids": [
                            "EFIT",
                            "BOOST",
                            "ICONIC",
                            "FIT"
                        ]
                    }
                ],
                "vehicle_types_available": [
                    {
                        "count": 0,
                        "vehicle_type_id": "FIT"
                    },
                    {
                        "count": 0,
                        "vehicle_type_id": "ICONIC"
                    },
                    {
                        "count": 0,
                        "vehicle_type_id": "BOOST"
                    },
                    {
                        "count": 13,
                        "vehicle_type_id": "EFIT"
                    }
                ]
            },
            "type": "Feature"
        },
        {
            "geometry": {
                "coordinates": [
                    -71.26640411543272,
                    46.787372378242026
                ],
                "type": "Point"
            },
            "properties": {
                "address": "Parc Myrand",
                "altitude": 0.0,
                "capacity": 24,
                "geofenced_capacity": 0,
                "groups": [
                    "Stations \u00e9lectrifi\u00e9es 2025",
                    "Prolongation de saison novembre"
                ],
                "is_charging_station": true,
                "is_installed": true,
                "is_renting": true,
                "is_returning": true,
                "is_virtual_station": false,
                "last_reported": 1762435796,
                "name": "Parc Myrand",
                "nearby_distance": 1000.0,
                "num_bikes_available": 13,
                "num_bikes_disabled": 1,
                "num_docks_available": 10,
                "num_docks_disabled": 1,
                "obcn": "",
                "physical_configuration": "ELECTRICBIKESTATION",
                "rental_methods": [
                    "KEY",
                    "TRANSITCARD",
                    "CREDITCARD",
                    "PHONE"
                ],
                "rental_uris": {},
                "short_name": "",
                "station_id": "58",
                "status": "IN_SERVICE",
                "traffic": null,
                "vehicle_docks_available": [
                    {
                        "count": 10,
                        "vehicle_type_ids": [
                            "EFIT",
                            "BOOST",
                            "ICONIC",
                            "FIT"
                        ]
                    }
                ],
                "vehicle_types_available": [
                    {
                        "count": 0,
                        "vehicle_type_id": "FIT"
                    },
                    {
                        "count": 0,
                        "vehicle_type_id": "ICONIC"
                    },
                    {
                        "count": 0,
                        "vehicle_type_id": "BOOST"
                    },
                    {
                        "count": 13,
                        "vehicle_type_id": "EFIT"
                    }
                ]
            },
            "type": "Feature"
        },
        {
            "geometry": {
                "coordinates": [
                    -71.22489827203177,
                    46.81433964390105
                ],
                "type": "Point"
            },
            "properties": {
                "address": "1113 Rue De L'\u00c9glise",
                "altitude": 0.0,
                "capacity": 34,
                "geofenced_capacity": 0,
                "groups": [
                    "Prolongation de saison novembre"
                ],
                "is_charging_station": true,
                "is_installed": true,
                "is_renting": true,
                "is_returning": true,
                "is_virtual_station": false,
                "last_reported": 1762435802,
                "name": "Place Jacques-Cartier",
                "nearby_distance": 1000.0,
                "num_bikes_available": 33,
                "num_bikes_disabled": 1,
                "num_docks_available": 0,
                "num_docks_disabled": 0,
                "obcn": "",
                "physical_configuration": "ELECTRICBIKESTATION",
                "post_code": "G1K 2Z2",
                "rental_methods": [
                    "KEY",
                    "TRANSITCARD",
                    "CREDITCARD",
                    "PHONE"
                ],
                "rental_uris": {},
                "short_name": "",
                "station_id": "6",
                "status": "IN_SERVICE",
                "traffic": null,
                "vehicle_docks_available": [
                    {
                        "count": 0,
                        "vehicle_type_ids": [
                            "EFIT",
                            "BOOST",
                            "ICONIC",
                            "FIT"
                        ]
                    }
                ],
                "vehicle_types_available": [
                    {
                        "count": 0,
                        "vehicle_type_id": "FIT"
                    },
                    {
                        "count": 0,
                        "vehicle_type_id": "ICONIC"
                    },
                    {
                        "count": 0,
                        "vehicle_type_id": "BOOST"
                    },
                    {
                        "count": 33,
                        "vehicle_type_id": "EFIT"
                    }
                ]
            },
            "type": "Feature"
        },
        {
            "geometry": {
                "coordinates": [
                    -71.27043994680358,
                    46.77878224539512
                ],
                "type": "Point"
            },
            "properties": {
                "address": "ULaval - Alphonse-Desjardins",
                "altitude": null,
                "capacity": 24,
                "geofenced_capacity": 0,
                "groups": [
                    "Stations \u00e9lectrifi\u00e9es 2025",
                    "Prolongation de saison novembre"
                ],
                "is_charging_station": true,
                "is_installed": true,
                "is_renting": true,
                "is_returning": true,
                "is_virtual_station": false,
                "last_reported": 1762435761,
                "name": "ULaval - Alphonse-Desjardins",
                "nearby_distance": 1000.0,
                "num_bikes_available": 12,
                "num_bikes_disabled": 0,
                "num_docks_available": 12,
                "num_docks_disabled": 0,
                "obcn": "",
                "physical_configuration": "ELECTRICBIKESTATION",
                "rental_methods": [
                    "KEY",
                    "TRANSITCARD",
                    "CREDITCARD",
                    "PHONE"
                ],
                "rental_uris": {},
                "short_name": "",
                "station_id": "61",
                "status": "IN_SERVICE",
                "traffic": null,
                "vehicle_docks_available": [
                    {
                        "count": 12,
                        "vehicle_type_ids": [
                            "EFIT",
                            "BOOST",
                            "ICONIC",
                            "FIT"
                        ]
                    }
                ],
                "vehicle_types_available": [
                    {
                        "count": 0,
                        "vehicle_type_id": "FIT"
                    },
                    {
                        "count": 0,
                        "vehicle_type_id": "ICONIC"
                    },
                    {
                        "count": 0,
                        "vehicle_type_id": "BOOST"
                    },
                    {
                        "count": 12,
                        "vehicle_type_id": "EFIT"
                    }
                ]
            },
            "type": "Feature"
        },
        {
            "geometry": {
                "coordinates": [
                    -71.27606006788633,
                    46.78331900547899
                ],
                "type": "Point"
            },
            "properties": {
                "address": "ULaval - PEPS",
                "altitude": null,
                "capacity": 32,
                "geofenced_capacity": 0,
                "groups": [
                    "Stations \u00e9lectrifi\u00e9es 2025",
                    "Prolongation de saison novembre"
                ],
                "is_charging_station": true,
                "is_installed": true,
                "is_renting": true,
                "is_returning": true,
                "is_valet_station": true,
                "is_virtual_station": false,
                "last_reported": 1762435749,
                "name": "ULaval - PEPS",
                "nearby_distance": 1000.0,
                "num_bikes_available": 14,
                "num_bikes_disabled": 0,
                "num_docks_available": 18,
                "num_docks_disabled": 0,
                "obcn": "",
                "physical_configuration": "ELECTRICBIKESTATION",
                "rental_methods": [
                    "KEY",
                    "TRANSITCARD",
                    "CREDITCARD",
                    "PHONE"
                ],
                "rental_uris": {},
                "short_name": "",
                "station_id": "62",
                "status": "IN_SERVICE",
                "traffic": null,
                "vehicle_docks_available": [
                    {
                        "count": 18,
                        "vehicle_type_ids": [
                            "EFIT",
                            "BOOST",
                            "ICONIC",
                            "FIT"
                        ]
                    }
                ],
                "vehicle_types_available": [
                    {
                        "count": 0,
                        "vehicle_type_id": "FIT"
                    },
                    {
                        "count": 0,
                        "vehicle_type_id": "ICONIC"
                    },
                    {
                        "count": 0,
                        "vehicle_type_id": "BOOST"
                    },
                    {
                        "count": 14,
                        "vehicle_type_id": "EFIT"
                    }
                ]
            },
            "type": "Feature"
        },
        {
            "geometry": {
                "coordinates": [
                    -71.2852852318077,
                    46.78611924914782
                ],
                "type": "Point"
            },
            "properties": {
                "address": "C\u00e9gep de Sainte-Foy",
                "altitude": null,
                "capacity": 24,
                "geofenced_capacity": 0,
                "groups": [
                    "Stations \u00e9lectrifi\u00e9es 2025",
                    "Prolongation de saison novembre"
                ],
                "is_charging_station": true,
                "is_installed": true,
                "is_renting": true,
                "is_returning": true,
                "is_virtual_station": false,
                "last_reported": 1762435741,
                "name": "C\u00e9gep de Sainte-Foy",
                "nearby_distance": 1000.0,
                "num_bikes_available": 9,
                "num_bikes_disabled": 0,
                "num_docks_available": 15,
                "num_docks_disabled": 0,
                "obcn": "",
                "physical_configuration": "ELECTRICBIKESTATION",
                "rental_methods": [
                    "KEY",
                    "TRANSITCARD",
                    "CREDITCARD",
                    "PHONE"
                ],
                "rental_uris": {},
                "short_name": "",
                "station_id": "64",
                "status": "IN_SERVICE",
                "traffic": null,
                "vehicle_docks_available": [
                    {
                        "count": 15,
                        "vehicle_type_ids": [
                            "EFIT",
                            "BOOST",
                            "ICONIC",
                            "FIT"
                        ]
                    }
                ],
                "vehicle_types_available": [
                    {
                        "count": 0,
                        "vehicle_type_id": "FIT"
                    },
                    {
                        "count": 0,
                        "vehicle_type_id": "ICONIC"
                    },
                    {
                        "count": 0,
                        "vehicle_type_id": "BOOST"
                    },
                    {
                        "count": 9,
                        "vehicle_type_id": "EFIT"
                    }
                ]
            },
            "type": "Feature"
        },
        {
            "geometry": {
                "coordinates": [
                    -71.24416592049025,
                    46.807598406228216
                ],
                "type": "Point"
            },
            "properties": {
                "address": "Raoul-Jobin / Marie-de-l'Incarnation",
                "altitude": 0.0,
                "capacity": 20,
                "geofenced_capacity": 0,
                "groups": [
                    "Stations \u00e9lectrifi\u00e9es 2025",
                    "Prolongation de saison novembre"
                ],
                "is_charging_station": true,
                "is_installed": true,
                "is_renting": true,
                "is_returning": true,
                "is_virtual_station": false,
                "last_reported": 1762435736,
                "name": "Raoul-Jobin / Marie-de-l'Incarnation",
                "nearby_distance": 1000.0,
                "num_bikes_available": 5,
                "num_bikes_disabled": 0,
                "num_docks_available": 15,
                "num_docks_disabled": 1,
                "obcn": "",
                "physical_configuration": "ELECTRICBIKESTATION",
                "rental_methods": [
                    "KEY",
                    "TRANSITCARD",
                    "CREDITCARD",
                    "PHONE"
                ],
                "rental_uris": {},
                "short_name": "",
                "station_id": "67",
                "status": "IN_SERVICE",
                "traffic": null,
                "vehicle_docks_available": [
                    {
                        "count": 15,
                        "vehicle_type_ids": [
                            "EFIT",
                            "BOOST",
                            "ICONIC",
                            "FIT"
                        ]
                    }
                ],
                "vehicle_types_available": [
                    {
                        "count": 0,
                        "vehicle_type_id": "FIT"
                    },
                    {
                        "count": 0,
                        "vehicle_type_id": "ICONIC"
                    },
                    {
                        "count": 0,
                        "vehicle_type_id": "BOOST"
                    },
                    {
                        "count": 5,
                        "vehicle_type_id": "EFIT"
                    }
                ]
            },
            "type": "Feature"
        },
        {
            "geometry": {
                "coordinates": [
                    -71.23170705961607,
                    46.80985414622597
                ],
                "type": "Point"
            },
            "properties": {
                "address": "Signa\u00ef / Christophe-Colomb",
                "altitude": 0.0,
                "capacity": 24,
                "geofenced_capacity": 0,
                "groups": [
                    "Stations \u00e9lectrifi\u00e9es 2025",
                    "Prolongation de saison novembre"
                ],
                "is_charging_station": true,
                "is_installed": true,
                "is_renting": true,
                "is_returning": true,
                "is_virtual_station": false,
                "last_reported": 1762435765,
                "name": "Signa\u00ef / Christophe-Colomb",
                "nearby_distance": 1000.0,
                "num_bikes_available": 4,
                "num_bikes_disabled": 2,
                "num_docks_available": 18,
                "num_docks_disabled": 0,
                "obcn": "",
                "physical_configuration": "ELECTRICBIKESTATION",
                "rental_methods": [
                    "KEY",
                    "TRANSITCARD",
                    "CREDITCARD",
                    "PHONE"
                ],
                "rental_uris": {},
                "short_name": "",
                "station_id": "69",
                "status": "IN_SERVICE",
                "traffic": null,
                "vehicle_docks_available": [
                    {
                        "count": 18,
                        "vehicle_type_ids": [
                            "EFIT",
                            "BOOST",
                            "ICONIC",
                            "FIT"
                        ]
                    }
                ],
                "vehicle_types_available": [
                    {
                        "count": 0,
                        "vehicle_type_id": "FIT"
                    },
                    {
                        "count": 0,
                        "vehicle_type_id": "ICONIC"
                    },
                    {
                        "count": 0,
                        "vehicle_type_id": "BOOST"
                    },
                    {
                        "count": 4,
                        "vehicle_type_id": "EFIT"
                    }
                ]
            },
            "type": "Feature"
        },
        {
            "geometry": {
                "coordinates": [
                    -71.24077292608641,
                    46.8173360907344
                ],
                "type": "Point"
            },
            "properties": {
                "address": "Bourdages / Monseigneur-Plessis",
                "altitude": 0.0,
                "capacity": 20,
                "geofenced_capacity": 0,
                "groups": [
                    "Stations \u00e9lectrifi\u00e9es 2025",
                    "Prolongation de saison novembre"
                ],
                "is_charging_station": true,
                "is_installed": true,
                "is_renting": true,
                "is_returning": true,
                "is_virtual_station": false,
                "last_reported": 1762435671,
                "name": "Bourdages / Monseigneur-Plessis",
                "nearby_distance": 1000.0,
                "num_bikes_available": 12,
                "num_bikes_disabled": 1,
                "num_docks_available": 7,
                "num_docks_disabled": 0,
                "obcn": "",
                "physical_configuration": "ELECTRICBIKESTATION",
                "rental_methods": [
                    "KEY",
                    "TRANSITCARD",
                    "CREDITCARD",
                    "PHONE"
                ],
                "rental_uris": {},
                "short_name": "",
                "station_id": "70",
                "status": "IN_SERVICE",
                "traffic": null,
                "vehicle_docks_available": [
                    {
                        "count": 7,
                        "vehicle_type_ids": [
                            "EFIT",
                            "BOOST",
                            "ICONIC",
                            "FIT"
                        ]
                    }
                ],
                "vehicle_types_available": [
                    {
                        "count": 0,
                        "vehicle_type_id": "FIT"
                    },
                    {
                        "count": 0,
                        "vehicle_type_id": "ICONIC"
                    },
                    {
                        "count": 0,
                        "vehicle_type_id": "BOOST"
                    },
                    {
                        "count": 12,
                        "vehicle_type_id": "EFIT"
                    }
                ]
            },
            "type": "Feature"
        },
        {
            "geometry": {
                "coordinates": [
                    -71.23070659565352,
                    46.82705982745014
                ],
                "type": "Point"
            },
            "properties": {
                "address": "11e Rue / 3e Avenue",
                "altitude": 0.0,
                "capacity": 20,
                "geofenced_capacity": 0,
                "groups": [
                    "Stations \u00e9lectrifi\u00e9es 2025",
                    "Prolongation de saison novembre"
                ],
                "is_charging_station": true,
                "is_installed": true,
                "is_renting": true,
                "is_returning": true,
                "is_virtual_station": false,
                "last_reported": 1762435749,
                "name": "11e Rue / 3e Avenue",
                "nearby_distance": 1000.0,
                "num_bikes_available": 0,
                "num_bikes_disabled": 0,
                "num_docks_available": 20,
                "num_docks_disabled": 0,
                "obcn": "",
                "physical_configuration": "ELECTRICBIKESTATION",
                "rental_methods": [
                    "KEY",
                    "TRANSITCARD",
                    "CREDITCARD",
                    "PHONE"
                ],
                "rental_uris": {},
                "short_name": "",
                "station_id": "72",
                "status": "IN_SERVICE",
                "traffic": null,
                "vehicle_docks_available": [
                    {
                        "count": 20,
                        "vehicle_type_ids": [
                            "EFIT",
                            "BOOST",
                            "ICONIC",
                            "FIT"
                        ]
                    }
                ],
                "vehicle_types_available": [
                    {
                        "count": 0,
                        "vehicle_type_id": "FIT"
                    },
                    {
                        "count": 0,
                        "vehicle_type_id": "ICONIC"
                    },
                    {
                        "count": 0,
                        "vehicle_type_id": "BOOST"
                    },
                    {
                        "count": 0,
                        "vehicle_type_id": "EFIT"
                    }
                ]
            },
            "type": "Feature"
        },
        {
            "geometry": {
                "coordinates": [
                    -71.232018,
                    46.840967
                ],
                "type": "Point"
            },
            "properties": {
                "address": "Perrault / 24e Rue",
                "altitude": 0.0,
                "capacity": 20,
                "geofenced_capacity": 0,
                "groups": [
                    "Stations \u00e9lectrifi\u00e9es 2025",
                    "Prolongation de saison novembre"
                ],
                "is_charging_station": true,
                "is_installed": true,
                "is_renting": true,
                "is_returning": true,
                "is_virtual_station": false,
                "last_reported": 1762435779,
                "name": "Perrault / 24e Rue",
                "nearby_distance": 1000.0,
                "num_bikes_available": 0,
                "num_bikes_disabled": 0,
                "num_docks_available": 20,
                "num_docks_disabled": 0,
                "obcn": "",
                "physical_configuration": "ELECTRICBIKESTATION",
                "rental_methods": [
                    "KEY",
                    "TRANSITCARD",
                    "CREDITCARD",
                    "PHONE"
                ],
                "rental_uris": {},
                "short_name": "",
                "station_id": "75",
                "status": "IN_SERVICE",
                "traffic": null,
                "vehicle_docks_available": [
                    {
                        "count": 20,
                        "vehicle_type_ids": [
                            "EFIT",
                            "BOOST",
                            "ICONIC",
                            "FIT"
                        ]
                    }
                ],
                "vehicle_types_available": [
                    {
                        "count": 0,
                        "vehicle_type_id": "FIT"
                    },
                    {
                        "count": 0,
                        "vehicle_type_id": "ICONIC"
                    },
                    {
                        "count": 0,
                        "vehicle_type_id": "BOOST"
                    },
                    {
                        "count": 0,
                        "vehicle_type_id": "EFIT"
                    }
                ]
            },
            "type": "Feature"
        },
        {
            "geometry": {
                "coordinates": [
                    -71.22500825686221,
                    46.84274855398623
                ],
                "type": "Point"
            },
            "properties": {
                "address": "Parc Bardy",
                "altitude": 0.0,
                "capacity": 24,
                "geofenced_capacity": 0,
                "groups": [
                    "Stations \u00e9lectrifi\u00e9es 2025",
                    "Prolongation de saison novembre"
                ],
                "is_charging_station": true,
                "is_installed": true,
                "is_renting": true,
                "is_returning": true,
                "is_virtual_station": false,
                "last_reported": 1762435749,
                "name": "Parc Bardy",
                "nearby_distance": 1000.0,
                "num_bikes_available": 12,
                "num_bikes_disabled": 0,
                "num_docks_available": 12,
                "num_docks_disabled": 0,
                "obcn": "",
                "physical_configuration": "ELECTRICBIKESTATION",
                "rental_methods": [
                    "KEY",
                    "TRANSITCARD",
                    "CREDITCARD",
                    "PHONE"
                ],
                "rental_uris": {},
                "short_name": "",
                "station_id": "77",
                "status": "IN_SERVICE",
                "traffic": null,
                "vehicle_docks_available": [
                    {
                        "count": 12,
                        "vehicle_type_ids": [
                            "EFIT",
                            "BOOST",
                            "ICONIC",
                            "FIT"
                        ]
                    }
                ],
                "vehicle_types_available": [
                    {
                        "count": 0,
                        "vehicle_type_id": "FIT"
                    },
                    {
                        "count": 0,
                        "vehicle_type_id": "ICONIC"
                    },
                    {
                        "count": 0,
                        "vehicle_type_id": "BOOST"
                    },
                    {
                        "count": 12,
                        "vehicle_type_id": "EFIT"
                    }
                ]
            },
            "type": "Feature"
        },
        {
            "geometry": {
                "coordinates": [
                    -71.22124108003996,
                    46.834044048889574
                ],
                "type": "Point"
            },
            "properties": {
                "address": "De la Trinit\u00e9 / De Villebon",
                "altitude": 0.0,
                "capacity": 16,
                "geofenced_capacity": 0,
                "groups": [
                    "Stations \u00e9lectrifi\u00e9es 2025",
                    "Prolongation de saison novembre"
                ],
                "is_charging_station": true,
                "is_installed": true,
                "is_renting": true,
                "is_returning": true,
                "is_virtual_station": false,
                "last_reported": 1762435667,
                "name": "De la Trinit\u00e9 / De Villebon",
                "nearby_distance": 1000.0,
                "num_bikes_available": 2,
                "num_bikes_disabled": 0,
                "num_docks_available": 14,
                "num_docks_disabled": 0,
                "obcn": "",
                "physical_configuration": "ELECTRICBIKESTATION",
                "rental_methods": [
                    "KEY",
                    "TRANSITCARD",
                    "CREDITCARD",
                    "PHONE"
                ],
                "rental_uris": {},
                "short_name": "",
                "station_id": "78",
                "status": "IN_SERVICE",
                "traffic": null,
                "vehicle_docks_available": [
                    {
                        "count": 14,
                        "vehicle_type_ids": [
                            "EFIT",
                            "BOOST",
                            "ICONIC",
                            "FIT"
                        ]
                    }
                ],
                "vehicle_types_available": [
                    {
                        "count": 0,
                        "vehicle_type_id": "FIT"
                    },
                    {
                        "count": 0,
                        "vehicle_type_id": "ICONIC"
                    },
                    {
                        "count": 0,
                        "vehicle_type_id": "BOOST"
                    },
                    {
                        "count": 2,
                        "vehicle_type_id": "EFIT"
                    }
                ]
            },
            "type": "Feature"
        },
        {
            "geometry": {
                "coordinates": [
                    -71.21610130059433,
                    46.836559019801065
                ],
                "type": "Point"
            },
            "properties": {
                "address": "Domaine de Maizerets",
                "altitude": 0.0,
                "capacity": 20,
                "geofenced_capacity": 0,
                "groups": [
                    "Stations \u00e9lectrifi\u00e9es 2025",
                    "Prolongation de saison novembre"
                ],
                "is_charging_station": true,
                "is_installed": true,
                "is_renting": true,
                "is_returning": true,
                "is_virtual_station": false,
                "last_reported": 1762435736,
                "name": "Domaine de Maizerets",
                "nearby_distance": 1000.0,
                "num_bikes_available": 3,
                "num_bikes_disabled": 0,
                "num_docks_available": 17,
                "num_docks_disabled": 0,
                "obcn": "",
                "physical_configuration": "ELECTRICBIKESTATION",
                "rental_methods": [
                    "KEY",
                    "TRANSITCARD",
                    "CREDITCARD",
                    "PHONE"
                ],
                "rental_uris": {},
                "short_name": "",
                "station_id": "79",
                "status": "IN_SERVICE",
                "traffic": null,
                "vehicle_docks_available": [
                    {
                        "count": 17,
                        "vehicle_type_ids": [
                            "EFIT",
                            "BOOST",
                            "ICONIC",
                            "FIT"
                        ]
                    }
                ],
                "vehicle_types_available": [
                    {
                        "count": 0,
                        "vehicle_type_id": "FIT"
                    },
                    {
                        "count": 0,
                        "vehicle_type_id": "ICONIC"
                    },
                    {
                        "count": 0,
                        "vehicle_type_id": "BOOST"
                    },
                    {
                        "count": 3,
                        "vehicle_type_id": "EFIT"
                    }
                ]
            },
            "type": "Feature"
        },
        {
            "geometry": {
                "coordinates": [
                    -71.24747348153917,
                    46.834855090625936
                ],
                "type": "Point"
            },
            "properties": {
                "address": "Transfert 9",
                "altitude": 0.0,
                "capacity": 16,
                "geofenced_capacity": 0,
                "groups": [
                    "Stations \u00e9lectrifi\u00e9es 2025",
                    "Prolongation de saison novembre"
                ],
                "is_charging_station": true,
                "is_installed": true,
                "is_renting": true,
                "is_returning": true,
                "is_virtual_station": false,
                "last_reported": 1762435769,
                "name": "Des Bouleaux O. / Du Colis\u00e9e",
                "nearby_distance": 1000.0,
                "num_bikes_available": 0,
                "num_bikes_disabled": 0,
                "num_docks_available": 16,
                "num_docks_disabled": 0,
                "obcn": "",
                "physical_configuration": "ELECTRICBIKESTATION",
                "rental_methods": [
                    "KEY",
                    "TRANSITCARD",
                    "CREDITCARD",
                    "PHONE"
                ],
                "rental_uris": {},
                "short_name": "",
                "station_id": "88",
                "status": "IN_SERVICE",
                "traffic": null,
                "vehicle_docks_available": [
                    {
                        "count": 16,
                        "vehicle_type_ids": [
                            "EFIT",
                            "BOOST",
                            "ICONIC",
                            "FIT"
                        ]
                    }
                ],
                "vehicle_types_available": [
                    {
                        "count": 0,
                        "vehicle_type_id": "FIT"
                    },
                    {
                        "count": 0,
                        "vehicle_type_id": "ICONIC"
                    },
                    {
                        "count": 0,
                        "vehicle_type_id": "BOOST"
                    },
                    {
                        "count": 0,
                        "vehicle_type_id": "EFIT"
                    }
                ]
            },
            "type": "Feature"
        },
        {
            "geometry": {
                "coordinates": [
                    -71.2678940825405,
                    46.79147778291843
                ],
                "type": "Point"
            },
            "properties": {
                "address": "Transfert10",
                "altitude": 0.0,
                "capacity": 20,
                "geofenced_capacity": 0,
                "groups": [
                    "Stations \u00e9lectrifi\u00e9es 2025",
                    "Prolongation de saison novembre"
                ],
                "is_charging_station": true,
                "is_installed": true,
                "is_renting": true,
                "is_returning": true,
                "is_virtual_station": false,
                "last_reported": 1762435784,
                "name": "De la Place Philippe / Richer",
                "nearby_distance": 1000.0,
                "num_bikes_available": 4,
                "num_bikes_disabled": 0,
                "num_docks_available": 16,
                "num_docks_disabled": 0,
                "obcn": "",
                "physical_configuration": "ELECTRICBIKESTATION",
                "rental_methods": [
                    "KEY",
                    "TRANSITCARD",
                    "CREDITCARD",
                    "PHONE"
                ],
                "rental_uris": {},
                "short_name": "",
                "station_id": "89",
                "status": "IN_SERVICE",
                "traffic": null,
                "vehicle_docks_available": [
                    {
                        "count": 16,
                        "vehicle_type_ids": [
                            "EFIT",
                            "BOOST",
                            "ICONIC",
                            "FIT"
                        ]
                    }
                ],
                "vehicle_types_available": [
                    {
                        "count": 0,
                        "vehicle_type_id": "FIT"
                    },
                    {
                        "count": 0,
                        "vehicle_type_id": "ICONIC"
                    },
                    {
                        "count": 0,
                        "vehicle_type_id": "BOOST"
                    },
                    {
                        "count": 4,
                        "vehicle_type_id": "EFIT"
                    }
                ]
            },
            "type": "Feature"
        },
        {
            "geometry": {
                "coordinates": [
                    -71.22241758851497,
                    46.808995790506394
                ],
                "type": "Point"
            },
            "properties": {
                "address": "387 Rue Saint-Jean",
                "altitude": 0.0,
                "capacity": 28,
                "geofenced_capacity": 0,
                "groups": [
                    "Stations \u00e9lectrifi\u00e9es 2025",
                    "Prolongation de saison novembre"
                ],
                "is_charging_station": true,
                "is_installed": true,
                "is_renting": true,
                "is_returning": true,
                "is_virtual_station": false,
                "last_reported": 1762435717,
                "name": "\u00c9glise Saint-Jean-Baptiste",
                "nearby_distance": 1000.0,
                "num_bikes_available": 8,
                "num_bikes_disabled": 0,
                "num_docks_available": 20,
                "num_docks_disabled": 0,
                "obcn": "",
                "physical_configuration": "ELECTRICBIKESTATION",
                "post_code": "G1R 1N8",
                "rental_methods": [
                    "KEY",
                    "TRANSITCARD",
                    "CREDITCARD",
                    "PHONE"
                ],
                "rental_uris": {},
                "short_name": "",
                "station_id": "9",
                "status": "IN_SERVICE",
                "traffic": null,
                "vehicle_docks_available": [
                    {
                        "count": 20,
                        "vehicle_type_ids": [
                            "EFIT",
                            "BOOST",
                            "ICONIC",
                            "FIT"
                        ]
                    }
                ],
                "vehicle_types_available": [
                    {
                        "count": 0,
                        "vehicle_type_id": "FIT"
                    },
                    {
                        "count": 0,
                        "vehicle_type_id": "ICONIC"
                    },
                    {
                        "count": 0,
                        "vehicle_type_id": "BOOST"
                    },
                    {
                        "count": 8,
                        "vehicle_type_id": "EFIT"
                    }
                ]
            },
            "type": "Feature"
        },
        {
            "geometry": {
                "coordinates": [
                    -71.23200630489376,
                    46.834360438344426
                ],
                "type": "Point"
            },
            "properties": {
                "address": "Test",
                "altitude": 0.0,
                "capacity": 16,
                "geofenced_capacity": 0,
                "groups": [
                    "Stations \u00e9lectrifi\u00e9es 2025",
                    "Prolongation de saison novembre"
                ],
                "is_charging_station": true,
                "is_installed": true,
                "is_renting": true,
                "is_returning": true,
                "is_virtual_station": false,
                "last_reported": 1762435675,
                "name": "CFP de Limoilou",
                "nearby_distance": 1000.0,
                "num_bikes_available": 1,
                "num_bikes_disabled": 2,
                "num_docks_available": 13,
                "num_docks_disabled": 0,
                "obcn": "",
                "physical_configuration": "ELECTRICBIKESTATION",
                "rental_methods": [
                    "KEY",
                    "TRANSITCARD",
                    "CREDITCARD",
                    "PHONE"
                ],
                "rental_uris": {},
                "short_name": "",
                "station_id": "94",
                "status": "IN_SERVICE",
                "traffic": null,
                "vehicle_docks_available": [
                    {
                        "count": 13,
                        "vehicle_type_ids": [
                            "EFIT",
                            "BOOST",
                            "ICONIC",
                            "FIT"
                        ]
                    }
                ],
                "vehicle_types_available": [
                    {
                        "count": 0,
                        "vehicle_type_id": "FIT"
                    },
                    {
                        "count": 0,
                        "vehicle_type_id": "ICONIC"
                    },
                    {
                        "count": 0,
                        "vehicle_type_id": "BOOST"
                    },
                    {
                        "count": 1,
                        "vehicle_type_id": "EFIT"
                    }
                ]
            },
            "type": "Feature"
        }
    ],
    "type": "FeatureCollection"
}