{
    "features": [
        {
            "geometry": {
                "coordinates": [
                    2.65546,
                    39.58113
                ],
                "type": "Point"
            },
            "properties": {
                "capacity": 17,
                "is_installed": true,
                "is_renting": true,
                "is_returning": true,
                "is_virtual_station": false,
                "last_reported": 1789240369,
                "name": "21 ALEXANDER FLEMING",
                "num_bikes_available": 15,
                "num_docks_available": 2,
                "region_id": "789",
                "rental_uris": {
                    "android": "https://bicipalma.nextbike.app/station?id=116182705",
                    "ios": "https://bicipalma.nextbike.app/station?id=116182705",
                    "web": "https://nxtb.it/p/116182705"
                },
                "short_name": "34220",
                "station_id": "116182705",
                "vehicle_types_available": [
                    {
                        "count": 13,
                        "vehicle_type_id": "150"
                    },
                    {
                        "count": 2,
                        "vehicle_type_id": "143"
                    }
                ]
            },
            "type": "Feature"
        },
        {
            "geometry": {
                "coordinates": [
                    2.637555,
                    39.572511
                ],
                "type": "Point"
            },
            "properties": {
                "capacity": 7,
                "is_installed": true,
                "is_renting": true,
                "is_returning": true,
                "is_virtual_station": false,
                "last_reported": 1789240369,
                "name": "41 COTONER",
                "num_bikes_available": 4,
                "num_docks_available": 3,
                "region_id": "789",
                "rental_uris": {
                    "android": "https://bicipalma.nextbike.app/station?id=137971488",
                    "ios": "https://bicipalma.nextbike.app/station?id=137971488",
                    "web": "https://nxtb.it/p/137971488"
                },
                "short_name": "34330",
                "station_id": "137971488",
                "vehicle_types_available": [
                    {
                        "count": 1,
                        "vehicle_type_id": "143"
                    },
                    {
                        "count": 3,
                        "vehicle_type_id": "150"
                    }
                ]
            },
            "type": "Feature"
        },
        {
            "geometry": {
                "coordinates": [
                    2.641661,
                    39.571162
                ],
                "type": "Point"
            },
            "properties": {
                "capacity": 12,
                "is_installed": true,
                "is_renting": true,
                "is_returning": true,
                "is_virtual_station": false,
                "last_reported": 1789240369,
                "name": "47 PLA\u00c7A PORTA SANTA CATALINA",
                "num_bikes_available": 8,
                "num_docks_available": 3,
                "region_id": "789",
                "rental_uris": {
                    "android": "https://bicipalma.nextbike.app/station?id=137973565",
                    "ios": "https://bicipalma.nextbike.app/station?id=137973565",
                    "web": "https://nxtb.it/p/137973565"
                },
                "short_name": "34331",
                "station_id": "137973565",
                "vehicle_types_available": [
                    {
                        "count": 2,
                        "vehicle_type_id": "143"
                    },
                    {
                        "count": 6,
                        "vehicle_type_id": "150"
                    }
                ]
            },
            "type": "Feature"
        },
        {
            "geometry": {
                "coordinates": [
                    2.665948,
                    39.584228
                ],
                "type": "Point"
            },
            "properties": {
                "capacity": 20,
                "is_installed": true,
                "is_renting": true,
                "is_returning": true,
                "is_virtual_station": false,
                "last_reported": 1789240369,
                "name": "77 SON COSTA / SON FORTESA",
                "num_bikes_available": 2,
                "num_docks_available": 18,
                "region_id": "789",
                "rental_uris": {
                    "android": "https://bicipalma.nextbike.app/station?id=137973951",
                    "ios": "https://bicipalma.nextbike.app/station?id=137973951",
                    "web": "https://nxtb.it/p/137973951"
                },
                "short_name": "34333",
                "station_id": "137973951",
                "vehicle_types_available": [
                    {
                        "count": 2,
                        "vehicle_type_id": "150"
                    }
                ]
            },
            "type": "Feature"
        },
        {
            "geometry": {
                "coordinates": [
                    2.647424,
                    39.579234
                ],
                "type": "Point"
            },
            "properties": {
                "capacity": 20,
                "is_installed": true,
                "is_renting": true,
                "is_returning": true,
                "is_virtual_station": false,
                "last_reported": 1789240369,
                "name": "100 SANT JOAN DE LA SALLE",
                "num_bikes_available": 11,
                "num_docks_available": 8,
                "region_id": "789",
                "rental_uris": {
                    "android": "https://bicipalma.nextbike.app/station?id=150914820",
                    "ios": "https://bicipalma.nextbike.app/station?id=150914820",
                    "web": "https://nxtb.it/p/150914820"
                },
                "short_name": "34273",
                "station_id": "150914820",
                "vehicle_types_available": [
                    {
                        "count": 11,
                        "vehicle_type_id": "150"
                    }
                ]
            },
            "type": "Feature"
        },
        {
            "geometry": {
                "coordinates": [
                    2.648662,
                    39.571465
                ],
                "type": "Point"
            },
            "properties": {
                "capacity": 14,
                "is_installed": true,
                "is_renting": true,
                "is_returning": true,
                "is_virtual_station": false,
                "last_reported": 1789240369,
                "name": "03 PLA\u00c7A MERCAT",
                "num_bikes_available": 0,
                "num_docks_available": 14,
                "region_id": "789",
                "rental_uris": {
                    "android": "https://bicipalma.nextbike.app/station?id=153000746",
                    "ios": "https://bicipalma.nextbike.app/station?id=153000746",
                    "web": "https://nxtb.it/p/153000746"
                },
                "short_name": "34337",
                "station_id": "153000746",
                "vehicle_types_available": []
            },
            "type": "Feature"
        },
        {
            "geometry": {
                "coordinates": [
                    2.685529,
                    39.566683
                ],
                "type": "Point"
            },
            "properties": {
                "capacity": 16,
                "is_installed": true,
                "is_renting": true,
                "is_returning": true,
                "is_virtual_station": false,
                "last_reported": 1789240369,
                "name": "76 CAMI FONDO",
                "num_bikes_available": 8,
                "num_docks_available": 8,
                "region_id": "789",
                "rental_uris": {
                    "android": "https://bicipalma.nextbike.app/station?id=156287918",
                    "ios": "https://bicipalma.nextbike.app/station?id=156287918",
                    "web": "https://nxtb.it/p/156287918"
                },
                "short_name": "34332",
                "station_id": "156287918",
                "vehicle_types_available": [
                    {
                        "count": 2,
                        "vehicle_type_id": "143"
                    },
                    {
                        "count": 6,
                        "vehicle_type_id": "150"
                    }
                ]
            },
            "type": "Feature"
        },
        {
            "geometry": {
                "coordinates": [
                    2.679736,
                    39.55672
                ],
                "type": "Point"
            },
            "properties": {
                "capacity": 15,
                "is_installed": true,
                "is_renting": true,
                "is_returning": true,
                "is_virtual_station": false,
                "last_reported": 1789240369,
                "name": "81 VICARI JOAQUIM FUSTER",
                "num_bikes_available": 7,
                "num_docks_available": 7,
                "region_id": "789",
                "rental_uris": {
                    "android": "https://bicipalma.nextbike.app/station?id=156289868",
                    "ios": "https://bicipalma.nextbike.app/station?id=156289868",
                    "web": "https://nxtb.it/p/156289868"
                },
                "short_name": "34274",
                "station_id": "156289868",
                "vehicle_types_available": [
                    {
                        "count": 7,
                        "vehicle_type_id": "150"
                    }
                ]
            },
            "type": "Feature"
        },
        {
            "geometry": {
                "coordinates": [
                    2.701864,
                    39.574672
                ],
                "type": "Point"
            },
            "properties": {
                "capacity": 16,
                "is_installed": true,
                "is_renting": true,
                "is_returning": true,
                "is_virtual_station": false,
                "last_reported": 1789240369,
                "name": "78 SON LL\u00c0TZER",
                "num_bikes_available": 8,
                "num_docks_available": 8,
                "region_id": "789",
                "rental_uris": {
                    "android": "https://bicipalma.nextbike.app/station?id=159351577",
                    "ios": "https://bicipalma.nextbike.app/station?id=159351577",
                    "web": "https://nxtb.it/p/159351577"
                },
                "short_name": "34271",
                "station_id": "159351577",
                "vehicle_types_available": [
                    {
                        "count": 8,
                        "vehicle_type_id": "150"
                    }
                ]
            },
            "type": "Feature"
        },
        {
            "geometry": {
                "coordinates": [
                    2.715114,
                    39.578571
                ],
                "type": "Point"
            },
            "properties": {
                "capacity": 11,
                "is_installed": true,
                "is_renting": true,
                "is_returning": true,
                "is_virtual_station": false,
                "last_reported": 1789240369,
                "name": "04 BLATERA / SON FERRIOL",
                "num_bikes_available": 1,
                "num_docks_available": 10,
                "region_id": "789",
                "rental_uris": {
                    "android": "https://bicipalma.nextbike.app/station?id=159603302",
                    "ios": "https://bicipalma.nextbike.app/station?id=159603302",
                    "web": "https://nxtb.it/p/159603302"
                },
                "short_name": "34203",
                "station_id": "159603302",
                "vehicle_types_available": [
                    {
                        "count": 1,
                        "vehicle_type_id": "143"
                    }
                ]
            },
            "type": "Feature"
        },
        {
            "geometry": {
                "coordinates": [
                    2.626951,
                    39.565228
                ],
                "type": "Point"
            },
            "properties": {
                "capacity": 14,
                "is_installed": true,
                "is_renting": true,
                "is_returning": true,
                "is_virtual_station": false,
                "last_reported": 1789240369,
                "name": "79 S'AIGUA DOL\u00c7A",
                "num_bikes_available": 3,
                "num_docks_available": 10,
                "region_id": "789",
                "rental_uris": {
                    "android": "https://bicipalma.nextbike.app/station?id=160363396",
                    "ios": "https://bicipalma.nextbike.app/station?id=160363396",
                    "web": "https://nxtb.it/p/160363396"
                },
                "short_name": "34275",
                "station_id": "160363396",
                "vehicle_types_available": [
                    {
                        "count": 2,
                        "vehicle_type_id": "143"
                    },
                    {
                        "count": 1,
                        "vehicle_type_id": "150"
                    }
                ]
            },
            "type": "Feature"
        },
        {
            "geometry": {
                "coordinates": [
                    2.61674,
                    39.588472
                ],
                "type": "Point"
            },
            "properties": {
                "capacity": 15,
                "is_installed": true,
                "is_renting": true,
                "is_returning": true,
                "is_virtual_station": false,
                "last_reported": 1789240369,
                "name": "83 CATALINA MARCH",
                "num_bikes_available": 3,
                "num_docks_available": 12,
                "region_id": "789",
                "rental_uris": {
                    "android": "https://bicipalma.nextbike.app/station?id=160367131",
                    "ios": "https://bicipalma.nextbike.app/station?id=160367131",
                    "web": "https://nxtb.it/p/160367131"
                },
                "short_name": "34276",
                "station_id": "160367131",
                "vehicle_types_available": [
                    {
                        "count": 3,
                        "vehicle_type_id": "143"
                    }
                ]
            },
            "type": "Feature"
        },
        {
            "geometry": {
                "coordinates": [
                    2.646647,
                    39.605847
                ],
                "type": "Point"
            },
            "properties": {
                "capacity": 26,
                "is_installed": true,
                "is_renting": true,
                "is_returning": true,
                "is_virtual_station": false,
                "last_reported": 1789240369,
                "name": "69 SON ESPASES",
                "num_bikes_available": 2,
                "num_docks_available": 24,
                "region_id": "789",
                "rental_uris": {
                    "android": "https://bicipalma.nextbike.app/station?id=179012892",
                    "ios": "https://bicipalma.nextbike.app/station?id=179012892",
                    "web": "https://nxtb.it/p/179012892"
                },
                "short_name": "34277",
                "station_id": "179012892",
                "vehicle_types_available": [
                    {
                        "count": 1,
                        "vehicle_type_id": "143"
                    },
                    {
                        "count": 1,
                        "vehicle_type_id": "150"
                    }
                ]
            },
            "type": "Feature"
        },
        {
            "geometry": {
                "coordinates": [
                    2.650553,
                    39.57651
                ],
                "type": "Point"
            },
            "properties": {
                "capacity": 17,
                "is_installed": true,
                "is_renting": true,
                "is_returning": true,
                "is_virtual_station": false,
                "last_reported": 1789240369,
                "name": "52 CECILI METEL",
                "num_bikes_available": 13,
                "num_docks_available": 3,
                "region_id": "789",
                "rental_uris": {
                    "android": "https://bicipalma.nextbike.app/station?id=179604953",
                    "ios": "https://bicipalma.nextbike.app/station?id=179604953",
                    "web": "https://nxtb.it/p/179604953"
                },
                "short_name": "34251",
                "station_id": "179604953",
                "vehicle_types_available": [
                    {
                        "count": 4,
                        "vehicle_type_id": "143"
                    },
                    {
                        "count": 9,
                        "vehicle_type_id": "150"
                    }
                ]
            },
            "type": "Feature"
        },
        {
            "geometry": {
                "coordinates": [
                    2.629541,
                    39.591014
                ],
                "type": "Point"
            },
            "properties": {
                "is_installed": true,
                "is_renting": false,
                "is_returning": false,
                "is_virtual_station": true,
                "last_reported": 1789240369,
                "name": "86 ESTADI MALLORCA NORD",
                "num_bikes_available": 10,
                "num_docks_available": 0,
                "region_id": "789",
                "rental_uris": {
                    "android": "https://bicipalma.nextbike.app/station?id=315357166",
                    "ios": "https://bicipalma.nextbike.app/station?id=315357166",
                    "web": "https://nxtb.it/p/315357166"
                },
                "short_name": "34339",
                "station_area": {
                    "coordinates": [
                        [
                            [
                                [
                                    2.629541,
                                    39.591239
                                ],
                                [
                                    2.629794,
                                    39.591126
                                ],
                                [
                                    2.629794,
                                    39.590902
                                ],
                                [
                                    2.629541,
                                    39.590789
                                ],
                                [
                                    2.629288,
                                    39.590902
                                ],
                                [
                                    2.629288,
                                    39.591126
                                ],
                                [
                                    2.629541,
                                    39.591239
                                ]
                            ]
                        ]
                    ],
                    "type": "MultiPolygon"
                },
                "station_id": "315357166",
                "vehicle_types_available": [
                    {
                        "count": 10,
                        "vehicle_type_id": "150"
                    }
                ]
            },
            "type": "Feature"
        },
        {
            "geometry": {
                "coordinates": [
                    2.657104,
                    39.588357
                ],
                "type": "Point"
            },
            "properties": {
                "capacity": 14,
                "is_installed": true,
                "is_renting": true,
                "is_returning": true,
                "is_virtual_station": false,
                "last_reported": 1789240369,
                "name": "84 POMPEU FABRA",
                "num_bikes_available": 10,
                "num_docks_available": 3,
                "region_id": "789",
                "rental_uris": {
                    "android": "https://bicipalma.nextbike.app/station?id=330794757",
                    "ios": "https://bicipalma.nextbike.app/station?id=330794757",
                    "web": "https://nxtb.it/p/330794757"
                },
                "short_name": "34280",
                "station_id": "330794757",
                "vehicle_types_available": [
                    {
                        "count": 10,
                        "vehicle_type_id": "150"
                    }
                ]
            },
            "type": "Feature"
        },
        {
            "geometry": {
                "coordinates": [
                    2.673215,
                    39.601551
                ],
                "type": "Point"
            },
            "properties": {
                "capacity": 14,
                "is_installed": true,
                "is_renting": true,
                "is_returning": true,
                "is_virtual_station": false,
                "last_reported": 1789240369,
                "name": "73 GRAN VIA ASIMA",
                "num_bikes_available": 5,
                "num_docks_available": 9,
                "region_id": "789",
                "rental_uris": {
                    "android": "https://bicipalma.nextbike.app/station?id=330799058",
                    "ios": "https://bicipalma.nextbike.app/station?id=330799058",
                    "web": "https://nxtb.it/p/330799058"
                },
                "short_name": "34340",
                "station_id": "330799058",
                "vehicle_types_available": [
                    {
                        "count": 5,
                        "vehicle_type_id": "143"
                    }
                ]
            },
            "type": "Feature"
        },
        {
            "geometry": {
                "coordinates": [
                    2.670594,
                    39.594712
                ],
                "type": "Point"
            },
            "properties": {
                "capacity": 15,
                "is_installed": true,
                "is_renting": true,
                "is_returning": true,
                "is_virtual_station": false,
                "last_reported": 1789240369,
                "name": "82 CAM\u00cd VELL DE BUNYOLA",
                "num_bikes_available": 13,
                "num_docks_available": 2,
                "region_id": "789",
                "rental_uris": {
                    "android": "https://bicipalma.nextbike.app/station?id=330868524",
                    "ios": "https://bicipalma.nextbike.app/station?id=330868524",
                    "web": "https://nxtb.it/p/330868524"
                },
                "short_name": "34300",
                "station_id": "330868524",
                "vehicle_types_available": [
                    {
                        "count": 5,
                        "vehicle_type_id": "143"
                    },
                    {
                        "count": 8,
                        "vehicle_type_id": "150"
                    }
                ]
            },
            "type": "Feature"
        },
        {
            "geometry": {
                "coordinates": [
                    2.685861,
                    39.574063
                ],
                "type": "Point"
            },
            "properties": {
                "capacity": 15,
                "is_installed": true,
                "is_renting": true,
                "is_returning": true,
                "is_virtual_station": false,
                "last_reported": 1789240369,
                "name": "75 CAM\u00cd VELL DE SINEU",
                "num_bikes_available": 1,
                "num_docks_available": 14,
                "region_id": "789",
                "rental_uris": {
                    "android": "https://bicipalma.nextbike.app/station?id=330873848",
                    "ios": "https://bicipalma.nextbike.app/station?id=330873848",
                    "web": "https://nxtb.it/p/330873848"
                },
                "short_name": "34329",
                "station_id": "330873848",
                "vehicle_types_available": [
                    {
                        "count": 1,
                        "vehicle_type_id": "150"
                    }
                ]
            },
            "type": "Feature"
        },
        {
            "geometry": {
                "coordinates": [
                    2.686743,
                    39.554849
                ],
                "type": "Point"
            },
            "properties": {
                "capacity": 10,
                "is_installed": true,
                "is_renting": true,
                "is_returning": true,
                "is_virtual_station": false,
                "last_reported": 1789240369,
                "name": "85 GOLF DE CADIS",
                "num_bikes_available": 16,
                "num_docks_available": 0,
                "region_id": "789",
                "rental_uris": {
                    "android": "https://bicipalma.nextbike.app/station?id=330879916",
                    "ios": "https://bicipalma.nextbike.app/station?id=330879916",
                    "web": "https://nxtb.it/p/330879916"
                },
                "short_name": "34301",
                "station_id": "330879916",
                "vehicle_types_available": [
                    {
                        "count": 4,
                        "vehicle_type_id": "143"
                    },
                    {
                        "count": 12,
                        "vehicle_type_id": "150"
                    }
                ]
            },
            "type": "Feature"
        },
        {
            "geometry": {
                "coordinates": [
                    2.67943,
                    39.570193
                ],
                "type": "Point"
            },
            "properties": {
                "capacity": 15,
                "is_installed": true,
                "is_renting": true,
                "is_returning": true,
                "is_virtual_station": false,
                "last_reported": 1789240369,
                "name": "74 CRTA. MANACOR",
                "num_bikes_available": 10,
                "num_docks_available": 5,
                "region_id": "789",
                "rental_uris": {
                    "android": "https://bicipalma.nextbike.app/station?id=330885907",
                    "ios": "https://bicipalma.nextbike.app/station?id=330885907",
                    "web": "https://nxtb.it/p/330885907"
                },
                "short_name": "34341",
                "station_id": "330885907",
                "vehicle_types_available": [
                    {
                        "count": 10,
                        "vehicle_type_id": "150"
                    }
                ]
            },
            "type": "Feature"
        },
        {
            "geometry": {
                "coordinates": [
                    2.662194,
                    39.563269
                ],
                "type": "Point"
            },
            "properties": {
                "capacity": 15,
                "is_installed": true,
                "is_renting": true,
                "is_returning": true,
                "is_virtual_station": false,
                "last_reported": 1789240369,
                "name": "54 PALAU DE CONGRESSOS",
                "num_bikes_available": 2,
                "num_docks_available": 13,
                "region_id": "789",
                "rental_uris": {
                    "android": "https://bicipalma.nextbike.app/station?id=330887622",
                    "ios": "https://bicipalma.nextbike.app/station?id=330887622",
                    "web": "https://nxtb.it/p/330887622"
                },
                "short_name": "34253",
                "station_id": "330887622",
                "vehicle_types_available": [
                    {
                        "count": 2,
                        "vehicle_type_id": "150"
                    }
                ]
            },
            "type": "Feature"
        },
        {
            "geometry": {
                "coordinates": [
                    2.648173,
                    39.635038
                ],
                "type": "Point"
            },
            "properties": {
                "capacity": 16,
                "is_installed": true,
                "is_renting": true,
                "is_returning": true,
                "is_virtual_station": false,
                "last_reported": 1789240369,
                "name": "114 UIB ESTACI\u00d3",
                "num_bikes_available": 3,
                "num_docks_available": 13,
                "region_id": "789",
                "rental_uris": {
                    "android": "https://bicipalma.nextbike.app/station?id=527391515",
                    "ios": "https://bicipalma.nextbike.app/station?id=527391515",
                    "web": "https://nxtb.it/p/527391515"
                },
                "short_name": "34381",
                "station_id": "527391515",
                "vehicle_types_available": [
                    {
                        "count": 2,
                        "vehicle_type_id": "143"
                    },
                    {
                        "count": 1,
                        "vehicle_type_id": "150"
                    }
                ]
            },
            "type": "Feature"
        },
        {
            "geometry": {
                "coordinates": [
                    2.645396,
                    39.637418
                ],
                "type": "Point"
            },
            "properties": {
                "capacity": 12,
                "is_installed": true,
                "is_renting": true,
                "is_returning": true,
                "is_virtual_station": false,
                "last_reported": 1789240369,
                "name": "115 UIB MARGALIDA COMAS I CAMPS",
                "num_bikes_available": 0,
                "num_docks_available": 11,
                "region_id": "789",
                "rental_uris": {
                    "android": "https://bicipalma.nextbike.app/station?id=527395651",
                    "ios": "https://bicipalma.nextbike.app/station?id=527395651",
                    "web": "https://nxtb.it/p/527395651"
                },
                "short_name": "34382",
                "station_id": "527395651",
                "vehicle_types_available": []
            },
            "type": "Feature"
        },
        {
            "geometry": {
                "coordinates": [
                    2.644935,
                    39.638893
                ],
                "type": "Point"
            },
            "properties": {
                "capacity": 16,
                "is_installed": true,
                "is_renting": true,
                "is_returning": true,
                "is_virtual_station": false,
                "last_reported": 1789240369,
                "name": "116 UIB GASPAR MELCHOR DE JOVELLANOS",
                "num_bikes_available": 0,
                "num_docks_available": 16,
                "region_id": "789",
                "rental_uris": {
                    "android": "https://bicipalma.nextbike.app/station?id=527395945",
                    "ios": "https://bicipalma.nextbike.app/station?id=527395945",
                    "web": "https://nxtb.it/p/527395945"
                },
                "short_name": "34383",
                "station_id": "527395945",
                "vehicle_types_available": []
            },
            "type": "Feature"
        },
        {
            "geometry": {
                "coordinates": [
                    2.648084,
                    39.639205
                ],
                "type": "Point"
            },
            "properties": {
                "capacity": 16,
                "is_installed": true,
                "is_renting": true,
                "is_returning": true,
                "is_virtual_station": false,
                "last_reported": 1789240369,
                "name": "117 UIB SON LLED\u00d3",
                "num_bikes_available": 1,
                "num_docks_available": 15,
                "region_id": "789",
                "rental_uris": {
                    "android": "https://bicipalma.nextbike.app/station?id=527396180",
                    "ios": "https://bicipalma.nextbike.app/station?id=527396180",
                    "web": "https://nxtb.it/p/527396180"
                },
                "short_name": "34384",
                "station_id": "527396180",
                "vehicle_types_available": [
                    {
                        "count": 1,
                        "vehicle_type_id": "150"
                    }
                ]
            },
            "type": "Feature"
        },
        {
            "geometry": {
                "coordinates": [
                    2.646427,
                    39.642684
                ],
                "type": "Point"
            },
            "properties": {
                "capacity": 13,
                "is_installed": true,
                "is_renting": true,
                "is_returning": true,
                "is_virtual_station": false,
                "last_reported": 1789240369,
                "name": "119 UIB INSTAL\u00b7LACIONS ESPORTIVES",
                "num_bikes_available": 2,
                "num_docks_available": 11,
                "region_id": "789",
                "rental_uris": {
                    "android": "https://bicipalma.nextbike.app/station?id=527396379",
                    "ios": "https://bicipalma.nextbike.app/station?id=527396379",
                    "web": "https://nxtb.it/p/527396379"
                },
                "short_name": "34385",
                "station_id": "527396379",
                "vehicle_types_available": [
                    {
                        "count": 1,
                        "vehicle_type_id": "143"
                    },
                    {
                        "count": 1,
                        "vehicle_type_id": "150"
                    }
                ]
            },
            "type": "Feature"
        },
        {
            "geometry": {
                "coordinates": [
                    2.645626,
                    39.643766
                ],
                "type": "Point"
            },
            "properties": {
                "capacity": 11,
                "is_installed": true,
                "is_renting": true,
                "is_returning": true,
                "is_virtual_station": false,
                "last_reported": 1789240369,
                "name": "118 UIB ARXIDUC LLU\u00cdS SALVADOR",
                "num_bikes_available": 3,
                "num_docks_available": 8,
                "region_id": "789",
                "rental_uris": {
                    "android": "https://bicipalma.nextbike.app/station?id=527396524",
                    "ios": "https://bicipalma.nextbike.app/station?id=527396524",
                    "web": "https://nxtb.it/p/527396524"
                },
                "short_name": "34386",
                "station_id": "527396524",
                "vehicle_types_available": [
                    {
                        "count": 3,
                        "vehicle_type_id": "150"
                    }
                ]
            },
            "type": "Feature"
        },
        {
            "geometry": {
                "coordinates": [
                    2.625167,
                    39.574029
                ],
                "type": "Point"
            },
            "properties": {
                "capacity": 14,
                "is_installed": true,
                "is_renting": true,
                "is_returning": true,
                "is_virtual_station": false,
                "last_reported": 1789240369,
                "name": "93 PICASSO 32",
                "num_bikes_available": 1,
                "num_docks_available": 13,
                "region_id": "789",
                "rental_uris": {
                    "android": "https://bicipalma.nextbike.app/station?id=630275319",
                    "ios": "https://bicipalma.nextbike.app/station?id=630275319",
                    "web": "https://nxtb.it/p/630275319"
                },
                "short_name": "34350",
                "station_id": "630275319",
                "vehicle_types_available": [
                    {
                        "count": 1,
                        "vehicle_type_id": "150"
                    }
                ]
            },
            "type": "Feature"
        },
        {
            "geometry": {
                "coordinates": [
                    2.623743,
                    39.571789
                ],
                "type": "Point"
            },
            "properties": {
                "capacity": 12,
                "is_installed": true,
                "is_renting": true,
                "is_returning": true,
                "is_virtual_station": false,
                "last_reported": 1789240369,
                "name": "97 SON DURETA",
                "num_bikes_available": 0,
                "num_docks_available": 12,
                "region_id": "789",
                "rental_uris": {
                    "android": "https://bicipalma.nextbike.app/station?id=630276453",
                    "ios": "https://bicipalma.nextbike.app/station?id=630276453",
                    "web": "https://nxtb.it/p/630276453"
                },
                "short_name": "34352",
                "station_id": "630276453",
                "vehicle_types_available": []
            },
            "type": "Feature"
        },
        {
            "geometry": {
                "coordinates": [
                    2.618735,
                    39.572686
                ],
                "type": "Point"
            },
            "properties": {
                "capacity": 14,
                "is_installed": true,
                "is_renting": true,
                "is_returning": true,
                "is_virtual_station": false,
                "last_reported": 1789240369,
                "name": "98 SA TEULERA",
                "num_bikes_available": 3,
                "num_docks_available": 11,
                "region_id": "789",
                "rental_uris": {
                    "android": "https://bicipalma.nextbike.app/station?id=630277131",
                    "ios": "https://bicipalma.nextbike.app/station?id=630277131",
                    "web": "https://nxtb.it/p/630277131"
                },
                "short_name": "34353",
                "station_id": "630277131",
                "vehicle_types_available": [
                    {
                        "count": 3,
                        "vehicle_type_id": "143"
                    }
                ]
            },
            "type": "Feature"
        },
        {
            "geometry": {
                "coordinates": [
                    2.627083,
                    39.569333
                ],
                "type": "Point"
            },
            "properties": {
                "capacity": 20,
                "is_installed": true,
                "is_renting": true,
                "is_returning": true,
                "is_virtual_station": false,
                "last_reported": 1789240369,
                "name": "99 SON ARMADANS",
                "num_bikes_available": 0,
                "num_docks_available": 20,
                "region_id": "789",
                "rental_uris": {
                    "android": "https://bicipalma.nextbike.app/station?id=630277649",
                    "ios": "https://bicipalma.nextbike.app/station?id=630277649",
                    "web": "https://nxtb.it/p/630277649"
                },
                "short_name": "34354",
                "station_id": "630277649",
                "vehicle_types_available": []
            },
            "type": "Feature"
        },
        {
            "geometry": {
                "coordinates": [
                    2.679646,
                    39.59389
                ],
                "type": "Point"
            },
            "properties": {
                "capacity": 10,
                "is_installed": true,
                "is_renting": true,
                "is_returning": true,
                "is_virtual_station": false,
                "last_reported": 1789240369,
                "name": "101 SON CLADERA /CALA MESQUIDA",
                "num_bikes_available": 4,
                "num_docks_available": 6,
                "region_id": "789",
                "rental_uris": {
                    "android": "https://bicipalma.nextbike.app/station?id=630277990",
                    "ios": "https://bicipalma.nextbike.app/station?id=630277990",
                    "web": "https://nxtb.it/p/630277990"
                },
                "short_name": "34355",
                "station_id": "630277990",
                "vehicle_types_available": [
                    {
                        "count": 3,
                        "vehicle_type_id": "150"
                    },
                    {
                        "count": 1,
                        "vehicle_type_id": "143"
                    }
                ]
            },
            "type": "Feature"
        },
        {
            "geometry": {
                "coordinates": [
                    2.673869,
                    39.59425
                ],
                "type": "Point"
            },
            "properties": {
                "capacity": 14,
                "is_installed": true,
                "is_renting": true,
                "is_returning": true,
                "is_virtual_station": false,
                "last_reported": 1789240369,
                "name": "102 SON FUSTER/CONSELLERIA D'EDUCACI\u00d3",
                "num_bikes_available": 5,
                "num_docks_available": 9,
                "region_id": "789",
                "rental_uris": {
                    "android": "https://bicipalma.nextbike.app/station?id=630278440",
                    "ios": "https://bicipalma.nextbike.app/station?id=630278440",
                    "web": "https://nxtb.it/p/630278440"
                },
                "short_name": "34356",
                "station_id": "630278440",
                "vehicle_types_available": [
                    {
                        "count": 5,
                        "vehicle_type_id": "150"
                    }
                ]
            },
            "type": "Feature"
        },
        {
            "geometry": {
                "coordinates": [
                    2.678028,
                    39.599483
                ],
                "type": "Point"
            },
            "properties": {
                "capacity": 12,
                "is_installed": true,
                "is_renting": true,
                "is_returning": true,
                "is_virtual_station": false,
                "last_reported": 1789240369,
                "name": "103 JUNIPER SERRA",
                "num_bikes_available": 14,
                "num_docks_available": 0,
                "region_id": "789",
                "rental_uris": {
                    "android": "https://bicipalma.nextbike.app/station?id=630278588",
                    "ios": "https://bicipalma.nextbike.app/station?id=630278588",
                    "web": "https://nxtb.it/p/630278588"
                },
                "short_name": "34357",
                "station_id": "630278588",
                "vehicle_types_available": [
                    {
                        "count": 8,
                        "vehicle_type_id": "143"
                    },
                    {
                        "count": 6,
                        "vehicle_type_id": "150"
                    }
                ]
            },
            "type": "Feature"
        },
        {
            "geometry": {
                "coordinates": [
                    2.665914,
                    39.60916
                ],
                "type": "Point"
            },
            "properties": {
                "capacity": 14,
                "is_installed": true,
                "is_renting": true,
                "is_returning": true,
                "is_virtual_station": false,
                "last_reported": 1789240369,
                "name": "90 CENTRE DE TECNIFICACI\u00d3 ESPORTIVA",
                "num_bikes_available": 1,
                "num_docks_available": 13,
                "region_id": "789",
                "rental_uris": {
                    "android": "https://bicipalma.nextbike.app/station?id=632113449",
                    "ios": "https://bicipalma.nextbike.app/station?id=632113449",
                    "web": "https://nxtb.it/p/632113449"
                },
                "short_name": "34360",
                "station_id": "632113449",
                "vehicle_types_available": [
                    {
                        "count": 1,
                        "vehicle_type_id": "143"
                    }
                ]
            },
            "type": "Feature"
        },
        {
            "geometry": {
                "coordinates": [
                    2.676408,
                    39.60561
                ],
                "type": "Point"
            },
            "properties": {
                "capacity": 14,
                "is_installed": true,
                "is_renting": true,
                "is_returning": true,
                "is_virtual_station": false,
                "last_reported": 1789240369,
                "name": "92 SANTIAGO \u00c1LVAREZ AVELL\u00c1N",
                "num_bikes_available": 14,
                "num_docks_available": 0,
                "region_id": "789",
                "rental_uris": {
                    "android": "https://bicipalma.nextbike.app/station?id=632114937",
                    "ios": "https://bicipalma.nextbike.app/station?id=632114937",
                    "web": "https://nxtb.it/p/632114937"
                },
                "short_name": "34361",
                "station_id": "632114937",
                "vehicle_types_available": [
                    {
                        "count": 2,
                        "vehicle_type_id": "143"
                    },
                    {
                        "count": 12,
                        "vehicle_type_id": "150"
                    }
                ]
            },
            "type": "Feature"
        },
        {
            "geometry": {
                "coordinates": [
                    2.654517,
                    39.622861
                ],
                "type": "Point"
            },
            "properties": {
                "capacity": 14,
                "is_installed": true,
                "is_renting": true,
                "is_returning": true,
                "is_virtual_station": false,
                "last_reported": 1789240369,
                "name": "106 AVE MARIA",
                "num_bikes_available": 3,
                "num_docks_available": 11,
                "region_id": "789",
                "rental_uris": {
                    "android": "https://bicipalma.nextbike.app/station?id=632116825",
                    "ios": "https://bicipalma.nextbike.app/station?id=632116825",
                    "web": "https://nxtb.it/p/632116825"
                },
                "short_name": "34365",
                "station_id": "632116825",
                "vehicle_types_available": [
                    {
                        "count": 2,
                        "vehicle_type_id": "150"
                    },
                    {
                        "count": 1,
                        "vehicle_type_id": "143"
                    }
                ]
            },
            "type": "Feature"
        },
        {
            "geometry": {
                "coordinates": [
                    2.659389,
                    39.566056
                ],
                "type": "Point"
            },
            "properties": {
                "capacity": 16,
                "is_installed": true,
                "is_renting": true,
                "is_returning": true,
                "is_virtual_station": false,
                "last_reported": 1789240369,
                "name": "01 PARC DE SES VELES",
                "num_bikes_available": 14,
                "num_docks_available": 0,
                "region_id": "789",
                "rental_uris": {
                    "android": "https://bicipalma.nextbike.app/station?id=91733840",
                    "ios": "https://bicipalma.nextbike.app/station?id=91733840",
                    "web": "https://nxtb.it/p/91733840"
                },
                "short_name": "34200",
                "station_id": "91733840",
                "vehicle_types_available": [
                    {
                        "count": 14,
                        "vehicle_type_id": "150"
                    },
                    {
                        "count": 1,
                        "vehicle_type_id": "143"
                    }
                ]
            },
            "type": "Feature"
        },
        {
            "geometry": {
                "coordinates": [
                    2.663083,
                    39.56625
                ],
                "type": "Point"
            },
            "properties": {
                "capacity": 18,
                "is_installed": true,
                "is_renting": true,
                "is_returning": true,
                "is_virtual_station": false,
                "last_reported": 1789240369,
                "name": "02 MANUEL AZA\u00d1A",
                "num_bikes_available": 5,
                "num_docks_available": 12,
                "region_id": "789",
                "rental_uris": {
                    "android": "https://bicipalma.nextbike.app/station?id=91734157",
                    "ios": "https://bicipalma.nextbike.app/station?id=91734157",
                    "web": "https://nxtb.it/p/91734157"
                },
                "short_name": "34201",
                "station_id": "91734157",
                "vehicle_types_available": [
                    {
                        "count": 5,
                        "vehicle_type_id": "150"
                    }
                ]
            },
            "type": "Feature"
        },
        {
            "geometry": {
                "coordinates": [
                    2.711458,
                    39.571846
                ],
                "type": "Point"
            },
            "properties": {
                "capacity": 14,
                "is_installed": true,
                "is_renting": true,
                "is_returning": true,
                "is_virtual_station": false,
                "last_reported": 1789240369,
                "name": "05 BABIECA / SON FERRIOL",
                "num_bikes_available": 5,
                "num_docks_available": 9,
                "region_id": "789",
                "rental_uris": {
                    "android": "https://bicipalma.nextbike.app/station?id=91734419",
                    "ios": "https://bicipalma.nextbike.app/station?id=91734419",
                    "web": "https://nxtb.it/p/91734419"
                },
                "short_name": "34204",
                "station_id": "91734419",
                "vehicle_types_available": [
                    {
                        "count": 3,
                        "vehicle_type_id": "150"
                    },
                    {
                        "count": 2,
                        "vehicle_type_id": "143"
                    }
                ]
            },
            "type": "Feature"
        },
        {
            "geometry": {
                "coordinates": [
                    2.66575,
                    39.57125
                ],
                "type": "Point"
            },
            "properties": {
                "capacity": 10,
                "is_installed": true,
                "is_renting": true,
                "is_returning": true,
                "is_virtual_station": false,
                "last_reported": 1789240369,
                "name": "06 MANACOR-MANUEL AZA\u00d1A",
                "num_bikes_available": 2,
                "num_docks_available": 7,
                "region_id": "789",
                "rental_uris": {
                    "android": "https://bicipalma.nextbike.app/station?id=91734790",
                    "ios": "https://bicipalma.nextbike.app/station?id=91734790",
                    "web": "https://nxtb.it/p/91734790"
                },
                "short_name": "34205",
                "station_id": "91734790",
                "vehicle_types_available": [
                    {
                        "count": 1,
                        "vehicle_type_id": "150"
                    },
                    {
                        "count": 1,
                        "vehicle_type_id": "143"
                    }
                ]
            },
            "type": "Feature"
        },
        {
            "geometry": {
                "coordinates": [
                    2.657194,
                    39.572861
                ],
                "type": "Point"
            },
            "properties": {
                "capacity": 17,
                "is_installed": true,
                "is_renting": true,
                "is_returning": true,
                "is_virtual_station": false,
                "last_reported": 1789240369,
                "name": "07 ARAG\u00d3 / NUREDDUNA",
                "num_bikes_available": 4,
                "num_docks_available": 12,
                "region_id": "789",
                "rental_uris": {
                    "android": "https://bicipalma.nextbike.app/station?id=91735985",
                    "ios": "https://bicipalma.nextbike.app/station?id=91735985",
                    "web": "https://nxtb.it/p/91735985"
                },
                "short_name": "34206",
                "station_id": "91735985",
                "vehicle_types_available": [
                    {
                        "count": 4,
                        "vehicle_type_id": "150"
                    }
                ]
            },
            "type": "Feature"
        },
        {
            "geometry": {
                "coordinates": [
                    2.624927,
                    39.561086
                ],
                "type": "Point"
            },
            "properties": {
                "capacity": 15,
                "is_installed": true,
                "is_renting": true,
                "is_returning": true,
                "is_virtual_station": false,
                "last_reported": 1789240369,
                "name": "08 MIRADOR D'EL TERRENO",
                "num_bikes_available": 4,
                "num_docks_available": 11,
                "region_id": "789",
                "rental_uris": {
                    "android": "https://bicipalma.nextbike.app/station?id=91736224",
                    "ios": "https://bicipalma.nextbike.app/station?id=91736224",
                    "web": "https://nxtb.it/p/91736224"
                },
                "short_name": "34207",
                "station_id": "91736224",
                "vehicle_types_available": [
                    {
                        "count": 2,
                        "vehicle_type_id": "150"
                    },
                    {
                        "count": 2,
                        "vehicle_type_id": "143"
                    }
                ]
            },
            "type": "Feature"
        },
        {
            "geometry": {
                "coordinates": [
                    2.66349,
                    39.575154
                ],
                "type": "Point"
            },
            "properties": {
                "capacity": 13,
                "is_installed": true,
                "is_renting": true,
                "is_returning": true,
                "is_virtual_station": false,
                "last_reported": 1789240369,
                "name": "09 FAUST MORELL / PERE GARAU",
                "num_bikes_available": 5,
                "num_docks_available": 6,
                "region_id": "789",
                "rental_uris": {
                    "android": "https://bicipalma.nextbike.app/station?id=91736444",
                    "ios": "https://bicipalma.nextbike.app/station?id=91736444",
                    "web": "https://nxtb.it/p/91736444"
                },
                "short_name": "34208",
                "station_id": "91736444",
                "vehicle_types_available": [
                    {
                        "count": 3,
                        "vehicle_type_id": "143"
                    },
                    {
                        "count": 2,
                        "vehicle_type_id": "150"
                    }
                ]
            },
            "type": "Feature"
        },
        {
            "geometry": {
                "coordinates": [
                    2.630049,
                    39.56843
                ],
                "type": "Point"
            },
            "properties": {
                "capacity": 11,
                "is_installed": true,
                "is_renting": true,
                "is_returning": true,
                "is_virtual_station": false,
                "last_reported": 1789240369,
                "name": "10 MARQU\u00c8S DE LA S\u00c9NIA",
                "num_bikes_available": 8,
                "num_docks_available": 2,
                "region_id": "789",
                "rental_uris": {
                    "android": "https://bicipalma.nextbike.app/station?id=91736585",
                    "ios": "https://bicipalma.nextbike.app/station?id=91736585",
                    "web": "https://nxtb.it/p/91736585"
                },
                "short_name": "34209",
                "station_id": "91736585",
                "vehicle_types_available": [
                    {
                        "count": 8,
                        "vehicle_type_id": "150"
                    }
                ]
            },
            "type": "Feature"
        },
        {
            "geometry": {
                "coordinates": [
                    2.631787,
                    39.573098
                ],
                "type": "Point"
            },
            "properties": {
                "capacity": 17,
                "is_installed": true,
                "is_renting": true,
                "is_returning": true,
                "is_virtual_station": false,
                "last_reported": 1789240369,
                "name": "12 PLA\u00c7A SON ESPANYOLET",
                "num_bikes_available": 5,
                "num_docks_available": 12,
                "region_id": "789",
                "rental_uris": {
                    "android": "https://bicipalma.nextbike.app/station?id=91736983",
                    "ios": "https://bicipalma.nextbike.app/station?id=91736983",
                    "web": "https://nxtb.it/p/91736983"
                },
                "short_name": "34211",
                "station_id": "91736983",
                "vehicle_types_available": [
                    {
                        "count": 4,
                        "vehicle_type_id": "143"
                    },
                    {
                        "count": 1,
                        "vehicle_type_id": "150"
                    }
                ]
            },
            "type": "Feature"
        },
        {
            "geometry": {
                "coordinates": [
                    2.654778,
                    39.575667
                ],
                "type": "Point"
            },
            "properties": {
                "capacity": 30,
                "is_installed": true,
                "is_renting": true,
                "is_returning": true,
                "is_virtual_station": false,
                "last_reported": 1789240369,
                "name": "13 PARC DE SES ESTACIONS",
                "num_bikes_available": 5,
                "num_docks_available": 22,
                "region_id": "789",
                "rental_uris": {
                    "android": "https://bicipalma.nextbike.app/station?id=91737131",
                    "ios": "https://bicipalma.nextbike.app/station?id=91737131",
                    "web": "https://nxtb.it/p/91737131"
                },
                "short_name": "34212",
                "station_id": "91737131",
                "vehicle_types_available": [
                    {
                        "count": 5,
                        "vehicle_type_id": "150"
                    }
                ]
            },
            "type": "Feature"
        },
        {
            "geometry": {
                "coordinates": [
                    2.6256,
                    39.579603
                ],
                "type": "Point"
            },
            "properties": {
                "capacity": 14,
                "is_installed": true,
                "is_renting": true,
                "is_returning": true,
                "is_virtual_station": false,
                "last_reported": 1789240369,
                "name": "14 CAM\u00cd DE SON RAPINYA",
                "num_bikes_available": 0,
                "num_docks_available": 13,
                "region_id": "789",
                "rental_uris": {
                    "android": "https://bicipalma.nextbike.app/station?id=91737288",
                    "ios": "https://bicipalma.nextbike.app/station?id=91737288",
                    "web": "https://nxtb.it/p/91737288"
                },
                "short_name": "34213",
                "station_id": "91737288",
                "vehicle_types_available": []
            },
            "type": "Feature"
        },
        {
            "geometry": {
                "coordinates": [
                    2.660194,
                    39.580056
                ],
                "type": "Point"
            },
            "properties": {
                "capacity": 16,
                "is_installed": true,
                "is_renting": true,
                "is_returning": true,
                "is_virtual_station": false,
                "last_reported": 1789240369,
                "name": "15 JACINT VERDAGUER-JAUME BALMES",
                "num_bikes_available": 6,
                "num_docks_available": 7,
                "region_id": "789",
                "rental_uris": {
                    "android": "https://bicipalma.nextbike.app/station?id=91737459",
                    "ios": "https://bicipalma.nextbike.app/station?id=91737459",
                    "web": "https://nxtb.it/p/91737459"
                },
                "short_name": "34214",
                "station_id": "91737459",
                "vehicle_types_available": [
                    {
                        "count": 4,
                        "vehicle_type_id": "143"
                    },
                    {
                        "count": 2,
                        "vehicle_type_id": "150"
                    }
                ]
            },
            "type": "Feature"
        },
        {
            "geometry": {
                "coordinates": [
                    2.644139,
                    39.581722
                ],
                "type": "Point"
            },
            "properties": {
                "capacity": 23,
                "is_installed": true,
                "is_renting": true,
                "is_returning": true,
                "is_virtual_station": false,
                "last_reported": 1789240369,
                "name": "16 PARC DE SA RIERA",
                "num_bikes_available": 14,
                "num_docks_available": 8,
                "region_id": "789",
                "rental_uris": {
                    "android": "https://bicipalma.nextbike.app/station?id=91737581",
                    "ios": "https://bicipalma.nextbike.app/station?id=91737581",
                    "web": "https://nxtb.it/p/91737581"
                },
                "short_name": "34215",
                "station_id": "91737581",
                "vehicle_types_available": [
                    {
                        "count": 12,
                        "vehicle_type_id": "150"
                    },
                    {
                        "count": 2,
                        "vehicle_type_id": "143"
                    }
                ]
            },
            "type": "Feature"
        },
        {
            "geometry": {
                "coordinates": [
                    2.662611,
                    39.578722
                ],
                "type": "Point"
            },
            "properties": {
                "capacity": 13,
                "is_installed": true,
                "is_renting": true,
                "is_returning": true,
                "is_virtual_station": false,
                "last_reported": 1789240369,
                "name": "17 ARAG\u00d3 / JAUME BALMES",
                "num_bikes_available": 3,
                "num_docks_available": 10,
                "region_id": "789",
                "rental_uris": {
                    "android": "https://bicipalma.nextbike.app/station?id=91737759",
                    "ios": "https://bicipalma.nextbike.app/station?id=91737759",
                    "web": "https://nxtb.it/p/91737759"
                },
                "short_name": "34216",
                "station_id": "91737759",
                "vehicle_types_available": [
                    {
                        "count": 2,
                        "vehicle_type_id": "150"
                    },
                    {
                        "count": 1,
                        "vehicle_type_id": "143"
                    }
                ]
            },
            "type": "Feature"
        },
        {
            "geometry": {
                "coordinates": [
                    2.66725,
                    39.577278
                ],
                "type": "Point"
            },
            "properties": {
                "capacity": 15,
                "is_installed": true,
                "is_renting": true,
                "is_returning": true,
                "is_virtual_station": false,
                "last_reported": 1789240369,
                "name": "18 JOSEP DARDER METGE",
                "num_bikes_available": 10,
                "num_docks_available": 5,
                "region_id": "789",
                "rental_uris": {
                    "android": "https://bicipalma.nextbike.app/station?id=91737907",
                    "ios": "https://bicipalma.nextbike.app/station?id=91737907",
                    "web": "https://nxtb.it/p/91737907"
                },
                "short_name": "34217",
                "station_id": "91737907",
                "vehicle_types_available": [
                    {
                        "count": 10,
                        "vehicle_type_id": "150"
                    }
                ]
            },
            "type": "Feature"
        },
        {
            "geometry": {
                "coordinates": [
                    2.657444,
                    39.584611
                ],
                "type": "Point"
            },
            "properties": {
                "capacity": 16,
                "is_installed": true,
                "is_renting": true,
                "is_returning": true,
                "is_virtual_station": false,
                "last_reported": 1789240369,
                "name": "19 ARXIDUC LLUIS SALVADOR-M\u00daSIC JOSEP BALAGUER",
                "num_bikes_available": 1,
                "num_docks_available": 14,
                "region_id": "789",
                "rental_uris": {
                    "android": "https://bicipalma.nextbike.app/station?id=91738090",
                    "ios": "https://bicipalma.nextbike.app/station?id=91738090",
                    "web": "https://nxtb.it/p/91738090"
                },
                "short_name": "34218",
                "station_id": "91738090",
                "vehicle_types_available": [
                    {
                        "count": 1,
                        "vehicle_type_id": "150"
                    }
                ]
            },
            "type": "Feature"
        },
        {
            "geometry": {
                "coordinates": [
                    2.635951,
                    39.579646
                ],
                "type": "Point"
            },
            "properties": {
                "capacity": 21,
                "is_installed": true,
                "is_renting": true,
                "is_returning": true,
                "is_virtual_station": false,
                "last_reported": 1789240369,
                "name": "20 PASCUAL RIBOT / SON PIS\u00c0",
                "num_bikes_available": 2,
                "num_docks_available": 18,
                "region_id": "789",
                "rental_uris": {
                    "android": "https://bicipalma.nextbike.app/station?id=91738284",
                    "ios": "https://bicipalma.nextbike.app/station?id=91738284",
                    "web": "https://nxtb.it/p/91738284"
                },
                "short_name": "34219",
                "station_id": "91738284",
                "vehicle_types_available": [
                    {
                        "count": 1,
                        "vehicle_type_id": "150"
                    },
                    {
                        "count": 1,
                        "vehicle_type_id": "143"
                    }
                ]
            },
            "type": "Feature"
        },
        {
            "geometry": {
                "coordinates": [
                    2.634639,
                    39.585028
                ],
                "type": "Point"
            },
            "properties": {
                "capacity": 16,
                "is_installed": true,
                "is_renting": true,
                "is_returning": true,
                "is_virtual_station": false,
                "last_reported": 1789240369,
                "name": "22 SALVADOR DAL\u00cd",
                "num_bikes_available": 0,
                "num_docks_available": 15,
                "region_id": "789",
                "rental_uris": {
                    "android": "https://bicipalma.nextbike.app/station?id=91738529",
                    "ios": "https://bicipalma.nextbike.app/station?id=91738529",
                    "web": "https://nxtb.it/p/91738529"
                },
                "short_name": "34221",
                "station_id": "91738529",
                "vehicle_types_available": []
            },
            "type": "Feature"
        },
        {
            "geometry": {
                "coordinates": [
                    2.626992,
                    39.586577
                ],
                "type": "Point"
            },
            "properties": {
                "capacity": 18,
                "is_installed": true,
                "is_renting": true,
                "is_returning": true,
                "is_virtual_station": false,
                "last_reported": 1789240369,
                "name": "23 SON MOIX",
                "num_bikes_available": 0,
                "num_docks_available": 17,
                "region_id": "789",
                "rental_uris": {
                    "android": "https://bicipalma.nextbike.app/station?id=91738697",
                    "ios": "https://bicipalma.nextbike.app/station?id=91738697",
                    "web": "https://nxtb.it/p/91738697"
                },
                "short_name": "34222",
                "station_id": "91738697",
                "vehicle_types_available": []
            },
            "type": "Feature"
        },
        {
            "geometry": {
                "coordinates": [
                    2.651278,
                    39.578028
                ],
                "type": "Point"
            },
            "properties": {
                "capacity": 27,
                "is_installed": true,
                "is_renting": true,
                "is_returning": true,
                "is_virtual_station": false,
                "last_reported": 1789240369,
                "name": "24 BLANQUERNA / COMTE DE SALLENT",
                "num_bikes_available": 2,
                "num_docks_available": 25,
                "region_id": "789",
                "rental_uris": {
                    "android": "https://bicipalma.nextbike.app/station?id=91738832",
                    "ios": "https://bicipalma.nextbike.app/station?id=91738832",
                    "web": "https://nxtb.it/p/91738832"
                },
                "short_name": "34223",
                "station_id": "91738832",
                "vehicle_types_available": [
                    {
                        "count": 2,
                        "vehicle_type_id": "150"
                    }
                ]
            },
            "type": "Feature"
        },
        {
            "geometry": {
                "coordinates": [
                    2.649167,
                    39.580722
                ],
                "type": "Point"
            },
            "properties": {
                "capacity": 18,
                "is_installed": true,
                "is_renting": true,
                "is_returning": true,
                "is_virtual_station": false,
                "last_reported": 1789240369,
                "name": "25 BLANQUERNA-PARE BARTOMEU POU",
                "num_bikes_available": 13,
                "num_docks_available": 5,
                "region_id": "789",
                "rental_uris": {
                    "android": "https://bicipalma.nextbike.app/station?id=91739003",
                    "ios": "https://bicipalma.nextbike.app/station?id=91739003",
                    "web": "https://nxtb.it/p/91739003"
                },
                "short_name": "34224",
                "station_id": "91739003",
                "vehicle_types_available": [
                    {
                        "count": 13,
                        "vehicle_type_id": "150"
                    }
                ]
            },
            "type": "Feature"
        },
        {
            "geometry": {
                "coordinates": [
                    2.625752,
                    39.589466
                ],
                "type": "Point"
            },
            "properties": {
                "capacity": 16,
                "is_installed": true,
                "is_renting": true,
                "is_returning": true,
                "is_virtual_station": false,
                "last_reported": 1789240369,
                "name": "26 SON FLOR",
                "num_bikes_available": 4,
                "num_docks_available": 11,
                "region_id": "789",
                "rental_uris": {
                    "android": "https://bicipalma.nextbike.app/station?id=91739129",
                    "ios": "https://bicipalma.nextbike.app/station?id=91739129",
                    "web": "https://nxtb.it/p/91739129"
                },
                "short_name": "34225",
                "station_id": "91739129",
                "vehicle_types_available": [
                    {
                        "count": 4,
                        "vehicle_type_id": "150"
                    }
                ]
            },
            "type": "Feature"
        },
        {
            "geometry": {
                "coordinates": [
                    2.649194,
                    39.584222
                ],
                "type": "Point"
            },
            "properties": {
                "capacity": 19,
                "is_installed": true,
                "is_renting": true,
                "is_returning": true,
                "is_virtual_station": false,
                "last_reported": 1789240369,
                "name": "27 PLA\u00c7A PAR\u00cdS",
                "num_bikes_available": 2,
                "num_docks_available": 17,
                "region_id": "789",
                "rental_uris": {
                    "android": "https://bicipalma.nextbike.app/station?id=91739301",
                    "ios": "https://bicipalma.nextbike.app/station?id=91739301",
                    "web": "https://nxtb.it/p/91739301"
                },
                "short_name": "34226",
                "station_id": "91739301",
                "vehicle_types_available": [
                    {
                        "count": 1,
                        "vehicle_type_id": "150"
                    },
                    {
                        "count": 1,
                        "vehicle_type_id": "143"
                    }
                ]
            },
            "type": "Feature"
        },
        {
            "geometry": {
                "coordinates": [
                    2.618917,
                    39.585417
                ],
                "type": "Point"
            },
            "properties": {
                "capacity": 21,
                "is_installed": true,
                "is_renting": true,
                "is_returning": true,
                "is_virtual_station": false,
                "last_reported": 1789240369,
                "name": "28 CAM\u00cd DELS REIS-SON RAPINYA",
                "num_bikes_available": 1,
                "num_docks_available": 20,
                "region_id": "789",
                "rental_uris": {
                    "android": "https://bicipalma.nextbike.app/station?id=91739533",
                    "ios": "https://bicipalma.nextbike.app/station?id=91739533",
                    "web": "https://nxtb.it/p/91739533"
                },
                "short_name": "34227",
                "station_id": "91739533",
                "vehicle_types_available": [
                    {
                        "count": 1,
                        "vehicle_type_id": "143"
                    }
                ]
            },
            "type": "Feature"
        },
        {
            "geometry": {
                "coordinates": [
                    2.646472,
                    39.577389
                ],
                "type": "Point"
            },
            "properties": {
                "capacity": 17,
                "is_installed": true,
                "is_renting": true,
                "is_returning": true,
                "is_virtual_station": false,
                "last_reported": 1789240369,
                "name": "29 INSTITUT BALEAR",
                "num_bikes_available": 9,
                "num_docks_available": 7,
                "region_id": "789",
                "rental_uris": {
                    "android": "https://bicipalma.nextbike.app/station?id=91739675",
                    "ios": "https://bicipalma.nextbike.app/station?id=91739675",
                    "web": "https://nxtb.it/p/91739675"
                },
                "short_name": "34228",
                "station_id": "91739675",
                "vehicle_types_available": [
                    {
                        "count": 1,
                        "vehicle_type_id": "143"
                    },
                    {
                        "count": 8,
                        "vehicle_type_id": "150"
                    }
                ]
            },
            "type": "Feature"
        },
        {
            "geometry": {
                "coordinates": [
                    2.633778,
                    39.592889
                ],
                "type": "Point"
            },
            "properties": {
                "capacity": 20,
                "is_installed": true,
                "is_renting": true,
                "is_returning": true,
                "is_virtual_station": false,
                "last_reported": 1789240369,
                "name": "30 CAM\u00cd DELS REIS-CAN VALERO",
                "num_bikes_available": 4,
                "num_docks_available": 16,
                "region_id": "789",
                "rental_uris": {
                    "android": "https://bicipalma.nextbike.app/station?id=91740520",
                    "ios": "https://bicipalma.nextbike.app/station?id=91740520",
                    "web": "https://nxtb.it/p/91740520"
                },
                "short_name": "34229",
                "station_id": "91740520",
                "vehicle_types_available": [
                    {
                        "count": 3,
                        "vehicle_type_id": "143"
                    },
                    {
                        "count": 1,
                        "vehicle_type_id": "150"
                    }
                ]
            },
            "type": "Feature"
        },
        {
            "geometry": {
                "coordinates": [
                    2.640889,
                    39.5775
                ],
                "type": "Point"
            },
            "properties": {
                "capacity": 18,
                "is_installed": true,
                "is_renting": true,
                "is_returning": true,
                "is_virtual_station": false,
                "last_reported": 1789240369,
                "name": "31 PLA\u00c7A MADRID",
                "num_bikes_available": 4,
                "num_docks_available": 14,
                "region_id": "789",
                "rental_uris": {
                    "android": "https://bicipalma.nextbike.app/station?id=91741064",
                    "ios": "https://bicipalma.nextbike.app/station?id=91741064",
                    "web": "https://nxtb.it/p/91741064"
                },
                "short_name": "34230",
                "station_id": "91741064",
                "vehicle_types_available": [
                    {
                        "count": 2,
                        "vehicle_type_id": "150"
                    },
                    {
                        "count": 2,
                        "vehicle_type_id": "143"
                    }
                ]
            },
            "type": "Feature"
        },
        {
            "geometry": {
                "coordinates": [
                    2.639389,
                    39.580028
                ],
                "type": "Point"
            },
            "properties": {
                "capacity": 12,
                "is_installed": true,
                "is_renting": true,
                "is_returning": true,
                "is_virtual_station": false,
                "last_reported": 1789240369,
                "name": "32 PLA\u00c7A BARCELONA",
                "num_bikes_available": 7,
                "num_docks_available": 5,
                "region_id": "789",
                "rental_uris": {
                    "android": "https://bicipalma.nextbike.app/station?id=91741239",
                    "ios": "https://bicipalma.nextbike.app/station?id=91741239",
                    "web": "https://nxtb.it/p/91741239"
                },
                "short_name": "34231",
                "station_id": "91741239",
                "vehicle_types_available": [
                    {
                        "count": 1,
                        "vehicle_type_id": "143"
                    },
                    {
                        "count": 6,
                        "vehicle_type_id": "150"
                    }
                ]
            },
            "type": "Feature"
        },
        {
            "geometry": {
                "coordinates": [
                    2.64571,
                    39.587373
                ],
                "type": "Point"
            },
            "properties": {
                "capacity": 15,
                "is_installed": true,
                "is_renting": true,
                "is_returning": true,
                "is_virtual_station": false,
                "last_reported": 1789240369,
                "name": "33 GENERAL RIERA",
                "num_bikes_available": 0,
                "num_docks_available": 15,
                "region_id": "789",
                "rental_uris": {
                    "android": "https://bicipalma.nextbike.app/station?id=91741462",
                    "ios": "https://bicipalma.nextbike.app/station?id=91741462",
                    "web": "https://nxtb.it/p/91741462"
                },
                "short_name": "34232",
                "station_id": "91741462",
                "vehicle_types_available": []
            },
            "type": "Feature"
        },
        {
            "geometry": {
                "coordinates": [
                    2.633417,
                    39.577583
                ],
                "type": "Point"
            },
            "properties": {
                "capacity": 12,
                "is_installed": true,
                "is_renting": true,
                "is_returning": true,
                "is_virtual_station": false,
                "last_reported": 1789240369,
                "name": "34 LLIBERTAT / SANT FERRAN",
                "num_bikes_available": 1,
                "num_docks_available": 11,
                "region_id": "789",
                "rental_uris": {
                    "android": "https://bicipalma.nextbike.app/station?id=91745591",
                    "ios": "https://bicipalma.nextbike.app/station?id=91745591",
                    "web": "https://nxtb.it/p/91745591"
                },
                "short_name": "34233",
                "station_id": "91745591",
                "vehicle_types_available": [
                    {
                        "count": 1,
                        "vehicle_type_id": "150"
                    }
                ]
            },
            "type": "Feature"
        },
        {
            "geometry": {
                "coordinates": [
                    2.653417,
                    39.589667
                ],
                "type": "Point"
            },
            "properties": {
                "capacity": 19,
                "is_installed": true,
                "is_renting": true,
                "is_returning": true,
                "is_virtual_station": false,
                "last_reported": 1789240369,
                "name": "35 CONSERVATORI",
                "num_bikes_available": 10,
                "num_docks_available": 8,
                "region_id": "789",
                "rental_uris": {
                    "android": "https://bicipalma.nextbike.app/station?id=91745720",
                    "ios": "https://bicipalma.nextbike.app/station?id=91745720",
                    "web": "https://nxtb.it/p/91745720"
                },
                "short_name": "34234",
                "station_id": "91745720",
                "vehicle_types_available": [
                    {
                        "count": 2,
                        "vehicle_type_id": "143"
                    },
                    {
                        "count": 8,
                        "vehicle_type_id": "150"
                    }
                ]
            },
            "type": "Feature"
        },
        {
            "geometry": {
                "coordinates": [
                    2.661361,
                    39.592639
                ],
                "type": "Point"
            },
            "properties": {
                "capacity": 15,
                "is_installed": true,
                "is_renting": true,
                "is_returning": true,
                "is_virtual_station": false,
                "last_reported": 1789240369,
                "name": "36 SON HUGO",
                "num_bikes_available": 7,
                "num_docks_available": 5,
                "region_id": "789",
                "rental_uris": {
                    "android": "https://bicipalma.nextbike.app/station?id=91745876",
                    "ios": "https://bicipalma.nextbike.app/station?id=91745876",
                    "web": "https://nxtb.it/p/91745876"
                },
                "short_name": "34235",
                "station_id": "91745876",
                "vehicle_types_available": [
                    {
                        "count": 2,
                        "vehicle_type_id": "143"
                    },
                    {
                        "count": 5,
                        "vehicle_type_id": "150"
                    }
                ]
            },
            "type": "Feature"
        },
        {
            "geometry": {
                "coordinates": [
                    2.640778,
                    39.574472
                ],
                "type": "Point"
            },
            "properties": {
                "capacity": 16,
                "is_installed": true,
                "is_renting": true,
                "is_returning": true,
                "is_virtual_station": false,
                "last_reported": 1789240369,
                "name": "37 AVINGUDA ARGENTINA",
                "num_bikes_available": 6,
                "num_docks_available": 10,
                "region_id": "789",
                "rental_uris": {
                    "android": "https://bicipalma.nextbike.app/station?id=91745979",
                    "ios": "https://bicipalma.nextbike.app/station?id=91745979",
                    "web": "https://nxtb.it/p/91745979"
                },
                "short_name": "34236",
                "station_id": "91745979",
                "vehicle_types_available": [
                    {
                        "count": 1,
                        "vehicle_type_id": "143"
                    },
                    {
                        "count": 5,
                        "vehicle_type_id": "150"
                    }
                ]
            },
            "type": "Feature"
        },
        {
            "geometry": {
                "coordinates": [
                    2.652889,
                    39.595833
                ],
                "type": "Point"
            },
            "properties": {
                "capacity": 13,
                "is_installed": true,
                "is_renting": true,
                "is_returning": true,
                "is_virtual_station": false,
                "last_reported": 1789240369,
                "name": "38 CAS CAPISCOL",
                "num_bikes_available": 1,
                "num_docks_available": 12,
                "region_id": "789",
                "rental_uris": {
                    "android": "https://bicipalma.nextbike.app/station?id=91746115",
                    "ios": "https://bicipalma.nextbike.app/station?id=91746115",
                    "web": "https://nxtb.it/p/91746115"
                },
                "short_name": "34237",
                "station_id": "91746115",
                "vehicle_types_available": [
                    {
                        "count": 1,
                        "vehicle_type_id": "143"
                    }
                ]
            },
            "type": "Feature"
        },
        {
            "geometry": {
                "coordinates": [
                    2.663389,
                    39.587056
                ],
                "type": "Point"
            },
            "properties": {
                "capacity": 16,
                "is_installed": true,
                "is_renting": true,
                "is_returning": true,
                "is_virtual_station": false,
                "last_reported": 1789240369,
                "name": "39 AVINGUDA TOM\u00c0S DE VILLANUEVA CORT\u00c9S",
                "num_bikes_available": 5,
                "num_docks_available": 11,
                "region_id": "789",
                "rental_uris": {
                    "android": "https://bicipalma.nextbike.app/station?id=91746239",
                    "ios": "https://bicipalma.nextbike.app/station?id=91746239",
                    "web": "https://nxtb.it/p/91746239"
                },
                "short_name": "34238",
                "station_id": "91746239",
                "vehicle_types_available": [
                    {
                        "count": 5,
                        "vehicle_type_id": "150"
                    }
                ]
            },
            "type": "Feature"
        },
        {
            "geometry": {
                "coordinates": [
                    2.669889,
                    39.583722
                ],
                "type": "Point"
            },
            "properties": {
                "capacity": 19,
                "is_installed": true,
                "is_renting": true,
                "is_returning": true,
                "is_virtual_station": false,
                "last_reported": 1789240369,
                "name": "40 PREVERE RAFAEL BARRERA",
                "num_bikes_available": 5,
                "num_docks_available": 14,
                "region_id": "789",
                "rental_uris": {
                    "android": "https://bicipalma.nextbike.app/station?id=91749502",
                    "ios": "https://bicipalma.nextbike.app/station?id=91749502",
                    "web": "https://nxtb.it/p/91749502"
                },
                "short_name": "34239",
                "station_id": "91749502",
                "vehicle_types_available": [
                    {
                        "count": 2,
                        "vehicle_type_id": "143"
                    },
                    {
                        "count": 3,
                        "vehicle_type_id": "150"
                    }
                ]
            },
            "type": "Feature"
        },
        {
            "geometry": {
                "coordinates": [
                    2.682806,
                    39.582694
                ],
                "type": "Point"
            },
            "properties": {
                "capacity": 14,
                "is_installed": true,
                "is_renting": true,
                "is_returning": true,
                "is_virtual_station": false,
                "last_reported": 1789240369,
                "name": "42 CAM\u00cd SALARD",
                "num_bikes_available": 13,
                "num_docks_available": 0,
                "region_id": "789",
                "rental_uris": {
                    "android": "https://bicipalma.nextbike.app/station?id=91753076",
                    "ios": "https://bicipalma.nextbike.app/station?id=91753076",
                    "web": "https://nxtb.it/p/91753076"
                },
                "short_name": "34241",
                "station_id": "91753076",
                "vehicle_types_available": [
                    {
                        "count": 1,
                        "vehicle_type_id": "143"
                    },
                    {
                        "count": 12,
                        "vehicle_type_id": "150"
                    }
                ]
            },
            "type": "Feature"
        },
        {
            "geometry": {
                "coordinates": [
                    2.676472,
                    39.589583
                ],
                "type": "Point"
            },
            "properties": {
                "capacity": 20,
                "is_installed": true,
                "is_renting": true,
                "is_returning": true,
                "is_virtual_station": false,
                "last_reported": 1789240369,
                "name": "43 TER",
                "num_bikes_available": 9,
                "num_docks_available": 10,
                "region_id": "789",
                "rental_uris": {
                    "android": "https://bicipalma.nextbike.app/station?id=91753321",
                    "ios": "https://bicipalma.nextbike.app/station?id=91753321",
                    "web": "https://nxtb.it/p/91753321"
                },
                "short_name": "34242",
                "station_id": "91753321",
                "vehicle_types_available": [
                    {
                        "count": 9,
                        "vehicle_type_id": "150"
                    }
                ]
            },
            "type": "Feature"
        },
        {
            "geometry": {
                "coordinates": [
                    2.678472,
                    39.578111
                ],
                "type": "Point"
            },
            "properties": {
                "capacity": 13,
                "is_installed": true,
                "is_renting": true,
                "is_returning": true,
                "is_virtual_station": false,
                "last_reported": 1789240369,
                "name": "44 GERMANS ESCALAS",
                "num_bikes_available": 19,
                "num_docks_available": 0,
                "region_id": "789",
                "rental_uris": {
                    "android": "https://bicipalma.nextbike.app/station?id=91753528",
                    "ios": "https://bicipalma.nextbike.app/station?id=91753528",
                    "web": "https://nxtb.it/p/91753528"
                },
                "short_name": "34243",
                "station_id": "91753528",
                "vehicle_types_available": [
                    {
                        "count": 3,
                        "vehicle_type_id": "143"
                    },
                    {
                        "count": 16,
                        "vehicle_type_id": "150"
                    }
                ]
            },
            "type": "Feature"
        },
        {
            "geometry": {
                "coordinates": [
                    2.643278,
                    39.572528
                ],
                "type": "Point"
            },
            "properties": {
                "capacity": 19,
                "is_installed": true,
                "is_renting": true,
                "is_returning": true,
                "is_virtual_station": false,
                "last_reported": 1789240369,
                "name": "45 JAUME III",
                "num_bikes_available": 6,
                "num_docks_available": 13,
                "region_id": "789",
                "rental_uris": {
                    "android": "https://bicipalma.nextbike.app/station?id=91754642",
                    "ios": "https://bicipalma.nextbike.app/station?id=91754642",
                    "web": "https://nxtb.it/p/91754642"
                },
                "short_name": "34244",
                "station_id": "91754642",
                "vehicle_types_available": [
                    {
                        "count": 6,
                        "vehicle_type_id": "150"
                    }
                ]
            },
            "type": "Feature"
        },
        {
            "geometry": {
                "coordinates": [
                    2.647,
                    39.571
                ],
                "type": "Point"
            },
            "properties": {
                "capacity": 21,
                "is_installed": true,
                "is_renting": true,
                "is_returning": true,
                "is_virtual_station": false,
                "last_reported": 1789240369,
                "name": "46 REI JOAN CARLES I",
                "num_bikes_available": 7,
                "num_docks_available": 13,
                "region_id": "789",
                "rental_uris": {
                    "android": "https://bicipalma.nextbike.app/station?id=91754796",
                    "ios": "https://bicipalma.nextbike.app/station?id=91754796",
                    "web": "https://nxtb.it/p/91754796"
                },
                "short_name": "34245",
                "station_id": "91754796",
                "vehicle_types_available": [
                    {
                        "count": 6,
                        "vehicle_type_id": "150"
                    },
                    {
                        "count": 1,
                        "vehicle_type_id": "143"
                    }
                ]
            },
            "type": "Feature"
        },
        {
            "geometry": {
                "coordinates": [
                    2.673611,
                    39.578917
                ],
                "type": "Point"
            },
            "properties": {
                "capacity": 17,
                "is_installed": true,
                "is_renting": true,
                "is_returning": true,
                "is_virtual_station": false,
                "last_reported": 1789240369,
                "name": "48 PARC DE L' ESPERAN\u00c7A",
                "num_bikes_available": 5,
                "num_docks_available": 11,
                "region_id": "789",
                "rental_uris": {
                    "android": "https://bicipalma.nextbike.app/station?id=91755353",
                    "ios": "https://bicipalma.nextbike.app/station?id=91755353",
                    "web": "https://nxtb.it/p/91755353"
                },
                "short_name": "34247",
                "station_id": "91755353",
                "vehicle_types_available": [
                    {
                        "count": 5,
                        "vehicle_type_id": "150"
                    }
                ]
            },
            "type": "Feature"
        },
        {
            "geometry": {
                "coordinates": [
                    2.646278,
                    39.568611
                ],
                "type": "Point"
            },
            "properties": {
                "capacity": 17,
                "is_installed": true,
                "is_renting": true,
                "is_returning": true,
                "is_virtual_station": false,
                "last_reported": 1789240369,
                "name": "49 PLA\u00c7A DE LA REINA",
                "num_bikes_available": 8,
                "num_docks_available": 9,
                "region_id": "789",
                "rental_uris": {
                    "android": "https://bicipalma.nextbike.app/station?id=91755522",
                    "ios": "https://bicipalma.nextbike.app/station?id=91755522",
                    "web": "https://nxtb.it/p/91755522"
                },
                "short_name": "34248",
                "station_id": "91755522",
                "vehicle_types_available": [
                    {
                        "count": 8,
                        "vehicle_type_id": "150"
                    }
                ]
            },
            "type": "Feature"
        },
        {
            "geometry": {
                "coordinates": [
                    2.670722,
                    39.571556
                ],
                "type": "Point"
            },
            "properties": {
                "capacity": 24,
                "is_installed": true,
                "is_renting": true,
                "is_returning": true,
                "is_virtual_station": false,
                "last_reported": 1789240369,
                "name": "50 BENET PONS I F\u00c0BREGUES",
                "num_bikes_available": 0,
                "num_docks_available": 24,
                "region_id": "789",
                "rental_uris": {
                    "android": "https://bicipalma.nextbike.app/station?id=91755715",
                    "ios": "https://bicipalma.nextbike.app/station?id=91755715",
                    "web": "https://nxtb.it/p/91755715"
                },
                "short_name": "34249",
                "station_id": "91755715",
                "vehicle_types_available": []
            },
            "type": "Feature"
        },
        {
            "geometry": {
                "coordinates": [
                    2.647972,
                    39.575222
                ],
                "type": "Point"
            },
            "properties": {
                "capacity": 26,
                "is_installed": true,
                "is_renting": true,
                "is_returning": true,
                "is_virtual_station": false,
                "last_reported": 1789240369,
                "name": "51 VIA ROMA",
                "num_bikes_available": 20,
                "num_docks_available": 6,
                "region_id": "789",
                "rental_uris": {
                    "android": "https://bicipalma.nextbike.app/station?id=91755930",
                    "ios": "https://bicipalma.nextbike.app/station?id=91755930",
                    "web": "https://nxtb.it/p/91755930"
                },
                "short_name": "34250",
                "station_id": "91755930",
                "vehicle_types_available": [
                    {
                        "count": 20,
                        "vehicle_type_id": "150"
                    }
                ]
            },
            "type": "Feature"
        },
        {
            "geometry": {
                "coordinates": [
                    2.658389,
                    39.569972
                ],
                "type": "Point"
            },
            "properties": {
                "capacity": 12,
                "is_installed": true,
                "is_renting": true,
                "is_returning": true,
                "is_virtual_station": false,
                "last_reported": 1789240369,
                "name": "53 GENERAL RICARDO ORTEGA",
                "num_bikes_available": 2,
                "num_docks_available": 9,
                "region_id": "789",
                "rental_uris": {
                    "android": "https://bicipalma.nextbike.app/station?id=91756194",
                    "ios": "https://bicipalma.nextbike.app/station?id=91756194",
                    "web": "https://nxtb.it/p/91756194"
                },
                "short_name": "34252",
                "station_id": "91756194",
                "vehicle_types_available": [
                    {
                        "count": 1,
                        "vehicle_type_id": "150"
                    },
                    {
                        "count": 1,
                        "vehicle_type_id": "143"
                    }
                ]
            },
            "type": "Feature"
        },
        {
            "geometry": {
                "coordinates": [
                    2.650667,
                    39.569083
                ],
                "type": "Point"
            },
            "properties": {
                "capacity": 20,
                "is_installed": true,
                "is_renting": true,
                "is_returning": true,
                "is_virtual_station": false,
                "last_reported": 1789240369,
                "name": "55 SANTA EULALIA",
                "num_bikes_available": 0,
                "num_docks_available": 20,
                "region_id": "789",
                "rental_uris": {
                    "android": "https://bicipalma.nextbike.app/station?id=91758240",
                    "ios": "https://bicipalma.nextbike.app/station?id=91758240",
                    "web": "https://nxtb.it/p/91758240"
                },
                "short_name": "34254",
                "station_id": "91758240",
                "vehicle_types_available": []
            },
            "type": "Feature"
        },
        {
            "geometry": {
                "coordinates": [
                    2.656384,
                    39.564915
                ],
                "type": "Point"
            },
            "properties": {
                "capacity": 14,
                "is_installed": true,
                "is_renting": true,
                "is_returning": true,
                "is_virtual_station": false,
                "last_reported": 1789240369,
                "name": "56 BALUARD DES PR\u00cdNCEP",
                "num_bikes_available": 8,
                "num_docks_available": 5,
                "region_id": "789",
                "rental_uris": {
                    "android": "https://bicipalma.nextbike.app/station?id=91758393",
                    "ios": "https://bicipalma.nextbike.app/station?id=91758393",
                    "web": "https://nxtb.it/p/91758393"
                },
                "short_name": "34255",
                "station_id": "91758393",
                "vehicle_types_available": [
                    {
                        "count": 8,
                        "vehicle_type_id": "150"
                    },
                    {
                        "count": 1,
                        "vehicle_type_id": "143"
                    }
                ]
            },
            "type": "Feature"
        },
        {
            "geometry": {
                "coordinates": [
                    2.620944,
                    39.551944
                ],
                "type": "Point"
            },
            "properties": {
                "capacity": 21,
                "is_installed": true,
                "is_renting": true,
                "is_returning": true,
                "is_virtual_station": false,
                "last_reported": 1789240369,
                "name": "57 PORTO PI",
                "num_bikes_available": 17,
                "num_docks_available": 3,
                "region_id": "789",
                "rental_uris": {
                    "android": "https://bicipalma.nextbike.app/station?id=91758518",
                    "ios": "https://bicipalma.nextbike.app/station?id=91758518",
                    "web": "https://nxtb.it/p/91758518"
                },
                "short_name": "34256",
                "station_id": "91758518",
                "vehicle_types_available": [
                    {
                        "count": 2,
                        "vehicle_type_id": "143"
                    },
                    {
                        "count": 15,
                        "vehicle_type_id": "150"
                    }
                ]
            },
            "type": "Feature"
        },
        {
            "geometry": {
                "coordinates": [
                    2.63225,
                    39.582333
                ],
                "type": "Point"
            },
            "properties": {
                "capacity": 15,
                "is_installed": true,
                "is_renting": true,
                "is_returning": true,
                "is_virtual_station": false,
                "last_reported": 1789240369,
                "name": "58 PASCUAL RIBOT / SON COTONER",
                "num_bikes_available": 1,
                "num_docks_available": 14,
                "region_id": "789",
                "rental_uris": {
                    "android": "https://bicipalma.nextbike.app/station?id=91758929",
                    "ios": "https://bicipalma.nextbike.app/station?id=91758929",
                    "web": "https://nxtb.it/p/91758929"
                },
                "short_name": "34257",
                "station_id": "91758929",
                "vehicle_types_available": [
                    {
                        "count": 1,
                        "vehicle_type_id": "143"
                    }
                ]
            },
            "type": "Feature"
        },
        {
            "geometry": {
                "coordinates": [
                    2.656056,
                    39.567722
                ],
                "type": "Point"
            },
            "properties": {
                "capacity": 9,
                "is_installed": true,
                "is_renting": true,
                "is_returning": true,
                "is_virtual_station": false,
                "last_reported": 1789240369,
                "name": "59 MATEU ENRIC LLAD\u00d3",
                "num_bikes_available": 2,
                "num_docks_available": 6,
                "region_id": "789",
                "rental_uris": {
                    "android": "https://bicipalma.nextbike.app/station?id=91759105",
                    "ios": "https://bicipalma.nextbike.app/station?id=91759105",
                    "web": "https://nxtb.it/p/91759105"
                },
                "short_name": "34258",
                "station_id": "91759105",
                "vehicle_types_available": [
                    {
                        "count": 2,
                        "vehicle_type_id": "150"
                    }
                ]
            },
            "type": "Feature"
        },
        {
            "geometry": {
                "coordinates": [
                    2.655833,
                    39.570278
                ],
                "type": "Point"
            },
            "properties": {
                "capacity": 10,
                "is_installed": true,
                "is_renting": true,
                "is_returning": true,
                "is_virtual_station": false,
                "last_reported": 1789240369,
                "name": "60 TRAVESSA D'EN BALLESTER",
                "num_bikes_available": 2,
                "num_docks_available": 8,
                "region_id": "789",
                "rental_uris": {
                    "android": "https://bicipalma.nextbike.app/station?id=91759299",
                    "ios": "https://bicipalma.nextbike.app/station?id=91759299",
                    "web": "https://nxtb.it/p/91759299"
                },
                "short_name": "34259",
                "station_id": "91759299",
                "vehicle_types_available": [
                    {
                        "count": 2,
                        "vehicle_type_id": "150"
                    }
                ]
            },
            "type": "Feature"
        },
        {
            "geometry": {
                "coordinates": [
                    2.633639,
                    39.570361
                ],
                "type": "Point"
            },
            "properties": {
                "capacity": 14,
                "is_installed": true,
                "is_renting": true,
                "is_returning": true,
                "is_virtual_station": false,
                "last_reported": 1789240369,
                "name": "61 PLA\u00c7A PONT",
                "num_bikes_available": 13,
                "num_docks_available": 0,
                "region_id": "789",
                "rental_uris": {
                    "android": "https://bicipalma.nextbike.app/station?id=91759456",
                    "ios": "https://bicipalma.nextbike.app/station?id=91759456",
                    "web": "https://nxtb.it/p/91759456"
                },
                "short_name": "34260",
                "station_id": "91759456",
                "vehicle_types_available": [
                    {
                        "count": 13,
                        "vehicle_type_id": "150"
                    }
                ]
            },
            "type": "Feature"
        },
        {
            "geometry": {
                "coordinates": [
                    2.654924,
                    39.616996
                ],
                "type": "Point"
            },
            "properties": {
                "capacity": 15,
                "is_installed": true,
                "is_renting": true,
                "is_returning": true,
                "is_virtual_station": false,
                "last_reported": 1789240369,
                "name": "62 SON SARDINA",
                "num_bikes_available": 4,
                "num_docks_available": 10,
                "region_id": "789",
                "rental_uris": {
                    "android": "https://bicipalma.nextbike.app/station?id=91759725",
                    "ios": "https://bicipalma.nextbike.app/station?id=91759725",
                    "web": "https://nxtb.it/p/91759725"
                },
                "short_name": "34261",
                "station_id": "91759725",
                "vehicle_types_available": [
                    {
                        "count": 2,
                        "vehicle_type_id": "150"
                    },
                    {
                        "count": 2,
                        "vehicle_type_id": "143"
                    }
                ]
            },
            "type": "Feature"
        },
        {
            "geometry": {
                "coordinates": [
                    2.651291,
                    39.584892
                ],
                "type": "Point"
            },
            "properties": {
                "capacity": 18,
                "is_installed": true,
                "is_renting": true,
                "is_returning": true,
                "is_virtual_station": false,
                "last_reported": 1789240369,
                "name": "64 PARC DE S'ESCORXADOR",
                "num_bikes_available": 1,
                "num_docks_available": 17,
                "region_id": "789",
                "rental_uris": {
                    "android": "https://bicipalma.nextbike.app/station?id=91760007",
                    "ios": "https://bicipalma.nextbike.app/station?id=91760007",
                    "web": "https://nxtb.it/p/91760007"
                },
                "short_name": "34263",
                "station_id": "91760007",
                "vehicle_types_available": [
                    {
                        "count": 1,
                        "vehicle_type_id": "143"
                    }
                ]
            },
            "type": "Feature"
        },
        {
            "geometry": {
                "coordinates": [
                    2.655389,
                    39.5725
                ],
                "type": "Point"
            },
            "properties": {
                "capacity": 17,
                "is_installed": true,
                "is_renting": true,
                "is_returning": true,
                "is_virtual_station": false,
                "last_reported": 1789240369,
                "name": "65 ALEXANDRE JAUME",
                "num_bikes_available": 4,
                "num_docks_available": 13,
                "region_id": "789",
                "rental_uris": {
                    "android": "https://bicipalma.nextbike.app/station?id=91760176",
                    "ios": "https://bicipalma.nextbike.app/station?id=91760176",
                    "web": "https://nxtb.it/p/91760176"
                },
                "short_name": "34264",
                "station_id": "91760176",
                "vehicle_types_available": [
                    {
                        "count": 2,
                        "vehicle_type_id": "143"
                    },
                    {
                        "count": 2,
                        "vehicle_type_id": "150"
                    }
                ]
            },
            "type": "Feature"
        },
        {
            "geometry": {
                "coordinates": [
                    2.673056,
                    39.585639
                ],
                "type": "Point"
            },
            "properties": {
                "capacity": 12,
                "is_installed": true,
                "is_renting": true,
                "is_returning": true,
                "is_virtual_station": false,
                "last_reported": 1789240369,
                "name": "66 ARAG\u00d3/TORRENT DE NA B\u00c0RBARA",
                "num_bikes_available": 0,
                "num_docks_available": 12,
                "region_id": "789",
                "rental_uris": {
                    "android": "https://bicipalma.nextbike.app/station?id=91760582",
                    "ios": "https://bicipalma.nextbike.app/station?id=91760582",
                    "web": "https://nxtb.it/p/91760582"
                },
                "short_name": "34265",
                "station_id": "91760582",
                "vehicle_types_available": []
            },
            "type": "Feature"
        },
        {
            "geometry": {
                "coordinates": [
                    2.640719,
                    39.598766
                ],
                "type": "Point"
            },
            "properties": {
                "capacity": 12,
                "is_installed": true,
                "is_renting": true,
                "is_returning": true,
                "is_virtual_station": false,
                "last_reported": 1789240369,
                "name": "67 PARC SON SERRA PARERA",
                "num_bikes_available": 6,
                "num_docks_available": 6,
                "region_id": "789",
                "rental_uris": {
                    "android": "https://bicipalma.nextbike.app/station?id=91760681",
                    "ios": "https://bicipalma.nextbike.app/station?id=91760681",
                    "web": "https://nxtb.it/p/91760681"
                },
                "short_name": "34266",
                "station_id": "91760681",
                "vehicle_types_available": [
                    {
                        "count": 2,
                        "vehicle_type_id": "143"
                    },
                    {
                        "count": 4,
                        "vehicle_type_id": "150"
                    }
                ]
            },
            "type": "Feature"
        },
        {
            "geometry": {
                "coordinates": [
                    2.655212,
                    39.601792
                ],
                "type": "Point"
            },
            "properties": {
                "capacity": 22,
                "is_installed": true,
                "is_renting": true,
                "is_returning": true,
                "is_virtual_station": false,
                "last_reported": 1789240369,
                "name": "68 POL\u00cdGON DE SON ROSSINYOL",
                "num_bikes_available": 14,
                "num_docks_available": 8,
                "region_id": "789",
                "rental_uris": {
                    "android": "https://bicipalma.nextbike.app/station?id=91761204",
                    "ios": "https://bicipalma.nextbike.app/station?id=91761204",
                    "web": "https://nxtb.it/p/91761204"
                },
                "short_name": "34267",
                "station_id": "91761204",
                "vehicle_types_available": [
                    {
                        "count": 2,
                        "vehicle_type_id": "143"
                    },
                    {
                        "count": 12,
                        "vehicle_type_id": "150"
                    }
                ]
            },
            "type": "Feature"
        },
        {
            "geometry": {
                "coordinates": [
                    2.650056,
                    39.587889
                ],
                "type": "Point"
            },
            "properties": {
                "capacity": 15,
                "is_installed": true,
                "is_renting": true,
                "is_returning": true,
                "is_virtual_station": false,
                "last_reported": 1789240369,
                "name": "70 CARRETERA VALLDEMOSSA-GUILLEM FORTEZA",
                "num_bikes_available": 0,
                "num_docks_available": 15,
                "region_id": "789",
                "rental_uris": {
                    "android": "https://bicipalma.nextbike.app/station?id=91761764",
                    "ios": "https://bicipalma.nextbike.app/station?id=91761764",
                    "web": "https://nxtb.it/p/91761764"
                },
                "short_name": "34269",
                "station_id": "91761764",
                "vehicle_types_available": []
            },
            "type": "Feature"
        },
        {
            "geometry": {
                "coordinates": [
                    2.647611,
                    39.593139
                ],
                "type": "Point"
            },
            "properties": {
                "capacity": 16,
                "is_installed": true,
                "is_renting": true,
                "is_returning": true,
                "is_virtual_station": false,
                "last_reported": 1789240369,
                "name": "71 SANT VICEN\u00c7 DE PAUL",
                "num_bikes_available": 2,
                "num_docks_available": 12,
                "region_id": "789",
                "rental_uris": {
                    "android": "https://bicipalma.nextbike.app/station?id=91762517",
                    "ios": "https://bicipalma.nextbike.app/station?id=91762517",
                    "web": "https://nxtb.it/p/91762517"
                },
                "short_name": "34270",
                "station_id": "91762517",
                "vehicle_types_available": [
                    {
                        "count": 1,
                        "vehicle_type_id": "143"
                    },
                    {
                        "count": 2,
                        "vehicle_type_id": "150"
                    }
                ]
            },
            "type": "Feature"
        },
        {
            "geometry": {
                "coordinates": [
                    2.670778,
                    39.561611
                ],
                "type": "Point"
            },
            "properties": {
                "capacity": 22,
                "is_installed": true,
                "is_renting": true,
                "is_returning": true,
                "is_virtual_station": false,
                "last_reported": 1789240369,
                "name": "80 BARTOMEU BARCEL\u00d3 I MIR",
                "num_bikes_available": 16,
                "num_docks_available": 5,
                "region_id": "789",
                "rental_uris": {
                    "android": "https://bicipalma.nextbike.app/station?id=91762782",
                    "ios": "https://bicipalma.nextbike.app/station?id=91762782",
                    "web": "https://nxtb.it/p/91762782"
                },
                "short_name": "34272",
                "station_id": "91762782",
                "vehicle_types_available": [
                    {
                        "count": 16,
                        "vehicle_type_id": "150"
                    }
                ]
            },
            "type": "Feature"
        }
    ],
    "gbfs": {
        "station_information": {
            "last_updated": 1789240369,
            "ttl": 60,
            "version": "2.3"
        },
        "station_status": {
            "last_updated": 1789240369,
            "ttl": 60,
            "version": "2.3"
        }
    },
    "type": "FeatureCollection"
}