{
    "features": [
        {
            "geometry": {
                "coordinates": [
                    -15.425169,
                    28.121896
                ],
                "type": "Point"
            },
            "properties": {
                "capacity": 10,
                "is_installed": true,
                "is_renting": true,
                "is_returning": true,
                "is_virtual_station": false,
                "last_reported": 1789301628,
                "name": "Oficina S\u00edtycleta (el\u00e9c.)",
                "num_bikes_available": 8,
                "num_docks_available": 3,
                "region_id": "408",
                "rental_uris": {
                    "android": "https://app.nextbike.net/station?id=13337655",
                    "ios": "https://app.nextbike.net/station?id=13337655",
                    "web": "https://nxtb.it/p/13337655"
                },
                "short_name": "3400",
                "station_id": "13337655",
                "vehicle_types_available": [
                    {
                        "count": 8,
                        "vehicle_type_id": "143"
                    }
                ]
            },
            "type": "Feature"
        },
        {
            "geometry": {
                "coordinates": [
                    -15.445678,
                    28.106892
                ],
                "type": "Point"
            },
            "properties": {
                "capacity": 10,
                "is_installed": true,
                "is_renting": true,
                "is_returning": true,
                "is_virtual_station": false,
                "last_reported": 1789301628,
                "name": "Infecar (el\u00e9c.)",
                "num_bikes_available": 2,
                "num_docks_available": 8,
                "region_id": "408",
                "rental_uris": {
                    "android": "https://app.nextbike.net/station?id=141464789",
                    "ios": "https://app.nextbike.net/station?id=141464789",
                    "web": "https://nxtb.it/p/141464789"
                },
                "short_name": "3453",
                "station_id": "141464789",
                "vehicle_types_available": [
                    {
                        "count": 2,
                        "vehicle_type_id": "143"
                    }
                ]
            },
            "type": "Feature"
        },
        {
            "geometry": {
                "coordinates": [
                    -15.433897,
                    28.112343
                ],
                "type": "Point"
            },
            "properties": {
                "capacity": 5,
                "is_installed": true,
                "is_renting": true,
                "is_returning": true,
                "is_virtual_station": true,
                "last_reported": 1789301628,
                "name": "Can\u00f3dromo",
                "num_bikes_available": 3,
                "num_docks_available": 2,
                "region_id": "408",
                "rental_uris": {
                    "android": "https://app.nextbike.net/station?id=14500104",
                    "ios": "https://app.nextbike.net/station?id=14500104",
                    "web": "https://nxtb.it/p/14500104"
                },
                "short_name": "34351",
                "station_area": {
                    "coordinates": [
                        [
                            [
                                [
                                    -15.433897,
                                    28.112568
                                ],
                                [
                                    -15.433676,
                                    28.112455
                                ],
                                [
                                    -15.433676,
                                    28.112231
                                ],
                                [
                                    -15.433897,
                                    28.112118
                                ],
                                [
                                    -15.434118,
                                    28.112231
                                ],
                                [
                                    -15.434118,
                                    28.112455
                                ],
                                [
                                    -15.433897,
                                    28.112568
                                ]
                            ]
                        ]
                    ],
                    "type": "MultiPolygon"
                },
                "station_id": "14500104",
                "vehicle_types_available": [
                    {
                        "count": 2,
                        "vehicle_type_id": "196"
                    },
                    {
                        "count": 1,
                        "vehicle_type_id": "15"
                    }
                ]
            },
            "type": "Feature"
        },
        {
            "geometry": {
                "coordinates": [
                    -15.456109,
                    28.069092
                ],
                "type": "Point"
            },
            "properties": {
                "capacity": 7,
                "is_installed": true,
                "is_renting": true,
                "is_returning": true,
                "is_virtual_station": false,
                "last_reported": 1789301628,
                "name": "ULPGC - Educaci\u00f3n f\u00edsica",
                "num_bikes_available": 2,
                "num_docks_available": 6,
                "region_id": "408",
                "rental_uris": {
                    "android": "https://app.nextbike.net/station?id=155689332",
                    "ios": "https://app.nextbike.net/station?id=155689332",
                    "web": "https://nxtb.it/p/155689332"
                },
                "short_name": "3490",
                "station_id": "155689332",
                "vehicle_types_available": [
                    {
                        "count": 2,
                        "vehicle_type_id": "143"
                    }
                ]
            },
            "type": "Feature"
        },
        {
            "geometry": {
                "coordinates": [
                    -15.455519,
                    28.070728
                ],
                "type": "Point"
            },
            "properties": {
                "capacity": 9,
                "is_installed": true,
                "is_renting": true,
                "is_returning": true,
                "is_virtual_station": false,
                "last_reported": 1789301628,
                "name": "ULPGC - Ingenier\u00eda",
                "num_bikes_available": 4,
                "num_docks_available": 5,
                "region_id": "408",
                "rental_uris": {
                    "android": "https://app.nextbike.net/station?id=158516981",
                    "ios": "https://app.nextbike.net/station?id=158516981",
                    "web": "https://nxtb.it/p/158516981"
                },
                "short_name": "3491",
                "station_id": "158516981",
                "vehicle_types_available": [
                    {
                        "count": 4,
                        "vehicle_type_id": "143"
                    }
                ]
            },
            "type": "Feature"
        },
        {
            "geometry": {
                "coordinates": [
                    -15.45263,
                    28.07324
                ],
                "type": "Point"
            },
            "properties": {
                "capacity": 9,
                "is_installed": true,
                "is_renting": true,
                "is_returning": true,
                "is_virtual_station": false,
                "last_reported": 1789301628,
                "name": "ULPGC - CC. B\u00e1sicas",
                "num_bikes_available": 2,
                "num_docks_available": 7,
                "region_id": "408",
                "rental_uris": {
                    "android": "https://app.nextbike.net/station?id=158524918",
                    "ios": "https://app.nextbike.net/station?id=158524918",
                    "web": "https://nxtb.it/p/158524918"
                },
                "short_name": "3492",
                "station_id": "158524918",
                "vehicle_types_available": [
                    {
                        "count": 2,
                        "vehicle_type_id": "143"
                    }
                ]
            },
            "type": "Feature"
        },
        {
            "geometry": {
                "coordinates": [
                    -15.44958,
                    28.07968
                ],
                "type": "Point"
            },
            "properties": {
                "capacity": 9,
                "is_installed": true,
                "is_renting": true,
                "is_returning": true,
                "is_virtual_station": false,
                "last_reported": 1789301628,
                "name": "ULPGC - CC. Jur\u00eddicas",
                "num_bikes_available": 6,
                "num_docks_available": 2,
                "region_id": "408",
                "rental_uris": {
                    "android": "https://app.nextbike.net/station?id=162766201",
                    "ios": "https://app.nextbike.net/station?id=162766201",
                    "web": "https://nxtb.it/p/162766201"
                },
                "short_name": "3495",
                "station_id": "162766201",
                "vehicle_types_available": [
                    {
                        "count": 6,
                        "vehicle_type_id": "143"
                    }
                ]
            },
            "type": "Feature"
        },
        {
            "geometry": {
                "coordinates": [
                    -15.45245,
                    28.07984
                ],
                "type": "Point"
            },
            "properties": {
                "capacity": 9,
                "is_installed": true,
                "is_renting": true,
                "is_returning": true,
                "is_virtual_station": false,
                "last_reported": 1789301628,
                "name": "ULPGC - Polivalente I",
                "num_bikes_available": 4,
                "num_docks_available": 6,
                "region_id": "408",
                "rental_uris": {
                    "android": "https://app.nextbike.net/station?id=163290471",
                    "ios": "https://app.nextbike.net/station?id=163290471",
                    "web": "https://nxtb.it/p/163290471"
                },
                "short_name": "3494",
                "station_id": "163290471",
                "vehicle_types_available": [
                    {
                        "count": 4,
                        "vehicle_type_id": "143"
                    }
                ]
            },
            "type": "Feature"
        },
        {
            "geometry": {
                "coordinates": [
                    -15.4513,
                    28.07588
                ],
                "type": "Point"
            },
            "properties": {
                "capacity": 7,
                "is_installed": true,
                "is_renting": true,
                "is_returning": true,
                "is_virtual_station": false,
                "last_reported": 1789301628,
                "name": "ULPGC - Biblioteca General",
                "num_bikes_available": 2,
                "num_docks_available": 6,
                "region_id": "408",
                "rental_uris": {
                    "android": "https://app.nextbike.net/station?id=163290897",
                    "ios": "https://app.nextbike.net/station?id=163290897",
                    "web": "https://nxtb.it/p/163290897"
                },
                "short_name": "3493",
                "station_id": "163290897",
                "vehicle_types_available": [
                    {
                        "count": 2,
                        "vehicle_type_id": "143"
                    }
                ]
            },
            "type": "Feature"
        },
        {
            "geometry": {
                "coordinates": [
                    -15.442936,
                    28.103036
                ],
                "type": "Point"
            },
            "properties": {
                "capacity": 15,
                "is_installed": true,
                "is_renting": true,
                "is_returning": true,
                "is_virtual_station": false,
                "last_reported": 1789301628,
                "name": "Rotonda del Vig\u00eda (el\u00e9c.)",
                "num_bikes_available": 5,
                "num_docks_available": 10,
                "region_id": "408",
                "rental_uris": {
                    "android": "https://app.nextbike.net/station?id=222957591",
                    "ios": "https://app.nextbike.net/station?id=222957591",
                    "web": "https://nxtb.it/p/222957591"
                },
                "short_name": "3455",
                "station_id": "222957591",
                "vehicle_types_available": [
                    {
                        "count": 5,
                        "vehicle_type_id": "143"
                    }
                ]
            },
            "type": "Feature"
        },
        {
            "geometry": {
                "coordinates": [
                    -15.418839,
                    28.091929
                ],
                "type": "Point"
            },
            "properties": {
                "capacity": 6,
                "is_installed": true,
                "is_renting": true,
                "is_returning": true,
                "is_virtual_station": true,
                "last_reported": 1789301628,
                "name": "Vega de San Jos\u00e9",
                "num_bikes_available": 2,
                "num_docks_available": 4,
                "region_id": "408",
                "rental_uris": {
                    "android": "https://app.nextbike.net/station?id=39892355",
                    "ios": "https://app.nextbike.net/station?id=39892355",
                    "web": "https://nxtb.it/p/39892355"
                },
                "short_name": "3448",
                "station_area": {
                    "coordinates": [
                        [
                            [
                                [
                                    -15.418839,
                                    28.092154
                                ],
                                [
                                    -15.418618,
                                    28.092041
                                ],
                                [
                                    -15.418618,
                                    28.091817
                                ],
                                [
                                    -15.418839,
                                    28.091704
                                ],
                                [
                                    -15.41906,
                                    28.091817
                                ],
                                [
                                    -15.41906,
                                    28.092041
                                ],
                                [
                                    -15.418839,
                                    28.092154
                                ]
                            ]
                        ]
                    ],
                    "type": "MultiPolygon"
                },
                "station_id": "39892355",
                "vehicle_types_available": [
                    {
                        "count": 2,
                        "vehicle_type_id": "196"
                    }
                ]
            },
            "type": "Feature"
        },
        {
            "geometry": {
                "coordinates": [
                    -15.417327,
                    28.073618
                ],
                "type": "Point"
            },
            "properties": {
                "capacity": 5,
                "is_installed": true,
                "is_renting": true,
                "is_returning": true,
                "is_virtual_station": true,
                "last_reported": 1789301628,
                "name": "Hoya de la Plata",
                "num_bikes_available": 3,
                "num_docks_available": 2,
                "region_id": "408",
                "rental_uris": {
                    "android": "https://app.nextbike.net/station?id=39915530",
                    "ios": "https://app.nextbike.net/station?id=39915530",
                    "web": "https://nxtb.it/p/39915530"
                },
                "short_name": "3449",
                "station_area": {
                    "coordinates": [
                        [
                            [
                                [
                                    -15.417327,
                                    28.073843
                                ],
                                [
                                    -15.417106,
                                    28.07373
                                ],
                                [
                                    -15.417106,
                                    28.073506
                                ],
                                [
                                    -15.417327,
                                    28.073393
                                ],
                                [
                                    -15.417548,
                                    28.073506
                                ],
                                [
                                    -15.417548,
                                    28.07373
                                ],
                                [
                                    -15.417327,
                                    28.073843
                                ]
                            ]
                        ]
                    ],
                    "type": "MultiPolygon"
                },
                "station_id": "39915530",
                "vehicle_types_available": [
                    {
                        "count": 2,
                        "vehicle_type_id": "196"
                    },
                    {
                        "count": 1,
                        "vehicle_type_id": "143"
                    }
                ]
            },
            "type": "Feature"
        },
        {
            "geometry": {
                "coordinates": [
                    -15.421789,
                    28.108058
                ],
                "type": "Point"
            },
            "properties": {
                "capacity": 10,
                "is_installed": true,
                "is_renting": true,
                "is_returning": true,
                "is_virtual_station": false,
                "last_reported": 1789301628,
                "name": "Castillo de Mata (el\u00e9c.)",
                "num_bikes_available": 4,
                "num_docks_available": 5,
                "region_id": "408",
                "rental_uris": {
                    "android": "https://app.nextbike.net/station?id=41293996",
                    "ios": "https://app.nextbike.net/station?id=41293996",
                    "web": "https://nxtb.it/p/41293996"
                },
                "short_name": "3446",
                "station_id": "41293996",
                "vehicle_types_available": [
                    {
                        "count": 4,
                        "vehicle_type_id": "143"
                    }
                ]
            },
            "type": "Feature"
        },
        {
            "geometry": {
                "coordinates": [
                    -15.434707,
                    28.134702
                ],
                "type": "Point"
            },
            "properties": {
                "capacity": 9,
                "is_installed": true,
                "is_renting": true,
                "is_returning": true,
                "is_virtual_station": false,
                "last_reported": 1789301628,
                "name": "Plaza de Espa\u00f1a (el\u00e9c.)",
                "num_bikes_available": 5,
                "num_docks_available": 4,
                "region_id": "408",
                "rental_uris": {
                    "android": "https://app.nextbike.net/station?id=43249515",
                    "ios": "https://app.nextbike.net/station?id=43249515",
                    "web": "https://nxtb.it/p/43249515"
                },
                "short_name": "3447",
                "station_id": "43249515",
                "vehicle_types_available": [
                    {
                        "count": 5,
                        "vehicle_type_id": "143"
                    }
                ]
            },
            "type": "Feature"
        },
        {
            "geometry": {
                "coordinates": [
                    -15.442368,
                    28.100367
                ],
                "type": "Point"
            },
            "properties": {
                "capacity": 10,
                "is_installed": true,
                "is_renting": true,
                "is_returning": true,
                "is_virtual_station": false,
                "last_reported": 1789301628,
                "name": "C.C. La Ballena (el\u00e9c.)",
                "num_bikes_available": 3,
                "num_docks_available": 7,
                "region_id": "408",
                "rental_uris": {
                    "android": "https://app.nextbike.net/station?id=44498355",
                    "ios": "https://app.nextbike.net/station?id=44498355",
                    "web": "https://nxtb.it/p/44498355"
                },
                "short_name": "3450",
                "station_id": "44498355",
                "vehicle_types_available": [
                    {
                        "count": 3,
                        "vehicle_type_id": "143"
                    }
                ]
            },
            "type": "Feature"
        },
        {
            "geometry": {
                "coordinates": [
                    -15.479098,
                    28.098952
                ],
                "type": "Point"
            },
            "properties": {
                "capacity": 10,
                "is_installed": true,
                "is_renting": true,
                "is_returning": true,
                "is_virtual_station": false,
                "last_reported": 1789301628,
                "name": "Intercambiador Tamaraceite (el\u00e9c.)",
                "num_bikes_available": 5,
                "num_docks_available": 6,
                "region_id": "408",
                "rental_uris": {
                    "android": "https://app.nextbike.net/station?id=519796919",
                    "ios": "https://app.nextbike.net/station?id=519796919",
                    "web": "https://nxtb.it/p/519796919"
                },
                "short_name": "3456",
                "station_id": "519796919",
                "vehicle_types_available": [
                    {
                        "count": 5,
                        "vehicle_type_id": "143"
                    }
                ]
            },
            "type": "Feature"
        },
        {
            "geometry": {
                "coordinates": [
                    -15.429252,
                    28.112476
                ],
                "type": "Point"
            },
            "properties": {
                "capacity": 10,
                "is_installed": true,
                "is_renting": true,
                "is_returning": true,
                "is_virtual_station": false,
                "last_reported": 1789301628,
                "name": "Parque Don Benito (el\u00e9c.)",
                "num_bikes_available": 3,
                "num_docks_available": 9,
                "region_id": "408",
                "rental_uris": {
                    "android": "https://app.nextbike.net/station?id=519797077",
                    "ios": "https://app.nextbike.net/station?id=519797077",
                    "web": "https://nxtb.it/p/519797077"
                },
                "short_name": "3454",
                "station_id": "519797077",
                "vehicle_types_available": [
                    {
                        "count": 1,
                        "vehicle_type_id": "15"
                    },
                    {
                        "count": 1,
                        "vehicle_type_id": "196"
                    },
                    {
                        "count": 1,
                        "vehicle_type_id": "143"
                    }
                ]
            },
            "type": "Feature"
        },
        {
            "geometry": {
                "coordinates": [
                    -15.414484,
                    28.097566
                ],
                "type": "Point"
            },
            "properties": {
                "capacity": 9,
                "is_installed": true,
                "is_renting": true,
                "is_returning": true,
                "is_virtual_station": true,
                "last_reported": 1789301628,
                "name": "Reyes Cat\u00f3licos",
                "num_bikes_available": 3,
                "num_docks_available": 6,
                "region_id": "408",
                "rental_uris": {
                    "android": "https://app.nextbike.net/station?id=533892543",
                    "ios": "https://app.nextbike.net/station?id=533892543",
                    "web": "https://nxtb.it/p/533892543"
                },
                "short_name": "3406",
                "station_area": {
                    "coordinates": [
                        [
                            [
                                [
                                    -15.414484,
                                    28.097791
                                ],
                                [
                                    -15.414263,
                                    28.097678
                                ],
                                [
                                    -15.414263,
                                    28.097454
                                ],
                                [
                                    -15.414484,
                                    28.097341
                                ],
                                [
                                    -15.414705,
                                    28.097454
                                ],
                                [
                                    -15.414705,
                                    28.097678
                                ],
                                [
                                    -15.414484,
                                    28.097791
                                ]
                            ]
                        ]
                    ],
                    "type": "MultiPolygon"
                },
                "station_id": "533892543",
                "vehicle_types_available": [
                    {
                        "count": 2,
                        "vehicle_type_id": "196"
                    },
                    {
                        "count": 1,
                        "vehicle_type_id": "143"
                    }
                ]
            },
            "type": "Feature"
        },
        {
            "geometry": {
                "coordinates": [
                    -15.418528,
                    28.11232
                ],
                "type": "Point"
            },
            "properties": {
                "capacity": 10,
                "is_installed": true,
                "is_renting": true,
                "is_returning": true,
                "is_virtual_station": true,
                "last_reported": 1789301628,
                "name": "Venegas Usos M\u00faltiples",
                "num_bikes_available": 3,
                "num_docks_available": 7,
                "region_id": "408",
                "rental_uris": {
                    "android": "https://app.nextbike.net/station?id=533892877",
                    "ios": "https://app.nextbike.net/station?id=533892877",
                    "web": "https://nxtb.it/p/533892877"
                },
                "short_name": "3415",
                "station_area": {
                    "coordinates": [
                        [
                            [
                                [
                                    -15.418528,
                                    28.112545
                                ],
                                [
                                    -15.418307,
                                    28.112432
                                ],
                                [
                                    -15.418307,
                                    28.112208
                                ],
                                [
                                    -15.418528,
                                    28.112095
                                ],
                                [
                                    -15.418749,
                                    28.112208
                                ],
                                [
                                    -15.418749,
                                    28.112432
                                ],
                                [
                                    -15.418528,
                                    28.112545
                                ]
                            ]
                        ]
                    ],
                    "type": "MultiPolygon"
                },
                "station_id": "533892877",
                "vehicle_types_available": [
                    {
                        "count": 3,
                        "vehicle_type_id": "15"
                    }
                ]
            },
            "type": "Feature"
        },
        {
            "geometry": {
                "coordinates": [
                    -15.445023,
                    28.119361
                ],
                "type": "Point"
            },
            "properties": {
                "capacity": 10,
                "is_installed": true,
                "is_renting": true,
                "is_returning": true,
                "is_virtual_station": false,
                "last_reported": 1789301628,
                "name": "Hospital Dr. Negr\u00edn (el\u00e9c.)",
                "num_bikes_available": 3,
                "num_docks_available": 7,
                "region_id": "408",
                "rental_uris": {
                    "android": "https://app.nextbike.net/station?id=534109962",
                    "ios": "https://app.nextbike.net/station?id=534109962",
                    "web": "https://nxtb.it/p/534109962"
                },
                "short_name": "3436",
                "station_id": "534109962",
                "vehicle_types_available": [
                    {
                        "count": 3,
                        "vehicle_type_id": "143"
                    }
                ]
            },
            "type": "Feature"
        },
        {
            "geometry": {
                "coordinates": [
                    -15.438532,
                    28.130923
                ],
                "type": "Point"
            },
            "properties": {
                "capacity": 10,
                "is_installed": true,
                "is_renting": true,
                "is_returning": true,
                "is_virtual_station": false,
                "last_reported": 1789301628,
                "name": "Daoiz (el\u00e9c.)",
                "num_bikes_available": 6,
                "num_docks_available": 4,
                "region_id": "408",
                "rental_uris": {
                    "android": "https://app.nextbike.net/station?id=535392268",
                    "ios": "https://app.nextbike.net/station?id=535392268",
                    "web": "https://nxtb.it/p/535392268"
                },
                "short_name": "3457",
                "station_id": "535392268",
                "vehicle_types_available": [
                    {
                        "count": 6,
                        "vehicle_type_id": "143"
                    }
                ]
            },
            "type": "Feature"
        },
        {
            "geometry": {
                "coordinates": [
                    -15.437657,
                    28.127202
                ],
                "type": "Point"
            },
            "properties": {
                "capacity": 10,
                "is_installed": true,
                "is_renting": true,
                "is_returning": true,
                "is_virtual_station": false,
                "last_reported": 1789301628,
                "name": "La Minilla (el\u00e9c.)",
                "num_bikes_available": 4,
                "num_docks_available": 6,
                "region_id": "408",
                "rental_uris": {
                    "android": "https://app.nextbike.net/station?id=535928113",
                    "ios": "https://app.nextbike.net/station?id=535928113",
                    "web": "https://nxtb.it/p/535928113"
                },
                "short_name": "3458",
                "station_id": "535928113",
                "vehicle_types_available": [
                    {
                        "count": 4,
                        "vehicle_type_id": "143"
                    }
                ]
            },
            "type": "Feature"
        },
        {
            "geometry": {
                "coordinates": [
                    -15.422545,
                    28.15009
                ],
                "type": "Point"
            },
            "properties": {
                "capacity": 10,
                "is_installed": true,
                "is_renting": true,
                "is_returning": true,
                "is_virtual_station": true,
                "last_reported": 1789301628,
                "name": "Plaza Manuel Becerra",
                "num_bikes_available": 2,
                "num_docks_available": 8,
                "region_id": "408",
                "rental_uris": {
                    "android": "https://app.nextbike.net/station?id=5367878",
                    "ios": "https://app.nextbike.net/station?id=5367878",
                    "web": "https://nxtb.it/p/5367878"
                },
                "short_name": "3443",
                "station_area": {
                    "coordinates": [
                        [
                            [
                                [
                                    -15.422545,
                                    28.150315
                                ],
                                [
                                    -15.422324,
                                    28.150202
                                ],
                                [
                                    -15.422324,
                                    28.149978
                                ],
                                [
                                    -15.422545,
                                    28.149865
                                ],
                                [
                                    -15.422766,
                                    28.149978
                                ],
                                [
                                    -15.422766,
                                    28.150202
                                ],
                                [
                                    -15.422545,
                                    28.150315
                                ]
                            ]
                        ]
                    ],
                    "type": "MultiPolygon"
                },
                "station_id": "5367878",
                "vehicle_types_available": [
                    {
                        "count": 2,
                        "vehicle_type_id": "15"
                    }
                ]
            },
            "type": "Feature"
        },
        {
            "geometry": {
                "coordinates": [
                    -15.427101,
                    28.148377
                ],
                "type": "Point"
            },
            "properties": {
                "capacity": 10,
                "is_installed": true,
                "is_renting": true,
                "is_returning": true,
                "is_virtual_station": true,
                "last_reported": 1789301628,
                "name": "Castillo de la Luz",
                "num_bikes_available": 3,
                "num_docks_available": 7,
                "region_id": "408",
                "rental_uris": {
                    "android": "https://app.nextbike.net/station?id=5367921",
                    "ios": "https://app.nextbike.net/station?id=5367921",
                    "web": "https://nxtb.it/p/5367921"
                },
                "short_name": "3442",
                "station_area": {
                    "coordinates": [
                        [
                            [
                                [
                                    -15.427101,
                                    28.148602
                                ],
                                [
                                    -15.42688,
                                    28.148489
                                ],
                                [
                                    -15.42688,
                                    28.148265
                                ],
                                [
                                    -15.427101,
                                    28.148152
                                ],
                                [
                                    -15.427322,
                                    28.148265
                                ],
                                [
                                    -15.427322,
                                    28.148489
                                ],
                                [
                                    -15.427101,
                                    28.148602
                                ]
                            ]
                        ]
                    ],
                    "type": "MultiPolygon"
                },
                "station_id": "5367921",
                "vehicle_types_available": [
                    {
                        "count": 3,
                        "vehicle_type_id": "15"
                    }
                ]
            },
            "type": "Feature"
        },
        {
            "geometry": {
                "coordinates": [
                    -15.429976,
                    28.145294
                ],
                "type": "Point"
            },
            "properties": {
                "capacity": 15,
                "is_installed": true,
                "is_renting": true,
                "is_returning": true,
                "is_virtual_station": true,
                "last_reported": 1789301628,
                "name": "Torre Woermann",
                "num_bikes_available": 6,
                "num_docks_available": 9,
                "region_id": "408",
                "rental_uris": {
                    "android": "https://app.nextbike.net/station?id=5367948",
                    "ios": "https://app.nextbike.net/station?id=5367948",
                    "web": "https://nxtb.it/p/5367948"
                },
                "short_name": "3441",
                "station_area": {
                    "coordinates": [
                        [
                            [
                                [
                                    -15.429976,
                                    28.145519
                                ],
                                [
                                    -15.429755,
                                    28.145406
                                ],
                                [
                                    -15.429755,
                                    28.145182
                                ],
                                [
                                    -15.429976,
                                    28.145069
                                ],
                                [
                                    -15.430197,
                                    28.145182
                                ],
                                [
                                    -15.430197,
                                    28.145406
                                ],
                                [
                                    -15.429976,
                                    28.145519
                                ]
                            ]
                        ]
                    ],
                    "type": "MultiPolygon"
                },
                "station_id": "5367948",
                "vehicle_types_available": [
                    {
                        "count": 5,
                        "vehicle_type_id": "15"
                    },
                    {
                        "count": 1,
                        "vehicle_type_id": "196"
                    }
                ]
            },
            "type": "Feature"
        },
        {
            "geometry": {
                "coordinates": [
                    -15.428136,
                    28.140431
                ],
                "type": "Point"
            },
            "properties": {
                "capacity": 10,
                "is_installed": true,
                "is_renting": true,
                "is_returning": true,
                "is_virtual_station": true,
                "last_reported": 1789301628,
                "name": "C.C. El Muelle",
                "num_bikes_available": 15,
                "num_docks_available": 0,
                "region_id": "408",
                "rental_uris": {
                    "android": "https://app.nextbike.net/station?id=5368024",
                    "ios": "https://app.nextbike.net/station?id=5368024",
                    "web": "https://nxtb.it/p/5368024"
                },
                "short_name": "3438",
                "station_area": {
                    "coordinates": [
                        [
                            [
                                [
                                    -15.428136,
                                    28.140656
                                ],
                                [
                                    -15.427915,
                                    28.140543
                                ],
                                [
                                    -15.427915,
                                    28.140319
                                ],
                                [
                                    -15.428136,
                                    28.140206
                                ],
                                [
                                    -15.428357,
                                    28.140319
                                ],
                                [
                                    -15.428357,
                                    28.140543
                                ],
                                [
                                    -15.428136,
                                    28.140656
                                ]
                            ]
                        ]
                    ],
                    "type": "MultiPolygon"
                },
                "station_id": "5368024",
                "vehicle_types_available": [
                    {
                        "count": 4,
                        "vehicle_type_id": "15"
                    },
                    {
                        "count": 11,
                        "vehicle_type_id": "196"
                    }
                ]
            },
            "type": "Feature"
        },
        {
            "geometry": {
                "coordinates": [
                    -15.434906,
                    28.141192
                ],
                "type": "Point"
            },
            "properties": {
                "capacity": 10,
                "is_installed": true,
                "is_renting": true,
                "is_returning": true,
                "is_virtual_station": true,
                "last_reported": 1789301628,
                "name": "Las Canteras - Luis Morote",
                "num_bikes_available": 7,
                "num_docks_available": 3,
                "region_id": "408",
                "rental_uris": {
                    "android": "https://app.nextbike.net/station?id=5368040",
                    "ios": "https://app.nextbike.net/station?id=5368040",
                    "web": "https://nxtb.it/p/5368040"
                },
                "short_name": "3440",
                "station_area": {
                    "coordinates": [
                        [
                            [
                                [
                                    -15.434906,
                                    28.141417
                                ],
                                [
                                    -15.434685,
                                    28.141304
                                ],
                                [
                                    -15.434685,
                                    28.14108
                                ],
                                [
                                    -15.434906,
                                    28.140967
                                ],
                                [
                                    -15.435127,
                                    28.14108
                                ],
                                [
                                    -15.435127,
                                    28.141304
                                ],
                                [
                                    -15.434906,
                                    28.141417
                                ]
                            ]
                        ]
                    ],
                    "type": "MultiPolygon"
                },
                "station_id": "5368040",
                "vehicle_types_available": [
                    {
                        "count": 6,
                        "vehicle_type_id": "196"
                    },
                    {
                        "count": 1,
                        "vehicle_type_id": "15"
                    }
                ]
            },
            "type": "Feature"
        },
        {
            "geometry": {
                "coordinates": [
                    -15.435453,
                    28.137086
                ],
                "type": "Point"
            },
            "properties": {
                "capacity": 15,
                "is_installed": true,
                "is_renting": true,
                "is_returning": true,
                "is_virtual_station": true,
                "last_reported": 1789301628,
                "name": "Plazoleta de Farray",
                "num_bikes_available": 7,
                "num_docks_available": 8,
                "region_id": "408",
                "rental_uris": {
                    "android": "https://app.nextbike.net/station?id=5368062",
                    "ios": "https://app.nextbike.net/station?id=5368062",
                    "web": "https://nxtb.it/p/5368062"
                },
                "short_name": "3430",
                "station_area": {
                    "coordinates": [
                        [
                            [
                                [
                                    -15.435453,
                                    28.137311
                                ],
                                [
                                    -15.435232,
                                    28.137198
                                ],
                                [
                                    -15.435232,
                                    28.136974
                                ],
                                [
                                    -15.435453,
                                    28.136861
                                ],
                                [
                                    -15.435674,
                                    28.136974
                                ],
                                [
                                    -15.435674,
                                    28.137198
                                ],
                                [
                                    -15.435453,
                                    28.137311
                                ]
                            ]
                        ]
                    ],
                    "type": "MultiPolygon"
                },
                "station_id": "5368062",
                "vehicle_types_available": [
                    {
                        "count": 5,
                        "vehicle_type_id": "15"
                    },
                    {
                        "count": 2,
                        "vehicle_type_id": "196"
                    }
                ]
            },
            "type": "Feature"
        },
        {
            "geometry": {
                "coordinates": [
                    -15.429145,
                    28.134773
                ],
                "type": "Point"
            },
            "properties": {
                "capacity": 15,
                "is_installed": true,
                "is_renting": true,
                "is_returning": true,
                "is_virtual_station": true,
                "last_reported": 1789301628,
                "name": "Base Naval",
                "num_bikes_available": 5,
                "num_docks_available": 10,
                "region_id": "408",
                "rental_uris": {
                    "android": "https://app.nextbike.net/station?id=5368096",
                    "ios": "https://app.nextbike.net/station?id=5368096",
                    "web": "https://nxtb.it/p/5368096"
                },
                "short_name": "3425",
                "station_area": {
                    "coordinates": [
                        [
                            [
                                [
                                    -15.429145,
                                    28.134998
                                ],
                                [
                                    -15.428924,
                                    28.134885
                                ],
                                [
                                    -15.428924,
                                    28.134661
                                ],
                                [
                                    -15.429145,
                                    28.134548
                                ],
                                [
                                    -15.429366,
                                    28.134661
                                ],
                                [
                                    -15.429366,
                                    28.134885
                                ],
                                [
                                    -15.429145,
                                    28.134998
                                ]
                            ]
                        ]
                    ],
                    "type": "MultiPolygon"
                },
                "station_id": "5368096",
                "vehicle_types_available": [
                    {
                        "count": 3,
                        "vehicle_type_id": "196"
                    },
                    {
                        "count": 2,
                        "vehicle_type_id": "143"
                    }
                ]
            },
            "type": "Feature"
        },
        {
            "geometry": {
                "coordinates": [
                    -15.432959,
                    28.133145
                ],
                "type": "Point"
            },
            "properties": {
                "capacity": 10,
                "is_installed": true,
                "is_renting": true,
                "is_returning": true,
                "is_virtual_station": true,
                "last_reported": 1789301628,
                "name": "Mercado Central",
                "num_bikes_available": 0,
                "num_docks_available": 10,
                "region_id": "408",
                "rental_uris": {
                    "android": "https://app.nextbike.net/station?id=5368119",
                    "ios": "https://app.nextbike.net/station?id=5368119",
                    "web": "https://nxtb.it/p/5368119"
                },
                "short_name": "3426",
                "station_area": {
                    "coordinates": [
                        [
                            [
                                [
                                    -15.432959,
                                    28.13337
                                ],
                                [
                                    -15.432738,
                                    28.133257
                                ],
                                [
                                    -15.432738,
                                    28.133033
                                ],
                                [
                                    -15.432959,
                                    28.13292
                                ],
                                [
                                    -15.43318,
                                    28.133033
                                ],
                                [
                                    -15.43318,
                                    28.133257
                                ],
                                [
                                    -15.432959,
                                    28.13337
                                ]
                            ]
                        ]
                    ],
                    "type": "MultiPolygon"
                },
                "station_id": "5368119",
                "vehicle_types_available": []
            },
            "type": "Feature"
        },
        {
            "geometry": {
                "coordinates": [
                    -15.435001,
                    28.134802
                ],
                "type": "Point"
            },
            "properties": {
                "capacity": 10,
                "is_installed": true,
                "is_renting": true,
                "is_returning": true,
                "is_virtual_station": true,
                "last_reported": 1789301628,
                "name": "Plaza de Espa\u00f1a",
                "num_bikes_available": 0,
                "num_docks_available": 10,
                "region_id": "408",
                "rental_uris": {
                    "android": "https://app.nextbike.net/station?id=5368139",
                    "ios": "https://app.nextbike.net/station?id=5368139",
                    "web": "https://nxtb.it/p/5368139"
                },
                "short_name": "3427",
                "station_area": {
                    "coordinates": [
                        [
                            [
                                [
                                    -15.435001,
                                    28.135027
                                ],
                                [
                                    -15.43478,
                                    28.134914
                                ],
                                [
                                    -15.43478,
                                    28.13469
                                ],
                                [
                                    -15.435001,
                                    28.134577
                                ],
                                [
                                    -15.435222,
                                    28.13469
                                ],
                                [
                                    -15.435222,
                                    28.134914
                                ],
                                [
                                    -15.435001,
                                    28.135027
                                ]
                            ]
                        ]
                    ],
                    "type": "MultiPolygon"
                },
                "station_id": "5368139",
                "vehicle_types_available": []
            },
            "type": "Feature"
        },
        {
            "geometry": {
                "coordinates": [
                    -15.440694,
                    28.133756
                ],
                "type": "Point"
            },
            "properties": {
                "capacity": 10,
                "is_installed": true,
                "is_renting": true,
                "is_returning": true,
                "is_virtual_station": true,
                "last_reported": 1789301628,
                "name": "Churruca",
                "num_bikes_available": 0,
                "num_docks_available": 9,
                "region_id": "408",
                "rental_uris": {
                    "android": "https://app.nextbike.net/station?id=5368173",
                    "ios": "https://app.nextbike.net/station?id=5368173",
                    "web": "https://nxtb.it/p/5368173"
                },
                "short_name": "3431",
                "station_area": {
                    "coordinates": [
                        [
                            [
                                [
                                    -15.440694,
                                    28.133981
                                ],
                                [
                                    -15.440473,
                                    28.133868
                                ],
                                [
                                    -15.440473,
                                    28.133644
                                ],
                                [
                                    -15.440694,
                                    28.133531
                                ],
                                [
                                    -15.440915,
                                    28.133644
                                ],
                                [
                                    -15.440915,
                                    28.133868
                                ],
                                [
                                    -15.440694,
                                    28.133981
                                ]
                            ]
                        ]
                    ],
                    "type": "MultiPolygon"
                },
                "station_id": "5368173",
                "vehicle_types_available": []
            },
            "type": "Feature"
        },
        {
            "geometry": {
                "coordinates": [
                    -15.43902,
                    28.131093
                ],
                "type": "Point"
            },
            "properties": {
                "capacity": 10,
                "is_installed": true,
                "is_renting": true,
                "is_returning": true,
                "is_virtual_station": true,
                "last_reported": 1789301628,
                "name": "IES Mesa y L\u00f3pez",
                "num_bikes_available": 3,
                "num_docks_available": 7,
                "region_id": "408",
                "rental_uris": {
                    "android": "https://app.nextbike.net/station?id=5368183",
                    "ios": "https://app.nextbike.net/station?id=5368183",
                    "web": "https://nxtb.it/p/5368183"
                },
                "short_name": "3428",
                "station_area": {
                    "coordinates": [
                        [
                            [
                                [
                                    -15.43902,
                                    28.131318
                                ],
                                [
                                    -15.438799,
                                    28.131205
                                ],
                                [
                                    -15.438799,
                                    28.130981
                                ],
                                [
                                    -15.43902,
                                    28.130868
                                ],
                                [
                                    -15.439241,
                                    28.130981
                                ],
                                [
                                    -15.439241,
                                    28.131205
                                ],
                                [
                                    -15.43902,
                                    28.131318
                                ]
                            ]
                        ]
                    ],
                    "type": "MultiPolygon"
                },
                "station_id": "5368183",
                "vehicle_types_available": [
                    {
                        "count": 2,
                        "vehicle_type_id": "196"
                    },
                    {
                        "count": 1,
                        "vehicle_type_id": "15"
                    }
                ]
            },
            "type": "Feature"
        },
        {
            "geometry": {
                "coordinates": [
                    -15.429732,
                    28.129035
                ],
                "type": "Point"
            },
            "properties": {
                "capacity": 10,
                "is_installed": true,
                "is_renting": true,
                "is_returning": true,
                "is_virtual_station": true,
                "last_reported": 1789301628,
                "name": "Torre Las Palmas",
                "num_bikes_available": 4,
                "num_docks_available": 6,
                "region_id": "408",
                "rental_uris": {
                    "android": "https://app.nextbike.net/station?id=5368195",
                    "ios": "https://app.nextbike.net/station?id=5368195",
                    "web": "https://nxtb.it/p/5368195"
                },
                "short_name": "3423",
                "station_area": {
                    "coordinates": [
                        [
                            [
                                [
                                    -15.429732,
                                    28.12926
                                ],
                                [
                                    -15.429511,
                                    28.129147
                                ],
                                [
                                    -15.429511,
                                    28.128923
                                ],
                                [
                                    -15.429732,
                                    28.12881
                                ],
                                [
                                    -15.429953,
                                    28.128923
                                ],
                                [
                                    -15.429953,
                                    28.129147
                                ],
                                [
                                    -15.429732,
                                    28.12926
                                ]
                            ]
                        ]
                    ],
                    "type": "MultiPolygon"
                },
                "station_id": "5368195",
                "vehicle_types_available": [
                    {
                        "count": 1,
                        "vehicle_type_id": "15"
                    },
                    {
                        "count": 3,
                        "vehicle_type_id": "196"
                    }
                ]
            },
            "type": "Feature"
        },
        {
            "geometry": {
                "coordinates": [
                    -15.43314,
                    28.128334
                ],
                "type": "Point"
            },
            "properties": {
                "capacity": 10,
                "is_installed": true,
                "is_renting": true,
                "is_returning": true,
                "is_virtual_station": true,
                "last_reported": 1789301628,
                "name": "Parque del Estadio Insular",
                "num_bikes_available": 10,
                "num_docks_available": 0,
                "region_id": "408",
                "rental_uris": {
                    "android": "https://app.nextbike.net/station?id=5368239",
                    "ios": "https://app.nextbike.net/station?id=5368239",
                    "web": "https://nxtb.it/p/5368239"
                },
                "short_name": "3424",
                "station_area": {
                    "coordinates": [
                        [
                            [
                                [
                                    -15.43314,
                                    28.128559
                                ],
                                [
                                    -15.432919,
                                    28.128446
                                ],
                                [
                                    -15.432919,
                                    28.128222
                                ],
                                [
                                    -15.43314,
                                    28.128109
                                ],
                                [
                                    -15.433361,
                                    28.128222
                                ],
                                [
                                    -15.433361,
                                    28.128446
                                ],
                                [
                                    -15.43314,
                                    28.128559
                                ]
                            ]
                        ]
                    ],
                    "type": "MultiPolygon"
                },
                "station_id": "5368239",
                "vehicle_types_available": [
                    {
                        "count": 6,
                        "vehicle_type_id": "196"
                    },
                    {
                        "count": 4,
                        "vehicle_type_id": "15"
                    }
                ]
            },
            "type": "Feature"
        },
        {
            "geometry": {
                "coordinates": [
                    -15.441225,
                    28.129631
                ],
                "type": "Point"
            },
            "properties": {
                "capacity": 10,
                "is_installed": true,
                "is_renting": true,
                "is_returning": true,
                "is_virtual_station": true,
                "last_reported": 1789301628,
                "name": "Plaza de Am\u00e9rica",
                "num_bikes_available": 5,
                "num_docks_available": 5,
                "region_id": "408",
                "rental_uris": {
                    "android": "https://app.nextbike.net/station?id=5368254",
                    "ios": "https://app.nextbike.net/station?id=5368254",
                    "web": "https://nxtb.it/p/5368254"
                },
                "short_name": "3429",
                "station_area": {
                    "coordinates": [
                        [
                            [
                                [
                                    -15.441225,
                                    28.129856
                                ],
                                [
                                    -15.441004,
                                    28.129743
                                ],
                                [
                                    -15.441004,
                                    28.129519
                                ],
                                [
                                    -15.441225,
                                    28.129406
                                ],
                                [
                                    -15.441446,
                                    28.129519
                                ],
                                [
                                    -15.441446,
                                    28.129743
                                ],
                                [
                                    -15.441225,
                                    28.129856
                                ]
                            ]
                        ]
                    ],
                    "type": "MultiPolygon"
                },
                "station_id": "5368254",
                "vehicle_types_available": [
                    {
                        "count": 4,
                        "vehicle_type_id": "196"
                    },
                    {
                        "count": 1,
                        "vehicle_type_id": "15"
                    }
                ]
            },
            "type": "Feature"
        },
        {
            "geometry": {
                "coordinates": [
                    -15.445243,
                    28.12983
                ],
                "type": "Point"
            },
            "properties": {
                "capacity": 10,
                "is_installed": true,
                "is_renting": true,
                "is_returning": true,
                "is_virtual_station": true,
                "last_reported": 1789301628,
                "name": "Plaza del Pilar",
                "num_bikes_available": 0,
                "num_docks_available": 10,
                "region_id": "408",
                "rental_uris": {
                    "android": "https://app.nextbike.net/station?id=5368274",
                    "ios": "https://app.nextbike.net/station?id=5368274",
                    "web": "https://nxtb.it/p/5368274"
                },
                "short_name": "3432",
                "station_area": {
                    "coordinates": [
                        [
                            [
                                [
                                    -15.445243,
                                    28.130055
                                ],
                                [
                                    -15.445022,
                                    28.129942
                                ],
                                [
                                    -15.445022,
                                    28.129718
                                ],
                                [
                                    -15.445243,
                                    28.129605
                                ],
                                [
                                    -15.445464,
                                    28.129718
                                ],
                                [
                                    -15.445464,
                                    28.129942
                                ],
                                [
                                    -15.445243,
                                    28.130055
                                ]
                            ]
                        ]
                    ],
                    "type": "MultiPolygon"
                },
                "station_id": "5368274",
                "vehicle_types_available": []
            },
            "type": "Feature"
        },
        {
            "geometry": {
                "coordinates": [
                    -15.451251,
                    28.128131
                ],
                "type": "Point"
            },
            "properties": {
                "capacity": 10,
                "is_installed": true,
                "is_renting": true,
                "is_returning": true,
                "is_virtual_station": true,
                "last_reported": 1789301628,
                "name": "Intermodal El Rinc\u00f3n",
                "num_bikes_available": 8,
                "num_docks_available": 2,
                "region_id": "408",
                "rental_uris": {
                    "android": "https://app.nextbike.net/station?id=5368285",
                    "ios": "https://app.nextbike.net/station?id=5368285",
                    "web": "https://nxtb.it/p/5368285"
                },
                "short_name": "3433",
                "station_area": {
                    "coordinates": [
                        [
                            [
                                [
                                    -15.451251,
                                    28.128356
                                ],
                                [
                                    -15.45103,
                                    28.128243
                                ],
                                [
                                    -15.45103,
                                    28.128019
                                ],
                                [
                                    -15.451251,
                                    28.127906
                                ],
                                [
                                    -15.451472,
                                    28.128019
                                ],
                                [
                                    -15.451472,
                                    28.128243
                                ],
                                [
                                    -15.451251,
                                    28.128356
                                ]
                            ]
                        ]
                    ],
                    "type": "MultiPolygon"
                },
                "station_id": "5368285",
                "vehicle_types_available": [
                    {
                        "count": 1,
                        "vehicle_type_id": "15"
                    },
                    {
                        "count": 4,
                        "vehicle_type_id": "196"
                    },
                    {
                        "count": 3,
                        "vehicle_type_id": "143"
                    }
                ]
            },
            "type": "Feature"
        },
        {
            "geometry": {
                "coordinates": [
                    -15.438457,
                    28.125889
                ],
                "type": "Point"
            },
            "properties": {
                "capacity": 10,
                "is_installed": true,
                "is_renting": true,
                "is_returning": true,
                "is_virtual_station": true,
                "last_reported": 1789301628,
                "name": "C.C. La Minilla",
                "num_bikes_available": 9,
                "num_docks_available": 1,
                "region_id": "408",
                "rental_uris": {
                    "android": "https://app.nextbike.net/station?id=5368307",
                    "ios": "https://app.nextbike.net/station?id=5368307",
                    "web": "https://nxtb.it/p/5368307"
                },
                "short_name": "3434",
                "station_area": {
                    "coordinates": [
                        [
                            [
                                [
                                    -15.438457,
                                    28.126114
                                ],
                                [
                                    -15.438236,
                                    28.126001
                                ],
                                [
                                    -15.438236,
                                    28.125777
                                ],
                                [
                                    -15.438457,
                                    28.125664
                                ],
                                [
                                    -15.438678,
                                    28.125777
                                ],
                                [
                                    -15.438678,
                                    28.126001
                                ],
                                [
                                    -15.438457,
                                    28.126114
                                ]
                            ]
                        ]
                    ],
                    "type": "MultiPolygon"
                },
                "station_id": "5368307",
                "vehicle_types_available": [
                    {
                        "count": 6,
                        "vehicle_type_id": "15"
                    },
                    {
                        "count": 3,
                        "vehicle_type_id": "196"
                    }
                ]
            },
            "type": "Feature"
        },
        {
            "geometry": {
                "coordinates": [
                    -15.43453,
                    28.125444
                ],
                "type": "Point"
            },
            "properties": {
                "capacity": 10,
                "is_installed": true,
                "is_renting": true,
                "is_returning": true,
                "is_virtual_station": true,
                "last_reported": 1789301628,
                "name": "Paseo de Chil - Av. Escaleritas",
                "num_bikes_available": 8,
                "num_docks_available": 2,
                "region_id": "408",
                "rental_uris": {
                    "android": "https://app.nextbike.net/station?id=5368315",
                    "ios": "https://app.nextbike.net/station?id=5368315",
                    "web": "https://nxtb.it/p/5368315"
                },
                "short_name": "3422",
                "station_area": {
                    "coordinates": [
                        [
                            [
                                [
                                    -15.43453,
                                    28.125669
                                ],
                                [
                                    -15.434309,
                                    28.125556
                                ],
                                [
                                    -15.434309,
                                    28.125332
                                ],
                                [
                                    -15.43453,
                                    28.125219
                                ],
                                [
                                    -15.434751,
                                    28.125332
                                ],
                                [
                                    -15.434751,
                                    28.125556
                                ],
                                [
                                    -15.43453,
                                    28.125669
                                ]
                            ]
                        ]
                    ],
                    "type": "MultiPolygon"
                },
                "station_id": "5368315",
                "vehicle_types_available": [
                    {
                        "count": 6,
                        "vehicle_type_id": "15"
                    },
                    {
                        "count": 2,
                        "vehicle_type_id": "196"
                    }
                ]
            },
            "type": "Feature"
        },
        {
            "geometry": {
                "coordinates": [
                    -15.428603,
                    28.12481
                ],
                "type": "Point"
            },
            "properties": {
                "capacity": 10,
                "is_installed": true,
                "is_renting": true,
                "is_returning": true,
                "is_virtual_station": true,
                "last_reported": 1789301628,
                "name": "Ayuntamiento",
                "num_bikes_available": 2,
                "num_docks_available": 8,
                "region_id": "408",
                "rental_uris": {
                    "android": "https://app.nextbike.net/station?id=5368329",
                    "ios": "https://app.nextbike.net/station?id=5368329",
                    "web": "https://nxtb.it/p/5368329"
                },
                "short_name": "3421",
                "station_area": {
                    "coordinates": [
                        [
                            [
                                [
                                    -15.428603,
                                    28.125035
                                ],
                                [
                                    -15.428382,
                                    28.124922
                                ],
                                [
                                    -15.428382,
                                    28.124698
                                ],
                                [
                                    -15.428603,
                                    28.124585
                                ],
                                [
                                    -15.428824,
                                    28.124698
                                ],
                                [
                                    -15.428824,
                                    28.124922
                                ],
                                [
                                    -15.428603,
                                    28.125035
                                ]
                            ]
                        ]
                    ],
                    "type": "MultiPolygon"
                },
                "station_id": "5368329",
                "vehicle_types_available": [
                    {
                        "count": 1,
                        "vehicle_type_id": "196"
                    },
                    {
                        "count": 1,
                        "vehicle_type_id": "143"
                    }
                ]
            },
            "type": "Feature"
        },
        {
            "geometry": {
                "coordinates": [
                    -15.429922,
                    28.121674
                ],
                "type": "Point"
            },
            "properties": {
                "capacity": 8,
                "is_installed": true,
                "is_renting": true,
                "is_returning": true,
                "is_virtual_station": true,
                "last_reported": 1789301628,
                "name": "Piscina Julio Navarro",
                "num_bikes_available": 7,
                "num_docks_available": 1,
                "region_id": "408",
                "rental_uris": {
                    "android": "https://app.nextbike.net/station?id=5368337",
                    "ios": "https://app.nextbike.net/station?id=5368337",
                    "web": "https://nxtb.it/p/5368337"
                },
                "short_name": "3420",
                "station_area": {
                    "coordinates": [
                        [
                            [
                                [
                                    -15.429922,
                                    28.121899
                                ],
                                [
                                    -15.429701,
                                    28.121786
                                ],
                                [
                                    -15.429701,
                                    28.121562
                                ],
                                [
                                    -15.429922,
                                    28.121449
                                ],
                                [
                                    -15.430143,
                                    28.121562
                                ],
                                [
                                    -15.430143,
                                    28.121786
                                ],
                                [
                                    -15.429922,
                                    28.121899
                                ]
                            ]
                        ]
                    ],
                    "type": "MultiPolygon"
                },
                "station_id": "5368337",
                "vehicle_types_available": [
                    {
                        "count": 4,
                        "vehicle_type_id": "196"
                    },
                    {
                        "count": 2,
                        "vehicle_type_id": "15"
                    },
                    {
                        "count": 1,
                        "vehicle_type_id": "143"
                    }
                ]
            },
            "type": "Feature"
        },
        {
            "geometry": {
                "coordinates": [
                    -15.424928,
                    28.118783
                ],
                "type": "Point"
            },
            "properties": {
                "capacity": 15,
                "is_installed": true,
                "is_renting": true,
                "is_returning": true,
                "is_virtual_station": true,
                "last_reported": 1789301628,
                "name": "Plaza O'Shanahan",
                "num_bikes_available": 9,
                "num_docks_available": 6,
                "region_id": "408",
                "rental_uris": {
                    "android": "https://app.nextbike.net/station?id=5368346",
                    "ios": "https://app.nextbike.net/station?id=5368346",
                    "web": "https://nxtb.it/p/5368346"
                },
                "short_name": "3416",
                "station_area": {
                    "coordinates": [
                        [
                            [
                                [
                                    -15.424928,
                                    28.119008
                                ],
                                [
                                    -15.424707,
                                    28.118895
                                ],
                                [
                                    -15.424707,
                                    28.118671
                                ],
                                [
                                    -15.424928,
                                    28.118558
                                ],
                                [
                                    -15.425149,
                                    28.118671
                                ],
                                [
                                    -15.425149,
                                    28.118895
                                ],
                                [
                                    -15.424928,
                                    28.119008
                                ]
                            ]
                        ]
                    ],
                    "type": "MultiPolygon"
                },
                "station_id": "5368346",
                "vehicle_types_available": [
                    {
                        "count": 5,
                        "vehicle_type_id": "15"
                    },
                    {
                        "count": 4,
                        "vehicle_type_id": "196"
                    }
                ]
            },
            "type": "Feature"
        },
        {
            "geometry": {
                "coordinates": [
                    -15.422591,
                    28.116731
                ],
                "type": "Point"
            },
            "properties": {
                "capacity": 10,
                "is_installed": true,
                "is_renting": true,
                "is_returning": true,
                "is_virtual_station": true,
                "last_reported": 1789301628,
                "name": "Le\u00f3n y Castillo",
                "num_bikes_available": 1,
                "num_docks_available": 9,
                "region_id": "408",
                "rental_uris": {
                    "android": "https://app.nextbike.net/station?id=5368356",
                    "ios": "https://app.nextbike.net/station?id=5368356",
                    "web": "https://nxtb.it/p/5368356"
                },
                "short_name": "3414",
                "station_area": {
                    "coordinates": [
                        [
                            [
                                [
                                    -15.422591,
                                    28.116956
                                ],
                                [
                                    -15.42237,
                                    28.116843
                                ],
                                [
                                    -15.42237,
                                    28.116619
                                ],
                                [
                                    -15.422591,
                                    28.116506
                                ],
                                [
                                    -15.422812,
                                    28.116619
                                ],
                                [
                                    -15.422812,
                                    28.116843
                                ],
                                [
                                    -15.422591,
                                    28.116956
                                ]
                            ]
                        ]
                    ],
                    "type": "MultiPolygon"
                },
                "station_id": "5368356",
                "vehicle_types_available": [
                    {
                        "count": 1,
                        "vehicle_type_id": "15"
                    }
                ]
            },
            "type": "Feature"
        },
        {
            "geometry": {
                "coordinates": [
                    -15.422879,
                    28.112637
                ],
                "type": "Point"
            },
            "properties": {
                "capacity": 10,
                "is_installed": true,
                "is_renting": true,
                "is_returning": true,
                "is_virtual_station": true,
                "last_reported": 1789301628,
                "name": "Obelisco",
                "num_bikes_available": 4,
                "num_docks_available": 6,
                "region_id": "408",
                "rental_uris": {
                    "android": "https://app.nextbike.net/station?id=5368416",
                    "ios": "https://app.nextbike.net/station?id=5368416",
                    "web": "https://nxtb.it/p/5368416"
                },
                "short_name": "3413",
                "station_area": {
                    "coordinates": [
                        [
                            [
                                [
                                    -15.422879,
                                    28.112862
                                ],
                                [
                                    -15.422658,
                                    28.112749
                                ],
                                [
                                    -15.422658,
                                    28.112525
                                ],
                                [
                                    -15.422879,
                                    28.112412
                                ],
                                [
                                    -15.4231,
                                    28.112525
                                ],
                                [
                                    -15.4231,
                                    28.112749
                                ],
                                [
                                    -15.422879,
                                    28.112862
                                ]
                            ]
                        ]
                    ],
                    "type": "MultiPolygon"
                },
                "station_id": "5368416",
                "vehicle_types_available": [
                    {
                        "count": 3,
                        "vehicle_type_id": "15"
                    },
                    {
                        "count": 1,
                        "vehicle_type_id": "196"
                    }
                ]
            },
            "type": "Feature"
        },
        {
            "geometry": {
                "coordinates": [
                    -15.429649,
                    28.119242
                ],
                "type": "Point"
            },
            "properties": {
                "capacity": 10,
                "is_installed": true,
                "is_renting": true,
                "is_returning": true,
                "is_virtual_station": true,
                "last_reported": 1789301628,
                "name": "Barranquillo Don Zoilo",
                "num_bikes_available": 9,
                "num_docks_available": 1,
                "region_id": "408",
                "rental_uris": {
                    "android": "https://app.nextbike.net/station?id=5368425",
                    "ios": "https://app.nextbike.net/station?id=5368425",
                    "web": "https://nxtb.it/p/5368425"
                },
                "short_name": "3418",
                "station_area": {
                    "coordinates": [
                        [
                            [
                                [
                                    -15.429649,
                                    28.119467
                                ],
                                [
                                    -15.429428,
                                    28.119354
                                ],
                                [
                                    -15.429428,
                                    28.11913
                                ],
                                [
                                    -15.429649,
                                    28.119017
                                ],
                                [
                                    -15.42987,
                                    28.11913
                                ],
                                [
                                    -15.42987,
                                    28.119354
                                ],
                                [
                                    -15.429649,
                                    28.119467
                                ]
                            ]
                        ]
                    ],
                    "type": "MultiPolygon"
                },
                "station_id": "5368425",
                "vehicle_types_available": [
                    {
                        "count": 7,
                        "vehicle_type_id": "15"
                    },
                    {
                        "count": 2,
                        "vehicle_type_id": "196"
                    }
                ]
            },
            "type": "Feature"
        },
        {
            "geometry": {
                "coordinates": [
                    -15.433844,
                    28.112305
                ],
                "type": "Point"
            },
            "properties": {
                "capacity": 5,
                "is_installed": true,
                "is_renting": true,
                "is_returning": true,
                "is_virtual_station": false,
                "last_reported": 1789301628,
                "name": "Can\u00f3dromo (el\u00e9c.)",
                "num_bikes_available": 5,
                "num_docks_available": 0,
                "region_id": "408",
                "rental_uris": {
                    "android": "https://app.nextbike.net/station?id=5368431",
                    "ios": "https://app.nextbike.net/station?id=5368431",
                    "web": "https://nxtb.it/p/5368431"
                },
                "short_name": "3435",
                "station_id": "5368431",
                "vehicle_types_available": [
                    {
                        "count": 5,
                        "vehicle_type_id": "143"
                    }
                ]
            },
            "type": "Feature"
        },
        {
            "geometry": {
                "coordinates": [
                    -15.417311,
                    28.108331
                ],
                "type": "Point"
            },
            "properties": {
                "capacity": 15,
                "is_installed": true,
                "is_renting": true,
                "is_returning": true,
                "is_virtual_station": true,
                "last_reported": 1789301628,
                "name": "San Telmo",
                "num_bikes_available": 4,
                "num_docks_available": 11,
                "region_id": "408",
                "rental_uris": {
                    "android": "https://app.nextbike.net/station?id=5368453",
                    "ios": "https://app.nextbike.net/station?id=5368453",
                    "web": "https://nxtb.it/p/5368453"
                },
                "short_name": "3410",
                "station_area": {
                    "coordinates": [
                        [
                            [
                                [
                                    -15.417311,
                                    28.108556
                                ],
                                [
                                    -15.41709,
                                    28.108443
                                ],
                                [
                                    -15.41709,
                                    28.108219
                                ],
                                [
                                    -15.417311,
                                    28.108106
                                ],
                                [
                                    -15.417532,
                                    28.108219
                                ],
                                [
                                    -15.417532,
                                    28.108443
                                ],
                                [
                                    -15.417311,
                                    28.108556
                                ]
                            ]
                        ]
                    ],
                    "type": "MultiPolygon"
                },
                "station_id": "5368453",
                "vehicle_types_available": [
                    {
                        "count": 3,
                        "vehicle_type_id": "15"
                    },
                    {
                        "count": 1,
                        "vehicle_type_id": "196"
                    }
                ]
            },
            "type": "Feature"
        },
        {
            "geometry": {
                "coordinates": [
                    -15.42062,
                    28.108373
                ],
                "type": "Point"
            },
            "properties": {
                "capacity": 10,
                "is_installed": true,
                "is_renting": true,
                "is_returning": true,
                "is_virtual_station": true,
                "last_reported": 1789301628,
                "name": "Cabildo de Gran Canaria",
                "num_bikes_available": 5,
                "num_docks_available": 5,
                "region_id": "408",
                "rental_uris": {
                    "android": "https://app.nextbike.net/station?id=5368474",
                    "ios": "https://app.nextbike.net/station?id=5368474",
                    "web": "https://nxtb.it/p/5368474"
                },
                "short_name": "3411",
                "station_area": {
                    "coordinates": [
                        [
                            [
                                [
                                    -15.42062,
                                    28.108598
                                ],
                                [
                                    -15.420399,
                                    28.108485
                                ],
                                [
                                    -15.420399,
                                    28.108261
                                ],
                                [
                                    -15.42062,
                                    28.108148
                                ],
                                [
                                    -15.420841,
                                    28.108261
                                ],
                                [
                                    -15.420841,
                                    28.108485
                                ],
                                [
                                    -15.42062,
                                    28.108598
                                ]
                            ]
                        ]
                    ],
                    "type": "MultiPolygon"
                },
                "station_id": "5368474",
                "vehicle_types_available": [
                    {
                        "count": 4,
                        "vehicle_type_id": "15"
                    },
                    {
                        "count": 1,
                        "vehicle_type_id": "196"
                    }
                ]
            },
            "type": "Feature"
        },
        {
            "geometry": {
                "coordinates": [
                    -15.419129,
                    28.104777
                ],
                "type": "Point"
            },
            "properties": {
                "capacity": 10,
                "is_installed": true,
                "is_renting": true,
                "is_returning": true,
                "is_virtual_station": true,
                "last_reported": 1789301628,
                "name": "San Bernardo",
                "num_bikes_available": 4,
                "num_docks_available": 6,
                "region_id": "408",
                "rental_uris": {
                    "android": "https://app.nextbike.net/station?id=5368493",
                    "ios": "https://app.nextbike.net/station?id=5368493",
                    "web": "https://nxtb.it/p/5368493"
                },
                "short_name": "3408",
                "station_area": {
                    "coordinates": [
                        [
                            [
                                [
                                    -15.419129,
                                    28.105002
                                ],
                                [
                                    -15.418908,
                                    28.104889
                                ],
                                [
                                    -15.418908,
                                    28.104665
                                ],
                                [
                                    -15.419129,
                                    28.104552
                                ],
                                [
                                    -15.41935,
                                    28.104665
                                ],
                                [
                                    -15.41935,
                                    28.104889
                                ],
                                [
                                    -15.419129,
                                    28.105002
                                ]
                            ]
                        ]
                    ],
                    "type": "MultiPolygon"
                },
                "station_id": "5368493",
                "vehicle_types_available": [
                    {
                        "count": 3,
                        "vehicle_type_id": "196"
                    },
                    {
                        "count": 1,
                        "vehicle_type_id": "143"
                    }
                ]
            },
            "type": "Feature"
        },
        {
            "geometry": {
                "coordinates": [
                    -15.414848,
                    28.104247
                ],
                "type": "Point"
            },
            "properties": {
                "capacity": 10,
                "is_installed": true,
                "is_renting": true,
                "is_returning": true,
                "is_virtual_station": true,
                "last_reported": 1789301628,
                "name": "Teatro P\u00e9rez Gald\u00f3s",
                "num_bikes_available": 6,
                "num_docks_available": 4,
                "region_id": "408",
                "rental_uris": {
                    "android": "https://app.nextbike.net/station?id=5368507",
                    "ios": "https://app.nextbike.net/station?id=5368507",
                    "web": "https://nxtb.it/p/5368507"
                },
                "short_name": "3409",
                "station_area": {
                    "coordinates": [
                        [
                            [
                                [
                                    -15.414848,
                                    28.104472
                                ],
                                [
                                    -15.414627,
                                    28.104359
                                ],
                                [
                                    -15.414627,
                                    28.104135
                                ],
                                [
                                    -15.414848,
                                    28.104022
                                ],
                                [
                                    -15.415069,
                                    28.104135
                                ],
                                [
                                    -15.415069,
                                    28.104359
                                ],
                                [
                                    -15.414848,
                                    28.104472
                                ]
                            ]
                        ]
                    ],
                    "type": "MultiPolygon"
                },
                "station_id": "5368507",
                "vehicle_types_available": [
                    {
                        "count": 3,
                        "vehicle_type_id": "196"
                    },
                    {
                        "count": 2,
                        "vehicle_type_id": "15"
                    },
                    {
                        "count": 1,
                        "vehicle_type_id": "143"
                    }
                ]
            },
            "type": "Feature"
        },
        {
            "geometry": {
                "coordinates": [
                    -15.416366,
                    28.102634
                ],
                "type": "Point"
            },
            "properties": {
                "capacity": 10,
                "is_installed": true,
                "is_renting": true,
                "is_returning": true,
                "is_virtual_station": true,
                "last_reported": 1789301628,
                "name": "Gabinete Literario",
                "num_bikes_available": 4,
                "num_docks_available": 6,
                "region_id": "408",
                "rental_uris": {
                    "android": "https://app.nextbike.net/station?id=5368515",
                    "ios": "https://app.nextbike.net/station?id=5368515",
                    "web": "https://nxtb.it/p/5368515"
                },
                "short_name": "3407",
                "station_area": {
                    "coordinates": [
                        [
                            [
                                [
                                    -15.416366,
                                    28.102859
                                ],
                                [
                                    -15.416145,
                                    28.102746
                                ],
                                [
                                    -15.416145,
                                    28.102522
                                ],
                                [
                                    -15.416366,
                                    28.102409
                                ],
                                [
                                    -15.416587,
                                    28.102522
                                ],
                                [
                                    -15.416587,
                                    28.102746
                                ],
                                [
                                    -15.416366,
                                    28.102859
                                ]
                            ]
                        ]
                    ],
                    "type": "MultiPolygon"
                },
                "station_id": "5368515",
                "vehicle_types_available": [
                    {
                        "count": 4,
                        "vehicle_type_id": "196"
                    }
                ]
            },
            "type": "Feature"
        },
        {
            "geometry": {
                "coordinates": [
                    -15.412944,
                    28.099605
                ],
                "type": "Point"
            },
            "properties": {
                "capacity": 10,
                "is_installed": true,
                "is_renting": true,
                "is_returning": true,
                "is_virtual_station": true,
                "last_reported": 1789301628,
                "name": "Plaza San Agust\u00edn",
                "num_bikes_available": 8,
                "num_docks_available": 2,
                "region_id": "408",
                "rental_uris": {
                    "android": "https://app.nextbike.net/station?id=5368620",
                    "ios": "https://app.nextbike.net/station?id=5368620",
                    "web": "https://nxtb.it/p/5368620"
                },
                "short_name": "3405",
                "station_area": {
                    "coordinates": [
                        [
                            [
                                [
                                    -15.412944,
                                    28.09983
                                ],
                                [
                                    -15.412723,
                                    28.099717
                                ],
                                [
                                    -15.412723,
                                    28.099493
                                ],
                                [
                                    -15.412944,
                                    28.09938
                                ],
                                [
                                    -15.413165,
                                    28.099493
                                ],
                                [
                                    -15.413165,
                                    28.099717
                                ],
                                [
                                    -15.412944,
                                    28.09983
                                ]
                            ]
                        ]
                    ],
                    "type": "MultiPolygon"
                },
                "station_id": "5368620",
                "vehicle_types_available": [
                    {
                        "count": 7,
                        "vehicle_type_id": "196"
                    },
                    {
                        "count": 1,
                        "vehicle_type_id": "15"
                    }
                ]
            },
            "type": "Feature"
        },
        {
            "geometry": {
                "coordinates": [
                    -15.416848,
                    28.086604
                ],
                "type": "Point"
            },
            "properties": {
                "capacity": 10,
                "is_installed": true,
                "is_renting": true,
                "is_returning": true,
                "is_virtual_station": true,
                "last_reported": 1789301628,
                "name": "San Crist\u00f3bal",
                "num_bikes_available": 9,
                "num_docks_available": 1,
                "region_id": "408",
                "rental_uris": {
                    "android": "https://app.nextbike.net/station?id=5368627",
                    "ios": "https://app.nextbike.net/station?id=5368627",
                    "web": "https://nxtb.it/p/5368627"
                },
                "short_name": "3403",
                "station_area": {
                    "coordinates": [
                        [
                            [
                                [
                                    -15.416848,
                                    28.086829
                                ],
                                [
                                    -15.416627,
                                    28.086716
                                ],
                                [
                                    -15.416627,
                                    28.086492
                                ],
                                [
                                    -15.416848,
                                    28.086379
                                ],
                                [
                                    -15.417069,
                                    28.086492
                                ],
                                [
                                    -15.417069,
                                    28.086716
                                ],
                                [
                                    -15.416848,
                                    28.086829
                                ]
                            ]
                        ]
                    ],
                    "type": "MultiPolygon"
                },
                "station_id": "5368627",
                "vehicle_types_available": [
                    {
                        "count": 2,
                        "vehicle_type_id": "15"
                    },
                    {
                        "count": 6,
                        "vehicle_type_id": "196"
                    },
                    {
                        "count": 1,
                        "vehicle_type_id": "143"
                    }
                ]
            },
            "type": "Feature"
        },
        {
            "geometry": {
                "coordinates": [
                    -15.418947,
                    28.084774
                ],
                "type": "Point"
            },
            "properties": {
                "capacity": 7,
                "is_installed": true,
                "is_renting": true,
                "is_returning": true,
                "is_virtual_station": true,
                "last_reported": 1789301628,
                "name": "Villa de Zarauz",
                "num_bikes_available": 1,
                "num_docks_available": 6,
                "region_id": "408",
                "rental_uris": {
                    "android": "https://app.nextbike.net/station?id=5368751",
                    "ios": "https://app.nextbike.net/station?id=5368751",
                    "web": "https://nxtb.it/p/5368751"
                },
                "short_name": "3402",
                "station_area": {
                    "coordinates": [
                        [
                            [
                                [
                                    -15.418947,
                                    28.084999
                                ],
                                [
                                    -15.418726,
                                    28.084886
                                ],
                                [
                                    -15.418726,
                                    28.084662
                                ],
                                [
                                    -15.418947,
                                    28.084549
                                ],
                                [
                                    -15.419168,
                                    28.084662
                                ],
                                [
                                    -15.419168,
                                    28.084886
                                ],
                                [
                                    -15.418947,
                                    28.084999
                                ]
                            ]
                        ]
                    ],
                    "type": "MultiPolygon"
                },
                "station_id": "5368751",
                "vehicle_types_available": [
                    {
                        "count": 1,
                        "vehicle_type_id": "15"
                    }
                ]
            },
            "type": "Feature"
        },
        {
            "geometry": {
                "coordinates": [
                    -15.417847,
                    28.078862
                ],
                "type": "Point"
            },
            "properties": {
                "capacity": 6,
                "is_installed": true,
                "is_renting": true,
                "is_returning": true,
                "is_virtual_station": true,
                "last_reported": 1789301628,
                "name": "Ciudad Deportiva",
                "num_bikes_available": 1,
                "num_docks_available": 5,
                "region_id": "408",
                "rental_uris": {
                    "android": "https://app.nextbike.net/station?id=5368760",
                    "ios": "https://app.nextbike.net/station?id=5368760",
                    "web": "https://nxtb.it/p/5368760"
                },
                "short_name": "3401",
                "station_area": {
                    "coordinates": [
                        [
                            [
                                [
                                    -15.417847,
                                    28.079087
                                ],
                                [
                                    -15.417626,
                                    28.078974
                                ],
                                [
                                    -15.417626,
                                    28.07875
                                ],
                                [
                                    -15.417847,
                                    28.078637
                                ],
                                [
                                    -15.418068,
                                    28.07875
                                ],
                                [
                                    -15.418068,
                                    28.078974
                                ],
                                [
                                    -15.417847,
                                    28.079087
                                ]
                            ]
                        ]
                    ],
                    "type": "MultiPolygon"
                },
                "station_id": "5368760",
                "vehicle_types_available": [
                    {
                        "count": 1,
                        "vehicle_type_id": "196"
                    }
                ]
            },
            "type": "Feature"
        },
        {
            "geometry": {
                "coordinates": [
                    -15.45786,
                    28.098876
                ],
                "type": "Point"
            },
            "properties": {
                "capacity": 10,
                "is_installed": true,
                "is_renting": true,
                "is_returning": true,
                "is_virtual_station": false,
                "last_reported": 1789301628,
                "name": "Estadio G.C. (el\u00e9c.)",
                "num_bikes_available": 7,
                "num_docks_available": 4,
                "region_id": "408",
                "rental_uris": {
                    "android": "https://app.nextbike.net/station?id=577953402",
                    "ios": "https://app.nextbike.net/station?id=577953402",
                    "web": "https://nxtb.it/p/577953402"
                },
                "short_name": "3459",
                "station_id": "577953402",
                "vehicle_types_available": [
                    {
                        "count": 7,
                        "vehicle_type_id": "143"
                    }
                ]
            },
            "type": "Feature"
        },
        {
            "geometry": {
                "coordinates": [
                    -15.45462,
                    28.094807
                ],
                "type": "Point"
            },
            "properties": {
                "capacity": 10,
                "is_installed": true,
                "is_renting": true,
                "is_returning": true,
                "is_virtual_station": false,
                "last_reported": 1789301628,
                "name": "Mart\u00edn Chirino (el\u00e9c.)",
                "num_bikes_available": 3,
                "num_docks_available": 7,
                "region_id": "408",
                "rental_uris": {
                    "android": "https://app.nextbike.net/station?id=596978445",
                    "ios": "https://app.nextbike.net/station?id=596978445",
                    "web": "https://nxtb.it/p/596978445"
                },
                "short_name": "3475",
                "station_id": "596978445",
                "vehicle_types_available": [
                    {
                        "count": 3,
                        "vehicle_type_id": "143"
                    }
                ]
            },
            "type": "Feature"
        },
        {
            "geometry": {
                "coordinates": [
                    -15.421658,
                    28.156534
                ],
                "type": "Point"
            },
            "properties": {
                "capacity": 7,
                "is_installed": true,
                "is_renting": true,
                "is_returning": true,
                "is_virtual_station": false,
                "last_reported": 1789301628,
                "name": "El Sebadal (el\u00e9c.)",
                "num_bikes_available": 7,
                "num_docks_available": 3,
                "region_id": "408",
                "rental_uris": {
                    "android": "https://app.nextbike.net/station?id=61012452",
                    "ios": "https://app.nextbike.net/station?id=61012452",
                    "web": "https://nxtb.it/p/61012452"
                },
                "short_name": "3452",
                "station_id": "61012452",
                "vehicle_types_available": [
                    {
                        "count": 7,
                        "vehicle_type_id": "143"
                    }
                ]
            },
            "type": "Feature"
        },
        {
            "geometry": {
                "coordinates": [
                    -15.42217,
                    28.150087
                ],
                "type": "Point"
            },
            "properties": {
                "capacity": 10,
                "is_installed": true,
                "is_renting": true,
                "is_returning": true,
                "is_virtual_station": false,
                "last_reported": 1789301628,
                "name": "Plaza Manuel Becerra (el\u00e9c.)",
                "num_bikes_available": 3,
                "num_docks_available": 7,
                "region_id": "408",
                "rental_uris": {
                    "android": "https://app.nextbike.net/station?id=61012691",
                    "ios": "https://app.nextbike.net/station?id=61012691",
                    "web": "https://nxtb.it/p/61012691"
                },
                "short_name": "3451",
                "station_id": "61012691",
                "vehicle_types_available": [
                    {
                        "count": 3,
                        "vehicle_type_id": "143"
                    }
                ]
            },
            "type": "Feature"
        },
        {
            "geometry": {
                "coordinates": [
                    -15.449293,
                    28.098115
                ],
                "type": "Point"
            },
            "properties": {
                "capacity": 10,
                "is_installed": true,
                "is_renting": true,
                "is_returning": true,
                "is_virtual_station": false,
                "last_reported": 1789301628,
                "name": "Los Tarahales (el\u00e9c.)",
                "num_bikes_available": 3,
                "num_docks_available": 8,
                "region_id": "408",
                "rental_uris": {
                    "android": "https://app.nextbike.net/station?id=627404801",
                    "ios": "https://app.nextbike.net/station?id=627404801",
                    "web": "https://nxtb.it/p/627404801"
                },
                "short_name": "3477",
                "station_id": "627404801",
                "vehicle_types_available": [
                    {
                        "count": 3,
                        "vehicle_type_id": "143"
                    }
                ]
            },
            "type": "Feature"
        },
        {
            "geometry": {
                "coordinates": [
                    -15.43051,
                    28.139691
                ],
                "type": "Point"
            },
            "properties": {
                "capacity": 14,
                "is_installed": true,
                "is_renting": true,
                "is_returning": true,
                "is_virtual_station": true,
                "last_reported": 1789301628,
                "name": "Parque Santa Catalina",
                "num_bikes_available": 7,
                "num_docks_available": 7,
                "region_id": "408",
                "rental_uris": {
                    "android": "https://app.nextbike.net/station?id=6496862",
                    "ios": "https://app.nextbike.net/station?id=6496862",
                    "web": "https://nxtb.it/p/6496862"
                },
                "short_name": "3437",
                "station_area": {
                    "coordinates": [
                        [
                            [
                                [
                                    -15.43051,
                                    28.139916
                                ],
                                [
                                    -15.430289,
                                    28.139803
                                ],
                                [
                                    -15.430289,
                                    28.139579
                                ],
                                [
                                    -15.43051,
                                    28.139466
                                ],
                                [
                                    -15.430731,
                                    28.139579
                                ],
                                [
                                    -15.430731,
                                    28.139803
                                ],
                                [
                                    -15.43051,
                                    28.139916
                                ]
                            ]
                        ]
                    ],
                    "type": "MultiPolygon"
                },
                "station_id": "6496862",
                "vehicle_types_available": [
                    {
                        "count": 6,
                        "vehicle_type_id": "15"
                    },
                    {
                        "count": 1,
                        "vehicle_type_id": "196"
                    }
                ]
            },
            "type": "Feature"
        },
        {
            "geometry": {
                "coordinates": [
                    -15.420159,
                    28.11363
                ],
                "type": "Point"
            },
            "properties": {
                "capacity": 15,
                "is_installed": true,
                "is_renting": true,
                "is_returning": true,
                "is_virtual_station": true,
                "last_reported": 1789301628,
                "name": "Plaza de la feria ",
                "num_bikes_available": 3,
                "num_docks_available": 12,
                "region_id": "408",
                "rental_uris": {
                    "android": "https://app.nextbike.net/station?id=6694547",
                    "ios": "https://app.nextbike.net/station?id=6694547",
                    "web": "https://nxtb.it/p/6694547"
                },
                "short_name": "3412",
                "station_area": {
                    "coordinates": [
                        [
                            [
                                [
                                    -15.420159,
                                    28.113855
                                ],
                                [
                                    -15.419938,
                                    28.113742
                                ],
                                [
                                    -15.419938,
                                    28.113518
                                ],
                                [
                                    -15.420159,
                                    28.113405
                                ],
                                [
                                    -15.42038,
                                    28.113518
                                ],
                                [
                                    -15.42038,
                                    28.113742
                                ],
                                [
                                    -15.420159,
                                    28.113855
                                ]
                            ]
                        ]
                    ],
                    "type": "MultiPolygon"
                },
                "station_id": "6694547",
                "vehicle_types_available": [
                    {
                        "count": 2,
                        "vehicle_type_id": "15"
                    },
                    {
                        "count": 1,
                        "vehicle_type_id": "196"
                    }
                ]
            },
            "type": "Feature"
        },
        {
            "geometry": {
                "coordinates": [
                    -15.413775,
                    28.094263
                ],
                "type": "Point"
            },
            "properties": {
                "capacity": 10,
                "is_installed": true,
                "is_renting": true,
                "is_returning": true,
                "is_virtual_station": true,
                "last_reported": 1789301628,
                "name": "Ciudad de la Justicia",
                "num_bikes_available": 4,
                "num_docks_available": 6,
                "region_id": "408",
                "rental_uris": {
                    "android": "https://app.nextbike.net/station?id=6709414",
                    "ios": "https://app.nextbike.net/station?id=6709414",
                    "web": "https://nxtb.it/p/6709414"
                },
                "short_name": "3404",
                "station_area": {
                    "coordinates": [
                        [
                            [
                                [
                                    -15.413775,
                                    28.094488
                                ],
                                [
                                    -15.413554,
                                    28.094375
                                ],
                                [
                                    -15.413554,
                                    28.094151
                                ],
                                [
                                    -15.413775,
                                    28.094038
                                ],
                                [
                                    -15.413996,
                                    28.094151
                                ],
                                [
                                    -15.413996,
                                    28.094375
                                ],
                                [
                                    -15.413775,
                                    28.094488
                                ]
                            ]
                        ]
                    ],
                    "type": "MultiPolygon"
                },
                "station_id": "6709414",
                "vehicle_types_available": [
                    {
                        "count": 3,
                        "vehicle_type_id": "196"
                    },
                    {
                        "count": 1,
                        "vehicle_type_id": "15"
                    }
                ]
            },
            "type": "Feature"
        },
        {
            "geometry": {
                "coordinates": [
                    -15.424914,
                    28.121696
                ],
                "type": "Point"
            },
            "properties": {
                "capacity": 10,
                "is_installed": true,
                "is_renting": true,
                "is_returning": true,
                "is_virtual_station": true,
                "last_reported": 1789301628,
                "name": "Oficina de la Sitycleta",
                "num_bikes_available": 7,
                "num_docks_available": 3,
                "region_id": "408",
                "rental_uris": {
                    "android": "https://app.nextbike.net/station?id=6709723",
                    "ios": "https://app.nextbike.net/station?id=6709723",
                    "web": "https://nxtb.it/p/6709723"
                },
                "short_name": "3417",
                "station_area": {
                    "coordinates": [
                        [
                            [
                                [
                                    -15.424914,
                                    28.121921
                                ],
                                [
                                    -15.424693,
                                    28.121808
                                ],
                                [
                                    -15.424693,
                                    28.121584
                                ],
                                [
                                    -15.424914,
                                    28.121471
                                ],
                                [
                                    -15.425135,
                                    28.121584
                                ],
                                [
                                    -15.425135,
                                    28.121808
                                ],
                                [
                                    -15.424914,
                                    28.121921
                                ]
                            ]
                        ]
                    ],
                    "type": "MultiPolygon"
                },
                "station_id": "6709723",
                "vehicle_types_available": [
                    {
                        "count": 3,
                        "vehicle_type_id": "15"
                    },
                    {
                        "count": 1,
                        "vehicle_type_id": "143"
                    },
                    {
                        "count": 3,
                        "vehicle_type_id": "196"
                    }
                ]
            },
            "type": "Feature"
        }
    ],
    "gbfs": {
        "station_information": {
            "last_updated": 1789301628,
            "ttl": 60,
            "version": "2.3"
        },
        "station_status": {
            "last_updated": 1789301628,
            "ttl": 60,
            "version": "2.3"
        }
    },
    "type": "FeatureCollection"
}