{
    "features": [
        {
            "geometry": {
                "coordinates": [
                    33.037551,
                    34.686671
                ],
                "type": "Point"
            },
            "properties": {
                "is_installed": true,
                "is_renting": true,
                "is_returning": true,
                "is_virtual_station": false,
                "last_reported": 1789293697,
                "name": "Opposite Lanitio/ Agias filaxeos",
                "num_bikes_available": 0,
                "num_docks_available": 0,
                "region_id": "190",
                "rental_uris": {
                    "android": "https://app.nextbike.net/station?id=108587316",
                    "ios": "https://app.nextbike.net/station?id=108587316",
                    "web": "https://nxtb.it/p/108587316"
                },
                "short_name": "6809",
                "station_id": "108587316",
                "vehicle_types_available": []
            },
            "type": "Feature"
        },
        {
            "geometry": {
                "coordinates": [
                    33.022209,
                    34.655469
                ],
                "type": "Point"
            },
            "properties": {
                "capacity": 10,
                "is_installed": true,
                "is_renting": true,
                "is_returning": true,
                "is_virtual_station": false,
                "last_reported": 1789293697,
                "name": "New Port Limassol",
                "num_bikes_available": 3,
                "num_docks_available": 7,
                "region_id": "190",
                "rental_uris": {
                    "android": "https://app.nextbike.net/station?id=108588904",
                    "ios": "https://app.nextbike.net/station?id=108588904",
                    "web": "https://nxtb.it/p/108588904"
                },
                "short_name": "6762",
                "station_id": "108588904",
                "vehicle_types_available": [
                    {
                        "count": 1,
                        "vehicle_type_id": "15"
                    },
                    {
                        "count": 2,
                        "vehicle_type_id": "340"
                    }
                ]
            },
            "type": "Feature"
        },
        {
            "geometry": {
                "coordinates": [
                    33.07996,
                    34.697104
                ],
                "type": "Point"
            },
            "properties": {
                "is_installed": true,
                "is_renting": true,
                "is_returning": true,
                "is_virtual_station": true,
                "last_reported": 1789293697,
                "name": "Panayioti Tsangari",
                "num_bikes_available": 3,
                "num_docks_available": 0,
                "region_id": "190",
                "rental_uris": {
                    "android": "https://app.nextbike.net/station?id=108597084",
                    "ios": "https://app.nextbike.net/station?id=108597084",
                    "web": "https://nxtb.it/p/108597084"
                },
                "short_name": "6741",
                "station_area": {
                    "coordinates": [
                        [
                            [
                                [
                                    33.07996,
                                    34.697329
                                ],
                                [
                                    33.080197,
                                    34.697216
                                ],
                                [
                                    33.080197,
                                    34.696992
                                ],
                                [
                                    33.07996,
                                    34.696879
                                ],
                                [
                                    33.079723,
                                    34.696992
                                ],
                                [
                                    33.079723,
                                    34.697216
                                ],
                                [
                                    33.07996,
                                    34.697329
                                ]
                            ]
                        ]
                    ],
                    "type": "MultiPolygon"
                },
                "station_id": "108597084",
                "vehicle_types_available": [
                    {
                        "count": 2,
                        "vehicle_type_id": "340"
                    },
                    {
                        "count": 1,
                        "vehicle_type_id": "15"
                    }
                ]
            },
            "type": "Feature"
        },
        {
            "geometry": {
                "coordinates": [
                    33.076401,
                    34.701008
                ],
                "type": "Point"
            },
            "properties": {
                "is_installed": true,
                "is_renting": true,
                "is_returning": true,
                "is_virtual_station": false,
                "last_reported": 1789293697,
                "name": "Kolonakiou /Sklavenitis",
                "num_bikes_available": 3,
                "num_docks_available": 0,
                "region_id": "190",
                "rental_uris": {
                    "android": "https://app.nextbike.net/station?id=108599023",
                    "ios": "https://app.nextbike.net/station?id=108599023",
                    "web": "https://nxtb.it/p/108599023"
                },
                "short_name": "6799",
                "station_id": "108599023",
                "vehicle_types_available": [
                    {
                        "count": 3,
                        "vehicle_type_id": "340"
                    }
                ]
            },
            "type": "Feature"
        },
        {
            "geometry": {
                "coordinates": [
                    33.152671,
                    34.713771
                ],
                "type": "Point"
            },
            "properties": {
                "is_installed": true,
                "is_renting": true,
                "is_returning": true,
                "is_virtual_station": true,
                "last_reported": 1789293697,
                "name": "Virtual /Atlantica Bay  bus station",
                "num_bikes_available": 2,
                "num_docks_available": 0,
                "region_id": "190",
                "rental_uris": {
                    "android": "https://app.nextbike.net/station?id=109232028",
                    "ios": "https://app.nextbike.net/station?id=109232028",
                    "web": "https://nxtb.it/p/109232028"
                },
                "short_name": "67908",
                "station_area": {
                    "coordinates": [
                        [
                            [
                                [
                                    33.152671,
                                    34.713996
                                ],
                                [
                                    33.152908,
                                    34.713883
                                ],
                                [
                                    33.152908,
                                    34.713659
                                ],
                                [
                                    33.152671,
                                    34.713546
                                ],
                                [
                                    33.152434,
                                    34.713659
                                ],
                                [
                                    33.152434,
                                    34.713883
                                ],
                                [
                                    33.152671,
                                    34.713996
                                ]
                            ]
                        ]
                    ],
                    "type": "MultiPolygon"
                },
                "station_id": "109232028",
                "vehicle_types_available": [
                    {
                        "count": 2,
                        "vehicle_type_id": "340"
                    }
                ]
            },
            "type": "Feature"
        },
        {
            "geometry": {
                "coordinates": [
                    33.088204,
                    34.697593
                ],
                "type": "Point"
            },
            "properties": {
                "is_installed": true,
                "is_renting": true,
                "is_returning": true,
                "is_virtual_station": false,
                "last_reported": 1789293697,
                "name": "Sigma / Christaki Kranou",
                "num_bikes_available": 3,
                "num_docks_available": 0,
                "region_id": "190",
                "rental_uris": {
                    "android": "https://app.nextbike.net/station?id=109800071",
                    "ios": "https://app.nextbike.net/station?id=109800071",
                    "web": "https://nxtb.it/p/109800071"
                },
                "short_name": "67912",
                "station_id": "109800071",
                "vehicle_types_available": [
                    {
                        "count": 2,
                        "vehicle_type_id": "340"
                    },
                    {
                        "count": 1,
                        "vehicle_type_id": "15"
                    }
                ]
            },
            "type": "Feature"
        },
        {
            "geometry": {
                "coordinates": [
                    33.067433,
                    34.692627
                ],
                "type": "Point"
            },
            "properties": {
                "is_installed": true,
                "is_renting": true,
                "is_returning": true,
                "is_virtual_station": true,
                "last_reported": 1789293697,
                "name": "Virtual /Alpha mega ",
                "num_bikes_available": 3,
                "num_docks_available": 0,
                "region_id": "190",
                "rental_uris": {
                    "android": "https://app.nextbike.net/station?id=109818396",
                    "ios": "https://app.nextbike.net/station?id=109818396",
                    "web": "https://nxtb.it/p/109818396"
                },
                "short_name": "67910",
                "station_area": {
                    "coordinates": [
                        [
                            [
                                [
                                    33.067433,
                                    34.692852
                                ],
                                [
                                    33.06767,
                                    34.692739
                                ],
                                [
                                    33.06767,
                                    34.692515
                                ],
                                [
                                    33.067433,
                                    34.692402
                                ],
                                [
                                    33.067196,
                                    34.692515
                                ],
                                [
                                    33.067196,
                                    34.692739
                                ],
                                [
                                    33.067433,
                                    34.692852
                                ]
                            ]
                        ]
                    ],
                    "type": "MultiPolygon"
                },
                "station_id": "109818396",
                "vehicle_types_available": [
                    {
                        "count": 1,
                        "vehicle_type_id": "162"
                    },
                    {
                        "count": 1,
                        "vehicle_type_id": "340"
                    },
                    {
                        "count": 1,
                        "vehicle_type_id": "15"
                    }
                ]
            },
            "type": "Feature"
        },
        {
            "geometry": {
                "coordinates": [
                    33.106389,
                    34.703538
                ],
                "type": "Point"
            },
            "properties": {
                "is_installed": true,
                "is_renting": true,
                "is_returning": true,
                "is_virtual_station": true,
                "last_reported": 1789293697,
                "name": "Virtual / Metro",
                "num_bikes_available": 1,
                "num_docks_available": 0,
                "region_id": "190",
                "rental_uris": {
                    "android": "https://app.nextbike.net/station?id=110097431",
                    "ios": "https://app.nextbike.net/station?id=110097431",
                    "web": "https://nxtb.it/p/110097431"
                },
                "short_name": "6803",
                "station_area": {
                    "coordinates": [
                        [
                            [
                                [
                                    33.106389,
                                    34.703763
                                ],
                                [
                                    33.106626,
                                    34.70365
                                ],
                                [
                                    33.106626,
                                    34.703426
                                ],
                                [
                                    33.106389,
                                    34.703313
                                ],
                                [
                                    33.106152,
                                    34.703426
                                ],
                                [
                                    33.106152,
                                    34.70365
                                ],
                                [
                                    33.106389,
                                    34.703763
                                ]
                            ]
                        ]
                    ],
                    "type": "MultiPolygon"
                },
                "station_id": "110097431",
                "vehicle_types_available": [
                    {
                        "count": 1,
                        "vehicle_type_id": "340"
                    }
                ]
            },
            "type": "Feature"
        },
        {
            "geometry": {
                "coordinates": [
                    33.098462,
                    34.701809
                ],
                "type": "Point"
            },
            "properties": {
                "is_installed": true,
                "is_renting": true,
                "is_returning": true,
                "is_virtual_station": false,
                "last_reported": 1789293697,
                "name": "Atlantica oasis",
                "num_bikes_available": 3,
                "num_docks_available": 0,
                "region_id": "190",
                "rental_uris": {
                    "android": "https://app.nextbike.net/station?id=110192901",
                    "ios": "https://app.nextbike.net/station?id=110192901",
                    "web": "https://nxtb.it/p/110192901"
                },
                "short_name": "6801",
                "station_id": "110192901",
                "vehicle_types_available": [
                    {
                        "count": 1,
                        "vehicle_type_id": "15"
                    },
                    {
                        "count": 2,
                        "vehicle_type_id": "340"
                    }
                ]
            },
            "type": "Feature"
        },
        {
            "geometry": {
                "coordinates": [
                    33.021185,
                    34.697326
                ],
                "type": "Point"
            },
            "properties": {
                "is_installed": true,
                "is_renting": true,
                "is_returning": true,
                "is_virtual_station": false,
                "last_reported": 1789293697,
                "name": "English in Cyprus ",
                "num_bikes_available": 1,
                "num_docks_available": 0,
                "region_id": "190",
                "rental_uris": {
                    "android": "https://app.nextbike.net/station?id=114093927",
                    "ios": "https://app.nextbike.net/station?id=114093927",
                    "web": "https://nxtb.it/p/114093927"
                },
                "short_name": "6807",
                "station_id": "114093927",
                "vehicle_types_available": [
                    {
                        "count": 1,
                        "vehicle_type_id": "342"
                    }
                ]
            },
            "type": "Feature"
        },
        {
            "geometry": {
                "coordinates": [
                    33.043393,
                    34.671935
                ],
                "type": "Point"
            },
            "properties": {
                "capacity": 20,
                "is_installed": true,
                "is_renting": true,
                "is_returning": true,
                "is_virtual_station": false,
                "last_reported": 1789293697,
                "name": "Old Port",
                "num_bikes_available": 17,
                "num_docks_available": 2,
                "region_id": "190",
                "rental_uris": {
                    "android": "https://app.nextbike.net/station?id=115696",
                    "ios": "https://app.nextbike.net/station?id=115696",
                    "web": "https://nxtb.it/p/115696"
                },
                "short_name": "6767",
                "station_id": "115696",
                "vehicle_types_available": [
                    {
                        "count": 1,
                        "vehicle_type_id": "416"
                    },
                    {
                        "count": 5,
                        "vehicle_type_id": "340"
                    },
                    {
                        "count": 1,
                        "vehicle_type_id": "30"
                    },
                    {
                        "count": 3,
                        "vehicle_type_id": "15"
                    },
                    {
                        "count": 7,
                        "vehicle_type_id": "342"
                    }
                ]
            },
            "type": "Feature"
        },
        {
            "geometry": {
                "coordinates": [
                    33.067088,
                    34.687604
                ],
                "type": "Point"
            },
            "properties": {
                "capacity": 16,
                "is_installed": true,
                "is_renting": true,
                "is_returning": true,
                "is_virtual_station": false,
                "last_reported": 1789293697,
                "name": "Crowne Plaza ",
                "num_bikes_available": 12,
                "num_docks_available": 3,
                "region_id": "190",
                "rental_uris": {
                    "android": "https://app.nextbike.net/station?id=117206",
                    "ios": "https://app.nextbike.net/station?id=117206",
                    "web": "https://nxtb.it/p/117206"
                },
                "short_name": "6751",
                "station_id": "117206",
                "vehicle_types_available": [
                    {
                        "count": 1,
                        "vehicle_type_id": "339"
                    },
                    {
                        "count": 1,
                        "vehicle_type_id": "15"
                    },
                    {
                        "count": 1,
                        "vehicle_type_id": "416"
                    },
                    {
                        "count": 9,
                        "vehicle_type_id": "342"
                    }
                ]
            },
            "type": "Feature"
        },
        {
            "geometry": {
                "coordinates": [
                    33.162779,
                    34.714375
                ],
                "type": "Point"
            },
            "properties": {
                "capacity": 12,
                "is_installed": true,
                "is_renting": true,
                "is_returning": true,
                "is_virtual_station": false,
                "last_reported": 1789293697,
                "name": "Pareklisia Grand Resort",
                "num_bikes_available": 3,
                "num_docks_available": 9,
                "region_id": "190",
                "rental_uris": {
                    "android": "https://app.nextbike.net/station?id=117207",
                    "ios": "https://app.nextbike.net/station?id=117207",
                    "web": "https://nxtb.it/p/117207"
                },
                "short_name": "6752",
                "station_id": "117207",
                "vehicle_types_available": [
                    {
                        "count": 2,
                        "vehicle_type_id": "15"
                    },
                    {
                        "count": 1,
                        "vehicle_type_id": "342"
                    }
                ]
            },
            "type": "Feature"
        },
        {
            "geometry": {
                "coordinates": [
                    33.079512,
                    34.692156
                ],
                "type": "Point"
            },
            "properties": {
                "capacity": 19,
                "is_installed": true,
                "is_renting": true,
                "is_returning": true,
                "is_virtual_station": false,
                "last_reported": 1789293697,
                "name": "Dasoudi",
                "num_bikes_available": 18,
                "num_docks_available": 2,
                "region_id": "190",
                "rental_uris": {
                    "android": "https://app.nextbike.net/station?id=117209",
                    "ios": "https://app.nextbike.net/station?id=117209",
                    "web": "https://nxtb.it/p/117209"
                },
                "short_name": "6755",
                "station_id": "117209",
                "vehicle_types_available": [
                    {
                        "count": 9,
                        "vehicle_type_id": "340"
                    },
                    {
                        "count": 4,
                        "vehicle_type_id": "15"
                    },
                    {
                        "count": 5,
                        "vehicle_type_id": "342"
                    }
                ]
            },
            "type": "Feature"
        },
        {
            "geometry": {
                "coordinates": [
                    33.089483,
                    34.696452
                ],
                "type": "Point"
            },
            "properties": {
                "capacity": 16,
                "is_installed": true,
                "is_renting": true,
                "is_returning": true,
                "is_virtual_station": false,
                "last_reported": 1789293697,
                "name": "Potamos Yermasoyias",
                "num_bikes_available": 15,
                "num_docks_available": 1,
                "region_id": "190",
                "rental_uris": {
                    "android": "https://app.nextbike.net/station?id=117210",
                    "ios": "https://app.nextbike.net/station?id=117210",
                    "web": "https://nxtb.it/p/117210"
                },
                "short_name": "6754",
                "station_id": "117210",
                "vehicle_types_available": [
                    {
                        "count": 6,
                        "vehicle_type_id": "15"
                    },
                    {
                        "count": 5,
                        "vehicle_type_id": "340"
                    },
                    {
                        "count": 4,
                        "vehicle_type_id": "342"
                    }
                ]
            },
            "type": "Feature"
        },
        {
            "geometry": {
                "coordinates": [
                    33.335333,
                    35.13936
                ],
                "type": "Point"
            },
            "properties": {
                "is_installed": true,
                "is_renting": true,
                "is_returning": true,
                "is_virtual_station": false,
                "last_reported": 1789293697,
                "name": "Public works department",
                "num_bikes_available": 0,
                "num_docks_available": 0,
                "region_id": "206",
                "rental_uris": {
                    "android": "https://app.nextbike.net/station?id=122160195",
                    "ios": "https://app.nextbike.net/station?id=122160195",
                    "web": "https://nxtb.it/p/122160195"
                },
                "short_name": "76558",
                "station_id": "122160195",
                "vehicle_types_available": []
            },
            "type": "Feature"
        },
        {
            "geometry": {
                "coordinates": [
                    33.042931,
                    34.680798
                ],
                "type": "Point"
            },
            "properties": {
                "is_installed": true,
                "is_renting": true,
                "is_returning": true,
                "is_virtual_station": false,
                "last_reported": 1789293697,
                "name": "Thessaloniki's / Glastronos",
                "num_bikes_available": 3,
                "num_docks_available": 0,
                "region_id": "190",
                "rental_uris": {
                    "android": "https://app.nextbike.net/station?id=122769209",
                    "ios": "https://app.nextbike.net/station?id=122769209",
                    "web": "https://nxtb.it/p/122769209"
                },
                "short_name": "67900",
                "station_id": "122769209",
                "vehicle_types_available": [
                    {
                        "count": 1,
                        "vehicle_type_id": "416"
                    },
                    {
                        "count": 2,
                        "vehicle_type_id": "15"
                    }
                ]
            },
            "type": "Feature"
        },
        {
            "geometry": {
                "coordinates": [
                    33.031411,
                    34.682754
                ],
                "type": "Point"
            },
            "properties": {
                "capacity": 5,
                "is_installed": true,
                "is_renting": true,
                "is_returning": true,
                "is_virtual_station": false,
                "last_reported": 1789293697,
                "name": "Leontiou, CHS Fitness Club",
                "num_bikes_available": 0,
                "num_docks_available": 5,
                "region_id": "190",
                "rental_uris": {
                    "android": "https://app.nextbike.net/station?id=124869",
                    "ios": "https://app.nextbike.net/station?id=124869",
                    "web": "https://nxtb.it/p/124869"
                },
                "short_name": "6757",
                "station_id": "124869",
                "vehicle_types_available": []
            },
            "type": "Feature"
        },
        {
            "geometry": {
                "coordinates": [
                    33.409499,
                    35.147192
                ],
                "type": "Point"
            },
            "properties": {
                "capacity": 5,
                "is_installed": true,
                "is_renting": true,
                "is_returning": true,
                "is_virtual_station": false,
                "last_reported": 1789293697,
                "name": "Panepistimiou",
                "num_bikes_available": 2,
                "num_docks_available": 2,
                "region_id": "206",
                "rental_uris": {
                    "android": "https://app.nextbike.net/station?id=129721143",
                    "ios": "https://app.nextbike.net/station?id=129721143",
                    "web": "https://nxtb.it/p/129721143"
                },
                "short_name": "76565",
                "station_id": "129721143",
                "vehicle_types_available": [
                    {
                        "count": 1,
                        "vehicle_type_id": "162"
                    },
                    {
                        "count": 1,
                        "vehicle_type_id": "71"
                    }
                ]
            },
            "type": "Feature"
        },
        {
            "geometry": {
                "coordinates": [
                    33.379749,
                    35.179824
                ],
                "type": "Point"
            },
            "properties": {
                "capacity": 5,
                "is_installed": true,
                "is_renting": true,
                "is_returning": true,
                "is_virtual_station": false,
                "last_reported": 1789293697,
                "name": "Frederick University",
                "num_bikes_available": 5,
                "num_docks_available": 0,
                "region_id": "206",
                "rental_uris": {
                    "android": "https://app.nextbike.net/station?id=137255356",
                    "ios": "https://app.nextbike.net/station?id=137255356",
                    "web": "https://nxtb.it/p/137255356"
                },
                "short_name": "76705",
                "station_id": "137255356",
                "vehicle_types_available": [
                    {
                        "count": 4,
                        "vehicle_type_id": "162"
                    },
                    {
                        "count": 1,
                        "vehicle_type_id": "71"
                    }
                ]
            },
            "type": "Feature"
        },
        {
            "geometry": {
                "coordinates": [
                    33.358596,
                    35.170835
                ],
                "type": "Point"
            },
            "properties": {
                "capacity": 5,
                "is_installed": true,
                "is_renting": true,
                "is_returning": true,
                "is_virtual_station": false,
                "last_reported": 1789293697,
                "name": "Solomou",
                "num_bikes_available": 0,
                "num_docks_available": 5,
                "region_id": "206",
                "rental_uris": {
                    "android": "https://app.nextbike.net/station?id=140928098",
                    "ios": "https://app.nextbike.net/station?id=140928098",
                    "web": "https://nxtb.it/p/140928098"
                },
                "short_name": "76704",
                "station_id": "140928098",
                "vehicle_types_available": []
            },
            "type": "Feature"
        },
        {
            "geometry": {
                "coordinates": [
                    33.351611,
                    35.157833
                ],
                "type": "Point"
            },
            "properties": {
                "is_installed": true,
                "is_renting": false,
                "is_returning": false,
                "is_virtual_station": false,
                "last_reported": 1789293697,
                "name": "Wargaming / virtual",
                "num_bikes_available": 0,
                "num_docks_available": 0,
                "region_id": "206",
                "rental_uris": {
                    "android": "https://app.nextbike.net/station?id=148790619",
                    "ios": "https://app.nextbike.net/station?id=148790619",
                    "web": "https://nxtb.it/p/148790619"
                },
                "short_name": "76709",
                "station_id": "148790619",
                "vehicle_types_available": []
            },
            "type": "Feature"
        },
        {
            "geometry": {
                "coordinates": [
                    33.063505,
                    34.692756
                ],
                "type": "Point"
            },
            "properties": {
                "capacity": 8,
                "is_installed": true,
                "is_renting": true,
                "is_returning": true,
                "is_virtual_station": false,
                "last_reported": 1789293697,
                "name": "The Market Fair",
                "num_bikes_available": 3,
                "num_docks_available": 5,
                "region_id": "190",
                "rental_uris": {
                    "android": "https://app.nextbike.net/station?id=166392",
                    "ios": "https://app.nextbike.net/station?id=166392",
                    "web": "https://nxtb.it/p/166392"
                },
                "short_name": "6763",
                "station_id": "166392",
                "vehicle_types_available": [
                    {
                        "count": 3,
                        "vehicle_type_id": "340"
                    }
                ]
            },
            "type": "Feature"
        },
        {
            "geometry": {
                "coordinates": [
                    33.044584,
                    34.676122
                ],
                "type": "Point"
            },
            "properties": {
                "capacity": 13,
                "is_installed": true,
                "is_renting": true,
                "is_returning": true,
                "is_virtual_station": false,
                "last_reported": 1789293697,
                "name": "A. Themistokleous",
                "num_bikes_available": 3,
                "num_docks_available": 10,
                "region_id": "190",
                "rental_uris": {
                    "android": "https://app.nextbike.net/station?id=166395",
                    "ios": "https://app.nextbike.net/station?id=166395",
                    "web": "https://nxtb.it/p/166395"
                },
                "short_name": "6760",
                "station_id": "166395",
                "vehicle_types_available": [
                    {
                        "count": 1,
                        "vehicle_type_id": "15"
                    },
                    {
                        "count": 2,
                        "vehicle_type_id": "340"
                    }
                ]
            },
            "type": "Feature"
        },
        {
            "geometry": {
                "coordinates": [
                    33.045169,
                    34.678835
                ],
                "type": "Point"
            },
            "properties": {
                "capacity": 3,
                "is_installed": true,
                "is_renting": true,
                "is_returning": true,
                "is_virtual_station": false,
                "last_reported": 1789293697,
                "name": "Plateia Iron",
                "num_bikes_available": 1,
                "num_docks_available": 2,
                "region_id": "190",
                "rental_uris": {
                    "android": "https://app.nextbike.net/station?id=166402",
                    "ios": "https://app.nextbike.net/station?id=166402",
                    "web": "https://nxtb.it/p/166402"
                },
                "short_name": "6765",
                "station_id": "166402",
                "vehicle_types_available": [
                    {
                        "count": 1,
                        "vehicle_type_id": "342"
                    }
                ]
            },
            "type": "Feature"
        },
        {
            "geometry": {
                "coordinates": [
                    33.018809,
                    34.661101
                ],
                "type": "Point"
            },
            "properties": {
                "capacity": 3,
                "is_installed": true,
                "is_renting": true,
                "is_returning": true,
                "is_virtual_station": false,
                "last_reported": 1789293697,
                "name": "Amdocs",
                "num_bikes_available": 5,
                "num_docks_available": 0,
                "region_id": "190",
                "rental_uris": {
                    "android": "https://app.nextbike.net/station?id=166403",
                    "ios": "https://app.nextbike.net/station?id=166403",
                    "web": "https://nxtb.it/p/166403"
                },
                "short_name": "6766",
                "station_id": "166403",
                "vehicle_types_available": [
                    {
                        "count": 3,
                        "vehicle_type_id": "340"
                    },
                    {
                        "count": 2,
                        "vehicle_type_id": "342"
                    }
                ]
            },
            "type": "Feature"
        },
        {
            "geometry": {
                "coordinates": [
                    33.06034,
                    34.684358
                ],
                "type": "Point"
            },
            "properties": {
                "capacity": 20,
                "is_installed": true,
                "is_renting": true,
                "is_returning": true,
                "is_virtual_station": false,
                "last_reported": 1789293697,
                "name": "Enaerios",
                "num_bikes_available": 11,
                "num_docks_available": 9,
                "region_id": "190",
                "rental_uris": {
                    "android": "https://app.nextbike.net/station?id=166405",
                    "ios": "https://app.nextbike.net/station?id=166405",
                    "web": "https://nxtb.it/p/166405"
                },
                "short_name": "6768",
                "station_id": "166405",
                "vehicle_types_available": [
                    {
                        "count": 6,
                        "vehicle_type_id": "340"
                    },
                    {
                        "count": 2,
                        "vehicle_type_id": "15"
                    },
                    {
                        "count": 3,
                        "vehicle_type_id": "342"
                    }
                ]
            },
            "type": "Feature"
        },
        {
            "geometry": {
                "coordinates": [
                    33.984036,
                    34.985585
                ],
                "type": "Point"
            },
            "properties": {
                "capacity": 5,
                "is_installed": true,
                "is_renting": true,
                "is_returning": true,
                "is_virtual_station": false,
                "last_reported": 1789293697,
                "name": "Underwater Sculpture Ayia Napa (MUSAN)",
                "num_bikes_available": 1,
                "num_docks_available": 4,
                "region_id": "889",
                "rental_uris": {
                    "android": "https://app.nextbike.net/station?id=178660269",
                    "ios": "https://app.nextbike.net/station?id=178660269",
                    "web": "https://nxtb.it/p/178660269"
                },
                "short_name": "68205",
                "station_id": "178660269",
                "vehicle_types_available": [
                    {
                        "count": 1,
                        "vehicle_type_id": "14"
                    }
                ]
            },
            "type": "Feature"
        },
        {
            "geometry": {
                "coordinates": [
                    34.003119,
                    34.984542
                ],
                "type": "Point"
            },
            "properties": {
                "capacity": 4,
                "is_installed": true,
                "is_renting": true,
                "is_returning": true,
                "is_virtual_station": false,
                "last_reported": 1789293697,
                "name": "Stamatia Hotel Agia Napa",
                "num_bikes_available": 2,
                "num_docks_available": 2,
                "region_id": "889",
                "rental_uris": {
                    "android": "https://app.nextbike.net/station?id=178997749",
                    "ios": "https://app.nextbike.net/station?id=178997749",
                    "web": "https://nxtb.it/p/178997749"
                },
                "short_name": "68200",
                "station_id": "178997749",
                "vehicle_types_available": [
                    {
                        "count": 2,
                        "vehicle_type_id": "162"
                    }
                ]
            },
            "type": "Feature"
        },
        {
            "geometry": {
                "coordinates": [
                    34.016091,
                    34.985283
                ],
                "type": "Point"
            },
            "properties": {
                "is_installed": true,
                "is_renting": true,
                "is_returning": true,
                "is_virtual_station": true,
                "last_reported": 1789293697,
                "name": "Sculpture Park bus station ",
                "num_bikes_available": 2,
                "num_docks_available": 0,
                "region_id": "889",
                "rental_uris": {
                    "android": "https://app.nextbike.net/station?id=180091421",
                    "ios": "https://app.nextbike.net/station?id=180091421",
                    "web": "https://nxtb.it/p/180091421"
                },
                "short_name": "68202",
                "station_area": {
                    "coordinates": [
                        [
                            [
                                [
                                    34.016091,
                                    34.985508
                                ],
                                [
                                    34.016329,
                                    34.985395
                                ],
                                [
                                    34.016329,
                                    34.985171
                                ],
                                [
                                    34.016091,
                                    34.985058
                                ],
                                [
                                    34.015853,
                                    34.985171
                                ],
                                [
                                    34.015853,
                                    34.985395
                                ],
                                [
                                    34.016091,
                                    34.985508
                                ]
                            ]
                        ]
                    ],
                    "type": "MultiPolygon"
                },
                "station_id": "180091421",
                "vehicle_types_available": [
                    {
                        "count": 2,
                        "vehicle_type_id": "162"
                    }
                ]
            },
            "type": "Feature"
        },
        {
            "geometry": {
                "coordinates": [
                    33.982939,
                    35.025839
                ],
                "type": "Point"
            },
            "properties": {
                "capacity": 12,
                "is_installed": true,
                "is_renting": true,
                "is_returning": true,
                "is_virtual_station": false,
                "last_reported": 1789293697,
                "name": "McDonald's Paralimni ",
                "num_bikes_available": 2,
                "num_docks_available": 10,
                "region_id": "889",
                "rental_uris": {
                    "android": "https://app.nextbike.net/station?id=180862468",
                    "ios": "https://app.nextbike.net/station?id=180862468",
                    "web": "https://nxtb.it/p/180862468"
                },
                "short_name": "68218",
                "station_id": "180862468",
                "vehicle_types_available": [
                    {
                        "count": 2,
                        "vehicle_type_id": "162"
                    }
                ]
            },
            "type": "Feature"
        },
        {
            "geometry": {
                "coordinates": [
                    34.04713,
                    35.017745
                ],
                "type": "Point"
            },
            "properties": {
                "capacity": 9,
                "is_installed": true,
                "is_renting": true,
                "is_returning": true,
                "is_virtual_station": false,
                "last_reported": 1789293697,
                "name": "McDonald's Protaras",
                "num_bikes_available": 5,
                "num_docks_available": 4,
                "region_id": "889",
                "rental_uris": {
                    "android": "https://app.nextbike.net/station?id=180863829",
                    "ios": "https://app.nextbike.net/station?id=180863829",
                    "web": "https://nxtb.it/p/180863829"
                },
                "short_name": "6821",
                "station_id": "180863829",
                "vehicle_types_available": [
                    {
                        "count": 5,
                        "vehicle_type_id": "162"
                    }
                ]
            },
            "type": "Feature"
        },
        {
            "geometry": {
                "coordinates": [
                    33.988033,
                    34.989241
                ],
                "type": "Point"
            },
            "properties": {
                "is_installed": true,
                "is_renting": true,
                "is_returning": true,
                "is_virtual_station": false,
                "last_reported": 1789293697,
                "name": "Sunprime Ayia Napa",
                "num_bikes_available": 2,
                "num_docks_available": 0,
                "region_id": "889",
                "rental_uris": {
                    "android": "https://app.nextbike.net/station?id=180918764",
                    "ios": "https://app.nextbike.net/station?id=180918764",
                    "web": "https://nxtb.it/p/180918764"
                },
                "short_name": "68216",
                "station_id": "180918764",
                "vehicle_types_available": [
                    {
                        "count": 2,
                        "vehicle_type_id": "162"
                    }
                ]
            },
            "type": "Feature"
        },
        {
            "geometry": {
                "coordinates": [
                    34.003499,
                    34.982835
                ],
                "type": "Point"
            },
            "properties": {
                "capacity": 4,
                "is_installed": true,
                "is_renting": true,
                "is_returning": true,
                "is_virtual_station": false,
                "last_reported": 1789293697,
                "name": "Ayia Napa Harbour",
                "num_bikes_available": 0,
                "num_docks_available": 4,
                "region_id": "889",
                "rental_uris": {
                    "android": "https://app.nextbike.net/station?id=181495435",
                    "ios": "https://app.nextbike.net/station?id=181495435",
                    "web": "https://nxtb.it/p/181495435"
                },
                "short_name": "68201",
                "station_id": "181495435",
                "vehicle_types_available": []
            },
            "type": "Feature"
        },
        {
            "geometry": {
                "coordinates": [
                    33.998987,
                    34.986006
                ],
                "type": "Point"
            },
            "properties": {
                "capacity": 4,
                "is_installed": true,
                "is_renting": true,
                "is_returning": true,
                "is_virtual_station": false,
                "last_reported": 1789293697,
                "name": "McDonalds Agia Napa",
                "num_bikes_available": 4,
                "num_docks_available": 0,
                "region_id": "889",
                "rental_uris": {
                    "android": "https://app.nextbike.net/station?id=181496590",
                    "ios": "https://app.nextbike.net/station?id=181496590",
                    "web": "https://nxtb.it/p/181496590"
                },
                "short_name": "68203",
                "station_id": "181496590",
                "vehicle_types_available": [
                    {
                        "count": 4,
                        "vehicle_type_id": "162"
                    }
                ]
            },
            "type": "Feature"
        },
        {
            "geometry": {
                "coordinates": [
                    33.98667,
                    34.986679
                ],
                "type": "Point"
            },
            "properties": {
                "is_installed": true,
                "is_renting": true,
                "is_returning": true,
                "is_virtual_station": false,
                "last_reported": 1789293697,
                "name": "Atlantica Sungarden Park",
                "num_bikes_available": 2,
                "num_docks_available": 0,
                "region_id": "889",
                "rental_uris": {
                    "android": "https://app.nextbike.net/station?id=181524946",
                    "ios": "https://app.nextbike.net/station?id=181524946",
                    "web": "https://nxtb.it/p/181524946"
                },
                "short_name": "68214",
                "station_id": "181524946",
                "vehicle_types_available": [
                    {
                        "count": 2,
                        "vehicle_type_id": "162"
                    }
                ]
            },
            "type": "Feature"
        },
        {
            "geometry": {
                "coordinates": [
                    33.029869,
                    34.700687
                ],
                "type": "Point"
            },
            "properties": {
                "is_installed": true,
                "is_renting": true,
                "is_returning": true,
                "is_virtual_station": true,
                "last_reported": 1789293697,
                "name": "Virtual / Alpha mega kapsalou",
                "num_bikes_available": 1,
                "num_docks_available": 0,
                "region_id": "190",
                "rental_uris": {
                    "android": "https://app.nextbike.net/station?id=182066141",
                    "ios": "https://app.nextbike.net/station?id=182066141",
                    "web": "https://nxtb.it/p/182066141"
                },
                "short_name": "67407",
                "station_area": {
                    "coordinates": [
                        [
                            [
                                [
                                    33.029869,
                                    34.700912
                                ],
                                [
                                    33.030106,
                                    34.700799
                                ],
                                [
                                    33.030106,
                                    34.700575
                                ],
                                [
                                    33.029869,
                                    34.700462
                                ],
                                [
                                    33.029632,
                                    34.700575
                                ],
                                [
                                    33.029632,
                                    34.700799
                                ],
                                [
                                    33.029869,
                                    34.700912
                                ]
                            ]
                        ]
                    ],
                    "type": "MultiPolygon"
                },
                "station_id": "182066141",
                "vehicle_types_available": [
                    {
                        "count": 1,
                        "vehicle_type_id": "340"
                    }
                ]
            },
            "type": "Feature"
        },
        {
            "geometry": {
                "coordinates": [
                    33.967879,
                    34.988186
                ],
                "type": "Point"
            },
            "properties": {
                "is_installed": true,
                "is_renting": true,
                "is_returning": true,
                "is_virtual_station": true,
                "last_reported": 1789293697,
                "name": "Nisi beach parking",
                "num_bikes_available": 3,
                "num_docks_available": 0,
                "region_id": "889",
                "rental_uris": {
                    "android": "https://app.nextbike.net/station?id=182123230",
                    "ios": "https://app.nextbike.net/station?id=182123230",
                    "web": "https://nxtb.it/p/182123230"
                },
                "short_name": "68215",
                "station_area": {
                    "coordinates": [
                        [
                            [
                                [
                                    33.967879,
                                    34.988411
                                ],
                                [
                                    33.968117,
                                    34.988298
                                ],
                                [
                                    33.968117,
                                    34.988074
                                ],
                                [
                                    33.967879,
                                    34.987961
                                ],
                                [
                                    33.967641,
                                    34.988074
                                ],
                                [
                                    33.967641,
                                    34.988298
                                ],
                                [
                                    33.967879,
                                    34.988411
                                ]
                            ]
                        ]
                    ],
                    "type": "MultiPolygon"
                },
                "station_id": "182123230",
                "vehicle_types_available": [
                    {
                        "count": 3,
                        "vehicle_type_id": "162"
                    }
                ]
            },
            "type": "Feature"
        },
        {
            "geometry": {
                "coordinates": [
                    34.001484,
                    34.981716
                ],
                "type": "Point"
            },
            "properties": {
                "is_installed": true,
                "is_renting": true,
                "is_returning": true,
                "is_virtual_station": false,
                "last_reported": 1789293697,
                "name": "Harbour square",
                "num_bikes_available": 2,
                "num_docks_available": 0,
                "region_id": "889",
                "rental_uris": {
                    "android": "https://app.nextbike.net/station?id=182140592",
                    "ios": "https://app.nextbike.net/station?id=182140592",
                    "web": "https://nxtb.it/p/182140592"
                },
                "short_name": "68206",
                "station_id": "182140592",
                "vehicle_types_available": [
                    {
                        "count": 2,
                        "vehicle_type_id": "162"
                    }
                ]
            },
            "type": "Feature"
        },
        {
            "geometry": {
                "coordinates": [
                    33.019513,
                    34.673384
                ],
                "type": "Point"
            },
            "properties": {
                "is_installed": true,
                "is_renting": true,
                "is_returning": true,
                "is_virtual_station": false,
                "last_reported": 1789293697,
                "name": "Best Value",
                "num_bikes_available": 4,
                "num_docks_available": 0,
                "region_id": "190",
                "rental_uris": {
                    "android": "https://app.nextbike.net/station?id=182962457",
                    "ios": "https://app.nextbike.net/station?id=182962457",
                    "web": "https://nxtb.it/p/182962457"
                },
                "short_name": "67408",
                "station_id": "182962457",
                "vehicle_types_available": [
                    {
                        "count": 2,
                        "vehicle_type_id": "340"
                    },
                    {
                        "count": 2,
                        "vehicle_type_id": "15"
                    }
                ]
            },
            "type": "Feature"
        },
        {
            "geometry": {
                "coordinates": [
                    33.023565,
                    34.673763
                ],
                "type": "Point"
            },
            "properties": {
                "is_installed": true,
                "is_renting": true,
                "is_returning": true,
                "is_virtual_station": false,
                "last_reported": 1789293697,
                "name": "Opap",
                "num_bikes_available": 2,
                "num_docks_available": 0,
                "region_id": "190",
                "rental_uris": {
                    "android": "https://app.nextbike.net/station?id=182966956",
                    "ios": "https://app.nextbike.net/station?id=182966956",
                    "web": "https://nxtb.it/p/182966956"
                },
                "short_name": "67907",
                "station_id": "182966956",
                "vehicle_types_available": [
                    {
                        "count": 2,
                        "vehicle_type_id": "340"
                    }
                ]
            },
            "type": "Feature"
        },
        {
            "geometry": {
                "coordinates": [
                    33.109703,
                    34.703404
                ],
                "type": "Point"
            },
            "properties": {
                "capacity": 10,
                "is_installed": true,
                "is_renting": true,
                "is_returning": true,
                "is_virtual_station": false,
                "last_reported": 1789293697,
                "name": "Ladas/parking",
                "num_bikes_available": 2,
                "num_docks_available": 7,
                "region_id": "190",
                "rental_uris": {
                    "android": "https://app.nextbike.net/station?id=183749",
                    "ios": "https://app.nextbike.net/station?id=183749",
                    "web": "https://nxtb.it/p/183749"
                },
                "short_name": "6769",
                "station_id": "183749",
                "vehicle_types_available": [
                    {
                        "count": 1,
                        "vehicle_type_id": "15"
                    },
                    {
                        "count": 1,
                        "vehicle_type_id": "342"
                    }
                ]
            },
            "type": "Feature"
        },
        {
            "geometry": {
                "coordinates": [
                    33.11864,
                    34.706367
                ],
                "type": "Point"
            },
            "properties": {
                "capacity": 10,
                "is_installed": true,
                "is_renting": true,
                "is_returning": true,
                "is_virtual_station": false,
                "last_reported": 1789293697,
                "name": "Armonia",
                "num_bikes_available": 8,
                "num_docks_available": 2,
                "region_id": "190",
                "rental_uris": {
                    "android": "https://app.nextbike.net/station?id=183750",
                    "ios": "https://app.nextbike.net/station?id=183750",
                    "web": "https://nxtb.it/p/183750"
                },
                "short_name": "6770",
                "station_id": "183750",
                "vehicle_types_available": [
                    {
                        "count": 4,
                        "vehicle_type_id": "340"
                    },
                    {
                        "count": 1,
                        "vehicle_type_id": "15"
                    },
                    {
                        "count": 3,
                        "vehicle_type_id": "342"
                    }
                ]
            },
            "type": "Feature"
        },
        {
            "geometry": {
                "coordinates": [
                    33.133746,
                    34.709559
                ],
                "type": "Point"
            },
            "properties": {
                "capacity": 8,
                "is_installed": true,
                "is_renting": true,
                "is_returning": true,
                "is_virtual_station": false,
                "last_reported": 1789293697,
                "name": "Amathus",
                "num_bikes_available": 4,
                "num_docks_available": 4,
                "region_id": "190",
                "rental_uris": {
                    "android": "https://app.nextbike.net/station?id=183751",
                    "ios": "https://app.nextbike.net/station?id=183751",
                    "web": "https://nxtb.it/p/183751"
                },
                "short_name": "6771",
                "station_id": "183751",
                "vehicle_types_available": [
                    {
                        "count": 1,
                        "vehicle_type_id": "340"
                    },
                    {
                        "count": 1,
                        "vehicle_type_id": "15"
                    },
                    {
                        "count": 2,
                        "vehicle_type_id": "342"
                    }
                ]
            },
            "type": "Feature"
        },
        {
            "geometry": {
                "coordinates": [
                    33.042369,
                    34.675151
                ],
                "type": "Point"
            },
            "properties": {
                "capacity": 1,
                "is_installed": true,
                "is_renting": true,
                "is_returning": true,
                "is_virtual_station": false,
                "last_reported": 1789293697,
                "name": "Athinon 1",
                "num_bikes_available": 7,
                "num_docks_available": 0,
                "region_id": "190",
                "rental_uris": {
                    "android": "https://app.nextbike.net/station?id=187930",
                    "ios": "https://app.nextbike.net/station?id=187930",
                    "web": "https://nxtb.it/p/187930"
                },
                "short_name": "6761",
                "station_id": "187930",
                "vehicle_types_available": [
                    {
                        "count": 3,
                        "vehicle_type_id": "340"
                    },
                    {
                        "count": 1,
                        "vehicle_type_id": "339"
                    },
                    {
                        "count": 1,
                        "vehicle_type_id": "15"
                    },
                    {
                        "count": 2,
                        "vehicle_type_id": "342"
                    }
                ]
            },
            "type": "Feature"
        },
        {
            "geometry": {
                "coordinates": [
                    33.375751,
                    35.148327
                ],
                "type": "Point"
            },
            "properties": {
                "is_installed": true,
                "is_renting": true,
                "is_returning": true,
                "is_virtual_station": true,
                "last_reported": 1789293697,
                "name": "\u03a0\u03ac\u03c1\u03ba\u03bf \u039a\u03c5\u03ba\u03bb\u03bf\u03c6\u03bf\u03c1\u03b9\u03b1\u03ba\u03ae\u03c2 \u0391\u03b3\u03c9\u03b3\u03ae\u03c2",
                "num_bikes_available": 6,
                "num_docks_available": 0,
                "region_id": "206",
                "rental_uris": {
                    "android": "https://app.nextbike.net/station?id=188154830",
                    "ios": "https://app.nextbike.net/station?id=188154830",
                    "web": "https://nxtb.it/p/188154830"
                },
                "short_name": "76708",
                "station_area": {
                    "coordinates": [
                        [
                            [
                                [
                                    33.375751,
                                    35.148552
                                ],
                                [
                                    33.375989,
                                    35.148439
                                ],
                                [
                                    33.375989,
                                    35.148215
                                ],
                                [
                                    33.375751,
                                    35.148102
                                ],
                                [
                                    33.375513,
                                    35.148215
                                ],
                                [
                                    33.375513,
                                    35.148439
                                ],
                                [
                                    33.375751,
                                    35.148552
                                ]
                            ]
                        ]
                    ],
                    "type": "MultiPolygon"
                },
                "station_id": "188154830",
                "vehicle_types_available": [
                    {
                        "count": 3,
                        "vehicle_type_id": "162"
                    },
                    {
                        "count": 3,
                        "vehicle_type_id": "71"
                    }
                ]
            },
            "type": "Feature"
        },
        {
            "geometry": {
                "coordinates": [
                    33.970495,
                    34.990808
                ],
                "type": "Point"
            },
            "properties": {
                "is_installed": true,
                "is_renting": true,
                "is_returning": true,
                "is_virtual_station": false,
                "last_reported": 1789293697,
                "name": "Nissiana Hotel",
                "num_bikes_available": 4,
                "num_docks_available": 0,
                "region_id": "889",
                "rental_uris": {
                    "android": "https://app.nextbike.net/station?id=191816138",
                    "ios": "https://app.nextbike.net/station?id=191816138",
                    "web": "https://nxtb.it/p/191816138"
                },
                "short_name": "68213",
                "station_id": "191816138",
                "vehicle_types_available": [
                    {
                        "count": 3,
                        "vehicle_type_id": "162"
                    },
                    {
                        "count": 1,
                        "vehicle_type_id": "14"
                    }
                ]
            },
            "type": "Feature"
        },
        {
            "geometry": {
                "coordinates": [
                    33.378589,
                    35.178741
                ],
                "type": "Point"
            },
            "properties": {
                "is_installed": true,
                "is_renting": true,
                "is_returning": true,
                "is_virtual_station": false,
                "last_reported": 1789293697,
                "name": "Kyriakou Matsi / Gianni Frederikou",
                "num_bikes_available": 3,
                "num_docks_available": 0,
                "region_id": "206",
                "rental_uris": {
                    "android": "https://app.nextbike.net/station?id=19215309",
                    "ios": "https://app.nextbike.net/station?id=19215309",
                    "web": "https://nxtb.it/p/19215309"
                },
                "short_name": "76552",
                "station_id": "19215309",
                "vehicle_types_available": [
                    {
                        "count": 2,
                        "vehicle_type_id": "162"
                    },
                    {
                        "count": 1,
                        "vehicle_type_id": "71"
                    }
                ]
            },
            "type": "Feature"
        },
        {
            "geometry": {
                "coordinates": [
                    33.049716,
                    34.702525
                ],
                "type": "Point"
            },
            "properties": {
                "is_installed": true,
                "is_renting": true,
                "is_returning": true,
                "is_virtual_station": false,
                "last_reported": 1789293697,
                "name": "Vathias River",
                "num_bikes_available": 2,
                "num_docks_available": 0,
                "region_id": "190",
                "rental_uris": {
                    "android": "https://app.nextbike.net/station?id=192522529",
                    "ios": "https://app.nextbike.net/station?id=192522529",
                    "web": "https://nxtb.it/p/192522529"
                },
                "short_name": "67904",
                "station_id": "192522529",
                "vehicle_types_available": [
                    {
                        "count": 1,
                        "vehicle_type_id": "15"
                    },
                    {
                        "count": 1,
                        "vehicle_type_id": "342"
                    }
                ]
            },
            "type": "Feature"
        },
        {
            "geometry": {
                "coordinates": [
                    33.060327,
                    34.701211
                ],
                "type": "Point"
            },
            "properties": {
                "capacity": 3,
                "is_installed": true,
                "is_renting": true,
                "is_returning": true,
                "is_virtual_station": true,
                "last_reported": 1789293697,
                "name": "JUMBO",
                "num_bikes_available": 2,
                "num_docks_available": 1,
                "region_id": "190",
                "rental_uris": {
                    "android": "https://app.nextbike.net/station?id=192561191",
                    "ios": "https://app.nextbike.net/station?id=192561191",
                    "web": "https://nxtb.it/p/192561191"
                },
                "short_name": "67905",
                "station_area": {
                    "coordinates": [
                        [
                            [
                                [
                                    33.060327,
                                    34.701436
                                ],
                                [
                                    33.060564,
                                    34.701323
                                ],
                                [
                                    33.060564,
                                    34.701099
                                ],
                                [
                                    33.060327,
                                    34.700986
                                ],
                                [
                                    33.06009,
                                    34.701099
                                ],
                                [
                                    33.06009,
                                    34.701323
                                ],
                                [
                                    33.060327,
                                    34.701436
                                ]
                            ]
                        ]
                    ],
                    "type": "MultiPolygon"
                },
                "station_id": "192561191",
                "vehicle_types_available": [
                    {
                        "count": 1,
                        "vehicle_type_id": "340"
                    },
                    {
                        "count": 1,
                        "vehicle_type_id": "342"
                    }
                ]
            },
            "type": "Feature"
        },
        {
            "geometry": {
                "coordinates": [
                    33.025763,
                    34.674407
                ],
                "type": "Point"
            },
            "properties": {
                "capacity": 3,
                "is_installed": true,
                "is_renting": true,
                "is_returning": true,
                "is_virtual_station": false,
                "last_reported": 1789293697,
                "name": "Pefkos City hotel",
                "num_bikes_available": 3,
                "num_docks_available": 0,
                "region_id": "190",
                "rental_uris": {
                    "android": "https://app.nextbike.net/station?id=19409918",
                    "ios": "https://app.nextbike.net/station?id=19409918",
                    "web": "https://nxtb.it/p/19409918"
                },
                "short_name": "6758",
                "station_id": "19409918",
                "vehicle_types_available": [
                    {
                        "count": 2,
                        "vehicle_type_id": "340"
                    },
                    {
                        "count": 1,
                        "vehicle_type_id": "342"
                    }
                ]
            },
            "type": "Feature"
        },
        {
            "geometry": {
                "coordinates": [
                    33.100884,
                    34.702793
                ],
                "type": "Point"
            },
            "properties": {
                "is_installed": true,
                "is_renting": true,
                "is_returning": true,
                "is_virtual_station": false,
                "last_reported": 1789293697,
                "name": "Yermasoyia Akteou",
                "num_bikes_available": 2,
                "num_docks_available": 0,
                "region_id": "190",
                "rental_uris": {
                    "android": "https://app.nextbike.net/station?id=196795324",
                    "ios": "https://app.nextbike.net/station?id=196795324",
                    "web": "https://nxtb.it/p/196795324"
                },
                "short_name": "67902",
                "station_id": "196795324",
                "vehicle_types_available": [
                    {
                        "count": 2,
                        "vehicle_type_id": "15"
                    }
                ]
            },
            "type": "Feature"
        },
        {
            "geometry": {
                "coordinates": [
                    33.155384,
                    34.714398
                ],
                "type": "Point"
            },
            "properties": {
                "is_installed": true,
                "is_renting": true,
                "is_returning": true,
                "is_virtual_station": false,
                "last_reported": 1789293697,
                "name": "Amara hotel /virtual",
                "num_bikes_available": 3,
                "num_docks_available": 0,
                "region_id": "190",
                "rental_uris": {
                    "android": "https://app.nextbike.net/station?id=196814149",
                    "ios": "https://app.nextbike.net/station?id=196814149",
                    "web": "https://nxtb.it/p/196814149"
                },
                "short_name": "67903",
                "station_id": "196814149",
                "vehicle_types_available": [
                    {
                        "count": 2,
                        "vehicle_type_id": "340"
                    },
                    {
                        "count": 1,
                        "vehicle_type_id": "15"
                    }
                ]
            },
            "type": "Feature"
        },
        {
            "geometry": {
                "coordinates": [
                    33.052145,
                    34.679664
                ],
                "type": "Point"
            },
            "properties": {
                "capacity": 4,
                "is_installed": true,
                "is_renting": true,
                "is_returning": true,
                "is_virtual_station": false,
                "last_reported": 1789293697,
                "name": "Pier beach hotel",
                "num_bikes_available": 4,
                "num_docks_available": 0,
                "region_id": "190",
                "rental_uris": {
                    "android": "https://app.nextbike.net/station?id=19837261",
                    "ios": "https://app.nextbike.net/station?id=19837261",
                    "web": "https://nxtb.it/p/19837261"
                },
                "short_name": "6753",
                "station_id": "19837261",
                "vehicle_types_available": [
                    {
                        "count": 2,
                        "vehicle_type_id": "15"
                    },
                    {
                        "count": 2,
                        "vehicle_type_id": "340"
                    }
                ]
            },
            "type": "Feature"
        },
        {
            "geometry": {
                "coordinates": [
                    33.943458,
                    34.984066
                ],
                "type": "Point"
            },
            "properties": {
                "is_installed": true,
                "is_renting": true,
                "is_returning": true,
                "is_virtual_station": false,
                "last_reported": 1789293697,
                "name": "Waterpark Agia Napa",
                "num_bikes_available": 3,
                "num_docks_available": 0,
                "region_id": "889",
                "rental_uris": {
                    "android": "https://app.nextbike.net/station?id=205831761",
                    "ios": "https://app.nextbike.net/station?id=205831761",
                    "web": "https://nxtb.it/p/205831761"
                },
                "short_name": "68211",
                "station_id": "205831761",
                "vehicle_types_available": [
                    {
                        "count": 3,
                        "vehicle_type_id": "162"
                    }
                ]
            },
            "type": "Feature"
        },
        {
            "geometry": {
                "coordinates": [
                    33.958882,
                    34.987803
                ],
                "type": "Point"
            },
            "properties": {
                "is_installed": true,
                "is_renting": true,
                "is_returning": true,
                "is_virtual_station": true,
                "last_reported": 1789293697,
                "name": "Landa Beach",
                "num_bikes_available": 3,
                "num_docks_available": 0,
                "region_id": "889",
                "rental_uris": {
                    "android": "https://app.nextbike.net/station?id=205850003",
                    "ios": "https://app.nextbike.net/station?id=205850003",
                    "web": "https://nxtb.it/p/205850003"
                },
                "short_name": "68208",
                "station_area": {
                    "coordinates": [
                        [
                            [
                                [
                                    33.958882,
                                    34.988028
                                ],
                                [
                                    33.95912,
                                    34.987915
                                ],
                                [
                                    33.95912,
                                    34.987691
                                ],
                                [
                                    33.958882,
                                    34.987578
                                ],
                                [
                                    33.958644,
                                    34.987691
                                ],
                                [
                                    33.958644,
                                    34.987915
                                ],
                                [
                                    33.958882,
                                    34.988028
                                ]
                            ]
                        ]
                    ],
                    "type": "MultiPolygon"
                },
                "station_id": "205850003",
                "vehicle_types_available": [
                    {
                        "count": 3,
                        "vehicle_type_id": "162"
                    }
                ]
            },
            "type": "Feature"
        },
        {
            "geometry": {
                "coordinates": [
                    33.14864,
                    35.167111
                ],
                "type": "Point"
            },
            "properties": {
                "is_installed": true,
                "is_renting": false,
                "is_returning": false,
                "is_virtual_station": false,
                "last_reported": 1789293697,
                "name": "Melisses brunch Denia",
                "num_bikes_available": 0,
                "num_docks_available": 0,
                "region_id": "206",
                "rental_uris": {
                    "android": "https://app.nextbike.net/station?id=206779913",
                    "ios": "https://app.nextbike.net/station?id=206779913",
                    "web": "https://nxtb.it/p/206779913"
                },
                "short_name": "76707",
                "station_id": "206779913",
                "vehicle_types_available": []
            },
            "type": "Feature"
        },
        {
            "geometry": {
                "coordinates": [
                    33.055004,
                    34.68154
                ],
                "type": "Point"
            },
            "properties": {
                "is_installed": true,
                "is_renting": true,
                "is_returning": true,
                "is_virtual_station": false,
                "last_reported": 1789293697,
                "name": "Limassol Municipal Garden",
                "num_bikes_available": 2,
                "num_docks_available": 0,
                "region_id": "190",
                "rental_uris": {
                    "android": "https://app.nextbike.net/station?id=21242154",
                    "ios": "https://app.nextbike.net/station?id=21242154",
                    "web": "https://nxtb.it/p/21242154"
                },
                "short_name": "6759",
                "station_id": "21242154",
                "vehicle_types_available": [
                    {
                        "count": 2,
                        "vehicle_type_id": "340"
                    }
                ]
            },
            "type": "Feature"
        },
        {
            "geometry": {
                "coordinates": [
                    33.053822,
                    34.680679
                ],
                "type": "Point"
            },
            "properties": {
                "capacity": 6,
                "is_installed": true,
                "is_renting": true,
                "is_returning": true,
                "is_virtual_station": false,
                "last_reported": 1789293697,
                "name": "GSO ",
                "num_bikes_available": 3,
                "num_docks_available": 3,
                "region_id": "190",
                "rental_uris": {
                    "android": "https://app.nextbike.net/station?id=213245163",
                    "ios": "https://app.nextbike.net/station?id=213245163",
                    "web": "https://nxtb.it/p/213245163"
                },
                "short_name": "67403",
                "station_id": "213245163",
                "vehicle_types_available": [
                    {
                        "count": 2,
                        "vehicle_type_id": "340"
                    },
                    {
                        "count": 1,
                        "vehicle_type_id": "15"
                    }
                ]
            },
            "type": "Feature"
        },
        {
            "geometry": {
                "coordinates": [
                    32.7947,
                    34.77129
                ],
                "type": "Point"
            },
            "properties": {
                "is_installed": true,
                "is_renting": false,
                "is_returning": false,
                "is_virtual_station": false,
                "last_reported": 1789293697,
                "name": "Pachna",
                "num_bikes_available": 0,
                "num_docks_available": 0,
                "region_id": "190",
                "rental_uris": {
                    "android": "https://app.nextbike.net/station?id=219520882",
                    "ios": "https://app.nextbike.net/station?id=219520882",
                    "web": "https://nxtb.it/p/219520882"
                },
                "short_name": "67505",
                "station_id": "219520882",
                "vehicle_types_available": []
            },
            "type": "Feature"
        },
        {
            "geometry": {
                "coordinates": [
                    33.09668,
                    34.703769
                ],
                "type": "Point"
            },
            "properties": {
                "is_installed": true,
                "is_renting": true,
                "is_returning": true,
                "is_virtual_station": false,
                "last_reported": 1789293697,
                "name": "Profiti Ilias",
                "num_bikes_available": 2,
                "num_docks_available": 0,
                "region_id": "190",
                "rental_uris": {
                    "android": "https://app.nextbike.net/station?id=237751692",
                    "ios": "https://app.nextbike.net/station?id=237751692",
                    "web": "https://nxtb.it/p/237751692"
                },
                "short_name": "67401",
                "station_id": "237751692",
                "vehicle_types_available": [
                    {
                        "count": 1,
                        "vehicle_type_id": "15"
                    },
                    {
                        "count": 1,
                        "vehicle_type_id": "340"
                    }
                ]
            },
            "type": "Feature"
        },
        {
            "geometry": {
                "coordinates": [
                    33.052816,
                    34.692045
                ],
                "type": "Point"
            },
            "properties": {
                "is_installed": true,
                "is_renting": true,
                "is_returning": true,
                "is_virtual_station": false,
                "last_reported": 1789293697,
                "name": "Sklavenitis/  Odos omirou",
                "num_bikes_available": 2,
                "num_docks_available": 0,
                "region_id": "190",
                "rental_uris": {
                    "android": "https://app.nextbike.net/station?id=242934183",
                    "ios": "https://app.nextbike.net/station?id=242934183",
                    "web": "https://nxtb.it/p/242934183"
                },
                "short_name": "67404",
                "station_id": "242934183",
                "vehicle_types_available": [
                    {
                        "count": 2,
                        "vehicle_type_id": "342"
                    }
                ]
            },
            "type": "Feature"
        },
        {
            "geometry": {
                "coordinates": [
                    33.165664,
                    34.712089
                ],
                "type": "Point"
            },
            "properties": {
                "is_installed": true,
                "is_renting": true,
                "is_returning": true,
                "is_virtual_station": false,
                "last_reported": 1789293697,
                "name": "Malindi Beach ",
                "num_bikes_available": 2,
                "num_docks_available": 0,
                "region_id": "190",
                "rental_uris": {
                    "android": "https://app.nextbike.net/station?id=243490384",
                    "ios": "https://app.nextbike.net/station?id=243490384",
                    "web": "https://nxtb.it/p/243490384"
                },
                "short_name": "67402",
                "station_id": "243490384",
                "vehicle_types_available": [
                    {
                        "count": 1,
                        "vehicle_type_id": "340"
                    },
                    {
                        "count": 1,
                        "vehicle_type_id": "15"
                    }
                ]
            },
            "type": "Feature"
        },
        {
            "geometry": {
                "coordinates": [
                    33.040849,
                    34.679036
                ],
                "type": "Point"
            },
            "properties": {
                "is_installed": true,
                "is_renting": true,
                "is_returning": true,
                "is_virtual_station": true,
                "last_reported": 1789293697,
                "name": "Virtual / Tsamouda",
                "num_bikes_available": 5,
                "num_docks_available": 0,
                "region_id": "190",
                "rental_uris": {
                    "android": "https://app.nextbike.net/station?id=24983019",
                    "ios": "https://app.nextbike.net/station?id=24983019",
                    "web": "https://nxtb.it/p/24983019"
                },
                "short_name": "6776",
                "station_area": {
                    "coordinates": [
                        [
                            [
                                [
                                    33.040849,
                                    34.679261
                                ],
                                [
                                    33.041086,
                                    34.679148
                                ],
                                [
                                    33.041086,
                                    34.678924
                                ],
                                [
                                    33.040849,
                                    34.678811
                                ],
                                [
                                    33.040612,
                                    34.678924
                                ],
                                [
                                    33.040612,
                                    34.679148
                                ],
                                [
                                    33.040849,
                                    34.679261
                                ]
                            ]
                        ]
                    ],
                    "type": "MultiPolygon"
                },
                "station_id": "24983019",
                "vehicle_types_available": [
                    {
                        "count": 3,
                        "vehicle_type_id": "340"
                    },
                    {
                        "count": 2,
                        "vehicle_type_id": "342"
                    }
                ]
            },
            "type": "Feature"
        },
        {
            "geometry": {
                "coordinates": [
                    33.360271,
                    35.113266
                ],
                "type": "Point"
            },
            "properties": {
                "capacity": 5,
                "is_installed": true,
                "is_renting": true,
                "is_returning": true,
                "is_virtual_station": false,
                "last_reported": 1789293697,
                "name": "Allegra GSP Sport Center",
                "num_bikes_available": 1,
                "num_docks_available": 4,
                "region_id": "206",
                "rental_uris": {
                    "android": "https://app.nextbike.net/station?id=25254171",
                    "ios": "https://app.nextbike.net/station?id=25254171",
                    "web": "https://nxtb.it/p/25254171"
                },
                "short_name": "76549",
                "station_id": "25254171",
                "vehicle_types_available": [
                    {
                        "count": 1,
                        "vehicle_type_id": "71"
                    }
                ]
            },
            "type": "Feature"
        },
        {
            "geometry": {
                "coordinates": [
                    33.410148,
                    35.145043
                ],
                "type": "Point"
            },
            "properties": {
                "capacity": 4,
                "is_installed": true,
                "is_renting": true,
                "is_returning": true,
                "is_virtual_station": false,
                "last_reported": 1789293697,
                "name": "Anastasios. G. Leventis",
                "num_bikes_available": 2,
                "num_docks_available": 2,
                "region_id": "206",
                "rental_uris": {
                    "android": "https://app.nextbike.net/station?id=25271856",
                    "ios": "https://app.nextbike.net/station?id=25271856",
                    "web": "https://nxtb.it/p/25271856"
                },
                "short_name": "76550",
                "station_id": "25271856",
                "vehicle_types_available": [
                    {
                        "count": 2,
                        "vehicle_type_id": "71"
                    }
                ]
            },
            "type": "Feature"
        },
        {
            "geometry": {
                "coordinates": [
                    33.407316,
                    35.144635
                ],
                "type": "Point"
            },
            "properties": {
                "capacity": 4,
                "is_installed": true,
                "is_renting": true,
                "is_returning": true,
                "is_virtual_station": false,
                "last_reported": 1789293697,
                "name": "Faculty of Engineering",
                "num_bikes_available": 0,
                "num_docks_available": 3,
                "region_id": "206",
                "rental_uris": {
                    "android": "https://app.nextbike.net/station?id=25313439",
                    "ios": "https://app.nextbike.net/station?id=25313439",
                    "web": "https://nxtb.it/p/25313439"
                },
                "short_name": "76551",
                "station_id": "25313439",
                "vehicle_types_available": []
            },
            "type": "Feature"
        },
        {
            "geometry": {
                "coordinates": [
                    33.379415,
                    35.125639
                ],
                "type": "Point"
            },
            "properties": {
                "capacity": 3,
                "is_installed": true,
                "is_renting": true,
                "is_returning": true,
                "is_virtual_station": false,
                "last_reported": 1789293697,
                "name": "\u03a3\u03b9\u03b1\u03ba\u03bf\u03bb\u03b5\u03b9\u03bf \u0395\u03ba\u03c0\u03b1\u03b9\u03b4\u03b5\u03c5\u03c4\u03b9\u03ba\u03bf \u039a\u03b5\u03bd\u03c4\u03c1\u03bf \u03a5\u03b3\u03b5\u03b9\u03b1\u03c2",
                "num_bikes_available": 1,
                "num_docks_available": 1,
                "region_id": "206",
                "rental_uris": {
                    "android": "https://app.nextbike.net/station?id=25320467",
                    "ios": "https://app.nextbike.net/station?id=25320467",
                    "web": "https://nxtb.it/p/25320467"
                },
                "short_name": "76548",
                "station_id": "25320467",
                "vehicle_types_available": [
                    {
                        "count": 1,
                        "vehicle_type_id": "162"
                    }
                ]
            },
            "type": "Feature"
        },
        {
            "geometry": {
                "coordinates": [
                    33.021469,
                    34.676256
                ],
                "type": "Point"
            },
            "properties": {
                "is_installed": true,
                "is_renting": true,
                "is_returning": true,
                "is_virtual_station": false,
                "last_reported": 1789293697,
                "name": "Makariou/Ford",
                "num_bikes_available": 2,
                "num_docks_available": 0,
                "region_id": "190",
                "rental_uris": {
                    "android": "https://app.nextbike.net/station?id=267066004",
                    "ios": "https://app.nextbike.net/station?id=267066004",
                    "web": "https://nxtb.it/p/267066004"
                },
                "short_name": "67405",
                "station_id": "267066004",
                "vehicle_types_available": [
                    {
                        "count": 2,
                        "vehicle_type_id": "340"
                    }
                ]
            },
            "type": "Feature"
        },
        {
            "geometry": {
                "coordinates": [
                    33.374069,
                    35.142387
                ],
                "type": "Point"
            },
            "properties": {
                "is_installed": true,
                "is_renting": false,
                "is_returning": false,
                "is_virtual_station": false,
                "last_reported": 1789293697,
                "name": "L.Lemesou- cypin",
                "num_bikes_available": 0,
                "num_docks_available": 0,
                "region_id": "206",
                "rental_uris": {
                    "android": "https://app.nextbike.net/station?id=276436259",
                    "ios": "https://app.nextbike.net/station?id=276436259",
                    "web": "https://nxtb.it/p/276436259"
                },
                "short_name": "76600",
                "station_id": "276436259",
                "vehicle_types_available": []
            },
            "type": "Feature"
        },
        {
            "geometry": {
                "coordinates": [
                    33.374042,
                    35.147836
                ],
                "type": "Point"
            },
            "properties": {
                "is_installed": true,
                "is_renting": true,
                "is_returning": true,
                "is_virtual_station": false,
                "last_reported": 1789293697,
                "name": "L lemesou Cyta overpass",
                "num_bikes_available": 3,
                "num_docks_available": 0,
                "region_id": "206",
                "rental_uris": {
                    "android": "https://app.nextbike.net/station?id=276443695",
                    "ios": "https://app.nextbike.net/station?id=276443695",
                    "web": "https://nxtb.it/p/276443695"
                },
                "short_name": "76512",
                "station_id": "276443695",
                "vehicle_types_available": [
                    {
                        "count": 2,
                        "vehicle_type_id": "14"
                    },
                    {
                        "count": 1,
                        "vehicle_type_id": "162"
                    }
                ]
            },
            "type": "Feature"
        },
        {
            "geometry": {
                "coordinates": [
                    33.374758,
                    35.152996
                ],
                "type": "Point"
            },
            "properties": {
                "is_installed": true,
                "is_renting": false,
                "is_returning": false,
                "is_virtual_station": true,
                "last_reported": 1789293697,
                "name": "L. Lemesou Bank of Cyprus",
                "num_bikes_available": 0,
                "num_docks_available": 0,
                "region_id": "206",
                "rental_uris": {
                    "android": "https://app.nextbike.net/station?id=276451039",
                    "ios": "https://app.nextbike.net/station?id=276451039",
                    "web": "https://nxtb.it/p/276451039"
                },
                "short_name": "76516",
                "station_area": {
                    "coordinates": [
                        [
                            [
                                [
                                    33.374758,
                                    35.153221
                                ],
                                [
                                    33.374996,
                                    35.153108
                                ],
                                [
                                    33.374996,
                                    35.152884
                                ],
                                [
                                    33.374758,
                                    35.152771
                                ],
                                [
                                    33.37452,
                                    35.152884
                                ],
                                [
                                    33.37452,
                                    35.153108
                                ],
                                [
                                    33.374758,
                                    35.153221
                                ]
                            ]
                        ]
                    ],
                    "type": "MultiPolygon"
                },
                "station_id": "276451039",
                "vehicle_types_available": []
            },
            "type": "Feature"
        },
        {
            "geometry": {
                "coordinates": [
                    33.639375,
                    34.929461
                ],
                "type": "Point"
            },
            "properties": {
                "is_installed": true,
                "is_renting": true,
                "is_returning": true,
                "is_virtual_station": false,
                "last_reported": 1789293697,
                "name": "Larnaca Port",
                "num_bikes_available": 3,
                "num_docks_available": 0,
                "region_id": "940",
                "rental_uris": {
                    "android": "https://app.nextbike.net/station?id=278963772",
                    "ios": "https://app.nextbike.net/station?id=278963772",
                    "web": "https://nxtb.it/p/278963772"
                },
                "short_name": "64000",
                "station_id": "278963772",
                "vehicle_types_available": [
                    {
                        "count": 3,
                        "vehicle_type_id": "340"
                    }
                ]
            },
            "type": "Feature"
        },
        {
            "geometry": {
                "coordinates": [
                    33.639089,
                    34.918035
                ],
                "type": "Point"
            },
            "properties": {
                "is_installed": true,
                "is_renting": true,
                "is_returning": true,
                "is_virtual_station": false,
                "last_reported": 1789293697,
                "name": "Marina Larnacas",
                "num_bikes_available": 1,
                "num_docks_available": 0,
                "region_id": "940",
                "rental_uris": {
                    "android": "https://app.nextbike.net/station?id=278998601",
                    "ios": "https://app.nextbike.net/station?id=278998601",
                    "web": "https://nxtb.it/p/278998601"
                },
                "short_name": "64001",
                "station_id": "278998601",
                "vehicle_types_available": [
                    {
                        "count": 1,
                        "vehicle_type_id": "340"
                    }
                ]
            },
            "type": "Feature"
        },
        {
            "geometry": {
                "coordinates": [
                    33.359478,
                    35.168702
                ],
                "type": "Point"
            },
            "properties": {
                "is_installed": true,
                "is_renting": true,
                "is_returning": true,
                "is_virtual_station": false,
                "last_reported": 1789293697,
                "name": "Makariou Capital Center",
                "num_bikes_available": 0,
                "num_docks_available": 0,
                "region_id": "206",
                "rental_uris": {
                    "android": "https://app.nextbike.net/station?id=284119289",
                    "ios": "https://app.nextbike.net/station?id=284119289",
                    "web": "https://nxtb.it/p/284119289"
                },
                "short_name": "76608",
                "station_id": "284119289",
                "vehicle_types_available": []
            },
            "type": "Feature"
        },
        {
            "geometry": {
                "coordinates": [
                    33.360436,
                    35.167698
                ],
                "type": "Point"
            },
            "properties": {
                "is_installed": true,
                "is_renting": true,
                "is_returning": true,
                "is_virtual_station": false,
                "last_reported": 1789293697,
                "name": "National Bank of Greece",
                "num_bikes_available": 1,
                "num_docks_available": 0,
                "region_id": "206",
                "rental_uris": {
                    "android": "https://app.nextbike.net/station?id=284125641",
                    "ios": "https://app.nextbike.net/station?id=284125641",
                    "web": "https://nxtb.it/p/284125641"
                },
                "short_name": "76607",
                "station_id": "284125641",
                "vehicle_types_available": [
                    {
                        "count": 1,
                        "vehicle_type_id": "162"
                    }
                ]
            },
            "type": "Feature"
        },
        {
            "geometry": {
                "coordinates": [
                    33.365478,
                    35.16294
                ],
                "type": "Point"
            },
            "properties": {
                "is_installed": true,
                "is_renting": false,
                "is_returning": false,
                "is_virtual_station": false,
                "last_reported": 1789293697,
                "name": "Archiep. Makariou III Ave.- Dimofontos",
                "num_bikes_available": 0,
                "num_docks_available": 0,
                "region_id": "206",
                "rental_uris": {
                    "android": "https://app.nextbike.net/station?id=284221671",
                    "ios": "https://app.nextbike.net/station?id=284221671",
                    "web": "https://nxtb.it/p/284221671"
                },
                "short_name": "76601",
                "station_id": "284221671",
                "vehicle_types_available": []
            },
            "type": "Feature"
        },
        {
            "geometry": {
                "coordinates": [
                    33.355187,
                    35.168651
                ],
                "type": "Point"
            },
            "properties": {
                "is_installed": true,
                "is_renting": false,
                "is_returning": false,
                "is_virtual_station": false,
                "last_reported": 1789293697,
                "name": "Ministry Of Finance",
                "num_bikes_available": 0,
                "num_docks_available": 0,
                "region_id": "206",
                "rental_uris": {
                    "android": "https://app.nextbike.net/station?id=284247464",
                    "ios": "https://app.nextbike.net/station?id=284247464",
                    "web": "https://nxtb.it/p/284247464"
                },
                "short_name": "76559",
                "station_id": "284247464",
                "vehicle_types_available": []
            },
            "type": "Feature"
        },
        {
            "geometry": {
                "coordinates": [
                    33.36042,
                    35.166507
                ],
                "type": "Point"
            },
            "properties": {
                "is_installed": true,
                "is_renting": true,
                "is_returning": true,
                "is_virtual_station": false,
                "last_reported": 1789293697,
                "name": "Parking Zinas Kanther",
                "num_bikes_available": 3,
                "num_docks_available": 0,
                "region_id": "206",
                "rental_uris": {
                    "android": "https://app.nextbike.net/station?id=284259682",
                    "ios": "https://app.nextbike.net/station?id=284259682",
                    "web": "https://nxtb.it/p/284259682"
                },
                "short_name": "76603",
                "station_id": "284259682",
                "vehicle_types_available": [
                    {
                        "count": 2,
                        "vehicle_type_id": "162"
                    },
                    {
                        "count": 1,
                        "vehicle_type_id": "71"
                    }
                ]
            },
            "type": "Feature"
        },
        {
            "geometry": {
                "coordinates": [
                    33.360776,
                    35.166538
                ],
                "type": "Point"
            },
            "properties": {
                "is_installed": true,
                "is_renting": false,
                "is_returning": false,
                "is_virtual_station": false,
                "last_reported": 1789293697,
                "name": "Mnasiadou",
                "num_bikes_available": 0,
                "num_docks_available": 0,
                "region_id": "206",
                "rental_uris": {
                    "android": "https://app.nextbike.net/station?id=284260029",
                    "ios": "https://app.nextbike.net/station?id=284260029",
                    "web": "https://nxtb.it/p/284260029"
                },
                "short_name": "76604",
                "station_id": "284260029",
                "vehicle_types_available": []
            },
            "type": "Feature"
        },
        {
            "geometry": {
                "coordinates": [
                    33.361431,
                    35.166916
                ],
                "type": "Point"
            },
            "properties": {
                "is_installed": true,
                "is_renting": false,
                "is_returning": false,
                "is_virtual_station": false,
                "last_reported": 1789293697,
                "name": "Makariou 360",
                "num_bikes_available": 0,
                "num_docks_available": 0,
                "region_id": "206",
                "rental_uris": {
                    "android": "https://app.nextbike.net/station?id=284262636",
                    "ios": "https://app.nextbike.net/station?id=284262636",
                    "web": "https://nxtb.it/p/284262636"
                },
                "short_name": "76605",
                "station_id": "284262636",
                "vehicle_types_available": []
            },
            "type": "Feature"
        },
        {
            "geometry": {
                "coordinates": [
                    33.362538,
                    35.166702
                ],
                "type": "Point"
            },
            "properties": {
                "is_installed": true,
                "is_renting": true,
                "is_returning": true,
                "is_virtual_station": false,
                "last_reported": 1789293697,
                "name": "Agias Elenis",
                "num_bikes_available": 0,
                "num_docks_available": 0,
                "region_id": "206",
                "rental_uris": {
                    "android": "https://app.nextbike.net/station?id=284265503",
                    "ios": "https://app.nextbike.net/station?id=284265503",
                    "web": "https://nxtb.it/p/284265503"
                },
                "short_name": "76606",
                "station_id": "284265503",
                "vehicle_types_available": []
            },
            "type": "Feature"
        },
        {
            "geometry": {
                "coordinates": [
                    33.360882,
                    35.165916
                ],
                "type": "Point"
            },
            "properties": {
                "is_installed": true,
                "is_renting": true,
                "is_returning": true,
                "is_virtual_station": false,
                "last_reported": 1789293697,
                "name": "Stasikratous / Stefanou Koumanoudi",
                "num_bikes_available": 2,
                "num_docks_available": 0,
                "region_id": "206",
                "rental_uris": {
                    "android": "https://app.nextbike.net/station?id=284277895",
                    "ios": "https://app.nextbike.net/station?id=284277895",
                    "web": "https://nxtb.it/p/284277895"
                },
                "short_name": "76609",
                "station_id": "284277895",
                "vehicle_types_available": [
                    {
                        "count": 2,
                        "vehicle_type_id": "162"
                    }
                ]
            },
            "type": "Feature"
        },
        {
            "geometry": {
                "coordinates": [
                    33.375378,
                    35.154278
                ],
                "type": "Point"
            },
            "properties": {
                "is_installed": true,
                "is_renting": false,
                "is_returning": false,
                "is_virtual_station": false,
                "last_reported": 1789293697,
                "name": "Leoforos Ave Alpha Bank ",
                "num_bikes_available": 0,
                "num_docks_available": 0,
                "region_id": "206",
                "rental_uris": {
                    "android": "https://app.nextbike.net/station?id=286276545",
                    "ios": "https://app.nextbike.net/station?id=286276545",
                    "web": "https://nxtb.it/p/286276545"
                },
                "short_name": "76700",
                "station_id": "286276545",
                "vehicle_types_available": []
            },
            "type": "Feature"
        },
        {
            "geometry": {
                "coordinates": [
                    33.353902,
                    35.157863
                ],
                "type": "Point"
            },
            "properties": {
                "is_installed": true,
                "is_renting": false,
                "is_returning": false,
                "is_virtual_station": false,
                "last_reported": 1789293697,
                "name": "Kyriakou Matsi 1",
                "num_bikes_available": 0,
                "num_docks_available": 0,
                "region_id": "206",
                "rental_uris": {
                    "android": "https://app.nextbike.net/station?id=286315781",
                    "ios": "https://app.nextbike.net/station?id=286315781",
                    "web": "https://nxtb.it/p/286315781"
                },
                "short_name": "76701",
                "station_id": "286315781",
                "vehicle_types_available": []
            },
            "type": "Feature"
        },
        {
            "geometry": {
                "coordinates": [
                    33.354362,
                    35.158484
                ],
                "type": "Point"
            },
            "properties": {
                "is_installed": true,
                "is_renting": true,
                "is_returning": true,
                "is_virtual_station": false,
                "last_reported": 1789293697,
                "name": "Kyriakou Matsi 2",
                "num_bikes_available": 2,
                "num_docks_available": 0,
                "region_id": "206",
                "rental_uris": {
                    "android": "https://app.nextbike.net/station?id=286318393",
                    "ios": "https://app.nextbike.net/station?id=286318393",
                    "web": "https://nxtb.it/p/286318393"
                },
                "short_name": "76703",
                "station_id": "286318393",
                "vehicle_types_available": [
                    {
                        "count": 2,
                        "vehicle_type_id": "162"
                    }
                ]
            },
            "type": "Feature"
        },
        {
            "geometry": {
                "coordinates": [
                    33.352573,
                    35.157031
                ],
                "type": "Point"
            },
            "properties": {
                "is_installed": true,
                "is_renting": true,
                "is_returning": true,
                "is_virtual_station": false,
                "last_reported": 1789293697,
                "name": "Kyriakou Matsi 5",
                "num_bikes_available": 1,
                "num_docks_available": 0,
                "region_id": "206",
                "rental_uris": {
                    "android": "https://app.nextbike.net/station?id=286344649",
                    "ios": "https://app.nextbike.net/station?id=286344649",
                    "web": "https://nxtb.it/p/286344649"
                },
                "short_name": "76706",
                "station_id": "286344649",
                "vehicle_types_available": [
                    {
                        "count": 1,
                        "vehicle_type_id": "162"
                    }
                ]
            },
            "type": "Feature"
        },
        {
            "geometry": {
                "coordinates": [
                    33.125909,
                    34.708489
                ],
                "type": "Point"
            },
            "properties": {
                "is_installed": true,
                "is_renting": true,
                "is_returning": true,
                "is_virtual_station": false,
                "last_reported": 1789293697,
                "name": "Four Seasons Hotel Bus Stop",
                "num_bikes_available": 3,
                "num_docks_available": 0,
                "region_id": "190",
                "rental_uris": {
                    "android": "https://app.nextbike.net/station?id=286951421",
                    "ios": "https://app.nextbike.net/station?id=286951421",
                    "web": "https://nxtb.it/p/286951421"
                },
                "short_name": "67909",
                "station_id": "286951421",
                "vehicle_types_available": [
                    {
                        "count": 1,
                        "vehicle_type_id": "340"
                    },
                    {
                        "count": 2,
                        "vehicle_type_id": "15"
                    }
                ]
            },
            "type": "Feature"
        },
        {
            "geometry": {
                "coordinates": [
                    33.122056,
                    34.707776
                ],
                "type": "Point"
            },
            "properties": {
                "is_installed": true,
                "is_renting": true,
                "is_returning": true,
                "is_virtual_station": false,
                "last_reported": 1789293697,
                "name": "AMATHOUNTOS 2 BUS STATIONS",
                "num_bikes_available": 3,
                "num_docks_available": 0,
                "region_id": "190",
                "rental_uris": {
                    "android": "https://app.nextbike.net/station?id=286958050",
                    "ios": "https://app.nextbike.net/station?id=286958050",
                    "web": "https://nxtb.it/p/286958050"
                },
                "short_name": "67911",
                "station_id": "286958050",
                "vehicle_types_available": [
                    {
                        "count": 3,
                        "vehicle_type_id": "340"
                    }
                ]
            },
            "type": "Feature"
        },
        {
            "geometry": {
                "coordinates": [
                    33.670935,
                    34.969616
                ],
                "type": "Point"
            },
            "properties": {
                "is_installed": true,
                "is_renting": true,
                "is_returning": true,
                "is_virtual_station": false,
                "last_reported": 1789293697,
                "name": "Mercure Beach Resort",
                "num_bikes_available": 0,
                "num_docks_available": 0,
                "region_id": "940",
                "rental_uris": {
                    "android": "https://app.nextbike.net/station?id=288373455",
                    "ios": "https://app.nextbike.net/station?id=288373455",
                    "web": "https://nxtb.it/p/288373455"
                },
                "short_name": "64003",
                "station_id": "288373455",
                "vehicle_types_available": []
            },
            "type": "Feature"
        },
        {
            "geometry": {
                "coordinates": [
                    33.63801,
                    34.912964
                ],
                "type": "Point"
            },
            "properties": {
                "is_installed": true,
                "is_renting": true,
                "is_returning": true,
                "is_virtual_station": false,
                "last_reported": 1789293697,
                "name": "Foinikoudes / Kolonaki Sea View",
                "num_bikes_available": 4,
                "num_docks_available": 0,
                "region_id": "940",
                "rental_uris": {
                    "android": "https://app.nextbike.net/station?id=294040309",
                    "ios": "https://app.nextbike.net/station?id=294040309",
                    "web": "https://nxtb.it/p/294040309"
                },
                "short_name": "64004",
                "station_id": "294040309",
                "vehicle_types_available": [
                    {
                        "count": 1,
                        "vehicle_type_id": "416"
                    },
                    {
                        "count": 3,
                        "vehicle_type_id": "340"
                    }
                ]
            },
            "type": "Feature"
        },
        {
            "geometry": {
                "coordinates": [
                    33.63736,
                    34.910599
                ],
                "type": "Point"
            },
            "properties": {
                "is_installed": true,
                "is_renting": true,
                "is_returning": true,
                "is_virtual_station": false,
                "last_reported": 1789293697,
                "name": "Larnaca Medieval",
                "num_bikes_available": 4,
                "num_docks_available": 0,
                "region_id": "940",
                "rental_uris": {
                    "android": "https://app.nextbike.net/station?id=294045247",
                    "ios": "https://app.nextbike.net/station?id=294045247",
                    "web": "https://nxtb.it/p/294045247"
                },
                "short_name": "64007",
                "station_id": "294045247",
                "vehicle_types_available": [
                    {
                        "count": 1,
                        "vehicle_type_id": "416"
                    },
                    {
                        "count": 2,
                        "vehicle_type_id": "15"
                    },
                    {
                        "count": 1,
                        "vehicle_type_id": "340"
                    }
                ]
            },
            "type": "Feature"
        },
        {
            "geometry": {
                "coordinates": [
                    33.634495,
                    34.911166
                ],
                "type": "Point"
            },
            "properties": {
                "is_installed": true,
                "is_renting": true,
                "is_returning": true,
                "is_virtual_station": false,
                "last_reported": 1789293697,
                "name": "Saint Lazarus",
                "num_bikes_available": 3,
                "num_docks_available": 0,
                "region_id": "940",
                "rental_uris": {
                    "android": "https://app.nextbike.net/station?id=294055036",
                    "ios": "https://app.nextbike.net/station?id=294055036",
                    "web": "https://nxtb.it/p/294055036"
                },
                "short_name": "64005",
                "station_id": "294055036",
                "vehicle_types_available": [
                    {
                        "count": 3,
                        "vehicle_type_id": "340"
                    }
                ]
            },
            "type": "Feature"
        },
        {
            "geometry": {
                "coordinates": [
                    33.63783,
                    34.911692
                ],
                "type": "Point"
            },
            "properties": {
                "is_installed": true,
                "is_renting": true,
                "is_returning": true,
                "is_virtual_station": false,
                "last_reported": 1789293697,
                "name": "Foinikoudes / Water Sports",
                "num_bikes_available": 3,
                "num_docks_available": 0,
                "region_id": "940",
                "rental_uris": {
                    "android": "https://app.nextbike.net/station?id=294198701",
                    "ios": "https://app.nextbike.net/station?id=294198701",
                    "web": "https://nxtb.it/p/294198701"
                },
                "short_name": "64006",
                "station_id": "294198701",
                "vehicle_types_available": [
                    {
                        "count": 2,
                        "vehicle_type_id": "340"
                    },
                    {
                        "count": 1,
                        "vehicle_type_id": "15"
                    }
                ]
            },
            "type": "Feature"
        },
        {
            "geometry": {
                "coordinates": [
                    33.638126,
                    34.915419
                ],
                "type": "Point"
            },
            "properties": {
                "is_installed": true,
                "is_renting": true,
                "is_returning": true,
                "is_virtual_station": false,
                "last_reported": 1789293697,
                "name": "Foinikoudes Intercity Bus Stop",
                "num_bikes_available": 1,
                "num_docks_available": 0,
                "region_id": "940",
                "rental_uris": {
                    "android": "https://app.nextbike.net/station?id=294220415",
                    "ios": "https://app.nextbike.net/station?id=294220415",
                    "web": "https://nxtb.it/p/294220415"
                },
                "short_name": "64002",
                "station_id": "294220415",
                "vehicle_types_available": [
                    {
                        "count": 1,
                        "vehicle_type_id": "340"
                    }
                ]
            },
            "type": "Feature"
        },
        {
            "geometry": {
                "coordinates": [
                    33.636655,
                    34.889614
                ],
                "type": "Point"
            },
            "properties": {
                "is_installed": true,
                "is_renting": true,
                "is_returning": true,
                "is_virtual_station": false,
                "last_reported": 1789293697,
                "name": "Mackenzie",
                "num_bikes_available": 3,
                "num_docks_available": 0,
                "region_id": "940",
                "rental_uris": {
                    "android": "https://app.nextbike.net/station?id=300450958",
                    "ios": "https://app.nextbike.net/station?id=300450958",
                    "web": "https://nxtb.it/p/300450958"
                },
                "short_name": "64014",
                "station_id": "300450958",
                "vehicle_types_available": [
                    {
                        "count": 2,
                        "vehicle_type_id": "340"
                    },
                    {
                        "count": 1,
                        "vehicle_type_id": "15"
                    }
                ]
            },
            "type": "Feature"
        },
        {
            "geometry": {
                "coordinates": [
                    33.637816,
                    34.907096
                ],
                "type": "Point"
            },
            "properties": {
                "is_installed": true,
                "is_renting": true,
                "is_returning": true,
                "is_virtual_station": false,
                "last_reported": 1789293697,
                "name": "Noesis",
                "num_bikes_available": 2,
                "num_docks_available": 0,
                "region_id": "940",
                "rental_uris": {
                    "android": "https://app.nextbike.net/station?id=302329281",
                    "ios": "https://app.nextbike.net/station?id=302329281",
                    "web": "https://nxtb.it/p/302329281"
                },
                "short_name": "64011",
                "station_id": "302329281",
                "vehicle_types_available": [
                    {
                        "count": 2,
                        "vehicle_type_id": "340"
                    }
                ]
            },
            "type": "Feature"
        },
        {
            "geometry": {
                "coordinates": [
                    33.637782,
                    34.904137
                ],
                "type": "Point"
            },
            "properties": {
                "is_installed": true,
                "is_renting": true,
                "is_returning": true,
                "is_virtual_station": false,
                "last_reported": 1789293697,
                "name": "Piyiale Pasa / Istiklal",
                "num_bikes_available": 2,
                "num_docks_available": 0,
                "region_id": "940",
                "rental_uris": {
                    "android": "https://app.nextbike.net/station?id=302346023",
                    "ios": "https://app.nextbike.net/station?id=302346023",
                    "web": "https://nxtb.it/p/302346023"
                },
                "short_name": "64013",
                "station_id": "302346023",
                "vehicle_types_available": [
                    {
                        "count": 1,
                        "vehicle_type_id": "340"
                    },
                    {
                        "count": 1,
                        "vehicle_type_id": "15"
                    }
                ]
            },
            "type": "Feature"
        },
        {
            "geometry": {
                "coordinates": [
                    33.626738,
                    34.916646
                ],
                "type": "Point"
            },
            "properties": {
                "is_installed": true,
                "is_renting": true,
                "is_returning": true,
                "is_virtual_station": false,
                "last_reported": 1789293697,
                "name": "Dimotiko Theatro Larnacas",
                "num_bikes_available": 3,
                "num_docks_available": 0,
                "region_id": "940",
                "rental_uris": {
                    "android": "https://app.nextbike.net/station?id=302433276",
                    "ios": "https://app.nextbike.net/station?id=302433276",
                    "web": "https://nxtb.it/p/302433276"
                },
                "short_name": "64015",
                "station_id": "302433276",
                "vehicle_types_available": [
                    {
                        "count": 1,
                        "vehicle_type_id": "30"
                    },
                    {
                        "count": 1,
                        "vehicle_type_id": "340"
                    },
                    {
                        "count": 1,
                        "vehicle_type_id": "15"
                    }
                ]
            },
            "type": "Feature"
        },
        {
            "geometry": {
                "coordinates": [
                    33.638248,
                    34.899105
                ],
                "type": "Point"
            },
            "properties": {
                "is_installed": true,
                "is_renting": true,
                "is_returning": true,
                "is_virtual_station": false,
                "last_reported": 1789293697,
                "name": "Zephyros",
                "num_bikes_available": 6,
                "num_docks_available": 0,
                "region_id": "940",
                "rental_uris": {
                    "android": "https://app.nextbike.net/station?id=305954227",
                    "ios": "https://app.nextbike.net/station?id=305954227",
                    "web": "https://nxtb.it/p/305954227"
                },
                "short_name": "64009",
                "station_id": "305954227",
                "vehicle_types_available": [
                    {
                        "count": 6,
                        "vehicle_type_id": "340"
                    }
                ]
            },
            "type": "Feature"
        },
        {
            "geometry": {
                "coordinates": [
                    33.634782,
                    34.914346
                ],
                "type": "Point"
            },
            "properties": {
                "is_installed": true,
                "is_renting": true,
                "is_returning": true,
                "is_virtual_station": false,
                "last_reported": 1789293697,
                "name": "Ermou Square",
                "num_bikes_available": 3,
                "num_docks_available": 0,
                "region_id": "940",
                "rental_uris": {
                    "android": "https://app.nextbike.net/station?id=305983228",
                    "ios": "https://app.nextbike.net/station?id=305983228",
                    "web": "https://nxtb.it/p/305983228"
                },
                "short_name": "64012",
                "station_id": "305983228",
                "vehicle_types_available": [
                    {
                        "count": 1,
                        "vehicle_type_id": "15"
                    },
                    {
                        "count": 2,
                        "vehicle_type_id": "340"
                    }
                ]
            },
            "type": "Feature"
        },
        {
            "geometry": {
                "coordinates": [
                    33.663816,
                    34.964626
                ],
                "type": "Point"
            },
            "properties": {
                "is_installed": true,
                "is_renting": true,
                "is_returning": true,
                "is_virtual_station": false,
                "last_reported": 1789293697,
                "name": "Lebay hotel",
                "num_bikes_available": 0,
                "num_docks_available": 0,
                "region_id": "940",
                "rental_uris": {
                    "android": "https://app.nextbike.net/station?id=306013218",
                    "ios": "https://app.nextbike.net/station?id=306013218",
                    "web": "https://nxtb.it/p/306013218"
                },
                "short_name": "64016",
                "station_id": "306013218",
                "vehicle_types_available": []
            },
            "type": "Feature"
        },
        {
            "geometry": {
                "coordinates": [
                    33.607974,
                    34.924811
                ],
                "type": "Point"
            },
            "properties": {
                "is_installed": true,
                "is_renting": true,
                "is_returning": true,
                "is_virtual_station": false,
                "last_reported": 1789293697,
                "name": "Metropolis Mall",
                "num_bikes_available": 0,
                "num_docks_available": 0,
                "region_id": "940",
                "rental_uris": {
                    "android": "https://app.nextbike.net/station?id=309083260",
                    "ios": "https://app.nextbike.net/station?id=309083260",
                    "web": "https://nxtb.it/p/309083260"
                },
                "short_name": "64017",
                "station_id": "309083260",
                "vehicle_types_available": []
            },
            "type": "Feature"
        },
        {
            "geometry": {
                "coordinates": [
                    33.012503,
                    34.686271
                ],
                "type": "Point"
            },
            "properties": {
                "is_installed": true,
                "is_renting": true,
                "is_returning": true,
                "is_virtual_station": false,
                "last_reported": 1789293697,
                "name": "Kizas Hair bar",
                "num_bikes_available": 3,
                "num_docks_available": 0,
                "region_id": "190",
                "rental_uris": {
                    "android": "https://app.nextbike.net/station?id=30922802",
                    "ios": "https://app.nextbike.net/station?id=30922802",
                    "web": "https://nxtb.it/p/30922802"
                },
                "short_name": "6790",
                "station_id": "30922802",
                "vehicle_types_available": [
                    {
                        "count": 3,
                        "vehicle_type_id": "340"
                    }
                ]
            },
            "type": "Feature"
        },
        {
            "geometry": {
                "coordinates": [
                    33.322964,
                    35.164531
                ],
                "type": "Point"
            },
            "properties": {
                "is_installed": true,
                "is_renting": true,
                "is_returning": true,
                "is_virtual_station": false,
                "last_reported": 1789293697,
                "name": "UNIC Medical center",
                "num_bikes_available": 4,
                "num_docks_available": 0,
                "region_id": "206",
                "rental_uris": {
                    "android": "https://app.nextbike.net/station?id=309637422",
                    "ios": "https://app.nextbike.net/station?id=309637422",
                    "web": "https://nxtb.it/p/309637422"
                },
                "short_name": "76524",
                "station_id": "309637422",
                "vehicle_types_available": [
                    {
                        "count": 4,
                        "vehicle_type_id": "162"
                    }
                ]
            },
            "type": "Feature"
        },
        {
            "geometry": {
                "coordinates": [
                    33.638764,
                    34.893724
                ],
                "type": "Point"
            },
            "properties": {
                "is_installed": true,
                "is_renting": true,
                "is_returning": true,
                "is_virtual_station": false,
                "last_reported": 1789293697,
                "name": "OLIV Hotel",
                "num_bikes_available": 5,
                "num_docks_available": 0,
                "region_id": "940",
                "rental_uris": {
                    "android": "https://app.nextbike.net/station?id=310024631",
                    "ios": "https://app.nextbike.net/station?id=310024631",
                    "web": "https://nxtb.it/p/310024631"
                },
                "short_name": "64018",
                "station_id": "310024631",
                "vehicle_types_available": [
                    {
                        "count": 3,
                        "vehicle_type_id": "340"
                    },
                    {
                        "count": 2,
                        "vehicle_type_id": "15"
                    }
                ]
            },
            "type": "Feature"
        },
        {
            "geometry": {
                "coordinates": [
                    33.041258,
                    34.672623
                ],
                "type": "Point"
            },
            "properties": {
                "capacity": 5,
                "is_installed": true,
                "is_renting": true,
                "is_returning": true,
                "is_virtual_station": false,
                "last_reported": 1789293697,
                "name": "Ankira 31",
                "num_bikes_available": 5,
                "num_docks_available": 0,
                "region_id": "190",
                "rental_uris": {
                    "android": "https://app.nextbike.net/station?id=31068313",
                    "ios": "https://app.nextbike.net/station?id=31068313",
                    "web": "https://nxtb.it/p/31068313"
                },
                "short_name": "6778",
                "station_id": "31068313",
                "vehicle_types_available": [
                    {
                        "count": 3,
                        "vehicle_type_id": "340"
                    },
                    {
                        "count": 1,
                        "vehicle_type_id": "15"
                    },
                    {
                        "count": 1,
                        "vehicle_type_id": "342"
                    }
                ]
            },
            "type": "Feature"
        },
        {
            "geometry": {
                "coordinates": [
                    33.039353,
                    34.670529
                ],
                "type": "Point"
            },
            "properties": {
                "capacity": 6,
                "is_installed": true,
                "is_renting": true,
                "is_returning": true,
                "is_virtual_station": false,
                "last_reported": 1789293697,
                "name": "LIMASSOL MARINA PARKING",
                "num_bikes_available": 2,
                "num_docks_available": 4,
                "region_id": "190",
                "rental_uris": {
                    "android": "https://app.nextbike.net/station?id=31079504",
                    "ios": "https://app.nextbike.net/station?id=31079504",
                    "web": "https://nxtb.it/p/31079504"
                },
                "short_name": "6780",
                "station_id": "31079504",
                "vehicle_types_available": [
                    {
                        "count": 1,
                        "vehicle_type_id": "15"
                    },
                    {
                        "count": 1,
                        "vehicle_type_id": "342"
                    }
                ]
            },
            "type": "Feature"
        },
        {
            "geometry": {
                "coordinates": [
                    33.041991,
                    34.670555
                ],
                "type": "Point"
            },
            "properties": {
                "capacity": 5,
                "is_installed": true,
                "is_renting": true,
                "is_returning": true,
                "is_virtual_station": false,
                "last_reported": 1789293697,
                "name": "Old Port /Marina",
                "num_bikes_available": 3,
                "num_docks_available": 2,
                "region_id": "190",
                "rental_uris": {
                    "android": "https://app.nextbike.net/station?id=31080456",
                    "ios": "https://app.nextbike.net/station?id=31080456",
                    "web": "https://nxtb.it/p/31080456"
                },
                "short_name": "6788",
                "station_id": "31080456",
                "vehicle_types_available": [
                    {
                        "count": 2,
                        "vehicle_type_id": "340"
                    },
                    {
                        "count": 1,
                        "vehicle_type_id": "342"
                    }
                ]
            },
            "type": "Feature"
        },
        {
            "geometry": {
                "coordinates": [
                    33.635311,
                    34.915793
                ],
                "type": "Point"
            },
            "properties": {
                "is_installed": true,
                "is_renting": true,
                "is_returning": true,
                "is_virtual_station": false,
                "last_reported": 1789293697,
                "name": "Nicolaides Boutique Hotel",
                "num_bikes_available": 2,
                "num_docks_available": 0,
                "region_id": "940",
                "rental_uris": {
                    "android": "https://app.nextbike.net/station?id=311371405",
                    "ios": "https://app.nextbike.net/station?id=311371405",
                    "web": "https://nxtb.it/p/311371405"
                },
                "short_name": "64025",
                "station_id": "311371405",
                "vehicle_types_available": [
                    {
                        "count": 2,
                        "vehicle_type_id": "340"
                    }
                ]
            },
            "type": "Feature"
        },
        {
            "geometry": {
                "coordinates": [
                    33.015295,
                    34.691614
                ],
                "type": "Point"
            },
            "properties": {
                "is_installed": true,
                "is_renting": true,
                "is_returning": true,
                "is_virtual_station": false,
                "last_reported": 1789293697,
                "name": "RIVER CAFE",
                "num_bikes_available": 3,
                "num_docks_available": 0,
                "region_id": "190",
                "rental_uris": {
                    "android": "https://app.nextbike.net/station?id=31396706",
                    "ios": "https://app.nextbike.net/station?id=31396706",
                    "web": "https://nxtb.it/p/31396706"
                },
                "short_name": "6792",
                "station_id": "31396706",
                "vehicle_types_available": [
                    {
                        "count": 3,
                        "vehicle_type_id": "340"
                    }
                ]
            },
            "type": "Feature"
        },
        {
            "geometry": {
                "coordinates": [
                    33.615789,
                    34.920698
                ],
                "type": "Point"
            },
            "properties": {
                "is_installed": true,
                "is_renting": true,
                "is_returning": true,
                "is_virtual_station": false,
                "last_reported": 1789293697,
                "name": "Foundever Griva Digeni",
                "num_bikes_available": 2,
                "num_docks_available": 0,
                "region_id": "940",
                "rental_uris": {
                    "android": "https://app.nextbike.net/station?id=314166348",
                    "ios": "https://app.nextbike.net/station?id=314166348",
                    "web": "https://nxtb.it/p/314166348"
                },
                "short_name": "64019",
                "station_id": "314166348",
                "vehicle_types_available": [
                    {
                        "count": 1,
                        "vehicle_type_id": "340"
                    },
                    {
                        "count": 1,
                        "vehicle_type_id": "15"
                    }
                ]
            },
            "type": "Feature"
        },
        {
            "geometry": {
                "coordinates": [
                    33.625067,
                    34.929993
                ],
                "type": "Point"
            },
            "properties": {
                "is_installed": true,
                "is_renting": true,
                "is_returning": true,
                "is_virtual_station": false,
                "last_reported": 1789293697,
                "name": "Foundever Bricolage",
                "num_bikes_available": 5,
                "num_docks_available": 0,
                "region_id": "940",
                "rental_uris": {
                    "android": "https://app.nextbike.net/station?id=314175319",
                    "ios": "https://app.nextbike.net/station?id=314175319",
                    "web": "https://nxtb.it/p/314175319"
                },
                "short_name": "64020",
                "station_id": "314175319",
                "vehicle_types_available": [
                    {
                        "count": 1,
                        "vehicle_type_id": "162"
                    },
                    {
                        "count": 3,
                        "vehicle_type_id": "340"
                    },
                    {
                        "count": 1,
                        "vehicle_type_id": "15"
                    }
                ]
            },
            "type": "Feature"
        },
        {
            "geometry": {
                "coordinates": [
                    33.010606,
                    34.688195
                ],
                "type": "Point"
            },
            "properties": {
                "capacity": 4,
                "is_installed": true,
                "is_renting": true,
                "is_returning": true,
                "is_virtual_station": false,
                "last_reported": 1789293697,
                "name": "McDonald's /Jumbo parking",
                "num_bikes_available": 3,
                "num_docks_available": 1,
                "region_id": "190",
                "rental_uris": {
                    "android": "https://app.nextbike.net/station?id=31465946",
                    "ios": "https://app.nextbike.net/station?id=31465946",
                    "web": "https://nxtb.it/p/31465946"
                },
                "short_name": "6793",
                "station_id": "31465946",
                "vehicle_types_available": [
                    {
                        "count": 3,
                        "vehicle_type_id": "340"
                    }
                ]
            },
            "type": "Feature"
        },
        {
            "geometry": {
                "coordinates": [
                    33.017001,
                    34.689113
                ],
                "type": "Point"
            },
            "properties": {
                "is_installed": true,
                "is_renting": true,
                "is_returning": true,
                "is_virtual_station": false,
                "last_reported": 1789293697,
                "name": "Makedonias garilis park",
                "num_bikes_available": 4,
                "num_docks_available": 0,
                "region_id": "190",
                "rental_uris": {
                    "android": "https://app.nextbike.net/station?id=31466757",
                    "ios": "https://app.nextbike.net/station?id=31466757",
                    "web": "https://nxtb.it/p/31466757"
                },
                "short_name": "6796",
                "station_id": "31466757",
                "vehicle_types_available": [
                    {
                        "count": 4,
                        "vehicle_type_id": "340"
                    }
                ]
            },
            "type": "Feature"
        },
        {
            "geometry": {
                "coordinates": [
                    33.617485,
                    34.923347
                ],
                "type": "Point"
            },
            "properties": {
                "is_installed": true,
                "is_renting": true,
                "is_returning": true,
                "is_virtual_station": false,
                "last_reported": 1789293697,
                "name": "Alpha Mega",
                "num_bikes_available": 0,
                "num_docks_available": 0,
                "region_id": "940",
                "rental_uris": {
                    "android": "https://app.nextbike.net/station?id=314835827",
                    "ios": "https://app.nextbike.net/station?id=314835827",
                    "web": "https://nxtb.it/p/314835827"
                },
                "short_name": "64022",
                "station_id": "314835827",
                "vehicle_types_available": []
            },
            "type": "Feature"
        },
        {
            "geometry": {
                "coordinates": [
                    33.635193,
                    34.914918
                ],
                "type": "Point"
            },
            "properties": {
                "is_installed": true,
                "is_renting": true,
                "is_returning": true,
                "is_virtual_station": false,
                "last_reported": 1789293697,
                "name": "St. Stephen Armenian Church",
                "num_bikes_available": 2,
                "num_docks_available": 0,
                "region_id": "940",
                "rental_uris": {
                    "android": "https://app.nextbike.net/station?id=314842273",
                    "ios": "https://app.nextbike.net/station?id=314842273",
                    "web": "https://nxtb.it/p/314842273"
                },
                "short_name": "64021",
                "station_id": "314842273",
                "vehicle_types_available": [
                    {
                        "count": 1,
                        "vehicle_type_id": "15"
                    },
                    {
                        "count": 1,
                        "vehicle_type_id": "340"
                    }
                ]
            },
            "type": "Feature"
        },
        {
            "geometry": {
                "coordinates": [
                    33.639489,
                    34.935174
                ],
                "type": "Point"
            },
            "properties": {
                "is_installed": true,
                "is_renting": true,
                "is_returning": true,
                "is_virtual_station": false,
                "last_reported": 1789293697,
                "name": "Lidl",
                "num_bikes_available": 4,
                "num_docks_available": 0,
                "region_id": "940",
                "rental_uris": {
                    "android": "https://app.nextbike.net/station?id=314858297",
                    "ios": "https://app.nextbike.net/station?id=314858297",
                    "web": "https://nxtb.it/p/314858297"
                },
                "short_name": "64023",
                "station_id": "314858297",
                "vehicle_types_available": [
                    {
                        "count": 3,
                        "vehicle_type_id": "15"
                    },
                    {
                        "count": 1,
                        "vehicle_type_id": "340"
                    }
                ]
            },
            "type": "Feature"
        },
        {
            "geometry": {
                "coordinates": [
                    33.643365,
                    34.942404
                ],
                "type": "Point"
            },
            "properties": {
                "is_installed": true,
                "is_renting": true,
                "is_returning": true,
                "is_virtual_station": false,
                "last_reported": 1789293697,
                "name": "American University",
                "num_bikes_available": 3,
                "num_docks_available": 0,
                "region_id": "940",
                "rental_uris": {
                    "android": "https://app.nextbike.net/station?id=314867714",
                    "ios": "https://app.nextbike.net/station?id=314867714",
                    "web": "https://nxtb.it/p/314867714"
                },
                "short_name": "64024",
                "station_id": "314867714",
                "vehicle_types_available": [
                    {
                        "count": 2,
                        "vehicle_type_id": "340"
                    },
                    {
                        "count": 1,
                        "vehicle_type_id": "15"
                    }
                ]
            },
            "type": "Feature"
        },
        {
            "geometry": {
                "coordinates": [
                    33.633667,
                    34.9185
                ],
                "type": "Point"
            },
            "properties": {
                "is_installed": true,
                "is_renting": true,
                "is_returning": true,
                "is_virtual_station": false,
                "last_reported": 1789293697,
                "name": "St Joseph church",
                "num_bikes_available": 0,
                "num_docks_available": 0,
                "region_id": "940",
                "rental_uris": {
                    "android": "https://app.nextbike.net/station?id=314953933",
                    "ios": "https://app.nextbike.net/station?id=314953933",
                    "web": "https://nxtb.it/p/314953933"
                },
                "short_name": "64026",
                "station_id": "314953933",
                "vehicle_types_available": []
            },
            "type": "Feature"
        },
        {
            "geometry": {
                "coordinates": [
                    33.666707,
                    34.966822
                ],
                "type": "Point"
            },
            "properties": {
                "is_installed": true,
                "is_renting": true,
                "is_returning": true,
                "is_virtual_station": false,
                "last_reported": 1789293697,
                "name": "Lovesea Kiosk",
                "num_bikes_available": 3,
                "num_docks_available": 0,
                "region_id": "940",
                "rental_uris": {
                    "android": "https://app.nextbike.net/station?id=317623308",
                    "ios": "https://app.nextbike.net/station?id=317623308",
                    "web": "https://nxtb.it/p/317623308"
                },
                "short_name": "64027",
                "station_id": "317623308",
                "vehicle_types_available": [
                    {
                        "count": 1,
                        "vehicle_type_id": "339"
                    },
                    {
                        "count": 1,
                        "vehicle_type_id": "340"
                    },
                    {
                        "count": 1,
                        "vehicle_type_id": "15"
                    }
                ]
            },
            "type": "Feature"
        },
        {
            "geometry": {
                "coordinates": [
                    33.636848,
                    34.931843
                ],
                "type": "Point"
            },
            "properties": {
                "is_installed": true,
                "is_renting": true,
                "is_returning": true,
                "is_virtual_station": false,
                "last_reported": 1789293697,
                "name": "Radisson Blu Hotel",
                "num_bikes_available": 9,
                "num_docks_available": 0,
                "region_id": "940",
                "rental_uris": {
                    "android": "https://app.nextbike.net/station?id=320911960",
                    "ios": "https://app.nextbike.net/station?id=320911960",
                    "web": "https://nxtb.it/p/320911960"
                },
                "short_name": "64028",
                "station_id": "320911960",
                "vehicle_types_available": [
                    {
                        "count": 1,
                        "vehicle_type_id": "4"
                    },
                    {
                        "count": 1,
                        "vehicle_type_id": "15"
                    },
                    {
                        "count": 7,
                        "vehicle_type_id": "340"
                    }
                ]
            },
            "type": "Feature"
        },
        {
            "geometry": {
                "coordinates": [
                    33.045176,
                    34.699319
                ],
                "type": "Point"
            },
            "properties": {
                "is_installed": true,
                "is_renting": true,
                "is_returning": true,
                "is_virtual_station": false,
                "last_reported": 1789293697,
                "name": "I Love Mesa Geitonia",
                "num_bikes_available": 4,
                "num_docks_available": 0,
                "region_id": "190",
                "rental_uris": {
                    "android": "https://app.nextbike.net/station?id=321488498",
                    "ios": "https://app.nextbike.net/station?id=321488498",
                    "web": "https://nxtb.it/p/321488498"
                },
                "short_name": "67915",
                "station_id": "321488498",
                "vehicle_types_available": [
                    {
                        "count": 1,
                        "vehicle_type_id": "15"
                    },
                    {
                        "count": 2,
                        "vehicle_type_id": "340"
                    },
                    {
                        "count": 1,
                        "vehicle_type_id": "342"
                    }
                ]
            },
            "type": "Feature"
        },
        {
            "geometry": {
                "coordinates": [
                    33.044722,
                    34.692139
                ],
                "type": "Point"
            },
            "properties": {
                "is_installed": true,
                "is_renting": true,
                "is_returning": true,
                "is_virtual_station": false,
                "last_reported": 1789293697,
                "name": "Sigma Bakery Mesa Geitonia",
                "num_bikes_available": 3,
                "num_docks_available": 0,
                "region_id": "190",
                "rental_uris": {
                    "android": "https://app.nextbike.net/station?id=321493986",
                    "ios": "https://app.nextbike.net/station?id=321493986",
                    "web": "https://nxtb.it/p/321493986"
                },
                "short_name": "67916",
                "station_id": "321493986",
                "vehicle_types_available": [
                    {
                        "count": 1,
                        "vehicle_type_id": "340"
                    },
                    {
                        "count": 2,
                        "vehicle_type_id": "15"
                    }
                ]
            },
            "type": "Feature"
        },
        {
            "geometry": {
                "coordinates": [
                    33.065726,
                    34.694481
                ],
                "type": "Point"
            },
            "properties": {
                "is_installed": true,
                "is_renting": true,
                "is_returning": true,
                "is_virtual_station": false,
                "last_reported": 1789293697,
                "name": "Kolonakiou / opposite Bank of Cyprus",
                "num_bikes_available": 2,
                "num_docks_available": 0,
                "region_id": "190",
                "rental_uris": {
                    "android": "https://app.nextbike.net/station?id=321959279",
                    "ios": "https://app.nextbike.net/station?id=321959279",
                    "web": "https://nxtb.it/p/321959279"
                },
                "short_name": "67920",
                "station_id": "321959279",
                "vehicle_types_available": [
                    {
                        "count": 2,
                        "vehicle_type_id": "340"
                    }
                ]
            },
            "type": "Feature"
        },
        {
            "geometry": {
                "coordinates": [
                    33.058676,
                    34.697528
                ],
                "type": "Point"
            },
            "properties": {
                "is_installed": true,
                "is_renting": true,
                "is_returning": true,
                "is_virtual_station": false,
                "last_reported": 1789293697,
                "name": "DTA Residence",
                "num_bikes_available": 3,
                "num_docks_available": 0,
                "region_id": "190",
                "rental_uris": {
                    "android": "https://app.nextbike.net/station?id=321961607",
                    "ios": "https://app.nextbike.net/station?id=321961607",
                    "web": "https://nxtb.it/p/321961607"
                },
                "short_name": "67921",
                "station_id": "321961607",
                "vehicle_types_available": [
                    {
                        "count": 1,
                        "vehicle_type_id": "15"
                    },
                    {
                        "count": 1,
                        "vehicle_type_id": "340"
                    },
                    {
                        "count": 1,
                        "vehicle_type_id": "342"
                    }
                ]
            },
            "type": "Feature"
        },
        {
            "geometry": {
                "coordinates": [
                    33.636494,
                    34.913993
                ],
                "type": "Point"
            },
            "properties": {
                "is_installed": true,
                "is_renting": false,
                "is_returning": false,
                "is_virtual_station": false,
                "last_reported": 1789293697,
                "name": "Timinis",
                "num_bikes_available": 0,
                "num_docks_available": 0,
                "region_id": "940",
                "rental_uris": {
                    "android": "https://app.nextbike.net/station?id=334063317",
                    "ios": "https://app.nextbike.net/station?id=334063317",
                    "web": "https://nxtb.it/p/334063317"
                },
                "short_name": "64029",
                "station_id": "334063317",
                "vehicle_types_available": []
            },
            "type": "Feature"
        },
        {
            "geometry": {
                "coordinates": [
                    33.632882,
                    34.911415
                ],
                "type": "Point"
            },
            "properties": {
                "is_installed": true,
                "is_renting": true,
                "is_returning": true,
                "is_virtual_station": false,
                "last_reported": 1789293697,
                "name": "Hotel Indigo",
                "num_bikes_available": 3,
                "num_docks_available": 0,
                "region_id": "940",
                "rental_uris": {
                    "android": "https://app.nextbike.net/station?id=344588918",
                    "ios": "https://app.nextbike.net/station?id=344588918",
                    "web": "https://nxtb.it/p/344588918"
                },
                "short_name": "64030",
                "station_id": "344588918",
                "vehicle_types_available": [
                    {
                        "count": 1,
                        "vehicle_type_id": "416"
                    },
                    {
                        "count": 1,
                        "vehicle_type_id": "340"
                    },
                    {
                        "count": 1,
                        "vehicle_type_id": "15"
                    }
                ]
            },
            "type": "Feature"
        },
        {
            "geometry": {
                "coordinates": [
                    32.997879,
                    34.652812
                ],
                "type": "Point"
            },
            "properties": {
                "is_installed": true,
                "is_renting": true,
                "is_returning": true,
                "is_virtual_station": false,
                "last_reported": 1789293697,
                "name": "MyMall entrance B",
                "num_bikes_available": 2,
                "num_docks_available": 0,
                "region_id": "190",
                "rental_uris": {
                    "android": "https://app.nextbike.net/station?id=344948369",
                    "ios": "https://app.nextbike.net/station?id=344948369",
                    "web": "https://nxtb.it/p/344948369"
                },
                "short_name": "67409",
                "station_id": "344948369",
                "vehicle_types_available": [
                    {
                        "count": 1,
                        "vehicle_type_id": "15"
                    },
                    {
                        "count": 1,
                        "vehicle_type_id": "340"
                    }
                ]
            },
            "type": "Feature"
        },
        {
            "geometry": {
                "coordinates": [
                    32.996365,
                    34.653671
                ],
                "type": "Point"
            },
            "properties": {
                "is_installed": true,
                "is_renting": true,
                "is_returning": true,
                "is_virtual_station": false,
                "last_reported": 1789293697,
                "name": "MyMall entrance D",
                "num_bikes_available": 3,
                "num_docks_available": 0,
                "region_id": "190",
                "rental_uris": {
                    "android": "https://app.nextbike.net/station?id=345920258",
                    "ios": "https://app.nextbike.net/station?id=345920258",
                    "web": "https://nxtb.it/p/345920258"
                },
                "short_name": "67918",
                "station_id": "345920258",
                "vehicle_types_available": [
                    {
                        "count": 3,
                        "vehicle_type_id": "340"
                    }
                ]
            },
            "type": "Feature"
        },
        {
            "geometry": {
                "coordinates": [
                    33.051679,
                    34.678649
                ],
                "type": "Point"
            },
            "properties": {
                "capacity": 20,
                "is_installed": true,
                "is_renting": true,
                "is_returning": true,
                "is_virtual_station": false,
                "last_reported": 1789293697,
                "name": "Molos",
                "num_bikes_available": 15,
                "num_docks_available": 5,
                "region_id": "190",
                "rental_uris": {
                    "android": "https://app.nextbike.net/station?id=349446",
                    "ios": "https://app.nextbike.net/station?id=349446",
                    "web": "https://nxtb.it/p/349446"
                },
                "short_name": "6750",
                "station_id": "349446",
                "vehicle_types_available": [
                    {
                        "count": 1,
                        "vehicle_type_id": "416"
                    },
                    {
                        "count": 6,
                        "vehicle_type_id": "340"
                    },
                    {
                        "count": 8,
                        "vehicle_type_id": "342"
                    }
                ]
            },
            "type": "Feature"
        },
        {
            "geometry": {
                "coordinates": [
                    33.369187,
                    35.169896
                ],
                "type": "Point"
            },
            "properties": {
                "is_installed": true,
                "is_renting": true,
                "is_returning": true,
                "is_virtual_station": false,
                "last_reported": 1789293697,
                "name": "Bus station",
                "num_bikes_available": 1,
                "num_docks_available": 0,
                "region_id": "206",
                "rental_uris": {
                    "android": "https://app.nextbike.net/station?id=354652731",
                    "ios": "https://app.nextbike.net/station?id=354652731",
                    "web": "https://nxtb.it/p/354652731"
                },
                "short_name": "76527",
                "station_id": "354652731",
                "vehicle_types_available": [
                    {
                        "count": 1,
                        "vehicle_type_id": "162"
                    }
                ]
            },
            "type": "Feature"
        },
        {
            "geometry": {
                "coordinates": [
                    33.375064,
                    35.160122
                ],
                "type": "Point"
            },
            "properties": {
                "is_installed": true,
                "is_renting": true,
                "is_returning": true,
                "is_virtual_station": false,
                "last_reported": 1789293697,
                "name": "Nicosia City Center",
                "num_bikes_available": 1,
                "num_docks_available": 0,
                "region_id": "206",
                "rental_uris": {
                    "android": "https://app.nextbike.net/station?id=354671164",
                    "ios": "https://app.nextbike.net/station?id=354671164",
                    "web": "https://nxtb.it/p/354671164"
                },
                "short_name": "76529",
                "station_id": "354671164",
                "vehicle_types_available": [
                    {
                        "count": 1,
                        "vehicle_type_id": "204"
                    }
                ]
            },
            "type": "Feature"
        },
        {
            "geometry": {
                "coordinates": [
                    32.42251,
                    34.774847
                ],
                "type": "Point"
            },
            "properties": {
                "is_installed": true,
                "is_renting": true,
                "is_returning": true,
                "is_virtual_station": false,
                "last_reported": 1789293697,
                "name": "Pafos Municipal Library",
                "num_bikes_available": 1,
                "num_docks_available": 0,
                "region_id": "957",
                "rental_uris": {
                    "android": "https://app.nextbike.net/station?id=379166279",
                    "ios": "https://app.nextbike.net/station?id=379166279",
                    "web": "https://nxtb.it/p/379166279"
                },
                "short_name": "64060",
                "station_id": "379166279",
                "vehicle_types_available": [
                    {
                        "count": 1,
                        "vehicle_type_id": "339"
                    }
                ]
            },
            "type": "Feature"
        },
        {
            "geometry": {
                "coordinates": [
                    32.422441,
                    34.776323
                ],
                "type": "Point"
            },
            "properties": {
                "is_installed": true,
                "is_renting": true,
                "is_returning": true,
                "is_virtual_station": false,
                "last_reported": 1789293697,
                "name": "Attikon Multicultural Space",
                "num_bikes_available": 4,
                "num_docks_available": 0,
                "region_id": "957",
                "rental_uris": {
                    "android": "https://app.nextbike.net/station?id=379169631",
                    "ios": "https://app.nextbike.net/station?id=379169631",
                    "web": "https://nxtb.it/p/379169631"
                },
                "short_name": "64061",
                "station_id": "379169631",
                "vehicle_types_available": [
                    {
                        "count": 3,
                        "vehicle_type_id": "340"
                    },
                    {
                        "count": 1,
                        "vehicle_type_id": "339"
                    }
                ]
            },
            "type": "Feature"
        },
        {
            "geometry": {
                "coordinates": [
                    32.422243,
                    34.778722
                ],
                "type": "Point"
            },
            "properties": {
                "is_installed": true,
                "is_renting": true,
                "is_returning": true,
                "is_virtual_station": false,
                "last_reported": 1789293697,
                "name": "Karavella Bus Station",
                "num_bikes_available": 1,
                "num_docks_available": 0,
                "region_id": "957",
                "rental_uris": {
                    "android": "https://app.nextbike.net/station?id=379176217",
                    "ios": "https://app.nextbike.net/station?id=379176217",
                    "web": "https://nxtb.it/p/379176217"
                },
                "short_name": "64062",
                "station_id": "379176217",
                "vehicle_types_available": [
                    {
                        "count": 1,
                        "vehicle_type_id": "340"
                    }
                ]
            },
            "type": "Feature"
        },
        {
            "geometry": {
                "coordinates": [
                    32.420177,
                    34.779857
                ],
                "type": "Point"
            },
            "properties": {
                "is_installed": true,
                "is_renting": true,
                "is_returning": true,
                "is_virtual_station": false,
                "last_reported": 1789293697,
                "name": "Pervola Municipal Parking",
                "num_bikes_available": 1,
                "num_docks_available": 0,
                "region_id": "957",
                "rental_uris": {
                    "android": "https://app.nextbike.net/station?id=379179555",
                    "ios": "https://app.nextbike.net/station?id=379179555",
                    "web": "https://nxtb.it/p/379179555"
                },
                "short_name": "64063",
                "station_id": "379179555",
                "vehicle_types_available": [
                    {
                        "count": 1,
                        "vehicle_type_id": "340"
                    }
                ]
            },
            "type": "Feature"
        },
        {
            "geometry": {
                "coordinates": [
                    32.418761,
                    34.778178
                ],
                "type": "Point"
            },
            "properties": {
                "is_installed": true,
                "is_renting": true,
                "is_returning": true,
                "is_virtual_station": false,
                "last_reported": 1789293697,
                "name": "Pafos Municipal Market",
                "num_bikes_available": 3,
                "num_docks_available": 0,
                "region_id": "957",
                "rental_uris": {
                    "android": "https://app.nextbike.net/station?id=379183268",
                    "ios": "https://app.nextbike.net/station?id=379183268",
                    "web": "https://nxtb.it/p/379183268"
                },
                "short_name": "64064",
                "station_id": "379183268",
                "vehicle_types_available": [
                    {
                        "count": 2,
                        "vehicle_type_id": "15"
                    },
                    {
                        "count": 1,
                        "vehicle_type_id": "340"
                    }
                ]
            },
            "type": "Feature"
        },
        {
            "geometry": {
                "coordinates": [
                    32.419423,
                    34.776874
                ],
                "type": "Point"
            },
            "properties": {
                "is_installed": true,
                "is_renting": true,
                "is_returning": true,
                "is_virtual_station": false,
                "last_reported": 1789293697,
                "name": "District Administration Square",
                "num_bikes_available": 4,
                "num_docks_available": 0,
                "region_id": "957",
                "rental_uris": {
                    "android": "https://app.nextbike.net/station?id=379185150",
                    "ios": "https://app.nextbike.net/station?id=379185150",
                    "web": "https://nxtb.it/p/379185150"
                },
                "short_name": "64065",
                "station_id": "379185150",
                "vehicle_types_available": [
                    {
                        "count": 4,
                        "vehicle_type_id": "340"
                    }
                ]
            },
            "type": "Feature"
        },
        {
            "geometry": {
                "coordinates": [
                    32.432521,
                    34.771495
                ],
                "type": "Point"
            },
            "properties": {
                "is_installed": true,
                "is_renting": true,
                "is_returning": true,
                "is_virtual_station": false,
                "last_reported": 1789293697,
                "name": "Mediteraneo",
                "num_bikes_available": 0,
                "num_docks_available": 0,
                "region_id": "957",
                "rental_uris": {
                    "android": "https://app.nextbike.net/station?id=379186721",
                    "ios": "https://app.nextbike.net/station?id=379186721",
                    "web": "https://nxtb.it/p/379186721"
                },
                "short_name": "64066",
                "station_id": "379186721",
                "vehicle_types_available": []
            },
            "type": "Feature"
        },
        {
            "geometry": {
                "coordinates": [
                    32.429907,
                    34.762747
                ],
                "type": "Point"
            },
            "properties": {
                "is_installed": true,
                "is_renting": true,
                "is_returning": true,
                "is_virtual_station": false,
                "last_reported": 1789293697,
                "name": "Universal",
                "num_bikes_available": 0,
                "num_docks_available": 0,
                "region_id": "957",
                "rental_uris": {
                    "android": "https://app.nextbike.net/station?id=379187664",
                    "ios": "https://app.nextbike.net/station?id=379187664",
                    "web": "https://nxtb.it/p/379187664"
                },
                "short_name": "64067",
                "station_id": "379187664",
                "vehicle_types_available": []
            },
            "type": "Feature"
        },
        {
            "geometry": {
                "coordinates": [
                    32.422008,
                    34.750232
                ],
                "type": "Point"
            },
            "properties": {
                "is_installed": true,
                "is_renting": true,
                "is_returning": true,
                "is_virtual_station": false,
                "last_reported": 1789293697,
                "name": "Sodap Municipal Parking",
                "num_bikes_available": 5,
                "num_docks_available": 0,
                "region_id": "957",
                "rental_uris": {
                    "android": "https://app.nextbike.net/station?id=379190399",
                    "ios": "https://app.nextbike.net/station?id=379190399",
                    "web": "https://nxtb.it/p/379190399"
                },
                "short_name": "64068",
                "station_id": "379190399",
                "vehicle_types_available": [
                    {
                        "count": 1,
                        "vehicle_type_id": "339"
                    },
                    {
                        "count": 3,
                        "vehicle_type_id": "340"
                    },
                    {
                        "count": 1,
                        "vehicle_type_id": "15"
                    }
                ]
            },
            "type": "Feature"
        },
        {
            "geometry": {
                "coordinates": [
                    32.416346,
                    34.755615
                ],
                "type": "Point"
            },
            "properties": {
                "is_installed": true,
                "is_renting": true,
                "is_returning": true,
                "is_virtual_station": false,
                "last_reported": 1789293697,
                "name": "Outdoor fitness area - Mpania",
                "num_bikes_available": 3,
                "num_docks_available": 0,
                "region_id": "957",
                "rental_uris": {
                    "android": "https://app.nextbike.net/station?id=379191614",
                    "ios": "https://app.nextbike.net/station?id=379191614",
                    "web": "https://nxtb.it/p/379191614"
                },
                "short_name": "64069",
                "station_id": "379191614",
                "vehicle_types_available": [
                    {
                        "count": 3,
                        "vehicle_type_id": "340"
                    }
                ]
            },
            "type": "Feature"
        },
        {
            "geometry": {
                "coordinates": [
                    32.410998,
                    34.756025
                ],
                "type": "Point"
            },
            "properties": {
                "is_installed": true,
                "is_renting": true,
                "is_returning": true,
                "is_virtual_station": false,
                "last_reported": 1789293697,
                "name": "Harbour Kiosk",
                "num_bikes_available": 5,
                "num_docks_available": 0,
                "region_id": "957",
                "rental_uris": {
                    "android": "https://app.nextbike.net/station?id=379193457",
                    "ios": "https://app.nextbike.net/station?id=379193457",
                    "web": "https://nxtb.it/p/379193457"
                },
                "short_name": "64071",
                "station_id": "379193457",
                "vehicle_types_available": [
                    {
                        "count": 2,
                        "vehicle_type_id": "339"
                    },
                    {
                        "count": 3,
                        "vehicle_type_id": "340"
                    }
                ]
            },
            "type": "Feature"
        },
        {
            "geometry": {
                "coordinates": [
                    32.408659,
                    34.756043
                ],
                "type": "Point"
            },
            "properties": {
                "is_installed": true,
                "is_renting": true,
                "is_returning": true,
                "is_virtual_station": false,
                "last_reported": 1789293697,
                "name": "Nea Pafos Archaeological Site",
                "num_bikes_available": 10,
                "num_docks_available": 0,
                "region_id": "957",
                "rental_uris": {
                    "android": "https://app.nextbike.net/station?id=379194900",
                    "ios": "https://app.nextbike.net/station?id=379194900",
                    "web": "https://nxtb.it/p/379194900"
                },
                "short_name": "64072",
                "station_id": "379194900",
                "vehicle_types_available": [
                    {
                        "count": 2,
                        "vehicle_type_id": "339"
                    },
                    {
                        "count": 8,
                        "vehicle_type_id": "340"
                    }
                ]
            },
            "type": "Feature"
        },
        {
            "geometry": {
                "coordinates": [
                    32.406988,
                    34.7646
                ],
                "type": "Point"
            },
            "properties": {
                "is_installed": true,
                "is_renting": true,
                "is_returning": true,
                "is_virtual_station": false,
                "last_reported": 1789293697,
                "name": "Lighthouse Public Beach",
                "num_bikes_available": 0,
                "num_docks_available": 0,
                "region_id": "957",
                "rental_uris": {
                    "android": "https://app.nextbike.net/station?id=379196351",
                    "ios": "https://app.nextbike.net/station?id=379196351",
                    "web": "https://nxtb.it/p/379196351"
                },
                "short_name": "64073",
                "station_id": "379196351",
                "vehicle_types_available": []
            },
            "type": "Feature"
        },
        {
            "geometry": {
                "coordinates": [
                    32.40838,
                    34.774904
                ],
                "type": "Point"
            },
            "properties": {
                "is_installed": true,
                "is_renting": true,
                "is_returning": true,
                "is_virtual_station": false,
                "last_reported": 1789293697,
                "name": "Tombs of the Kings",
                "num_bikes_available": 3,
                "num_docks_available": 0,
                "region_id": "957",
                "rental_uris": {
                    "android": "https://app.nextbike.net/station?id=379197426",
                    "ios": "https://app.nextbike.net/station?id=379197426",
                    "web": "https://nxtb.it/p/379197426"
                },
                "short_name": "64074",
                "station_id": "379197426",
                "vehicle_types_available": [
                    {
                        "count": 3,
                        "vehicle_type_id": "340"
                    }
                ]
            },
            "type": "Feature"
        },
        {
            "geometry": {
                "coordinates": [
                    32.410952,
                    34.770298
                ],
                "type": "Point"
            },
            "properties": {
                "is_installed": true,
                "is_renting": true,
                "is_returning": true,
                "is_virtual_station": false,
                "last_reported": 1789293697,
                "name": "Tombs of the Kings Bus Station",
                "num_bikes_available": 1,
                "num_docks_available": 0,
                "region_id": "957",
                "rental_uris": {
                    "android": "https://app.nextbike.net/station?id=379198957",
                    "ios": "https://app.nextbike.net/station?id=379198957",
                    "web": "https://nxtb.it/p/379198957"
                },
                "short_name": "64075",
                "station_id": "379198957",
                "vehicle_types_available": [
                    {
                        "count": 1,
                        "vehicle_type_id": "15"
                    }
                ]
            },
            "type": "Feature"
        },
        {
            "geometry": {
                "coordinates": [
                    32.438512,
                    34.773706
                ],
                "type": "Point"
            },
            "properties": {
                "is_installed": true,
                "is_renting": true,
                "is_returning": true,
                "is_virtual_station": false,
                "last_reported": 1789293697,
                "name": "Vigour Gym",
                "num_bikes_available": 2,
                "num_docks_available": 0,
                "region_id": "957",
                "rental_uris": {
                    "android": "https://app.nextbike.net/station?id=379201842",
                    "ios": "https://app.nextbike.net/station?id=379201842",
                    "web": "https://nxtb.it/p/379201842"
                },
                "short_name": "64076",
                "station_id": "379201842",
                "vehicle_types_available": [
                    {
                        "count": 1,
                        "vehicle_type_id": "340"
                    },
                    {
                        "count": 1,
                        "vehicle_type_id": "339"
                    }
                ]
            },
            "type": "Feature"
        },
        {
            "geometry": {
                "coordinates": [
                    32.443859,
                    34.776512
                ],
                "type": "Point"
            },
            "properties": {
                "is_installed": true,
                "is_renting": true,
                "is_returning": true,
                "is_virtual_station": false,
                "last_reported": 1789293697,
                "name": "McDonald's",
                "num_bikes_available": 0,
                "num_docks_available": 0,
                "region_id": "957",
                "rental_uris": {
                    "android": "https://app.nextbike.net/station?id=379573919",
                    "ios": "https://app.nextbike.net/station?id=379573919",
                    "web": "https://nxtb.it/p/379573919"
                },
                "short_name": "64077",
                "station_id": "379573919",
                "vehicle_types_available": []
            },
            "type": "Feature"
        },
        {
            "geometry": {
                "coordinates": [
                    32.443571,
                    34.775627
                ],
                "type": "Point"
            },
            "properties": {
                "is_installed": true,
                "is_renting": true,
                "is_returning": true,
                "is_virtual_station": false,
                "last_reported": 1789293697,
                "name": "Neon Mall of Pafos",
                "num_bikes_available": 0,
                "num_docks_available": 0,
                "region_id": "957",
                "rental_uris": {
                    "android": "https://app.nextbike.net/station?id=379576067",
                    "ios": "https://app.nextbike.net/station?id=379576067",
                    "web": "https://nxtb.it/p/379576067"
                },
                "short_name": "64078",
                "station_id": "379576067",
                "vehicle_types_available": []
            },
            "type": "Feature"
        },
        {
            "geometry": {
                "coordinates": [
                    32.412527,
                    34.764611
                ],
                "type": "Point"
            },
            "properties": {
                "is_installed": true,
                "is_renting": true,
                "is_returning": true,
                "is_virtual_station": false,
                "last_reported": 1789293697,
                "name": "Kings Avenue Mall",
                "num_bikes_available": 2,
                "num_docks_available": 0,
                "region_id": "957",
                "rental_uris": {
                    "android": "https://app.nextbike.net/station?id=379577448",
                    "ios": "https://app.nextbike.net/station?id=379577448",
                    "web": "https://nxtb.it/p/379577448"
                },
                "short_name": "64079",
                "station_id": "379577448",
                "vehicle_types_available": [
                    {
                        "count": 2,
                        "vehicle_type_id": "340"
                    }
                ]
            },
            "type": "Feature"
        },
        {
            "geometry": {
                "coordinates": [
                    32.433749,
                    34.77557
                ],
                "type": "Point"
            },
            "properties": {
                "is_installed": true,
                "is_renting": true,
                "is_returning": true,
                "is_virtual_station": false,
                "last_reported": 1789293697,
                "name": "Cyprus Academy of Tourism and Hospitality Professions",
                "num_bikes_available": 1,
                "num_docks_available": 0,
                "region_id": "957",
                "rental_uris": {
                    "android": "https://app.nextbike.net/station?id=379582246",
                    "ios": "https://app.nextbike.net/station?id=379582246",
                    "web": "https://nxtb.it/p/379582246"
                },
                "short_name": "64080",
                "station_id": "379582246",
                "vehicle_types_available": [
                    {
                        "count": 1,
                        "vehicle_type_id": "340"
                    }
                ]
            },
            "type": "Feature"
        },
        {
            "geometry": {
                "coordinates": [
                    32.440926,
                    34.741692
                ],
                "type": "Point"
            },
            "properties": {
                "is_installed": true,
                "is_renting": true,
                "is_returning": true,
                "is_virtual_station": false,
                "last_reported": 1789293697,
                "name": "Paphos Aphrodite Waterpark",
                "num_bikes_available": 4,
                "num_docks_available": 0,
                "region_id": "957",
                "rental_uris": {
                    "android": "https://app.nextbike.net/station?id=379587936",
                    "ios": "https://app.nextbike.net/station?id=379587936",
                    "web": "https://nxtb.it/p/379587936"
                },
                "short_name": "64082",
                "station_id": "379587936",
                "vehicle_types_available": [
                    {
                        "count": 2,
                        "vehicle_type_id": "340"
                    },
                    {
                        "count": 2,
                        "vehicle_type_id": "339"
                    }
                ]
            },
            "type": "Feature"
        },
        {
            "geometry": {
                "coordinates": [
                    33.033568,
                    34.680637
                ],
                "type": "Point"
            },
            "properties": {
                "capacity": 4,
                "is_installed": true,
                "is_renting": true,
                "is_returning": true,
                "is_virtual_station": false,
                "last_reported": 1789293697,
                "name": "Park & Ride",
                "num_bikes_available": 3,
                "num_docks_available": 1,
                "region_id": "190",
                "rental_uris": {
                    "android": "https://app.nextbike.net/station?id=38228781",
                    "ios": "https://app.nextbike.net/station?id=38228781",
                    "web": "https://nxtb.it/p/38228781"
                },
                "short_name": "6749",
                "station_id": "38228781",
                "vehicle_types_available": [
                    {
                        "count": 3,
                        "vehicle_type_id": "340"
                    }
                ]
            },
            "type": "Feature"
        },
        {
            "geometry": {
                "coordinates": [
                    32.322829,
                    34.896372
                ],
                "type": "Point"
            },
            "properties": {
                "is_installed": true,
                "is_renting": true,
                "is_returning": true,
                "is_virtual_station": false,
                "last_reported": 1789293697,
                "name": "Caps St. Georges",
                "num_bikes_available": 48,
                "num_docks_available": 0,
                "region_id": "1060",
                "rental_uris": {
                    "android": "https://app.nextbike.net/station?id=387238165",
                    "ios": "https://app.nextbike.net/station?id=387238165",
                    "web": "https://nxtb.it/p/387238165"
                },
                "short_name": "64083",
                "station_id": "387238165",
                "vehicle_types_available": [
                    {
                        "count": 5,
                        "vehicle_type_id": "4"
                    },
                    {
                        "count": 2,
                        "vehicle_type_id": "374"
                    },
                    {
                        "count": 4,
                        "vehicle_type_id": "339"
                    },
                    {
                        "count": 37,
                        "vehicle_type_id": "342"
                    }
                ]
            },
            "type": "Feature"
        },
        {
            "geometry": {
                "coordinates": [
                    33.044842,
                    34.679761
                ],
                "type": "Point"
            },
            "properties": {
                "is_installed": true,
                "is_renting": true,
                "is_returning": true,
                "is_virtual_station": false,
                "last_reported": 1789293697,
                "name": "Plateia Iron Parking",
                "num_bikes_available": 4,
                "num_docks_available": 0,
                "region_id": "190",
                "rental_uris": {
                    "android": "https://app.nextbike.net/station?id=39330587",
                    "ios": "https://app.nextbike.net/station?id=39330587",
                    "web": "https://nxtb.it/p/39330587"
                },
                "short_name": "6747",
                "station_id": "39330587",
                "vehicle_types_available": [
                    {
                        "count": 1,
                        "vehicle_type_id": "162"
                    },
                    {
                        "count": 1,
                        "vehicle_type_id": "204"
                    },
                    {
                        "count": 2,
                        "vehicle_type_id": "342"
                    }
                ]
            },
            "type": "Feature"
        },
        {
            "geometry": {
                "coordinates": [
                    33.63041,
                    34.917484
                ],
                "type": "Point"
            },
            "properties": {
                "is_installed": true,
                "is_renting": true,
                "is_returning": true,
                "is_virtual_station": false,
                "last_reported": 1789293697,
                "name": "Pancypriot High School",
                "num_bikes_available": 2,
                "num_docks_available": 0,
                "region_id": "940",
                "rental_uris": {
                    "android": "https://app.nextbike.net/station?id=398750576",
                    "ios": "https://app.nextbike.net/station?id=398750576",
                    "web": "https://nxtb.it/p/398750576"
                },
                "short_name": "64031",
                "station_id": "398750576",
                "vehicle_types_available": [
                    {
                        "count": 1,
                        "vehicle_type_id": "30"
                    },
                    {
                        "count": 1,
                        "vehicle_type_id": "340"
                    }
                ]
            },
            "type": "Feature"
        },
        {
            "geometry": {
                "coordinates": [
                    33.612206,
                    34.922834
                ],
                "type": "Point"
            },
            "properties": {
                "is_installed": true,
                "is_renting": true,
                "is_returning": true,
                "is_virtual_station": false,
                "last_reported": 1789293697,
                "name": "AHK",
                "num_bikes_available": 1,
                "num_docks_available": 0,
                "region_id": "940",
                "rental_uris": {
                    "android": "https://app.nextbike.net/station?id=398753875",
                    "ios": "https://app.nextbike.net/station?id=398753875",
                    "web": "https://nxtb.it/p/398753875"
                },
                "short_name": "64033",
                "station_id": "398753875",
                "vehicle_types_available": [
                    {
                        "count": 1,
                        "vehicle_type_id": "339"
                    }
                ]
            },
            "type": "Feature"
        },
        {
            "geometry": {
                "coordinates": [
                    34.008602,
                    34.994942
                ],
                "type": "Point"
            },
            "properties": {
                "is_installed": true,
                "is_renting": false,
                "is_returning": false,
                "is_virtual_station": false,
                "last_reported": 1789293697,
                "name": "Ayia Napa stadium",
                "num_bikes_available": 0,
                "num_docks_available": 0,
                "region_id": "889",
                "rental_uris": {
                    "android": "https://app.nextbike.net/station?id=398877315",
                    "ios": "https://app.nextbike.net/station?id=398877315",
                    "web": "https://nxtb.it/p/398877315"
                },
                "short_name": "68222",
                "station_id": "398877315",
                "vehicle_types_available": []
            },
            "type": "Feature"
        },
        {
            "geometry": {
                "coordinates": [
                    33.383396,
                    35.164109
                ],
                "type": "Point"
            },
            "properties": {
                "capacity": 5,
                "is_installed": true,
                "is_renting": true,
                "is_returning": true,
                "is_virtual_station": false,
                "last_reported": 1789293697,
                "name": "Pedagogigal Academy national forest park",
                "num_bikes_available": 4,
                "num_docks_available": 1,
                "region_id": "206",
                "rental_uris": {
                    "android": "https://app.nextbike.net/station?id=40573976",
                    "ios": "https://app.nextbike.net/station?id=40573976",
                    "web": "https://nxtb.it/p/40573976"
                },
                "short_name": "76553",
                "station_id": "40573976",
                "vehicle_types_available": [
                    {
                        "count": 3,
                        "vehicle_type_id": "162"
                    },
                    {
                        "count": 1,
                        "vehicle_type_id": "71"
                    }
                ]
            },
            "type": "Feature"
        },
        {
            "geometry": {
                "coordinates": [
                    33.046467,
                    34.674066
                ],
                "type": "Point"
            },
            "properties": {
                "capacity": 8,
                "is_installed": true,
                "is_renting": true,
                "is_returning": true,
                "is_virtual_station": false,
                "last_reported": 1789293697,
                "name": "Molos - Continental",
                "num_bikes_available": 6,
                "num_docks_available": 2,
                "region_id": "190",
                "rental_uris": {
                    "android": "https://app.nextbike.net/station?id=40833983",
                    "ios": "https://app.nextbike.net/station?id=40833983",
                    "web": "https://nxtb.it/p/40833983"
                },
                "short_name": "6746",
                "station_id": "40833983",
                "vehicle_types_available": [
                    {
                        "count": 1,
                        "vehicle_type_id": "15"
                    },
                    {
                        "count": 2,
                        "vehicle_type_id": "340"
                    },
                    {
                        "count": 3,
                        "vehicle_type_id": "342"
                    }
                ]
            },
            "type": "Feature"
        },
        {
            "geometry": {
                "coordinates": [
                    32.405714,
                    34.780157
                ],
                "type": "Point"
            },
            "properties": {
                "is_installed": true,
                "is_renting": true,
                "is_returning": true,
                "is_virtual_station": true,
                "last_reported": 1789293697,
                "name": "Near Lidl",
                "num_bikes_available": 16,
                "num_docks_available": 0,
                "region_id": "957",
                "rental_uris": {
                    "android": "https://app.nextbike.net/station?id=408609429",
                    "ios": "https://app.nextbike.net/station?id=408609429",
                    "web": "https://nxtb.it/p/408609429"
                },
                "short_name": "64084",
                "station_area": {
                    "coordinates": [
                        [
                            [
                                [
                                    32.405714,
                                    34.780382
                                ],
                                [
                                    32.405951,
                                    34.780269
                                ],
                                [
                                    32.405951,
                                    34.780045
                                ],
                                [
                                    32.405714,
                                    34.779932
                                ],
                                [
                                    32.405477,
                                    34.780045
                                ],
                                [
                                    32.405477,
                                    34.780269
                                ],
                                [
                                    32.405714,
                                    34.780382
                                ]
                            ]
                        ]
                    ],
                    "type": "MultiPolygon"
                },
                "station_id": "408609429",
                "vehicle_types_available": [
                    {
                        "count": 3,
                        "vehicle_type_id": "15"
                    },
                    {
                        "count": 8,
                        "vehicle_type_id": "340"
                    },
                    {
                        "count": 5,
                        "vehicle_type_id": "339"
                    }
                ]
            },
            "type": "Feature"
        },
        {
            "geometry": {
                "coordinates": [
                    33.343938,
                    35.1441
                ],
                "type": "Point"
            },
            "properties": {
                "capacity": 3,
                "is_installed": true,
                "is_renting": true,
                "is_returning": true,
                "is_virtual_station": false,
                "last_reported": 1789293697,
                "name": "Strovolos Town Hall",
                "num_bikes_available": 1,
                "num_docks_available": 2,
                "region_id": "206",
                "rental_uris": {
                    "android": "https://app.nextbike.net/station?id=41026457",
                    "ios": "https://app.nextbike.net/station?id=41026457",
                    "web": "https://nxtb.it/p/41026457"
                },
                "short_name": "76557",
                "station_id": "41026457",
                "vehicle_types_available": [
                    {
                        "count": 1,
                        "vehicle_type_id": "162"
                    }
                ]
            },
            "type": "Feature"
        },
        {
            "geometry": {
                "coordinates": [
                    33.07845,
                    34.702737
                ],
                "type": "Point"
            },
            "properties": {
                "is_installed": true,
                "is_renting": true,
                "is_returning": true,
                "is_virtual_station": false,
                "last_reported": 1789293697,
                "name": "Columbia Shipping Headquarters",
                "num_bikes_available": 0,
                "num_docks_available": 0,
                "region_id": "190",
                "rental_uris": {
                    "android": "https://app.nextbike.net/station?id=413457460",
                    "ios": "https://app.nextbike.net/station?id=413457460",
                    "web": "https://nxtb.it/p/413457460"
                },
                "short_name": "67923",
                "station_id": "413457460",
                "vehicle_types_available": []
            },
            "type": "Feature"
        },
        {
            "geometry": {
                "coordinates": [
                    33.07803,
                    34.702151
                ],
                "type": "Point"
            },
            "properties": {
                "is_installed": true,
                "is_renting": true,
                "is_returning": true,
                "is_virtual_station": false,
                "last_reported": 1789293697,
                "name": "Columbia Group",
                "num_bikes_available": 1,
                "num_docks_available": 0,
                "region_id": "190",
                "rental_uris": {
                    "android": "https://app.nextbike.net/station?id=413460459",
                    "ios": "https://app.nextbike.net/station?id=413460459",
                    "web": "https://nxtb.it/p/413460459"
                },
                "short_name": "67924",
                "station_id": "413460459",
                "vehicle_types_available": [
                    {
                        "count": 1,
                        "vehicle_type_id": "15"
                    }
                ]
            },
            "type": "Feature"
        },
        {
            "geometry": {
                "coordinates": [
                    32.407424,
                    34.766928
                ],
                "type": "Point"
            },
            "properties": {
                "is_installed": true,
                "is_renting": true,
                "is_returning": true,
                "is_virtual_station": false,
                "last_reported": 1789293697,
                "name": "Station 64085",
                "num_bikes_available": 1,
                "num_docks_available": 0,
                "region_id": "957",
                "rental_uris": {
                    "android": "https://app.nextbike.net/station?id=413606858",
                    "ios": "https://app.nextbike.net/station?id=413606858",
                    "web": "https://nxtb.it/p/413606858"
                },
                "short_name": "64085",
                "station_id": "413606858",
                "vehicle_types_available": [
                    {
                        "count": 1,
                        "vehicle_type_id": "339"
                    }
                ]
            },
            "type": "Feature"
        },
        {
            "geometry": {
                "coordinates": [
                    32.39866,
                    34.802026
                ],
                "type": "Point"
            },
            "properties": {
                "is_installed": true,
                "is_renting": true,
                "is_returning": true,
                "is_virtual_station": false,
                "last_reported": 1789293697,
                "name": "Refresh Kiosk Chlorakas",
                "num_bikes_available": 0,
                "num_docks_available": 0,
                "region_id": "957",
                "rental_uris": {
                    "android": "https://app.nextbike.net/station?id=422349430",
                    "ios": "https://app.nextbike.net/station?id=422349430",
                    "web": "https://nxtb.it/p/422349430"
                },
                "short_name": "64086",
                "station_id": "422349430",
                "vehicle_types_available": []
            },
            "type": "Feature"
        },
        {
            "geometry": {
                "coordinates": [
                    32.865722,
                    34.889682
                ],
                "type": "Point"
            },
            "properties": {
                "is_installed": true,
                "is_renting": true,
                "is_returning": true,
                "is_virtual_station": false,
                "last_reported": 1789293697,
                "name": "Canicross Cyprus",
                "num_bikes_available": 4,
                "num_docks_available": 0,
                "region_id": "190",
                "rental_uris": {
                    "android": "https://app.nextbike.net/station?id=424209649",
                    "ios": "https://app.nextbike.net/station?id=424209649",
                    "web": "https://nxtb.it/p/424209649"
                },
                "short_name": "67925",
                "station_id": "424209649",
                "vehicle_types_available": [
                    {
                        "count": 4,
                        "vehicle_type_id": "374"
                    }
                ]
            },
            "type": "Feature"
        },
        {
            "geometry": {
                "coordinates": [
                    33.638238,
                    34.916671
                ],
                "type": "Point"
            },
            "properties": {
                "is_installed": true,
                "is_renting": true,
                "is_returning": true,
                "is_virtual_station": false,
                "last_reported": 1789293697,
                "name": "Marina's Entrance",
                "num_bikes_available": 3,
                "num_docks_available": 0,
                "region_id": "940",
                "rental_uris": {
                    "android": "https://app.nextbike.net/station?id=439283327",
                    "ios": "https://app.nextbike.net/station?id=439283327",
                    "web": "https://nxtb.it/p/439283327"
                },
                "short_name": "64036",
                "station_id": "439283327",
                "vehicle_types_available": [
                    {
                        "count": 3,
                        "vehicle_type_id": "340"
                    }
                ]
            },
            "type": "Feature"
        },
        {
            "geometry": {
                "coordinates": [
                    33.638036,
                    34.91428
                ],
                "type": "Point"
            },
            "properties": {
                "is_installed": true,
                "is_renting": true,
                "is_returning": true,
                "is_virtual_station": false,
                "last_reported": 1789293697,
                "name": "Enjoy Foinikoudes",
                "num_bikes_available": 4,
                "num_docks_available": 0,
                "region_id": "940",
                "rental_uris": {
                    "android": "https://app.nextbike.net/station?id=439302410",
                    "ios": "https://app.nextbike.net/station?id=439302410",
                    "web": "https://nxtb.it/p/439302410"
                },
                "short_name": "64037",
                "station_id": "439302410",
                "vehicle_types_available": [
                    {
                        "count": 2,
                        "vehicle_type_id": "340"
                    },
                    {
                        "count": 2,
                        "vehicle_type_id": "15"
                    }
                ]
            },
            "type": "Feature"
        },
        {
            "geometry": {
                "coordinates": [
                    33.638296,
                    34.892046
                ],
                "type": "Point"
            },
            "properties": {
                "is_installed": true,
                "is_renting": true,
                "is_returning": true,
                "is_virtual_station": false,
                "last_reported": 1789293697,
                "name": "Mackenzie 64038",
                "num_bikes_available": 3,
                "num_docks_available": 0,
                "region_id": "940",
                "rental_uris": {
                    "android": "https://app.nextbike.net/station?id=441123848",
                    "ios": "https://app.nextbike.net/station?id=441123848",
                    "web": "https://nxtb.it/p/441123848"
                },
                "short_name": "64038",
                "station_id": "441123848",
                "vehicle_types_available": [
                    {
                        "count": 3,
                        "vehicle_type_id": "340"
                    }
                ]
            },
            "type": "Feature"
        },
        {
            "geometry": {
                "coordinates": [
                    33.312047,
                    35.127698
                ],
                "type": "Point"
            },
            "properties": {
                "is_installed": true,
                "is_renting": false,
                "is_returning": false,
                "is_virtual_station": false,
                "last_reported": 1789293697,
                "name": "Virtual station ",
                "num_bikes_available": 0,
                "num_docks_available": 0,
                "region_id": "206",
                "rental_uris": {
                    "android": "https://app.nextbike.net/station?id=44387278",
                    "ios": "https://app.nextbike.net/station?id=44387278",
                    "web": "https://nxtb.it/p/44387278"
                },
                "short_name": "76555",
                "station_id": "44387278",
                "vehicle_types_available": []
            },
            "type": "Feature"
        },
        {
            "geometry": {
                "coordinates": [
                    33.399033,
                    35.155147
                ],
                "type": "Point"
            },
            "properties": {
                "capacity": 4,
                "is_installed": true,
                "is_renting": true,
                "is_returning": true,
                "is_virtual_station": false,
                "last_reported": 1789293697,
                "name": "Larnakos",
                "num_bikes_available": 0,
                "num_docks_available": 4,
                "region_id": "206",
                "rental_uris": {
                    "android": "https://app.nextbike.net/station?id=44413216",
                    "ios": "https://app.nextbike.net/station?id=44413216",
                    "web": "https://nxtb.it/p/44413216"
                },
                "short_name": "76554",
                "station_id": "44413216",
                "vehicle_types_available": []
            },
            "type": "Feature"
        },
        {
            "geometry": {
                "coordinates": [
                    34.009543,
                    34.986288
                ],
                "type": "Point"
            },
            "properties": {
                "is_installed": true,
                "is_renting": true,
                "is_returning": true,
                "is_virtual_station": true,
                "last_reported": 1789293697,
                "name": "Virtual / Car Parking near Florida Hotel",
                "num_bikes_available": 0,
                "num_docks_available": 0,
                "region_id": "889",
                "rental_uris": {
                    "android": "https://app.nextbike.net/station?id=449485703",
                    "ios": "https://app.nextbike.net/station?id=449485703",
                    "web": "https://nxtb.it/p/449485703"
                },
                "short_name": "68223",
                "station_area": {
                    "coordinates": [
                        [
                            [
                                [
                                    34.009543,
                                    34.986513
                                ],
                                [
                                    34.009781,
                                    34.9864
                                ],
                                [
                                    34.009781,
                                    34.986176
                                ],
                                [
                                    34.009543,
                                    34.986063
                                ],
                                [
                                    34.009305,
                                    34.986176
                                ],
                                [
                                    34.009305,
                                    34.9864
                                ],
                                [
                                    34.009543,
                                    34.986513
                                ]
                            ]
                        ]
                    ],
                    "type": "MultiPolygon"
                },
                "station_id": "449485703",
                "vehicle_types_available": []
            },
            "type": "Feature"
        },
        {
            "geometry": {
                "coordinates": [
                    33.987984,
                    34.988002
                ],
                "type": "Point"
            },
            "properties": {
                "is_installed": true,
                "is_renting": true,
                "is_returning": true,
                "is_virtual_station": true,
                "last_reported": 1789293697,
                "name": "Virtual station 1",
                "num_bikes_available": 0,
                "num_docks_available": 0,
                "region_id": "889",
                "rental_uris": {
                    "android": "https://app.nextbike.net/station?id=449525229",
                    "ios": "https://app.nextbike.net/station?id=449525229",
                    "web": "https://nxtb.it/p/449525229"
                },
                "short_name": "68224",
                "station_area": {
                    "coordinates": [
                        [
                            [
                                [
                                    33.987984,
                                    34.988227
                                ],
                                [
                                    33.988222,
                                    34.988114
                                ],
                                [
                                    33.988222,
                                    34.98789
                                ],
                                [
                                    33.987984,
                                    34.987777
                                ],
                                [
                                    33.987746,
                                    34.98789
                                ],
                                [
                                    33.987746,
                                    34.988114
                                ],
                                [
                                    33.987984,
                                    34.988227
                                ]
                            ]
                        ]
                    ],
                    "type": "MultiPolygon"
                },
                "station_id": "449525229",
                "vehicle_types_available": []
            },
            "type": "Feature"
        },
        {
            "geometry": {
                "coordinates": [
                    33.979484,
                    34.989236
                ],
                "type": "Point"
            },
            "properties": {
                "is_installed": true,
                "is_renting": true,
                "is_returning": true,
                "is_virtual_station": true,
                "last_reported": 1789293697,
                "name": "Pavlo Napa",
                "num_bikes_available": 0,
                "num_docks_available": 0,
                "region_id": "889",
                "rental_uris": {
                    "android": "https://app.nextbike.net/station?id=449528079",
                    "ios": "https://app.nextbike.net/station?id=449528079",
                    "web": "https://nxtb.it/p/449528079"
                },
                "short_name": "68225",
                "station_area": {
                    "coordinates": [
                        [
                            [
                                [
                                    33.979484,
                                    34.989461
                                ],
                                [
                                    33.979722,
                                    34.989348
                                ],
                                [
                                    33.979722,
                                    34.989124
                                ],
                                [
                                    33.979484,
                                    34.989011
                                ],
                                [
                                    33.979246,
                                    34.989124
                                ],
                                [
                                    33.979246,
                                    34.989348
                                ],
                                [
                                    33.979484,
                                    34.989461
                                ]
                            ]
                        ]
                    ],
                    "type": "MultiPolygon"
                },
                "station_id": "449528079",
                "vehicle_types_available": []
            },
            "type": "Feature"
        },
        {
            "geometry": {
                "coordinates": [
                    33.951427,
                    34.98774
                ],
                "type": "Point"
            },
            "properties": {
                "is_installed": true,
                "is_renting": true,
                "is_returning": true,
                "is_virtual_station": true,
                "last_reported": 1789293697,
                "name": "Mon Repos Hotel appartments",
                "num_bikes_available": 3,
                "num_docks_available": 0,
                "region_id": "889",
                "rental_uris": {
                    "android": "https://app.nextbike.net/station?id=449907850",
                    "ios": "https://app.nextbike.net/station?id=449907850",
                    "web": "https://nxtb.it/p/449907850"
                },
                "short_name": "68226",
                "station_area": {
                    "coordinates": [
                        [
                            [
                                [
                                    33.951427,
                                    34.987965
                                ],
                                [
                                    33.951665,
                                    34.987852
                                ],
                                [
                                    33.951665,
                                    34.987628
                                ],
                                [
                                    33.951427,
                                    34.987515
                                ],
                                [
                                    33.951189,
                                    34.987628
                                ],
                                [
                                    33.951189,
                                    34.987852
                                ],
                                [
                                    33.951427,
                                    34.987965
                                ]
                            ]
                        ]
                    ],
                    "type": "MultiPolygon"
                },
                "station_id": "449907850",
                "vehicle_types_available": [
                    {
                        "count": 2,
                        "vehicle_type_id": "162"
                    },
                    {
                        "count": 1,
                        "vehicle_type_id": "0"
                    }
                ]
            },
            "type": "Feature"
        },
        {
            "geometry": {
                "coordinates": [
                    34.064217,
                    34.996796
                ],
                "type": "Point"
            },
            "properties": {
                "capacity": 5,
                "is_installed": true,
                "is_renting": true,
                "is_returning": true,
                "is_virtual_station": false,
                "last_reported": 1789293697,
                "name": "Narcissos",
                "num_bikes_available": 4,
                "num_docks_available": 1,
                "region_id": "889",
                "rental_uris": {
                    "android": "https://app.nextbike.net/station?id=45139058",
                    "ios": "https://app.nextbike.net/station?id=45139058",
                    "web": "https://nxtb.it/p/45139058"
                },
                "short_name": "68220",
                "station_id": "45139058",
                "vehicle_types_available": [
                    {
                        "count": 4,
                        "vehicle_type_id": "162"
                    }
                ]
            },
            "type": "Feature"
        },
        {
            "geometry": {
                "coordinates": [
                    34.060535,
                    35.007513
                ],
                "type": "Point"
            },
            "properties": {
                "is_installed": true,
                "is_renting": true,
                "is_returning": true,
                "is_virtual_station": false,
                "last_reported": 1789293697,
                "name": "Coralli",
                "num_bikes_available": 0,
                "num_docks_available": 0,
                "region_id": "889",
                "rental_uris": {
                    "android": "https://app.nextbike.net/station?id=45139070",
                    "ios": "https://app.nextbike.net/station?id=45139070",
                    "web": "https://nxtb.it/p/45139070"
                },
                "short_name": "68221",
                "station_id": "45139070",
                "vehicle_types_available": []
            },
            "type": "Feature"
        },
        {
            "geometry": {
                "coordinates": [
                    34.038187,
                    35.02862
                ],
                "type": "Point"
            },
            "properties": {
                "is_installed": true,
                "is_renting": true,
                "is_returning": true,
                "is_virtual_station": true,
                "last_reported": 1789293697,
                "name": "Perneras Bus Station",
                "num_bikes_available": 1,
                "num_docks_available": 0,
                "region_id": "889",
                "rental_uris": {
                    "android": "https://app.nextbike.net/station?id=45139079",
                    "ios": "https://app.nextbike.net/station?id=45139079",
                    "web": "https://nxtb.it/p/45139079"
                },
                "short_name": "68217",
                "station_area": {
                    "coordinates": [
                        [
                            [
                                [
                                    34.038187,
                                    35.028845
                                ],
                                [
                                    34.038425,
                                    35.028732
                                ],
                                [
                                    34.038425,
                                    35.028508
                                ],
                                [
                                    34.038187,
                                    35.028395
                                ],
                                [
                                    34.037949,
                                    35.028508
                                ],
                                [
                                    34.037949,
                                    35.028732
                                ],
                                [
                                    34.038187,
                                    35.028845
                                ]
                            ]
                        ]
                    ],
                    "type": "MultiPolygon"
                },
                "station_id": "45139079",
                "vehicle_types_available": [
                    {
                        "count": 1,
                        "vehicle_type_id": "162"
                    }
                ]
            },
            "type": "Feature"
        },
        {
            "geometry": {
                "coordinates": [
                    33.995098,
                    34.986393
                ],
                "type": "Point"
            },
            "properties": {
                "capacity": 5,
                "is_installed": true,
                "is_renting": true,
                "is_returning": true,
                "is_virtual_station": false,
                "last_reported": 1789293697,
                "name": "Panthea",
                "num_bikes_available": 2,
                "num_docks_available": 3,
                "region_id": "889",
                "rental_uris": {
                    "android": "https://app.nextbike.net/station?id=45139094",
                    "ios": "https://app.nextbike.net/station?id=45139094",
                    "web": "https://nxtb.it/p/45139094"
                },
                "short_name": "68209",
                "station_id": "45139094",
                "vehicle_types_available": [
                    {
                        "count": 2,
                        "vehicle_type_id": "162"
                    }
                ]
            },
            "type": "Feature"
        },
        {
            "geometry": {
                "coordinates": [
                    33.607151,
                    34.871466
                ],
                "type": "Point"
            },
            "properties": {
                "is_installed": true,
                "is_renting": true,
                "is_returning": true,
                "is_virtual_station": false,
                "last_reported": 1789293697,
                "name": "Larnaca International Airport",
                "num_bikes_available": 4,
                "num_docks_available": 0,
                "region_id": "940",
                "rental_uris": {
                    "android": "https://app.nextbike.net/station?id=455981300",
                    "ios": "https://app.nextbike.net/station?id=455981300",
                    "web": "https://nxtb.it/p/455981300"
                },
                "short_name": "64034",
                "station_id": "455981300",
                "vehicle_types_available": [
                    {
                        "count": 2,
                        "vehicle_type_id": "15"
                    },
                    {
                        "count": 2,
                        "vehicle_type_id": "340"
                    }
                ]
            },
            "type": "Feature"
        },
        {
            "geometry": {
                "coordinates": [
                    34.05632,
                    35.012302
                ],
                "type": "Point"
            },
            "properties": {
                "is_installed": true,
                "is_renting": true,
                "is_returning": true,
                "is_virtual_station": true,
                "last_reported": 1789293697,
                "name": "Virtual station 2",
                "num_bikes_available": 3,
                "num_docks_available": 0,
                "region_id": "889",
                "rental_uris": {
                    "android": "https://app.nextbike.net/station?id=459473126",
                    "ios": "https://app.nextbike.net/station?id=459473126",
                    "web": "https://nxtb.it/p/459473126"
                },
                "short_name": "68227",
                "station_area": {
                    "coordinates": [
                        [
                            [
                                [
                                    34.05632,
                                    35.012527
                                ],
                                [
                                    34.056558,
                                    35.012414
                                ],
                                [
                                    34.056558,
                                    35.01219
                                ],
                                [
                                    34.05632,
                                    35.012077
                                ],
                                [
                                    34.056082,
                                    35.01219
                                ],
                                [
                                    34.056082,
                                    35.012414
                                ],
                                [
                                    34.05632,
                                    35.012527
                                ]
                            ]
                        ]
                    ],
                    "type": "MultiPolygon"
                },
                "station_id": "459473126",
                "vehicle_types_available": [
                    {
                        "count": 3,
                        "vehicle_type_id": "162"
                    }
                ]
            },
            "type": "Feature"
        },
        {
            "geometry": {
                "coordinates": [
                    33.985306,
                    34.985814
                ],
                "type": "Point"
            },
            "properties": {
                "capacity": 5,
                "is_installed": true,
                "is_renting": true,
                "is_returning": true,
                "is_virtual_station": false,
                "last_reported": 1789293697,
                "name": "Electra Hotel",
                "num_bikes_available": 2,
                "num_docks_available": 3,
                "region_id": "889",
                "rental_uris": {
                    "android": "https://app.nextbike.net/station?id=46182631",
                    "ios": "https://app.nextbike.net/station?id=46182631",
                    "web": "https://nxtb.it/p/46182631"
                },
                "short_name": "68210",
                "station_id": "46182631",
                "vehicle_types_available": [
                    {
                        "count": 2,
                        "vehicle_type_id": "162"
                    }
                ]
            },
            "type": "Feature"
        },
        {
            "geometry": {
                "coordinates": [
                    33.97322,
                    34.995002
                ],
                "type": "Point"
            },
            "properties": {
                "capacity": 5,
                "is_installed": true,
                "is_renting": true,
                "is_returning": true,
                "is_virtual_station": false,
                "last_reported": 1789293697,
                "name": "House of Nissus hostel",
                "num_bikes_available": 0,
                "num_docks_available": 5,
                "region_id": "889",
                "rental_uris": {
                    "android": "https://app.nextbike.net/station?id=46185585",
                    "ios": "https://app.nextbike.net/station?id=46185585",
                    "web": "https://nxtb.it/p/46185585"
                },
                "short_name": "68207",
                "station_id": "46185585",
                "vehicle_types_available": []
            },
            "type": "Feature"
        },
        {
            "geometry": {
                "coordinates": [
                    33.995341,
                    34.992637
                ],
                "type": "Point"
            },
            "properties": {
                "capacity": 5,
                "is_installed": true,
                "is_renting": true,
                "is_returning": true,
                "is_virtual_station": false,
                "last_reported": 1789293697,
                "name": "Fania",
                "num_bikes_available": 0,
                "num_docks_available": 5,
                "region_id": "889",
                "rental_uris": {
                    "android": "https://app.nextbike.net/station?id=46187290",
                    "ios": "https://app.nextbike.net/station?id=46187290",
                    "web": "https://nxtb.it/p/46187290"
                },
                "short_name": "68204",
                "station_id": "46187290",
                "vehicle_types_available": []
            },
            "type": "Feature"
        },
        {
            "geometry": {
                "coordinates": [
                    34.037309,
                    35.031054
                ],
                "type": "Point"
            },
            "properties": {
                "capacity": 5,
                "is_installed": true,
                "is_renting": true,
                "is_returning": true,
                "is_virtual_station": true,
                "last_reported": 1789293697,
                "name": "Pernera",
                "num_bikes_available": 5,
                "num_docks_available": 0,
                "region_id": "889",
                "rental_uris": {
                    "android": "https://app.nextbike.net/station?id=46193417",
                    "ios": "https://app.nextbike.net/station?id=46193417",
                    "web": "https://nxtb.it/p/46193417"
                },
                "short_name": "68219",
                "station_area": {
                    "coordinates": [
                        [
                            [
                                [
                                    34.037309,
                                    35.031279
                                ],
                                [
                                    34.037547,
                                    35.031166
                                ],
                                [
                                    34.037547,
                                    35.030942
                                ],
                                [
                                    34.037309,
                                    35.030829
                                ],
                                [
                                    34.037071,
                                    35.030942
                                ],
                                [
                                    34.037071,
                                    35.031166
                                ],
                                [
                                    34.037309,
                                    35.031279
                                ]
                            ]
                        ]
                    ],
                    "type": "MultiPolygon"
                },
                "station_id": "46193417",
                "vehicle_types_available": [
                    {
                        "count": 5,
                        "vehicle_type_id": "162"
                    }
                ]
            },
            "type": "Feature"
        },
        {
            "geometry": {
                "coordinates": [
                    33.638116,
                    34.89763
                ],
                "type": "Point"
            },
            "properties": {
                "is_installed": true,
                "is_renting": true,
                "is_returning": true,
                "is_virtual_station": false,
                "last_reported": 1789293697,
                "name": "Paradise station",
                "num_bikes_available": 5,
                "num_docks_available": 0,
                "region_id": "940",
                "rental_uris": {
                    "android": "https://app.nextbike.net/station?id=463707130",
                    "ios": "https://app.nextbike.net/station?id=463707130",
                    "web": "https://nxtb.it/p/463707130"
                },
                "short_name": "64039",
                "station_id": "463707130",
                "vehicle_types_available": [
                    {
                        "count": 1,
                        "vehicle_type_id": "30"
                    },
                    {
                        "count": 1,
                        "vehicle_type_id": "15"
                    },
                    {
                        "count": 3,
                        "vehicle_type_id": "340"
                    }
                ]
            },
            "type": "Feature"
        },
        {
            "geometry": {
                "coordinates": [
                    33.326059,
                    35.125325
                ],
                "type": "Point"
            },
            "properties": {
                "is_installed": true,
                "is_renting": true,
                "is_returning": true,
                "is_virtual_station": false,
                "last_reported": 1789293697,
                "name": "Opposite Metro",
                "num_bikes_available": 5,
                "num_docks_available": 0,
                "region_id": "206",
                "rental_uris": {
                    "android": "https://app.nextbike.net/station?id=471295263",
                    "ios": "https://app.nextbike.net/station?id=471295263",
                    "web": "https://nxtb.it/p/471295263"
                },
                "short_name": "76710",
                "station_id": "471295263",
                "vehicle_types_available": [
                    {
                        "count": 3,
                        "vehicle_type_id": "162"
                    },
                    {
                        "count": 2,
                        "vehicle_type_id": "71"
                    }
                ]
            },
            "type": "Feature"
        },
        {
            "geometry": {
                "coordinates": [
                    33.301494,
                    35.121419
                ],
                "type": "Point"
            },
            "properties": {
                "is_installed": true,
                "is_renting": false,
                "is_returning": false,
                "is_virtual_station": true,
                "last_reported": 1789293697,
                "name": "Ioanni Kapodistria virtual station",
                "num_bikes_available": 0,
                "num_docks_available": 0,
                "region_id": "206",
                "rental_uris": {
                    "android": "https://app.nextbike.net/station?id=478049816",
                    "ios": "https://app.nextbike.net/station?id=478049816",
                    "web": "https://nxtb.it/p/478049816"
                },
                "short_name": "76711",
                "station_area": {
                    "coordinates": [
                        [
                            [
                                [
                                    33.301494,
                                    35.121644
                                ],
                                [
                                    33.301732,
                                    35.121531
                                ],
                                [
                                    33.301732,
                                    35.121307
                                ],
                                [
                                    33.301494,
                                    35.121194
                                ],
                                [
                                    33.301256,
                                    35.121307
                                ],
                                [
                                    33.301256,
                                    35.121531
                                ],
                                [
                                    33.301494,
                                    35.121644
                                ]
                            ]
                        ]
                    ],
                    "type": "MultiPolygon"
                },
                "station_id": "478049816",
                "vehicle_types_available": []
            },
            "type": "Feature"
        },
        {
            "geometry": {
                "coordinates": [
                    33.043966,
                    34.679035
                ],
                "type": "Point"
            },
            "properties": {
                "is_installed": true,
                "is_renting": true,
                "is_returning": true,
                "is_virtual_station": true,
                "last_reported": 1789293697,
                "name": "Limassol District Administration Square",
                "num_bikes_available": 2,
                "num_docks_available": 0,
                "region_id": "190",
                "rental_uris": {
                    "android": "https://app.nextbike.net/station?id=481546518",
                    "ios": "https://app.nextbike.net/station?id=481546518",
                    "web": "https://nxtb.it/p/481546518"
                },
                "short_name": "67928",
                "station_area": {
                    "coordinates": [
                        [
                            [
                                [
                                    33.043966,
                                    34.67926
                                ],
                                [
                                    33.044203,
                                    34.679147
                                ],
                                [
                                    33.044203,
                                    34.678923
                                ],
                                [
                                    33.043966,
                                    34.67881
                                ],
                                [
                                    33.043729,
                                    34.678923
                                ],
                                [
                                    33.043729,
                                    34.679147
                                ],
                                [
                                    33.043966,
                                    34.67926
                                ]
                            ]
                        ]
                    ],
                    "type": "MultiPolygon"
                },
                "station_id": "481546518",
                "vehicle_types_available": [
                    {
                        "count": 2,
                        "vehicle_type_id": "15"
                    }
                ]
            },
            "type": "Feature"
        },
        {
            "geometry": {
                "coordinates": [
                    33.046235,
                    34.675567
                ],
                "type": "Point"
            },
            "properties": {
                "is_installed": true,
                "is_renting": true,
                "is_returning": true,
                "is_virtual_station": true,
                "last_reported": 1789293697,
                "name": "Havaianas",
                "num_bikes_available": 3,
                "num_docks_available": 0,
                "region_id": "190",
                "rental_uris": {
                    "android": "https://app.nextbike.net/station?id=481575361",
                    "ios": "https://app.nextbike.net/station?id=481575361",
                    "web": "https://nxtb.it/p/481575361"
                },
                "short_name": "67930",
                "station_area": {
                    "coordinates": [
                        [
                            [
                                [
                                    33.046235,
                                    34.675792
                                ],
                                [
                                    33.046472,
                                    34.675679
                                ],
                                [
                                    33.046472,
                                    34.675455
                                ],
                                [
                                    33.046235,
                                    34.675342
                                ],
                                [
                                    33.045998,
                                    34.675455
                                ],
                                [
                                    33.045998,
                                    34.675679
                                ],
                                [
                                    33.046235,
                                    34.675792
                                ]
                            ]
                        ]
                    ],
                    "type": "MultiPolygon"
                },
                "station_id": "481575361",
                "vehicle_types_available": [
                    {
                        "count": 2,
                        "vehicle_type_id": "340"
                    },
                    {
                        "count": 1,
                        "vehicle_type_id": "342"
                    }
                ]
            },
            "type": "Feature"
        },
        {
            "geometry": {
                "coordinates": [
                    33.02796,
                    34.68157
                ],
                "type": "Point"
            },
            "properties": {
                "is_installed": true,
                "is_renting": true,
                "is_returning": true,
                "is_virtual_station": false,
                "last_reported": 1789293697,
                "name": "Fire Brigade Bus stop",
                "num_bikes_available": 5,
                "num_docks_available": 0,
                "region_id": "190",
                "rental_uris": {
                    "android": "https://app.nextbike.net/station?id=483202336",
                    "ios": "https://app.nextbike.net/station?id=483202336",
                    "web": "https://nxtb.it/p/483202336"
                },
                "short_name": "67411",
                "station_id": "483202336",
                "vehicle_types_available": [
                    {
                        "count": 2,
                        "vehicle_type_id": "15"
                    },
                    {
                        "count": 2,
                        "vehicle_type_id": "340"
                    },
                    {
                        "count": 1,
                        "vehicle_type_id": "342"
                    }
                ]
            },
            "type": "Feature"
        },
        {
            "geometry": {
                "coordinates": [
                    32.410317,
                    34.771657
                ],
                "type": "Point"
            },
            "properties": {
                "is_installed": true,
                "is_renting": true,
                "is_returning": true,
                "is_virtual_station": true,
                "last_reported": 1789293697,
                "name": "Zeus virtual station",
                "num_bikes_available": 3,
                "num_docks_available": 0,
                "region_id": "957",
                "rental_uris": {
                    "android": "https://app.nextbike.net/station?id=486880824",
                    "ios": "https://app.nextbike.net/station?id=486880824",
                    "web": "https://nxtb.it/p/486880824"
                },
                "short_name": "64087",
                "station_area": {
                    "coordinates": [
                        [
                            [
                                [
                                    32.410317,
                                    34.771882
                                ],
                                [
                                    32.410554,
                                    34.771769
                                ],
                                [
                                    32.410554,
                                    34.771545
                                ],
                                [
                                    32.410317,
                                    34.771432
                                ],
                                [
                                    32.41008,
                                    34.771545
                                ],
                                [
                                    32.41008,
                                    34.771769
                                ],
                                [
                                    32.410317,
                                    34.771882
                                ]
                            ]
                        ]
                    ],
                    "type": "MultiPolygon"
                },
                "station_id": "486880824",
                "vehicle_types_available": [
                    {
                        "count": 3,
                        "vehicle_type_id": "340"
                    }
                ]
            },
            "type": "Feature"
        },
        {
            "geometry": {
                "coordinates": [
                    33.039874,
                    34.681971
                ],
                "type": "Point"
            },
            "properties": {
                "capacity": 2,
                "is_installed": true,
                "is_renting": true,
                "is_returning": true,
                "is_virtual_station": false,
                "last_reported": 1789293697,
                "name": "Lemongrass Hostel",
                "num_bikes_available": 0,
                "num_docks_available": 1,
                "region_id": "190",
                "rental_uris": {
                    "android": "https://app.nextbike.net/station?id=488321",
                    "ios": "https://app.nextbike.net/station?id=488321",
                    "web": "https://nxtb.it/p/488321"
                },
                "short_name": "6772",
                "station_id": "488321",
                "vehicle_types_available": []
            },
            "type": "Feature"
        },
        {
            "geometry": {
                "coordinates": [
                    33.054825,
                    34.68513
                ],
                "type": "Point"
            },
            "properties": {
                "is_installed": true,
                "is_renting": true,
                "is_returning": true,
                "is_virtual_station": false,
                "last_reported": 1789293697,
                "name": "Limassol's Archaeological Museum",
                "num_bikes_available": 0,
                "num_docks_available": 0,
                "region_id": "190",
                "rental_uris": {
                    "android": "https://app.nextbike.net/station?id=489546697",
                    "ios": "https://app.nextbike.net/station?id=489546697",
                    "web": "https://nxtb.it/p/489546697"
                },
                "short_name": "67399",
                "station_id": "489546697",
                "vehicle_types_available": []
            },
            "type": "Feature"
        },
        {
            "geometry": {
                "coordinates": [
                    32.417587,
                    34.767462
                ],
                "type": "Point"
            },
            "properties": {
                "is_installed": true,
                "is_renting": true,
                "is_returning": true,
                "is_virtual_station": true,
                "last_reported": 1789293697,
                "name": "AUB virtual",
                "num_bikes_available": 2,
                "num_docks_available": 0,
                "region_id": "957",
                "rental_uris": {
                    "android": "https://app.nextbike.net/station?id=501430299",
                    "ios": "https://app.nextbike.net/station?id=501430299",
                    "web": "https://nxtb.it/p/501430299"
                },
                "short_name": "64088",
                "station_area": {
                    "coordinates": [
                        [
                            [
                                [
                                    32.417587,
                                    34.767687
                                ],
                                [
                                    32.417824,
                                    34.767574
                                ],
                                [
                                    32.417824,
                                    34.76735
                                ],
                                [
                                    32.417587,
                                    34.767237
                                ],
                                [
                                    32.41735,
                                    34.76735
                                ],
                                [
                                    32.41735,
                                    34.767574
                                ],
                                [
                                    32.417587,
                                    34.767687
                                ]
                            ]
                        ]
                    ],
                    "type": "MultiPolygon"
                },
                "station_id": "501430299",
                "vehicle_types_available": [
                    {
                        "count": 2,
                        "vehicle_type_id": "340"
                    }
                ]
            },
            "type": "Feature"
        },
        {
            "geometry": {
                "coordinates": [
                    32.41578,
                    34.766311
                ],
                "type": "Point"
            },
            "properties": {
                "is_installed": true,
                "is_renting": true,
                "is_returning": true,
                "is_virtual_station": false,
                "last_reported": 1789293697,
                "name": "AUB Parking Lot",
                "num_bikes_available": 2,
                "num_docks_available": 0,
                "region_id": "957",
                "rental_uris": {
                    "android": "https://app.nextbike.net/station?id=501430826",
                    "ios": "https://app.nextbike.net/station?id=501430826",
                    "web": "https://nxtb.it/p/501430826"
                },
                "short_name": "64089",
                "station_id": "501430826",
                "vehicle_types_available": [
                    {
                        "count": 2,
                        "vehicle_type_id": "340"
                    }
                ]
            },
            "type": "Feature"
        },
        {
            "geometry": {
                "coordinates": [
                    32.434474,
                    34.776756
                ],
                "type": "Point"
            },
            "properties": {
                "is_installed": true,
                "is_renting": false,
                "is_returning": false,
                "is_virtual_station": true,
                "last_reported": 1789293697,
                "name": "CUT Student Hall",
                "num_bikes_available": 0,
                "num_docks_available": 0,
                "region_id": "957",
                "rental_uris": {
                    "android": "https://app.nextbike.net/station?id=501431831",
                    "ios": "https://app.nextbike.net/station?id=501431831",
                    "web": "https://nxtb.it/p/501431831"
                },
                "short_name": "64090",
                "station_area": {
                    "coordinates": [
                        [
                            [
                                [
                                    32.434474,
                                    34.776981
                                ],
                                [
                                    32.434711,
                                    34.776868
                                ],
                                [
                                    32.434711,
                                    34.776644
                                ],
                                [
                                    32.434474,
                                    34.776531
                                ],
                                [
                                    32.434237,
                                    34.776644
                                ],
                                [
                                    32.434237,
                                    34.776868
                                ],
                                [
                                    32.434474,
                                    34.776981
                                ]
                            ]
                        ]
                    ],
                    "type": "MultiPolygon"
                },
                "station_id": "501431831",
                "vehicle_types_available": []
            },
            "type": "Feature"
        },
        {
            "geometry": {
                "coordinates": [
                    33.609722,
                    34.916839
                ],
                "type": "Point"
            },
            "properties": {
                "is_installed": true,
                "is_renting": true,
                "is_returning": true,
                "is_virtual_station": true,
                "last_reported": 1789293697,
                "name": "Dynava virtual station",
                "num_bikes_available": 2,
                "num_docks_available": 0,
                "region_id": "940",
                "rental_uris": {
                    "android": "https://app.nextbike.net/station?id=509054048",
                    "ios": "https://app.nextbike.net/station?id=509054048",
                    "web": "https://nxtb.it/p/509054048"
                },
                "short_name": "64040",
                "station_area": {
                    "coordinates": [
                        [
                            [
                                [
                                    33.609722,
                                    34.917064
                                ],
                                [
                                    33.609959,
                                    34.916951
                                ],
                                [
                                    33.609959,
                                    34.916727
                                ],
                                [
                                    33.609722,
                                    34.916614
                                ],
                                [
                                    33.609485,
                                    34.916727
                                ],
                                [
                                    33.609485,
                                    34.916951
                                ],
                                [
                                    33.609722,
                                    34.917064
                                ]
                            ]
                        ]
                    ],
                    "type": "MultiPolygon"
                },
                "station_id": "509054048",
                "vehicle_types_available": [
                    {
                        "count": 1,
                        "vehicle_type_id": "15"
                    },
                    {
                        "count": 1,
                        "vehicle_type_id": "340"
                    }
                ]
            },
            "type": "Feature"
        },
        {
            "geometry": {
                "coordinates": [
                    33.672914,
                    34.971775
                ],
                "type": "Point"
            },
            "properties": {
                "is_installed": true,
                "is_renting": true,
                "is_returning": true,
                "is_virtual_station": false,
                "last_reported": 1789293697,
                "name": "Frixos suites hotel",
                "num_bikes_available": 3,
                "num_docks_available": 0,
                "region_id": "940",
                "rental_uris": {
                    "android": "https://app.nextbike.net/station?id=510474013",
                    "ios": "https://app.nextbike.net/station?id=510474013",
                    "web": "https://nxtb.it/p/510474013"
                },
                "short_name": "64041",
                "station_id": "510474013",
                "vehicle_types_available": [
                    {
                        "count": 2,
                        "vehicle_type_id": "15"
                    },
                    {
                        "count": 1,
                        "vehicle_type_id": "340"
                    }
                ]
            },
            "type": "Feature"
        },
        {
            "geometry": {
                "coordinates": [
                    33.605686,
                    34.916996
                ],
                "type": "Point"
            },
            "properties": {
                "is_installed": true,
                "is_renting": true,
                "is_returning": true,
                "is_virtual_station": false,
                "last_reported": 1789293697,
                "name": "Inomenon Ethnon",
                "num_bikes_available": 1,
                "num_docks_available": 0,
                "region_id": "940",
                "rental_uris": {
                    "android": "https://app.nextbike.net/station?id=511564875",
                    "ios": "https://app.nextbike.net/station?id=511564875",
                    "web": "https://nxtb.it/p/511564875"
                },
                "short_name": "64042",
                "station_id": "511564875",
                "vehicle_types_available": [
                    {
                        "count": 1,
                        "vehicle_type_id": "340"
                    }
                ]
            },
            "type": "Feature"
        },
        {
            "geometry": {
                "coordinates": [
                    33.654495,
                    34.957536
                ],
                "type": "Point"
            },
            "properties": {
                "is_installed": true,
                "is_renting": true,
                "is_returning": true,
                "is_virtual_station": true,
                "last_reported": 1789293697,
                "name": "Dhekelia B3 virtual",
                "num_bikes_available": 2,
                "num_docks_available": 0,
                "region_id": "940",
                "rental_uris": {
                    "android": "https://app.nextbike.net/station?id=511946531",
                    "ios": "https://app.nextbike.net/station?id=511946531",
                    "web": "https://nxtb.it/p/511946531"
                },
                "short_name": "64043",
                "station_area": {
                    "coordinates": [
                        [
                            [
                                [
                                    33.654495,
                                    34.957761
                                ],
                                [
                                    33.654733,
                                    34.957648
                                ],
                                [
                                    33.654733,
                                    34.957424
                                ],
                                [
                                    33.654495,
                                    34.957311
                                ],
                                [
                                    33.654257,
                                    34.957424
                                ],
                                [
                                    33.654257,
                                    34.957648
                                ],
                                [
                                    33.654495,
                                    34.957761
                                ]
                            ]
                        ]
                    ],
                    "type": "MultiPolygon"
                },
                "station_id": "511946531",
                "vehicle_types_available": [
                    {
                        "count": 2,
                        "vehicle_type_id": "340"
                    }
                ]
            },
            "type": "Feature"
        },
        {
            "geometry": {
                "coordinates": [
                    33.626199,
                    34.91109
                ],
                "type": "Point"
            },
            "properties": {
                "is_installed": true,
                "is_renting": true,
                "is_returning": true,
                "is_virtual_station": true,
                "last_reported": 1789293697,
                "name": "P.A. College",
                "num_bikes_available": 3,
                "num_docks_available": 0,
                "region_id": "940",
                "rental_uris": {
                    "android": "https://app.nextbike.net/station?id=514238560",
                    "ios": "https://app.nextbike.net/station?id=514238560",
                    "web": "https://nxtb.it/p/514238560"
                },
                "short_name": "64044",
                "station_area": {
                    "coordinates": [
                        [
                            [
                                [
                                    33.626199,
                                    34.911315
                                ],
                                [
                                    33.626436,
                                    34.911202
                                ],
                                [
                                    33.626436,
                                    34.910978
                                ],
                                [
                                    33.626199,
                                    34.910865
                                ],
                                [
                                    33.625962,
                                    34.910978
                                ],
                                [
                                    33.625962,
                                    34.911202
                                ],
                                [
                                    33.626199,
                                    34.911315
                                ]
                            ]
                        ]
                    ],
                    "type": "MultiPolygon"
                },
                "station_id": "514238560",
                "vehicle_types_available": [
                    {
                        "count": 1,
                        "vehicle_type_id": "162"
                    },
                    {
                        "count": 2,
                        "vehicle_type_id": "340"
                    }
                ]
            },
            "type": "Feature"
        },
        {
            "geometry": {
                "coordinates": [
                    33.075269,
                    34.699892
                ],
                "type": "Point"
            },
            "properties": {
                "is_installed": true,
                "is_renting": true,
                "is_returning": true,
                "is_virtual_station": false,
                "last_reported": 1789293697,
                "name": "Linopetra Health Care Center",
                "num_bikes_available": 2,
                "num_docks_available": 0,
                "region_id": "190",
                "rental_uris": {
                    "android": "https://app.nextbike.net/station?id=515224703",
                    "ios": "https://app.nextbike.net/station?id=515224703",
                    "web": "https://nxtb.it/p/515224703"
                },
                "short_name": "67412",
                "station_id": "515224703",
                "vehicle_types_available": [
                    {
                        "count": 2,
                        "vehicle_type_id": "340"
                    }
                ]
            },
            "type": "Feature"
        },
        {
            "geometry": {
                "coordinates": [
                    33.384779,
                    35.177232
                ],
                "type": "Point"
            },
            "properties": {
                "is_installed": true,
                "is_renting": true,
                "is_returning": true,
                "is_virtual_station": true,
                "last_reported": 1789293697,
                "name": "Architecture Department - Frederick University",
                "num_bikes_available": 7,
                "num_docks_available": 0,
                "region_id": "206",
                "rental_uris": {
                    "android": "https://app.nextbike.net/station?id=515274267",
                    "ios": "https://app.nextbike.net/station?id=515274267",
                    "web": "https://nxtb.it/p/515274267"
                },
                "short_name": "76712",
                "station_area": {
                    "coordinates": [
                        [
                            [
                                [
                                    33.384779,
                                    35.177457
                                ],
                                [
                                    33.385017,
                                    35.177344
                                ],
                                [
                                    33.385017,
                                    35.17712
                                ],
                                [
                                    33.384779,
                                    35.177007
                                ],
                                [
                                    33.384541,
                                    35.17712
                                ],
                                [
                                    33.384541,
                                    35.177344
                                ],
                                [
                                    33.384779,
                                    35.177457
                                ]
                            ]
                        ]
                    ],
                    "type": "MultiPolygon"
                },
                "station_id": "515274267",
                "vehicle_types_available": [
                    {
                        "count": 3,
                        "vehicle_type_id": "162"
                    },
                    {
                        "count": 4,
                        "vehicle_type_id": "71"
                    }
                ]
            },
            "type": "Feature"
        },
        {
            "geometry": {
                "coordinates": [
                    33.371703,
                    35.175566
                ],
                "type": "Point"
            },
            "properties": {
                "is_installed": true,
                "is_renting": true,
                "is_returning": true,
                "is_virtual_station": true,
                "last_reported": 1789293697,
                "name": "Melina Merkouri Municipal Hall",
                "num_bikes_available": 3,
                "num_docks_available": 0,
                "region_id": "206",
                "rental_uris": {
                    "android": "https://app.nextbike.net/station?id=516746419",
                    "ios": "https://app.nextbike.net/station?id=516746419",
                    "web": "https://nxtb.it/p/516746419"
                },
                "short_name": "76714",
                "station_area": {
                    "coordinates": [
                        [
                            [
                                [
                                    33.371703,
                                    35.175791
                                ],
                                [
                                    33.371941,
                                    35.175678
                                ],
                                [
                                    33.371941,
                                    35.175454
                                ],
                                [
                                    33.371703,
                                    35.175341
                                ],
                                [
                                    33.371465,
                                    35.175454
                                ],
                                [
                                    33.371465,
                                    35.175678
                                ],
                                [
                                    33.371703,
                                    35.175791
                                ]
                            ]
                        ]
                    ],
                    "type": "MultiPolygon"
                },
                "station_id": "516746419",
                "vehicle_types_available": [
                    {
                        "count": 2,
                        "vehicle_type_id": "162"
                    },
                    {
                        "count": 1,
                        "vehicle_type_id": "71"
                    }
                ]
            },
            "type": "Feature"
        },
        {
            "geometry": {
                "coordinates": [
                    33.616743,
                    34.910543
                ],
                "type": "Point"
            },
            "properties": {
                "is_installed": true,
                "is_renting": true,
                "is_returning": true,
                "is_virtual_station": true,
                "last_reported": 1789293697,
                "name": "Park Opposite Car Wash",
                "num_bikes_available": 5,
                "num_docks_available": 0,
                "region_id": "940",
                "rental_uris": {
                    "android": "https://app.nextbike.net/station?id=518538732",
                    "ios": "https://app.nextbike.net/station?id=518538732",
                    "web": "https://nxtb.it/p/518538732"
                },
                "short_name": "64045",
                "station_area": {
                    "coordinates": [
                        [
                            [
                                [
                                    33.616743,
                                    34.910768
                                ],
                                [
                                    33.61698,
                                    34.910655
                                ],
                                [
                                    33.61698,
                                    34.910431
                                ],
                                [
                                    33.616743,
                                    34.910318
                                ],
                                [
                                    33.616506,
                                    34.910431
                                ],
                                [
                                    33.616506,
                                    34.910655
                                ],
                                [
                                    33.616743,
                                    34.910768
                                ]
                            ]
                        ]
                    ],
                    "type": "MultiPolygon"
                },
                "station_id": "518538732",
                "vehicle_types_available": [
                    {
                        "count": 2,
                        "vehicle_type_id": "15"
                    },
                    {
                        "count": 3,
                        "vehicle_type_id": "340"
                    }
                ]
            },
            "type": "Feature"
        },
        {
            "geometry": {
                "coordinates": [
                    33.380915,
                    35.14166
                ],
                "type": "Point"
            },
            "properties": {
                "is_installed": true,
                "is_renting": true,
                "is_returning": true,
                "is_virtual_station": true,
                "last_reported": 1789293697,
                "name": "The Cyprus Institute",
                "num_bikes_available": 2,
                "num_docks_available": 0,
                "region_id": "206",
                "rental_uris": {
                    "android": "https://app.nextbike.net/station?id=518543479",
                    "ios": "https://app.nextbike.net/station?id=518543479",
                    "web": "https://nxtb.it/p/518543479"
                },
                "short_name": "76717",
                "station_area": {
                    "coordinates": [
                        [
                            [
                                [
                                    33.380915,
                                    35.141885
                                ],
                                [
                                    33.381153,
                                    35.141772
                                ],
                                [
                                    33.381153,
                                    35.141548
                                ],
                                [
                                    33.380915,
                                    35.141435
                                ],
                                [
                                    33.380677,
                                    35.141548
                                ],
                                [
                                    33.380677,
                                    35.141772
                                ],
                                [
                                    33.380915,
                                    35.141885
                                ]
                            ]
                        ]
                    ],
                    "type": "MultiPolygon"
                },
                "station_id": "518543479",
                "vehicle_types_available": [
                    {
                        "count": 2,
                        "vehicle_type_id": "162"
                    }
                ]
            },
            "type": "Feature"
        },
        {
            "geometry": {
                "coordinates": [
                    33.046578,
                    34.682354
                ],
                "type": "Point"
            },
            "properties": {
                "is_installed": true,
                "is_renting": true,
                "is_returning": true,
                "is_virtual_station": true,
                "last_reported": 1789293697,
                "name": "Hellenic bank Gladstonos",
                "num_bikes_available": 3,
                "num_docks_available": 0,
                "region_id": "190",
                "rental_uris": {
                    "android": "https://app.nextbike.net/station?id=534238448",
                    "ios": "https://app.nextbike.net/station?id=534238448",
                    "web": "https://nxtb.it/p/534238448"
                },
                "short_name": "67932",
                "station_area": {
                    "coordinates": [
                        [
                            [
                                [
                                    33.046578,
                                    34.682579
                                ],
                                [
                                    33.046815,
                                    34.682466
                                ],
                                [
                                    33.046815,
                                    34.682242
                                ],
                                [
                                    33.046578,
                                    34.682129
                                ],
                                [
                                    33.046341,
                                    34.682242
                                ],
                                [
                                    33.046341,
                                    34.682466
                                ],
                                [
                                    33.046578,
                                    34.682579
                                ]
                            ]
                        ]
                    ],
                    "type": "MultiPolygon"
                },
                "station_id": "534238448",
                "vehicle_types_available": [
                    {
                        "count": 2,
                        "vehicle_type_id": "340"
                    },
                    {
                        "count": 1,
                        "vehicle_type_id": "15"
                    }
                ]
            },
            "type": "Feature"
        },
        {
            "geometry": {
                "coordinates": [
                    32.889835,
                    35.069443
                ],
                "type": "Point"
            },
            "properties": {
                "is_installed": true,
                "is_renting": true,
                "is_returning": true,
                "is_virtual_station": false,
                "last_reported": 1789293697,
                "name": "Linou e-bike station",
                "num_bikes_available": 5,
                "num_docks_available": 0,
                "region_id": "1167",
                "rental_uris": {
                    "android": "https://app.nextbike.net/station?id=535025840",
                    "ios": "https://app.nextbike.net/station?id=535025840",
                    "web": "https://nxtb.it/p/535025840"
                },
                "short_name": "76800",
                "station_id": "535025840",
                "vehicle_types_available": [
                    {
                        "count": 1,
                        "vehicle_type_id": "377"
                    },
                    {
                        "count": 4,
                        "vehicle_type_id": "376"
                    }
                ]
            },
            "type": "Feature"
        },
        {
            "geometry": {
                "coordinates": [
                    33.997588,
                    34.987849
                ],
                "type": "Point"
            },
            "properties": {
                "is_installed": true,
                "is_renting": true,
                "is_returning": true,
                "is_virtual_station": false,
                "last_reported": 1789293697,
                "name": "Five brothers",
                "num_bikes_available": 5,
                "num_docks_available": 0,
                "region_id": "889",
                "rental_uris": {
                    "android": "https://app.nextbike.net/station?id=535635827",
                    "ios": "https://app.nextbike.net/station?id=535635827",
                    "web": "https://nxtb.it/p/535635827"
                },
                "short_name": "68228",
                "station_id": "535635827",
                "vehicle_types_available": [
                    {
                        "count": 5,
                        "vehicle_type_id": "162"
                    }
                ]
            },
            "type": "Feature"
        },
        {
            "geometry": {
                "coordinates": [
                    33.013772,
                    35.075937
                ],
                "type": "Point"
            },
            "properties": {
                "capacity": 5,
                "is_installed": true,
                "is_renting": true,
                "is_returning": true,
                "is_virtual_station": false,
                "last_reported": 1789293697,
                "name": "Vyzakia e-bike station",
                "num_bikes_available": 4,
                "num_docks_available": 0,
                "region_id": "1168",
                "rental_uris": {
                    "android": "https://app.nextbike.net/station?id=538031243",
                    "ios": "https://app.nextbike.net/station?id=538031243",
                    "web": "https://nxtb.it/p/538031243"
                },
                "short_name": "76801",
                "station_id": "538031243",
                "vehicle_types_available": [
                    {
                        "count": 4,
                        "vehicle_type_id": "376"
                    }
                ]
            },
            "type": "Feature"
        },
        {
            "geometry": {
                "coordinates": [
                    33.174889,
                    34.713975
                ],
                "type": "Point"
            },
            "properties": {
                "is_installed": true,
                "is_renting": true,
                "is_returning": true,
                "is_virtual_station": false,
                "last_reported": 1789293697,
                "name": "Parklane",
                "num_bikes_available": 3,
                "num_docks_available": 0,
                "region_id": "190",
                "rental_uris": {
                    "android": "https://app.nextbike.net/station?id=539880408",
                    "ios": "https://app.nextbike.net/station?id=539880408",
                    "web": "https://nxtb.it/p/539880408"
                },
                "short_name": "67933",
                "station_id": "539880408",
                "vehicle_types_available": [
                    {
                        "count": 2,
                        "vehicle_type_id": "15"
                    },
                    {
                        "count": 1,
                        "vehicle_type_id": "340"
                    }
                ]
            },
            "type": "Feature"
        },
        {
            "geometry": {
                "coordinates": [
                    32.443202,
                    34.776807
                ],
                "type": "Point"
            },
            "properties": {
                "is_installed": true,
                "is_renting": true,
                "is_returning": true,
                "is_virtual_station": false,
                "last_reported": 1789293697,
                "name": "Intercity Bus Stop Opposite McDonald's",
                "num_bikes_available": 2,
                "num_docks_available": 0,
                "region_id": "957",
                "rental_uris": {
                    "android": "https://app.nextbike.net/station?id=540537123",
                    "ios": "https://app.nextbike.net/station?id=540537123",
                    "web": "https://nxtb.it/p/540537123"
                },
                "short_name": "64091",
                "station_id": "540537123",
                "vehicle_types_available": [
                    {
                        "count": 2,
                        "vehicle_type_id": "340"
                    }
                ]
            },
            "type": "Feature"
        },
        {
            "geometry": {
                "coordinates": [
                    32.42604,
                    34.776633
                ],
                "type": "Point"
            },
            "properties": {
                "is_installed": true,
                "is_renting": true,
                "is_returning": true,
                "is_virtual_station": false,
                "last_reported": 1789293697,
                "name": "EOA Paphos",
                "num_bikes_available": 0,
                "num_docks_available": 0,
                "region_id": "957",
                "rental_uris": {
                    "android": "https://app.nextbike.net/station?id=540781690",
                    "ios": "https://app.nextbike.net/station?id=540781690",
                    "web": "https://nxtb.it/p/540781690"
                },
                "short_name": "64092",
                "station_id": "540781690",
                "vehicle_types_available": []
            },
            "type": "Feature"
        },
        {
            "geometry": {
                "coordinates": [
                    32.423927,
                    34.749511
                ],
                "type": "Point"
            },
            "properties": {
                "is_installed": true,
                "is_renting": true,
                "is_returning": true,
                "is_virtual_station": true,
                "last_reported": 1789293697,
                "name": "SODAP Bus Station",
                "num_bikes_available": 3,
                "num_docks_available": 0,
                "region_id": "957",
                "rental_uris": {
                    "android": "https://app.nextbike.net/station?id=544468301",
                    "ios": "https://app.nextbike.net/station?id=544468301",
                    "web": "https://nxtb.it/p/544468301"
                },
                "short_name": "64093",
                "station_area": {
                    "coordinates": [
                        [
                            [
                                [
                                    32.423927,
                                    34.749736
                                ],
                                [
                                    32.424164,
                                    34.749623
                                ],
                                [
                                    32.424164,
                                    34.749399
                                ],
                                [
                                    32.423927,
                                    34.749286
                                ],
                                [
                                    32.42369,
                                    34.749399
                                ],
                                [
                                    32.42369,
                                    34.749623
                                ],
                                [
                                    32.423927,
                                    34.749736
                                ]
                            ]
                        ]
                    ],
                    "type": "MultiPolygon"
                },
                "station_id": "544468301",
                "vehicle_types_available": [
                    {
                        "count": 1,
                        "vehicle_type_id": "340"
                    },
                    {
                        "count": 1,
                        "vehicle_type_id": "339"
                    },
                    {
                        "count": 1,
                        "vehicle_type_id": "15"
                    }
                ]
            },
            "type": "Feature"
        },
        {
            "geometry": {
                "coordinates": [
                    33.633184,
                    34.928725
                ],
                "type": "Point"
            },
            "properties": {
                "is_installed": true,
                "is_renting": true,
                "is_returning": true,
                "is_virtual_station": true,
                "last_reported": 1789293697,
                "name": "Ioannou Shoes",
                "num_bikes_available": 5,
                "num_docks_available": 0,
                "region_id": "940",
                "rental_uris": {
                    "android": "https://app.nextbike.net/station?id=544803700",
                    "ios": "https://app.nextbike.net/station?id=544803700",
                    "web": "https://nxtb.it/p/544803700"
                },
                "short_name": "64046",
                "station_area": {
                    "coordinates": [
                        [
                            [
                                [
                                    33.633184,
                                    34.92895
                                ],
                                [
                                    33.633421,
                                    34.928837
                                ],
                                [
                                    33.633421,
                                    34.928613
                                ],
                                [
                                    33.633184,
                                    34.9285
                                ],
                                [
                                    33.632947,
                                    34.928613
                                ],
                                [
                                    33.632947,
                                    34.928837
                                ],
                                [
                                    33.633184,
                                    34.92895
                                ]
                            ]
                        ]
                    ],
                    "type": "MultiPolygon"
                },
                "station_id": "544803700",
                "vehicle_types_available": [
                    {
                        "count": 4,
                        "vehicle_type_id": "340"
                    },
                    {
                        "count": 1,
                        "vehicle_type_id": "15"
                    }
                ]
            },
            "type": "Feature"
        },
        {
            "geometry": {
                "coordinates": [
                    33.670935,
                    34.969616
                ],
                "type": "Point"
            },
            "properties": {
                "is_installed": true,
                "is_renting": true,
                "is_returning": true,
                "is_virtual_station": false,
                "last_reported": 1789293697,
                "name": "Mercury Beach Resort",
                "num_bikes_available": 2,
                "num_docks_available": 0,
                "region_id": "940",
                "rental_uris": {
                    "android": "https://app.nextbike.net/station?id=546970446",
                    "ios": "https://app.nextbike.net/station?id=546970446",
                    "web": "https://nxtb.it/p/546970446"
                },
                "short_name": "64047",
                "station_id": "546970446",
                "vehicle_types_available": [
                    {
                        "count": 1,
                        "vehicle_type_id": "15"
                    },
                    {
                        "count": 1,
                        "vehicle_type_id": "340"
                    }
                ]
            },
            "type": "Feature"
        },
        {
            "geometry": {
                "coordinates": [
                    33.053581,
                    34.686484
                ],
                "type": "Point"
            },
            "properties": {
                "capacity": 10,
                "is_installed": true,
                "is_renting": true,
                "is_returning": true,
                "is_virtual_station": false,
                "last_reported": 1789293697,
                "name": "Saint Nikolas RoundAbout",
                "num_bikes_available": 4,
                "num_docks_available": 4,
                "region_id": "190",
                "rental_uris": {
                    "android": "https://app.nextbike.net/station?id=5538437",
                    "ios": "https://app.nextbike.net/station?id=5538437",
                    "web": "https://nxtb.it/p/5538437"
                },
                "short_name": "6773",
                "station_id": "5538437",
                "vehicle_types_available": [
                    {
                        "count": 3,
                        "vehicle_type_id": "340"
                    },
                    {
                        "count": 1,
                        "vehicle_type_id": "15"
                    }
                ]
            },
            "type": "Feature"
        },
        {
            "geometry": {
                "coordinates": [
                    33.048157,
                    34.687472
                ],
                "type": "Point"
            },
            "properties": {
                "capacity": 6,
                "is_installed": true,
                "is_renting": true,
                "is_returning": true,
                "is_virtual_station": false,
                "last_reported": 1789293697,
                "name": "Makariou ",
                "num_bikes_available": 4,
                "num_docks_available": 0,
                "region_id": "190",
                "rental_uris": {
                    "android": "https://app.nextbike.net/station?id=5538453",
                    "ios": "https://app.nextbike.net/station?id=5538453",
                    "web": "https://nxtb.it/p/5538453"
                },
                "short_name": "6775",
                "station_id": "5538453",
                "vehicle_types_available": [
                    {
                        "count": 3,
                        "vehicle_type_id": "340"
                    },
                    {
                        "count": 1,
                        "vehicle_type_id": "15"
                    }
                ]
            },
            "type": "Feature"
        },
        {
            "geometry": {
                "coordinates": [
                    33.032498,
                    34.685152
                ],
                "type": "Point"
            },
            "properties": {
                "capacity": 8,
                "is_installed": true,
                "is_renting": true,
                "is_returning": true,
                "is_virtual_station": false,
                "last_reported": 1789293697,
                "name": "Makariou/Petrou Tsirou",
                "num_bikes_available": 0,
                "num_docks_available": 8,
                "region_id": "190",
                "rental_uris": {
                    "android": "https://app.nextbike.net/station?id=5538469",
                    "ios": "https://app.nextbike.net/station?id=5538469",
                    "web": "https://nxtb.it/p/5538469"
                },
                "short_name": "6774",
                "station_id": "5538469",
                "vehicle_types_available": []
            },
            "type": "Feature"
        },
        {
            "geometry": {
                "coordinates": [
                    33.070723,
                    34.697399
                ],
                "type": "Point"
            },
            "properties": {
                "is_installed": true,
                "is_renting": true,
                "is_returning": true,
                "is_virtual_station": true,
                "last_reported": 1789293697,
                "name": "La Croissanterie Kolonakiou",
                "num_bikes_available": 2,
                "num_docks_available": 0,
                "region_id": "190",
                "rental_uris": {
                    "android": "https://app.nextbike.net/station?id=555062569",
                    "ios": "https://app.nextbike.net/station?id=555062569",
                    "web": "https://nxtb.it/p/555062569"
                },
                "short_name": "67934",
                "station_area": {
                    "coordinates": [
                        [
                            [
                                [
                                    33.070723,
                                    34.697624
                                ],
                                [
                                    33.07096,
                                    34.697511
                                ],
                                [
                                    33.07096,
                                    34.697287
                                ],
                                [
                                    33.070723,
                                    34.697174
                                ],
                                [
                                    33.070486,
                                    34.697287
                                ],
                                [
                                    33.070486,
                                    34.697511
                                ],
                                [
                                    33.070723,
                                    34.697624
                                ]
                            ]
                        ]
                    ],
                    "type": "MultiPolygon"
                },
                "station_id": "555062569",
                "vehicle_types_available": [
                    {
                        "count": 2,
                        "vehicle_type_id": "340"
                    }
                ]
            },
            "type": "Feature"
        },
        {
            "geometry": {
                "coordinates": [
                    33.082511,
                    34.704058
                ],
                "type": "Point"
            },
            "properties": {
                "is_installed": true,
                "is_renting": true,
                "is_returning": true,
                "is_virtual_station": true,
                "last_reported": 1789293697,
                "name": "Bus station Mageirio",
                "num_bikes_available": 2,
                "num_docks_available": 0,
                "region_id": "190",
                "rental_uris": {
                    "android": "https://app.nextbike.net/station?id=555088154",
                    "ios": "https://app.nextbike.net/station?id=555088154",
                    "web": "https://nxtb.it/p/555088154"
                },
                "short_name": "67935",
                "station_area": {
                    "coordinates": [
                        [
                            [
                                [
                                    33.082511,
                                    34.704283
                                ],
                                [
                                    33.082748,
                                    34.70417
                                ],
                                [
                                    33.082748,
                                    34.703946
                                ],
                                [
                                    33.082511,
                                    34.703833
                                ],
                                [
                                    33.082274,
                                    34.703946
                                ],
                                [
                                    33.082274,
                                    34.70417
                                ],
                                [
                                    33.082511,
                                    34.704283
                                ]
                            ]
                        ]
                    ],
                    "type": "MultiPolygon"
                },
                "station_id": "555088154",
                "vehicle_types_available": [
                    {
                        "count": 1,
                        "vehicle_type_id": "340"
                    },
                    {
                        "count": 1,
                        "vehicle_type_id": "15"
                    }
                ]
            },
            "type": "Feature"
        },
        {
            "geometry": {
                "coordinates": [
                    33.97086,
                    34.992543
                ],
                "type": "Point"
            },
            "properties": {
                "is_installed": true,
                "is_renting": true,
                "is_returning": true,
                "is_virtual_station": true,
                "last_reported": 1789293697,
                "name": "Kakafa station",
                "num_bikes_available": 1,
                "num_docks_available": 0,
                "region_id": "889",
                "rental_uris": {
                    "android": "https://app.nextbike.net/station?id=555178327",
                    "ios": "https://app.nextbike.net/station?id=555178327",
                    "web": "https://nxtb.it/p/555178327"
                },
                "short_name": "68229",
                "station_area": {
                    "coordinates": [
                        [
                            [
                                [
                                    33.97086,
                                    34.992768
                                ],
                                [
                                    33.971098,
                                    34.992655
                                ],
                                [
                                    33.971098,
                                    34.992431
                                ],
                                [
                                    33.97086,
                                    34.992318
                                ],
                                [
                                    33.970622,
                                    34.992431
                                ],
                                [
                                    33.970622,
                                    34.992655
                                ],
                                [
                                    33.97086,
                                    34.992768
                                ]
                            ]
                        ]
                    ],
                    "type": "MultiPolygon"
                },
                "station_id": "555178327",
                "vehicle_types_available": [
                    {
                        "count": 1,
                        "vehicle_type_id": "162"
                    }
                ]
            },
            "type": "Feature"
        },
        {
            "geometry": {
                "coordinates": [
                    33.632534,
                    34.923154
                ],
                "type": "Point"
            },
            "properties": {
                "is_installed": true,
                "is_renting": true,
                "is_returning": true,
                "is_virtual_station": true,
                "last_reported": 1789293697,
                "name": "Parko Renou Prentza",
                "num_bikes_available": 1,
                "num_docks_available": 0,
                "region_id": "940",
                "rental_uris": {
                    "android": "https://app.nextbike.net/station?id=561091931",
                    "ios": "https://app.nextbike.net/station?id=561091931",
                    "web": "https://nxtb.it/p/561091931"
                },
                "short_name": "64048",
                "station_area": {
                    "coordinates": [
                        [
                            [
                                [
                                    33.632534,
                                    34.923379
                                ],
                                [
                                    33.632771,
                                    34.923266
                                ],
                                [
                                    33.632771,
                                    34.923042
                                ],
                                [
                                    33.632534,
                                    34.922929
                                ],
                                [
                                    33.632297,
                                    34.923042
                                ],
                                [
                                    33.632297,
                                    34.923266
                                ],
                                [
                                    33.632534,
                                    34.923379
                                ]
                            ]
                        ]
                    ],
                    "type": "MultiPolygon"
                },
                "station_id": "561091931",
                "vehicle_types_available": [
                    {
                        "count": 1,
                        "vehicle_type_id": "340"
                    }
                ]
            },
            "type": "Feature"
        },
        {
            "geometry": {
                "coordinates": [
                    33.028341,
                    34.757824
                ],
                "type": "Point"
            },
            "properties": {
                "is_installed": true,
                "is_renting": true,
                "is_returning": true,
                "is_virtual_station": false,
                "last_reported": 1789293697,
                "name": "Votaniko Parko Fasoulas",
                "num_bikes_available": 4,
                "num_docks_available": 0,
                "region_id": "1187",
                "rental_uris": {
                    "android": "https://app.nextbike.net/station?id=570729533",
                    "ios": "https://app.nextbike.net/station?id=570729533",
                    "web": "https://nxtb.it/p/570729533"
                },
                "short_name": "67936",
                "station_id": "570729533",
                "vehicle_types_available": [
                    {
                        "count": 4,
                        "vehicle_type_id": "4"
                    }
                ]
            },
            "type": "Feature"
        },
        {
            "geometry": {
                "coordinates": [
                    33.026796,
                    34.764407
                ],
                "type": "Point"
            },
            "properties": {
                "is_installed": true,
                "is_renting": true,
                "is_returning": true,
                "is_virtual_station": false,
                "last_reported": 1789293697,
                "name": "Fasoula Square",
                "num_bikes_available": 3,
                "num_docks_available": 0,
                "region_id": "1187",
                "rental_uris": {
                    "android": "https://app.nextbike.net/station?id=570730310",
                    "ios": "https://app.nextbike.net/station?id=570730310",
                    "web": "https://nxtb.it/p/570730310"
                },
                "short_name": "67937",
                "station_id": "570730310",
                "vehicle_types_available": [
                    {
                        "count": 3,
                        "vehicle_type_id": "4"
                    }
                ]
            },
            "type": "Feature"
        },
        {
            "geometry": {
                "coordinates": [
                    33.63875,
                    34.895861
                ],
                "type": "Point"
            },
            "properties": {
                "is_installed": true,
                "is_renting": true,
                "is_returning": true,
                "is_virtual_station": true,
                "last_reported": 1789293697,
                "name": "Opposite Plori fish tavern",
                "num_bikes_available": 3,
                "num_docks_available": 0,
                "region_id": "940",
                "rental_uris": {
                    "android": "https://app.nextbike.net/station?id=587840808",
                    "ios": "https://app.nextbike.net/station?id=587840808",
                    "web": "https://nxtb.it/p/587840808"
                },
                "short_name": "64008",
                "station_area": {
                    "coordinates": [
                        [
                            [
                                [
                                    33.63875,
                                    34.896086
                                ],
                                [
                                    33.638987,
                                    34.895973
                                ],
                                [
                                    33.638987,
                                    34.895749
                                ],
                                [
                                    33.63875,
                                    34.895636
                                ],
                                [
                                    33.638513,
                                    34.895749
                                ],
                                [
                                    33.638513,
                                    34.895973
                                ],
                                [
                                    33.63875,
                                    34.896086
                                ]
                            ]
                        ]
                    ],
                    "type": "MultiPolygon"
                },
                "station_id": "587840808",
                "vehicle_types_available": [
                    {
                        "count": 2,
                        "vehicle_type_id": "15"
                    },
                    {
                        "count": 1,
                        "vehicle_type_id": "340"
                    }
                ]
            },
            "type": "Feature"
        },
        {
            "geometry": {
                "coordinates": [
                    32.403023,
                    34.788749
                ],
                "type": "Point"
            },
            "properties": {
                "is_installed": true,
                "is_renting": true,
                "is_returning": true,
                "is_virtual_station": false,
                "last_reported": 1789293697,
                "name": "Bus Stop - Venus beach hotel",
                "num_bikes_available": 4,
                "num_docks_available": 0,
                "region_id": "957",
                "rental_uris": {
                    "android": "https://app.nextbike.net/station?id=588032578",
                    "ios": "https://app.nextbike.net/station?id=588032578",
                    "web": "https://nxtb.it/p/588032578"
                },
                "short_name": "64070",
                "station_id": "588032578",
                "vehicle_types_available": [
                    {
                        "count": 2,
                        "vehicle_type_id": "339"
                    },
                    {
                        "count": 1,
                        "vehicle_type_id": "340"
                    },
                    {
                        "count": 1,
                        "vehicle_type_id": "15"
                    }
                ]
            },
            "type": "Feature"
        },
        {
            "geometry": {
                "coordinates": [
                    32.399993,
                    34.787559
                ],
                "type": "Point"
            },
            "properties": {
                "is_installed": true,
                "is_renting": true,
                "is_returning": true,
                "is_virtual_station": false,
                "last_reported": 1789293697,
                "name": "Pelagos",
                "num_bikes_available": 9,
                "num_docks_available": 0,
                "region_id": "957",
                "rental_uris": {
                    "android": "https://app.nextbike.net/station?id=589439115",
                    "ios": "https://app.nextbike.net/station?id=589439115",
                    "web": "https://nxtb.it/p/589439115"
                },
                "short_name": "64081",
                "station_id": "589439115",
                "vehicle_types_available": [
                    {
                        "count": 1,
                        "vehicle_type_id": "15"
                    },
                    {
                        "count": 7,
                        "vehicle_type_id": "340"
                    },
                    {
                        "count": 1,
                        "vehicle_type_id": "339"
                    }
                ]
            },
            "type": "Feature"
        },
        {
            "geometry": {
                "coordinates": [
                    33.383969,
                    34.801044
                ],
                "type": "Point"
            },
            "properties": {
                "is_installed": true,
                "is_renting": true,
                "is_returning": true,
                "is_virtual_station": false,
                "last_reported": 1789293697,
                "name": "Agios Theodoros Square",
                "num_bikes_available": 6,
                "num_docks_available": 0,
                "region_id": "1227",
                "rental_uris": {
                    "android": "https://app.nextbike.net/station?id=591954857",
                    "ios": "https://app.nextbike.net/station?id=591954857",
                    "web": "https://nxtb.it/p/591954857"
                },
                "short_name": "64049",
                "station_id": "591954857",
                "vehicle_types_available": [
                    {
                        "count": 6,
                        "vehicle_type_id": "374"
                    }
                ]
            },
            "type": "Feature"
        },
        {
            "geometry": {
                "coordinates": [
                    33.36704,
                    35.16663
                ],
                "type": "Point"
            },
            "properties": {
                "is_installed": true,
                "is_renting": true,
                "is_returning": true,
                "is_virtual_station": false,
                "last_reported": 1789293697,
                "name": "TFI Markets",
                "num_bikes_available": 6,
                "num_docks_available": 0,
                "region_id": "206",
                "rental_uris": {
                    "android": "https://app.nextbike.net/station?id=593367013",
                    "ios": "https://app.nextbike.net/station?id=593367013",
                    "web": "https://nxtb.it/p/593367013"
                },
                "short_name": "76718",
                "station_id": "593367013",
                "vehicle_types_available": [
                    {
                        "count": 3,
                        "vehicle_type_id": "14"
                    },
                    {
                        "count": 2,
                        "vehicle_type_id": "162"
                    },
                    {
                        "count": 1,
                        "vehicle_type_id": "71"
                    }
                ]
            },
            "type": "Feature"
        },
        {
            "geometry": {
                "coordinates": [
                    33.104159,
                    34.701298
                ],
                "type": "Point"
            },
            "properties": {
                "is_installed": true,
                "is_renting": true,
                "is_returning": true,
                "is_virtual_station": false,
                "last_reported": 1789293697,
                "name": "Opposite Del Mar",
                "num_bikes_available": 2,
                "num_docks_available": 0,
                "region_id": "190",
                "rental_uris": {
                    "android": "https://app.nextbike.net/station?id=594076670",
                    "ios": "https://app.nextbike.net/station?id=594076670",
                    "web": "https://nxtb.it/p/594076670"
                },
                "short_name": "67938",
                "station_id": "594076670",
                "vehicle_types_available": [
                    {
                        "count": 2,
                        "vehicle_type_id": "340"
                    }
                ]
            },
            "type": "Feature"
        },
        {
            "geometry": {
                "coordinates": [
                    32.421075,
                    34.752514
                ],
                "type": "Point"
            },
            "properties": {
                "is_installed": true,
                "is_renting": true,
                "is_returning": true,
                "is_virtual_station": true,
                "last_reported": 1789293697,
                "name": "Opposite Alexander the Great",
                "num_bikes_available": 3,
                "num_docks_available": 0,
                "region_id": "957",
                "rental_uris": {
                    "android": "https://app.nextbike.net/station?id=594726081",
                    "ios": "https://app.nextbike.net/station?id=594726081",
                    "web": "https://nxtb.it/p/594726081"
                },
                "short_name": "64094",
                "station_area": {
                    "coordinates": [
                        [
                            [
                                [
                                    32.421075,
                                    34.752739
                                ],
                                [
                                    32.421312,
                                    34.752626
                                ],
                                [
                                    32.421312,
                                    34.752402
                                ],
                                [
                                    32.421075,
                                    34.752289
                                ],
                                [
                                    32.420838,
                                    34.752402
                                ],
                                [
                                    32.420838,
                                    34.752626
                                ],
                                [
                                    32.421075,
                                    34.752739
                                ]
                            ]
                        ]
                    ],
                    "type": "MultiPolygon"
                },
                "station_id": "594726081",
                "vehicle_types_available": [
                    {
                        "count": 1,
                        "vehicle_type_id": "340"
                    },
                    {
                        "count": 1,
                        "vehicle_type_id": "15"
                    },
                    {
                        "count": 1,
                        "vehicle_type_id": "339"
                    }
                ]
            },
            "type": "Feature"
        },
        {
            "geometry": {
                "coordinates": [
                    32.428393,
                    34.782969
                ],
                "type": "Point"
            },
            "properties": {
                "is_installed": true,
                "is_renting": true,
                "is_returning": true,
                "is_virtual_station": true,
                "last_reported": 1789293697,
                "name": "Kolios",
                "num_bikes_available": 0,
                "num_docks_available": 0,
                "region_id": "957",
                "rental_uris": {
                    "android": "https://app.nextbike.net/station?id=594997464",
                    "ios": "https://app.nextbike.net/station?id=594997464",
                    "web": "https://nxtb.it/p/594997464"
                },
                "short_name": "64095",
                "station_area": {
                    "coordinates": [
                        [
                            [
                                [
                                    32.428393,
                                    34.783194
                                ],
                                [
                                    32.42863,
                                    34.783081
                                ],
                                [
                                    32.42863,
                                    34.782857
                                ],
                                [
                                    32.428393,
                                    34.782744
                                ],
                                [
                                    32.428156,
                                    34.782857
                                ],
                                [
                                    32.428156,
                                    34.783081
                                ],
                                [
                                    32.428393,
                                    34.783194
                                ]
                            ]
                        ]
                    ],
                    "type": "MultiPolygon"
                },
                "station_id": "594997464",
                "vehicle_types_available": []
            },
            "type": "Feature"
        },
        {
            "geometry": {
                "coordinates": [
                    32.427479,
                    34.749227
                ],
                "type": "Point"
            },
            "properties": {
                "is_installed": true,
                "is_renting": true,
                "is_returning": true,
                "is_virtual_station": true,
                "last_reported": 1789293697,
                "name": "Avanti Bus Station",
                "num_bikes_available": 6,
                "num_docks_available": 0,
                "region_id": "957",
                "rental_uris": {
                    "android": "https://app.nextbike.net/station?id=594997669",
                    "ios": "https://app.nextbike.net/station?id=594997669",
                    "web": "https://nxtb.it/p/594997669"
                },
                "short_name": "64096",
                "station_area": {
                    "coordinates": [
                        [
                            [
                                [
                                    32.427479,
                                    34.749452
                                ],
                                [
                                    32.427716,
                                    34.749339
                                ],
                                [
                                    32.427716,
                                    34.749115
                                ],
                                [
                                    32.427479,
                                    34.749002
                                ],
                                [
                                    32.427242,
                                    34.749115
                                ],
                                [
                                    32.427242,
                                    34.749339
                                ],
                                [
                                    32.427479,
                                    34.749452
                                ]
                            ]
                        ]
                    ],
                    "type": "MultiPolygon"
                },
                "station_id": "594997669",
                "vehicle_types_available": [
                    {
                        "count": 3,
                        "vehicle_type_id": "339"
                    },
                    {
                        "count": 3,
                        "vehicle_type_id": "340"
                    }
                ]
            },
            "type": "Feature"
        },
        {
            "geometry": {
                "coordinates": [
                    32.395622,
                    34.808851
                ],
                "type": "Point"
            },
            "properties": {
                "is_installed": true,
                "is_renting": true,
                "is_returning": true,
                "is_virtual_station": true,
                "last_reported": 1789293697,
                "name": "Baracas",
                "num_bikes_available": 0,
                "num_docks_available": 0,
                "region_id": "957",
                "rental_uris": {
                    "android": "https://app.nextbike.net/station?id=594997783",
                    "ios": "https://app.nextbike.net/station?id=594997783",
                    "web": "https://nxtb.it/p/594997783"
                },
                "short_name": "64097",
                "station_area": {
                    "coordinates": [
                        [
                            [
                                [
                                    32.395622,
                                    34.809076
                                ],
                                [
                                    32.395859,
                                    34.808963
                                ],
                                [
                                    32.395859,
                                    34.808739
                                ],
                                [
                                    32.395622,
                                    34.808626
                                ],
                                [
                                    32.395385,
                                    34.808739
                                ],
                                [
                                    32.395385,
                                    34.808963
                                ],
                                [
                                    32.395622,
                                    34.809076
                                ]
                            ]
                        ]
                    ],
                    "type": "MultiPolygon"
                },
                "station_id": "594997783",
                "vehicle_types_available": []
            },
            "type": "Feature"
        },
        {
            "geometry": {
                "coordinates": [
                    32.423513,
                    34.758461
                ],
                "type": "Point"
            },
            "properties": {
                "is_installed": true,
                "is_renting": true,
                "is_returning": true,
                "is_virtual_station": true,
                "last_reported": 1789293697,
                "name": "Spyrou Kyprianou Bus Station",
                "num_bikes_available": 3,
                "num_docks_available": 0,
                "region_id": "957",
                "rental_uris": {
                    "android": "https://app.nextbike.net/station?id=595113745",
                    "ios": "https://app.nextbike.net/station?id=595113745",
                    "web": "https://nxtb.it/p/595113745"
                },
                "short_name": "64098",
                "station_area": {
                    "coordinates": [
                        [
                            [
                                [
                                    32.423513,
                                    34.758686
                                ],
                                [
                                    32.42375,
                                    34.758573
                                ],
                                [
                                    32.42375,
                                    34.758349
                                ],
                                [
                                    32.423513,
                                    34.758236
                                ],
                                [
                                    32.423276,
                                    34.758349
                                ],
                                [
                                    32.423276,
                                    34.758573
                                ],
                                [
                                    32.423513,
                                    34.758686
                                ]
                            ]
                        ]
                    ],
                    "type": "MultiPolygon"
                },
                "station_id": "595113745",
                "vehicle_types_available": [
                    {
                        "count": 1,
                        "vehicle_type_id": "339"
                    },
                    {
                        "count": 2,
                        "vehicle_type_id": "340"
                    }
                ]
            },
            "type": "Feature"
        },
        {
            "geometry": {
                "coordinates": [
                    32.420757,
                    34.760772
                ],
                "type": "Point"
            },
            "properties": {
                "is_installed": true,
                "is_renting": true,
                "is_returning": true,
                "is_virtual_station": true,
                "last_reported": 1789293697,
                "name": "Opposite Paphesia bus station",
                "num_bikes_available": 1,
                "num_docks_available": 0,
                "region_id": "957",
                "rental_uris": {
                    "android": "https://app.nextbike.net/station?id=595296588",
                    "ios": "https://app.nextbike.net/station?id=595296588",
                    "web": "https://nxtb.it/p/595296588"
                },
                "short_name": "64099",
                "station_area": {
                    "coordinates": [
                        [
                            [
                                [
                                    32.420757,
                                    34.760997
                                ],
                                [
                                    32.420994,
                                    34.760884
                                ],
                                [
                                    32.420994,
                                    34.76066
                                ],
                                [
                                    32.420757,
                                    34.760547
                                ],
                                [
                                    32.42052,
                                    34.76066
                                ],
                                [
                                    32.42052,
                                    34.760884
                                ],
                                [
                                    32.420757,
                                    34.760997
                                ]
                            ]
                        ]
                    ],
                    "type": "MultiPolygon"
                },
                "station_id": "595296588",
                "vehicle_types_available": [
                    {
                        "count": 1,
                        "vehicle_type_id": "339"
                    }
                ]
            },
            "type": "Feature"
        },
        {
            "geometry": {
                "coordinates": [
                    33.073736,
                    34.699062
                ],
                "type": "Point"
            },
            "properties": {
                "is_installed": true,
                "is_renting": true,
                "is_returning": true,
                "is_virtual_station": true,
                "last_reported": 1789293697,
                "name": "Electroline Kolonakiou",
                "num_bikes_available": 2,
                "num_docks_available": 0,
                "region_id": "190",
                "rental_uris": {
                    "android": "https://app.nextbike.net/station?id=595297889",
                    "ios": "https://app.nextbike.net/station?id=595297889",
                    "web": "https://nxtb.it/p/595297889"
                },
                "short_name": "67942",
                "station_area": {
                    "coordinates": [
                        [
                            [
                                [
                                    33.073736,
                                    34.699287
                                ],
                                [
                                    33.073973,
                                    34.699174
                                ],
                                [
                                    33.073973,
                                    34.69895
                                ],
                                [
                                    33.073736,
                                    34.698837
                                ],
                                [
                                    33.073499,
                                    34.69895
                                ],
                                [
                                    33.073499,
                                    34.699174
                                ],
                                [
                                    33.073736,
                                    34.699287
                                ]
                            ]
                        ]
                    ],
                    "type": "MultiPolygon"
                },
                "station_id": "595297889",
                "vehicle_types_available": [
                    {
                        "count": 1,
                        "vehicle_type_id": "15"
                    },
                    {
                        "count": 1,
                        "vehicle_type_id": "340"
                    }
                ]
            },
            "type": "Feature"
        },
        {
            "geometry": {
                "coordinates": [
                    33.085665,
                    34.706578
                ],
                "type": "Point"
            },
            "properties": {
                "is_installed": true,
                "is_renting": true,
                "is_returning": true,
                "is_virtual_station": true,
                "last_reported": 1789293697,
                "name": "Cosmos",
                "num_bikes_available": 2,
                "num_docks_available": 0,
                "region_id": "190",
                "rental_uris": {
                    "android": "https://app.nextbike.net/station?id=595390586",
                    "ios": "https://app.nextbike.net/station?id=595390586",
                    "web": "https://nxtb.it/p/595390586"
                },
                "short_name": "67944",
                "station_area": {
                    "coordinates": [
                        [
                            [
                                [
                                    33.085665,
                                    34.706803
                                ],
                                [
                                    33.085902,
                                    34.70669
                                ],
                                [
                                    33.085902,
                                    34.706466
                                ],
                                [
                                    33.085665,
                                    34.706353
                                ],
                                [
                                    33.085428,
                                    34.706466
                                ],
                                [
                                    33.085428,
                                    34.70669
                                ],
                                [
                                    33.085665,
                                    34.706803
                                ]
                            ]
                        ]
                    ],
                    "type": "MultiPolygon"
                },
                "station_id": "595390586",
                "vehicle_types_available": [
                    {
                        "count": 1,
                        "vehicle_type_id": "15"
                    },
                    {
                        "count": 1,
                        "vehicle_type_id": "340"
                    }
                ]
            },
            "type": "Feature"
        },
        {
            "geometry": {
                "coordinates": [
                    33.357675,
                    35.172386
                ],
                "type": "Point"
            },
            "properties": {
                "is_installed": true,
                "is_renting": true,
                "is_returning": true,
                "is_virtual_station": true,
                "last_reported": 1789293697,
                "name": "Kasteli",
                "num_bikes_available": 3,
                "num_docks_available": 0,
                "region_id": "206",
                "rental_uris": {
                    "android": "https://app.nextbike.net/station?id=596506055",
                    "ios": "https://app.nextbike.net/station?id=596506055",
                    "web": "https://nxtb.it/p/596506055"
                },
                "short_name": "76719",
                "station_area": {
                    "coordinates": [
                        [
                            [
                                [
                                    33.357675,
                                    35.172611
                                ],
                                [
                                    33.357913,
                                    35.172498
                                ],
                                [
                                    33.357913,
                                    35.172274
                                ],
                                [
                                    33.357675,
                                    35.172161
                                ],
                                [
                                    33.357437,
                                    35.172274
                                ],
                                [
                                    33.357437,
                                    35.172498
                                ],
                                [
                                    33.357675,
                                    35.172611
                                ]
                            ]
                        ]
                    ],
                    "type": "MultiPolygon"
                },
                "station_id": "596506055",
                "vehicle_types_available": [
                    {
                        "count": 1,
                        "vehicle_type_id": "14"
                    },
                    {
                        "count": 1,
                        "vehicle_type_id": "162"
                    },
                    {
                        "count": 1,
                        "vehicle_type_id": "71"
                    }
                ]
            },
            "type": "Feature"
        },
        {
            "geometry": {
                "coordinates": [
                    33.324471,
                    35.164162
                ],
                "type": "Point"
            },
            "properties": {
                "is_installed": true,
                "is_renting": true,
                "is_returning": true,
                "is_virtual_station": true,
                "last_reported": 1789293697,
                "name": "Hilton",
                "num_bikes_available": 2,
                "num_docks_available": 0,
                "region_id": "206",
                "rental_uris": {
                    "android": "https://app.nextbike.net/station?id=596589993",
                    "ios": "https://app.nextbike.net/station?id=596589993",
                    "web": "https://nxtb.it/p/596589993"
                },
                "short_name": "76720",
                "station_area": {
                    "coordinates": [
                        [
                            [
                                [
                                    33.324471,
                                    35.164387
                                ],
                                [
                                    33.324709,
                                    35.164274
                                ],
                                [
                                    33.324709,
                                    35.16405
                                ],
                                [
                                    33.324471,
                                    35.163937
                                ],
                                [
                                    33.324233,
                                    35.16405
                                ],
                                [
                                    33.324233,
                                    35.164274
                                ],
                                [
                                    33.324471,
                                    35.164387
                                ]
                            ]
                        ]
                    ],
                    "type": "MultiPolygon"
                },
                "station_id": "596589993",
                "vehicle_types_available": [
                    {
                        "count": 2,
                        "vehicle_type_id": "162"
                    }
                ]
            },
            "type": "Feature"
        },
        {
            "geometry": {
                "coordinates": [
                    33.372867,
                    35.158984
                ],
                "type": "Point"
            },
            "properties": {
                "is_installed": true,
                "is_renting": true,
                "is_returning": true,
                "is_virtual_station": true,
                "last_reported": 1789293697,
                "name": "Landmark",
                "num_bikes_available": 0,
                "num_docks_available": 0,
                "region_id": "206",
                "rental_uris": {
                    "android": "https://app.nextbike.net/station?id=597409128",
                    "ios": "https://app.nextbike.net/station?id=597409128",
                    "web": "https://nxtb.it/p/597409128"
                },
                "short_name": "76721",
                "station_area": {
                    "coordinates": [
                        [
                            [
                                [
                                    33.372867,
                                    35.159209
                                ],
                                [
                                    33.373105,
                                    35.159096
                                ],
                                [
                                    33.373105,
                                    35.158872
                                ],
                                [
                                    33.372867,
                                    35.158759
                                ],
                                [
                                    33.372629,
                                    35.158872
                                ],
                                [
                                    33.372629,
                                    35.159096
                                ],
                                [
                                    33.372867,
                                    35.159209
                                ]
                            ]
                        ]
                    ],
                    "type": "MultiPolygon"
                },
                "station_id": "597409128",
                "vehicle_types_available": []
            },
            "type": "Feature"
        },
        {
            "geometry": {
                "coordinates": [
                    33.087739,
                    34.699991
                ],
                "type": "Point"
            },
            "properties": {
                "is_installed": true,
                "is_renting": true,
                "is_returning": true,
                "is_virtual_station": true,
                "last_reported": 1789293697,
                "name": "Christaki Kranou 11",
                "num_bikes_available": 4,
                "num_docks_available": 0,
                "region_id": "190",
                "rental_uris": {
                    "android": "https://app.nextbike.net/station?id=598186237",
                    "ios": "https://app.nextbike.net/station?id=598186237",
                    "web": "https://nxtb.it/p/598186237"
                },
                "short_name": "67946",
                "station_area": {
                    "coordinates": [
                        [
                            [
                                [
                                    33.087739,
                                    34.700216
                                ],
                                [
                                    33.087976,
                                    34.700103
                                ],
                                [
                                    33.087976,
                                    34.699879
                                ],
                                [
                                    33.087739,
                                    34.699766
                                ],
                                [
                                    33.087502,
                                    34.699879
                                ],
                                [
                                    33.087502,
                                    34.700103
                                ],
                                [
                                    33.087739,
                                    34.700216
                                ]
                            ]
                        ]
                    ],
                    "type": "MultiPolygon"
                },
                "station_id": "598186237",
                "vehicle_types_available": [
                    {
                        "count": 1,
                        "vehicle_type_id": "340"
                    },
                    {
                        "count": 3,
                        "vehicle_type_id": "342"
                    }
                ]
            },
            "type": "Feature"
        },
        {
            "geometry": {
                "coordinates": [
                    33.348731,
                    35.166213
                ],
                "type": "Point"
            },
            "properties": {
                "capacity": 5,
                "is_installed": true,
                "is_renting": true,
                "is_returning": true,
                "is_virtual_station": false,
                "last_reported": 1789293697,
                "name": "NEX hostel / Prodromou",
                "num_bikes_available": 2,
                "num_docks_available": 2,
                "region_id": "206",
                "rental_uris": {
                    "android": "https://app.nextbike.net/station?id=59919804",
                    "ios": "https://app.nextbike.net/station?id=59919804",
                    "web": "https://nxtb.it/p/59919804"
                },
                "short_name": "76499",
                "station_id": "59919804",
                "vehicle_types_available": [
                    {
                        "count": 1,
                        "vehicle_type_id": "162"
                    },
                    {
                        "count": 1,
                        "vehicle_type_id": "71"
                    }
                ]
            },
            "type": "Feature"
        },
        {
            "geometry": {
                "coordinates": [
                    33.130566,
                    34.717191
                ],
                "type": "Point"
            },
            "properties": {
                "is_installed": true,
                "is_renting": false,
                "is_returning": false,
                "is_virtual_station": true,
                "last_reported": 1789293697,
                "name": "Opposite athlesis gym",
                "num_bikes_available": 0,
                "num_docks_available": 0,
                "region_id": "190",
                "rental_uris": {
                    "android": "https://app.nextbike.net/station?id=599901640",
                    "ios": "https://app.nextbike.net/station?id=599901640",
                    "web": "https://nxtb.it/p/599901640"
                },
                "short_name": "67947",
                "station_area": {
                    "coordinates": [
                        [
                            [
                                [
                                    33.130566,
                                    34.717416
                                ],
                                [
                                    33.130803,
                                    34.717303
                                ],
                                [
                                    33.130803,
                                    34.717079
                                ],
                                [
                                    33.130566,
                                    34.716966
                                ],
                                [
                                    33.130329,
                                    34.717079
                                ],
                                [
                                    33.130329,
                                    34.717303
                                ],
                                [
                                    33.130566,
                                    34.717416
                                ]
                            ]
                        ]
                    ],
                    "type": "MultiPolygon"
                },
                "station_id": "599901640",
                "vehicle_types_available": []
            },
            "type": "Feature"
        },
        {
            "geometry": {
                "coordinates": [
                    34.01391,
                    35.055583
                ],
                "type": "Point"
            },
            "properties": {
                "is_installed": true,
                "is_renting": true,
                "is_returning": true,
                "is_virtual_station": false,
                "last_reported": 1789293697,
                "name": "Villa Asahi",
                "num_bikes_available": 2,
                "num_docks_available": 0,
                "region_id": "889",
                "rental_uris": {
                    "android": "https://app.nextbike.net/station?id=601324062",
                    "ios": "https://app.nextbike.net/station?id=601324062",
                    "web": "https://nxtb.it/p/601324062"
                },
                "short_name": "68230",
                "station_id": "601324062",
                "vehicle_types_available": [
                    {
                        "count": 2,
                        "vehicle_type_id": "162"
                    }
                ]
            },
            "type": "Feature"
        },
        {
            "geometry": {
                "coordinates": [
                    34.029525,
                    35.030125
                ],
                "type": "Point"
            },
            "properties": {
                "is_installed": true,
                "is_renting": true,
                "is_returning": true,
                "is_virtual_station": false,
                "last_reported": 1789293697,
                "name": "Maxor Palace",
                "num_bikes_available": 3,
                "num_docks_available": 0,
                "region_id": "889",
                "rental_uris": {
                    "android": "https://app.nextbike.net/station?id=601325226",
                    "ios": "https://app.nextbike.net/station?id=601325226",
                    "web": "https://nxtb.it/p/601325226"
                },
                "short_name": "68231",
                "station_id": "601325226",
                "vehicle_types_available": [
                    {
                        "count": 2,
                        "vehicle_type_id": "162"
                    },
                    {
                        "count": 1,
                        "vehicle_type_id": "14"
                    }
                ]
            },
            "type": "Feature"
        },
        {
            "geometry": {
                "coordinates": [
                    34.07066,
                    34.987666
                ],
                "type": "Point"
            },
            "properties": {
                "is_installed": true,
                "is_renting": true,
                "is_returning": true,
                "is_virtual_station": false,
                "last_reported": 1789293697,
                "name": "Anatoli Grand Villas",
                "num_bikes_available": 2,
                "num_docks_available": 0,
                "region_id": "889",
                "rental_uris": {
                    "android": "https://app.nextbike.net/station?id=601331834",
                    "ios": "https://app.nextbike.net/station?id=601331834",
                    "web": "https://nxtb.it/p/601331834"
                },
                "short_name": "68232",
                "station_id": "601331834",
                "vehicle_types_available": [
                    {
                        "count": 1,
                        "vehicle_type_id": "162"
                    },
                    {
                        "count": 1,
                        "vehicle_type_id": "14"
                    }
                ]
            },
            "type": "Feature"
        },
        {
            "geometry": {
                "coordinates": [
                    34.03045,
                    35.030287
                ],
                "type": "Point"
            },
            "properties": {
                "is_installed": true,
                "is_renting": true,
                "is_returning": true,
                "is_virtual_station": false,
                "last_reported": 1789293697,
                "name": "Al Maria Residences",
                "num_bikes_available": 3,
                "num_docks_available": 0,
                "region_id": "889",
                "rental_uris": {
                    "android": "https://app.nextbike.net/station?id=601337649",
                    "ios": "https://app.nextbike.net/station?id=601337649",
                    "web": "https://nxtb.it/p/601337649"
                },
                "short_name": "68233",
                "station_id": "601337649",
                "vehicle_types_available": [
                    {
                        "count": 3,
                        "vehicle_type_id": "162"
                    }
                ]
            },
            "type": "Feature"
        },
        {
            "geometry": {
                "coordinates": [
                    33.363869,
                    35.164647
                ],
                "type": "Point"
            },
            "properties": {
                "is_installed": true,
                "is_renting": true,
                "is_returning": true,
                "is_virtual_station": false,
                "last_reported": 1789293697,
                "name": "Makariou / Spyrou kyprianou",
                "num_bikes_available": 3,
                "num_docks_available": 0,
                "region_id": "206",
                "rental_uris": {
                    "android": "https://app.nextbike.net/station?id=60445136",
                    "ios": "https://app.nextbike.net/station?id=60445136",
                    "web": "https://nxtb.it/p/60445136"
                },
                "short_name": "76556",
                "station_id": "60445136",
                "vehicle_types_available": [
                    {
                        "count": 2,
                        "vehicle_type_id": "162"
                    },
                    {
                        "count": 1,
                        "vehicle_type_id": "71"
                    }
                ]
            },
            "type": "Feature"
        },
        {
            "geometry": {
                "coordinates": [
                    32.414412,
                    34.763244
                ],
                "type": "Point"
            },
            "properties": {
                "is_installed": true,
                "is_renting": true,
                "is_returning": true,
                "is_virtual_station": true,
                "last_reported": 1789293697,
                "name": "Agioi Anargyroi Bus Station",
                "num_bikes_available": 2,
                "num_docks_available": 0,
                "region_id": "957",
                "rental_uris": {
                    "android": "https://app.nextbike.net/station?id=604832462",
                    "ios": "https://app.nextbike.net/station?id=604832462",
                    "web": "https://nxtb.it/p/604832462"
                },
                "short_name": "64100",
                "station_area": {
                    "coordinates": [
                        [
                            [
                                [
                                    32.414412,
                                    34.763469
                                ],
                                [
                                    32.414649,
                                    34.763356
                                ],
                                [
                                    32.414649,
                                    34.763132
                                ],
                                [
                                    32.414412,
                                    34.763019
                                ],
                                [
                                    32.414175,
                                    34.763132
                                ],
                                [
                                    32.414175,
                                    34.763356
                                ],
                                [
                                    32.414412,
                                    34.763469
                                ]
                            ]
                        ]
                    ],
                    "type": "MultiPolygon"
                },
                "station_id": "604832462",
                "vehicle_types_available": [
                    {
                        "count": 1,
                        "vehicle_type_id": "339"
                    },
                    {
                        "count": 1,
                        "vehicle_type_id": "340"
                    }
                ]
            },
            "type": "Feature"
        },
        {
            "geometry": {
                "coordinates": [
                    32.418193,
                    34.772114
                ],
                "type": "Point"
            },
            "properties": {
                "is_installed": true,
                "is_renting": true,
                "is_returning": true,
                "is_virtual_station": true,
                "last_reported": 1789293697,
                "name": "EKO Station",
                "num_bikes_available": 9,
                "num_docks_available": 0,
                "region_id": "957",
                "rental_uris": {
                    "android": "https://app.nextbike.net/station?id=604833789",
                    "ios": "https://app.nextbike.net/station?id=604833789",
                    "web": "https://nxtb.it/p/604833789"
                },
                "short_name": "64102",
                "station_area": {
                    "coordinates": [
                        [
                            [
                                [
                                    32.418193,
                                    34.772339
                                ],
                                [
                                    32.41843,
                                    34.772226
                                ],
                                [
                                    32.41843,
                                    34.772002
                                ],
                                [
                                    32.418193,
                                    34.771889
                                ],
                                [
                                    32.417956,
                                    34.772002
                                ],
                                [
                                    32.417956,
                                    34.772226
                                ],
                                [
                                    32.418193,
                                    34.772339
                                ]
                            ]
                        ]
                    ],
                    "type": "MultiPolygon"
                },
                "station_id": "604833789",
                "vehicle_types_available": [
                    {
                        "count": 4,
                        "vehicle_type_id": "340"
                    },
                    {
                        "count": 2,
                        "vehicle_type_id": "15"
                    },
                    {
                        "count": 3,
                        "vehicle_type_id": "339"
                    }
                ]
            },
            "type": "Feature"
        },
        {
            "geometry": {
                "coordinates": [
                    32.42997,
                    34.771558
                ],
                "type": "Point"
            },
            "properties": {
                "is_installed": true,
                "is_renting": true,
                "is_returning": true,
                "is_virtual_station": true,
                "last_reported": 1789293697,
                "name": "Archaeological Museum Of Paphos",
                "num_bikes_available": 2,
                "num_docks_available": 0,
                "region_id": "957",
                "rental_uris": {
                    "android": "https://app.nextbike.net/station?id=605272660",
                    "ios": "https://app.nextbike.net/station?id=605272660",
                    "web": "https://nxtb.it/p/605272660"
                },
                "short_name": "64103",
                "station_area": {
                    "coordinates": [
                        [
                            [
                                [
                                    32.42997,
                                    34.771783
                                ],
                                [
                                    32.430207,
                                    34.77167
                                ],
                                [
                                    32.430207,
                                    34.771446
                                ],
                                [
                                    32.42997,
                                    34.771333
                                ],
                                [
                                    32.429733,
                                    34.771446
                                ],
                                [
                                    32.429733,
                                    34.77167
                                ],
                                [
                                    32.42997,
                                    34.771783
                                ]
                            ]
                        ]
                    ],
                    "type": "MultiPolygon"
                },
                "station_id": "605272660",
                "vehicle_types_available": [
                    {
                        "count": 1,
                        "vehicle_type_id": "339"
                    },
                    {
                        "count": 1,
                        "vehicle_type_id": "340"
                    }
                ]
            },
            "type": "Feature"
        },
        {
            "geometry": {
                "coordinates": [
                    33.103287,
                    34.701209
                ],
                "type": "Point"
            },
            "properties": {
                "is_installed": true,
                "is_renting": true,
                "is_returning": true,
                "is_virtual_station": true,
                "last_reported": 1789293697,
                "name": "Del Mar",
                "num_bikes_available": 5,
                "num_docks_available": 0,
                "region_id": "190",
                "rental_uris": {
                    "android": "https://app.nextbike.net/station?id=613460168",
                    "ios": "https://app.nextbike.net/station?id=613460168",
                    "web": "https://nxtb.it/p/613460168"
                },
                "short_name": "67949",
                "station_area": {
                    "coordinates": [
                        [
                            [
                                [
                                    33.103287,
                                    34.701434
                                ],
                                [
                                    33.103524,
                                    34.701321
                                ],
                                [
                                    33.103524,
                                    34.701097
                                ],
                                [
                                    33.103287,
                                    34.700984
                                ],
                                [
                                    33.10305,
                                    34.701097
                                ],
                                [
                                    33.10305,
                                    34.701321
                                ],
                                [
                                    33.103287,
                                    34.701434
                                ]
                            ]
                        ]
                    ],
                    "type": "MultiPolygon"
                },
                "station_id": "613460168",
                "vehicle_types_available": [
                    {
                        "count": 1,
                        "vehicle_type_id": "340"
                    },
                    {
                        "count": 1,
                        "vehicle_type_id": "15"
                    },
                    {
                        "count": 3,
                        "vehicle_type_id": "342"
                    }
                ]
            },
            "type": "Feature"
        },
        {
            "geometry": {
                "coordinates": [
                    33.108977,
                    34.703476
                ],
                "type": "Point"
            },
            "properties": {
                "is_installed": true,
                "is_renting": true,
                "is_returning": true,
                "is_virtual_station": true,
                "last_reported": 1789293697,
                "name": "Novikov",
                "num_bikes_available": 0,
                "num_docks_available": 0,
                "region_id": "190",
                "rental_uris": {
                    "android": "https://app.nextbike.net/station?id=613461257",
                    "ios": "https://app.nextbike.net/station?id=613461257",
                    "web": "https://nxtb.it/p/613461257"
                },
                "short_name": "67950",
                "station_area": {
                    "coordinates": [
                        [
                            [
                                [
                                    33.108977,
                                    34.703701
                                ],
                                [
                                    33.109214,
                                    34.703588
                                ],
                                [
                                    33.109214,
                                    34.703364
                                ],
                                [
                                    33.108977,
                                    34.703251
                                ],
                                [
                                    33.10874,
                                    34.703364
                                ],
                                [
                                    33.10874,
                                    34.703588
                                ],
                                [
                                    33.108977,
                                    34.703701
                                ]
                            ]
                        ]
                    ],
                    "type": "MultiPolygon"
                },
                "station_id": "613461257",
                "vehicle_types_available": []
            },
            "type": "Feature"
        },
        {
            "geometry": {
                "coordinates": [
                    33.136497,
                    34.709535
                ],
                "type": "Point"
            },
            "properties": {
                "is_installed": true,
                "is_renting": true,
                "is_returning": true,
                "is_virtual_station": false,
                "last_reported": 1789293697,
                "name": "Diastrevlomenos komvos Amathountas",
                "num_bikes_available": 3,
                "num_docks_available": 0,
                "region_id": "190",
                "rental_uris": {
                    "android": "https://app.nextbike.net/station?id=613732168",
                    "ios": "https://app.nextbike.net/station?id=613732168",
                    "web": "https://nxtb.it/p/613732168"
                },
                "short_name": "67951",
                "station_id": "613732168",
                "vehicle_types_available": [
                    {
                        "count": 3,
                        "vehicle_type_id": "340"
                    }
                ]
            },
            "type": "Feature"
        },
        {
            "geometry": {
                "coordinates": [
                    33.074687,
                    34.699593
                ],
                "type": "Point"
            },
            "properties": {
                "is_installed": true,
                "is_renting": true,
                "is_returning": true,
                "is_virtual_station": true,
                "last_reported": 1789293697,
                "name": "Columbia confectionery",
                "num_bikes_available": 2,
                "num_docks_available": 0,
                "region_id": "190",
                "rental_uris": {
                    "android": "https://app.nextbike.net/station?id=613963691",
                    "ios": "https://app.nextbike.net/station?id=613963691",
                    "web": "https://nxtb.it/p/613963691"
                },
                "short_name": "67952",
                "station_area": {
                    "coordinates": [
                        [
                            [
                                [
                                    33.074687,
                                    34.699818
                                ],
                                [
                                    33.074924,
                                    34.699705
                                ],
                                [
                                    33.074924,
                                    34.699481
                                ],
                                [
                                    33.074687,
                                    34.699368
                                ],
                                [
                                    33.07445,
                                    34.699481
                                ],
                                [
                                    33.07445,
                                    34.699705
                                ],
                                [
                                    33.074687,
                                    34.699818
                                ]
                            ]
                        ]
                    ],
                    "type": "MultiPolygon"
                },
                "station_id": "613963691",
                "vehicle_types_available": [
                    {
                        "count": 2,
                        "vehicle_type_id": "340"
                    }
                ]
            },
            "type": "Feature"
        },
        {
            "geometry": {
                "coordinates": [
                    33.073018,
                    34.698528
                ],
                "type": "Point"
            },
            "properties": {
                "is_installed": true,
                "is_renting": true,
                "is_returning": true,
                "is_virtual_station": true,
                "last_reported": 1789293697,
                "name": "Orchestra",
                "num_bikes_available": 2,
                "num_docks_available": 0,
                "region_id": "190",
                "rental_uris": {
                    "android": "https://app.nextbike.net/station?id=613965092",
                    "ios": "https://app.nextbike.net/station?id=613965092",
                    "web": "https://nxtb.it/p/613965092"
                },
                "short_name": "67953",
                "station_area": {
                    "coordinates": [
                        [
                            [
                                [
                                    33.073018,
                                    34.698753
                                ],
                                [
                                    33.073255,
                                    34.69864
                                ],
                                [
                                    33.073255,
                                    34.698416
                                ],
                                [
                                    33.073018,
                                    34.698303
                                ],
                                [
                                    33.072781,
                                    34.698416
                                ],
                                [
                                    33.072781,
                                    34.69864
                                ],
                                [
                                    33.073018,
                                    34.698753
                                ]
                            ]
                        ]
                    ],
                    "type": "MultiPolygon"
                },
                "station_id": "613965092",
                "vehicle_types_available": [
                    {
                        "count": 2,
                        "vehicle_type_id": "15"
                    }
                ]
            },
            "type": "Feature"
        },
        {
            "geometry": {
                "coordinates": [
                    33.071433,
                    34.697552
                ],
                "type": "Point"
            },
            "properties": {
                "is_installed": true,
                "is_renting": true,
                "is_returning": true,
                "is_virtual_station": true,
                "last_reported": 1789293697,
                "name": "Tio Markets",
                "num_bikes_available": 2,
                "num_docks_available": 0,
                "region_id": "190",
                "rental_uris": {
                    "android": "https://app.nextbike.net/station?id=614007167",
                    "ios": "https://app.nextbike.net/station?id=614007167",
                    "web": "https://nxtb.it/p/614007167"
                },
                "short_name": "67954",
                "station_area": {
                    "coordinates": [
                        [
                            [
                                [
                                    33.071433,
                                    34.697777
                                ],
                                [
                                    33.07167,
                                    34.697664
                                ],
                                [
                                    33.07167,
                                    34.69744
                                ],
                                [
                                    33.071433,
                                    34.697327
                                ],
                                [
                                    33.071196,
                                    34.69744
                                ],
                                [
                                    33.071196,
                                    34.697664
                                ],
                                [
                                    33.071433,
                                    34.697777
                                ]
                            ]
                        ]
                    ],
                    "type": "MultiPolygon"
                },
                "station_id": "614007167",
                "vehicle_types_available": [
                    {
                        "count": 1,
                        "vehicle_type_id": "340"
                    },
                    {
                        "count": 1,
                        "vehicle_type_id": "15"
                    }
                ]
            },
            "type": "Feature"
        },
        {
            "geometry": {
                "coordinates": [
                    33.624433,
                    34.921125
                ],
                "type": "Point"
            },
            "properties": {
                "is_installed": true,
                "is_renting": true,
                "is_returning": true,
                "is_virtual_station": true,
                "last_reported": 1789293697,
                "name": "Metro",
                "num_bikes_available": 4,
                "num_docks_available": 0,
                "region_id": "940",
                "rental_uris": {
                    "android": "https://app.nextbike.net/station?id=617050544",
                    "ios": "https://app.nextbike.net/station?id=617050544",
                    "web": "https://nxtb.it/p/617050544"
                },
                "short_name": "64035",
                "station_area": {
                    "coordinates": [
                        [
                            [
                                [
                                    33.624433,
                                    34.92135
                                ],
                                [
                                    33.62467,
                                    34.921237
                                ],
                                [
                                    33.62467,
                                    34.921013
                                ],
                                [
                                    33.624433,
                                    34.9209
                                ],
                                [
                                    33.624196,
                                    34.921013
                                ],
                                [
                                    33.624196,
                                    34.921237
                                ],
                                [
                                    33.624433,
                                    34.92135
                                ]
                            ]
                        ]
                    ],
                    "type": "MultiPolygon"
                },
                "station_id": "617050544",
                "vehicle_types_available": [
                    {
                        "count": 3,
                        "vehicle_type_id": "15"
                    },
                    {
                        "count": 1,
                        "vehicle_type_id": "340"
                    }
                ]
            },
            "type": "Feature"
        },
        {
            "geometry": {
                "coordinates": [
                    32.431358,
                    34.750191
                ],
                "type": "Point"
            },
            "properties": {
                "capacity": 3,
                "is_installed": true,
                "is_renting": true,
                "is_returning": true,
                "is_virtual_station": false,
                "last_reported": 1789293697,
                "name": "Kaligoulas",
                "num_bikes_available": 3,
                "num_docks_available": 0,
                "region_id": "957",
                "rental_uris": {
                    "android": "https://app.nextbike.net/station?id=630335936",
                    "ios": "https://app.nextbike.net/station?id=630335936",
                    "web": "https://nxtb.it/p/630335936"
                },
                "short_name": "64104",
                "station_id": "630335936",
                "vehicle_types_available": [
                    {
                        "count": 2,
                        "vehicle_type_id": "15"
                    },
                    {
                        "count": 1,
                        "vehicle_type_id": "340"
                    }
                ]
            },
            "type": "Feature"
        },
        {
            "geometry": {
                "coordinates": [
                    33.615976,
                    34.927806
                ],
                "type": "Point"
            },
            "properties": {
                "is_installed": true,
                "is_renting": true,
                "is_returning": true,
                "is_virtual_station": false,
                "last_reported": 1789293697,
                "name": "McDonald's Stratigou Timagia",
                "num_bikes_available": 8,
                "num_docks_available": 0,
                "region_id": "940",
                "rental_uris": {
                    "android": "https://app.nextbike.net/station?id=641166901",
                    "ios": "https://app.nextbike.net/station?id=641166901",
                    "web": "https://nxtb.it/p/641166901"
                },
                "short_name": "64050",
                "station_id": "641166901",
                "vehicle_types_available": [
                    {
                        "count": 5,
                        "vehicle_type_id": "340"
                    },
                    {
                        "count": 3,
                        "vehicle_type_id": "15"
                    }
                ]
            },
            "type": "Feature"
        },
        {
            "geometry": {
                "coordinates": [
                    33.360942,
                    35.169986
                ],
                "type": "Point"
            },
            "properties": {
                "is_installed": true,
                "is_renting": true,
                "is_returning": true,
                "is_virtual_station": false,
                "last_reported": 1789293697,
                "name": "Plateia Eleftherias / Lidras",
                "num_bikes_available": 2,
                "num_docks_available": 0,
                "region_id": "206",
                "rental_uris": {
                    "android": "https://app.nextbike.net/station?id=6495339",
                    "ios": "https://app.nextbike.net/station?id=6495339",
                    "web": "https://nxtb.it/p/6495339"
                },
                "short_name": "76500",
                "station_id": "6495339",
                "vehicle_types_available": [
                    {
                        "count": 1,
                        "vehicle_type_id": "14"
                    },
                    {
                        "count": 1,
                        "vehicle_type_id": "162"
                    }
                ]
            },
            "type": "Feature"
        },
        {
            "geometry": {
                "coordinates": [
                    33.355836,
                    35.173617
                ],
                "type": "Point"
            },
            "properties": {
                "capacity": 5,
                "is_installed": true,
                "is_renting": true,
                "is_returning": true,
                "is_virtual_station": false,
                "last_reported": 1789293697,
                "name": "Kipos Eirinis",
                "num_bikes_available": 5,
                "num_docks_available": 0,
                "region_id": "206",
                "rental_uris": {
                    "android": "https://app.nextbike.net/station?id=6495360",
                    "ios": "https://app.nextbike.net/station?id=6495360",
                    "web": "https://nxtb.it/p/6495360"
                },
                "short_name": "76501",
                "station_id": "6495360",
                "vehicle_types_available": [
                    {
                        "count": 2,
                        "vehicle_type_id": "162"
                    },
                    {
                        "count": 2,
                        "vehicle_type_id": "71"
                    },
                    {
                        "count": 1,
                        "vehicle_type_id": "0"
                    }
                ]
            },
            "type": "Feature"
        },
        {
            "geometry": {
                "coordinates": [
                    33.36335,
                    35.17352
                ],
                "type": "Point"
            },
            "properties": {
                "is_installed": true,
                "is_renting": true,
                "is_returning": true,
                "is_virtual_station": false,
                "last_reported": 1789293697,
                "name": "Phaneromenis",
                "num_bikes_available": 3,
                "num_docks_available": 0,
                "region_id": "206",
                "rental_uris": {
                    "android": "https://app.nextbike.net/station?id=6495376",
                    "ios": "https://app.nextbike.net/station?id=6495376",
                    "web": "https://nxtb.it/p/6495376"
                },
                "short_name": "76502",
                "station_id": "6495376",
                "vehicle_types_available": [
                    {
                        "count": 2,
                        "vehicle_type_id": "162"
                    },
                    {
                        "count": 1,
                        "vehicle_type_id": "71"
                    }
                ]
            },
            "type": "Feature"
        },
        {
            "geometry": {
                "coordinates": [
                    33.36516,
                    35.17399
                ],
                "type": "Point"
            },
            "properties": {
                "is_installed": true,
                "is_renting": true,
                "is_returning": true,
                "is_virtual_station": false,
                "last_reported": 1789293697,
                "name": "Plateia Dimarxeias",
                "num_bikes_available": 8,
                "num_docks_available": 0,
                "region_id": "206",
                "rental_uris": {
                    "android": "https://app.nextbike.net/station?id=6495393",
                    "ios": "https://app.nextbike.net/station?id=6495393",
                    "web": "https://nxtb.it/p/6495393"
                },
                "short_name": "76503",
                "station_id": "6495393",
                "vehicle_types_available": [
                    {
                        "count": 2,
                        "vehicle_type_id": "162"
                    },
                    {
                        "count": 1,
                        "vehicle_type_id": "14"
                    },
                    {
                        "count": 5,
                        "vehicle_type_id": "71"
                    }
                ]
            },
            "type": "Feature"
        },
        {
            "geometry": {
                "coordinates": [
                    33.37112,
                    35.174824
                ],
                "type": "Point"
            },
            "properties": {
                "is_installed": true,
                "is_renting": true,
                "is_returning": true,
                "is_virtual_station": false,
                "last_reported": 1789293697,
                "name": "\u03a0\u03c5\u03bb\u03b7 \u0391\u03bc\u03bc\u03bf\u03c7\u03c9\u03c3\u03c4\u03bf\u03c5",
                "num_bikes_available": 3,
                "num_docks_available": 0,
                "region_id": "206",
                "rental_uris": {
                    "android": "https://app.nextbike.net/station?id=6495399",
                    "ios": "https://app.nextbike.net/station?id=6495399",
                    "web": "https://nxtb.it/p/6495399"
                },
                "short_name": "76504",
                "station_id": "6495399",
                "vehicle_types_available": [
                    {
                        "count": 3,
                        "vehicle_type_id": "162"
                    }
                ]
            },
            "type": "Feature"
        },
        {
            "geometry": {
                "coordinates": [
                    33.36617,
                    35.16976
                ],
                "type": "Point"
            },
            "properties": {
                "capacity": 5,
                "is_installed": true,
                "is_renting": true,
                "is_returning": true,
                "is_virtual_station": false,
                "last_reported": 1789293697,
                "name": "OXI",
                "num_bikes_available": 2,
                "num_docks_available": 3,
                "region_id": "206",
                "rental_uris": {
                    "android": "https://app.nextbike.net/station?id=6495409",
                    "ios": "https://app.nextbike.net/station?id=6495409",
                    "web": "https://nxtb.it/p/6495409"
                },
                "short_name": "76505",
                "station_id": "6495409",
                "vehicle_types_available": [
                    {
                        "count": 2,
                        "vehicle_type_id": "162"
                    }
                ]
            },
            "type": "Feature"
        },
        {
            "geometry": {
                "coordinates": [
                    33.358516,
                    35.170085
                ],
                "type": "Point"
            },
            "properties": {
                "capacity": 5,
                "is_installed": true,
                "is_renting": true,
                "is_returning": true,
                "is_virtual_station": false,
                "last_reported": 1789293697,
                "name": "E-bike Station Solomou",
                "num_bikes_available": 2,
                "num_docks_available": 3,
                "region_id": "206",
                "rental_uris": {
                    "android": "https://app.nextbike.net/station?id=6495424",
                    "ios": "https://app.nextbike.net/station?id=6495424",
                    "web": "https://nxtb.it/p/6495424"
                },
                "short_name": "76506",
                "station_id": "6495424",
                "vehicle_types_available": [
                    {
                        "count": 1,
                        "vehicle_type_id": "162"
                    },
                    {
                        "count": 1,
                        "vehicle_type_id": "71"
                    }
                ]
            },
            "type": "Feature"
        },
        {
            "geometry": {
                "coordinates": [
                    33.3552,
                    35.17184
                ],
                "type": "Point"
            },
            "properties": {
                "capacity": 5,
                "is_installed": true,
                "is_renting": true,
                "is_returning": true,
                "is_virtual_station": false,
                "last_reported": 1789293697,
                "name": "Cyprus Museum",
                "num_bikes_available": 6,
                "num_docks_available": 0,
                "region_id": "206",
                "rental_uris": {
                    "android": "https://app.nextbike.net/station?id=6495432",
                    "ios": "https://app.nextbike.net/station?id=6495432",
                    "web": "https://nxtb.it/p/6495432"
                },
                "short_name": "76507",
                "station_id": "6495432",
                "vehicle_types_available": [
                    {
                        "count": 3,
                        "vehicle_type_id": "162"
                    },
                    {
                        "count": 1,
                        "vehicle_type_id": "14"
                    },
                    {
                        "count": 2,
                        "vehicle_type_id": "71"
                    }
                ]
            },
            "type": "Feature"
        },
        {
            "geometry": {
                "coordinates": [
                    33.341847,
                    35.16066
                ],
                "type": "Point"
            },
            "properties": {
                "is_installed": true,
                "is_renting": true,
                "is_returning": true,
                "is_virtual_station": false,
                "last_reported": 1789293697,
                "name": "Lykeio Kykkou A",
                "num_bikes_available": 1,
                "num_docks_available": 0,
                "region_id": "206",
                "rental_uris": {
                    "android": "https://app.nextbike.net/station?id=6495438",
                    "ios": "https://app.nextbike.net/station?id=6495438",
                    "web": "https://nxtb.it/p/6495438"
                },
                "short_name": "76508",
                "station_id": "6495438",
                "vehicle_types_available": [
                    {
                        "count": 1,
                        "vehicle_type_id": "71"
                    }
                ]
            },
            "type": "Feature"
        },
        {
            "geometry": {
                "coordinates": [
                    33.339518,
                    35.159732
                ],
                "type": "Point"
            },
            "properties": {
                "capacity": 5,
                "is_installed": true,
                "is_renting": true,
                "is_returning": true,
                "is_virtual_station": false,
                "last_reported": 1789293697,
                "name": "European University Cyprus",
                "num_bikes_available": 3,
                "num_docks_available": 2,
                "region_id": "206",
                "rental_uris": {
                    "android": "https://app.nextbike.net/station?id=6495446",
                    "ios": "https://app.nextbike.net/station?id=6495446",
                    "web": "https://nxtb.it/p/6495446"
                },
                "short_name": "76509",
                "station_id": "6495446",
                "vehicle_types_available": [
                    {
                        "count": 3,
                        "vehicle_type_id": "162"
                    }
                ]
            },
            "type": "Feature"
        },
        {
            "geometry": {
                "coordinates": [
                    33.3342,
                    35.163609
                ],
                "type": "Point"
            },
            "properties": {
                "capacity": 3,
                "is_installed": true,
                "is_renting": true,
                "is_returning": true,
                "is_virtual_station": false,
                "last_reported": 1789293697,
                "name": "Leoforos Griva Digeni ",
                "num_bikes_available": 0,
                "num_docks_available": 3,
                "region_id": "206",
                "rental_uris": {
                    "android": "https://app.nextbike.net/station?id=6495450",
                    "ios": "https://app.nextbike.net/station?id=6495450",
                    "web": "https://nxtb.it/p/6495450"
                },
                "short_name": "76510",
                "station_id": "6495450",
                "vehicle_types_available": []
            },
            "type": "Feature"
        },
        {
            "geometry": {
                "coordinates": [
                    33.33019,
                    35.16425
                ],
                "type": "Point"
            },
            "properties": {
                "is_installed": true,
                "is_renting": true,
                "is_returning": true,
                "is_virtual_station": false,
                "last_reported": 1789293697,
                "name": "12 virtual station",
                "num_bikes_available": 1,
                "num_docks_available": 0,
                "region_id": "206",
                "rental_uris": {
                    "android": "https://app.nextbike.net/station?id=6495454",
                    "ios": "https://app.nextbike.net/station?id=6495454",
                    "web": "https://nxtb.it/p/6495454"
                },
                "short_name": "76511",
                "station_id": "6495454",
                "vehicle_types_available": [
                    {
                        "count": 1,
                        "vehicle_type_id": "71"
                    }
                ]
            },
            "type": "Feature"
        },
        {
            "geometry": {
                "coordinates": [
                    33.31794,
                    35.16609
                ],
                "type": "Point"
            },
            "properties": {
                "capacity": 5,
                "is_installed": true,
                "is_renting": true,
                "is_returning": true,
                "is_virtual_station": false,
                "last_reported": 1789293697,
                "name": "Griva Digeni / Traffic lights 3cx",
                "num_bikes_available": 5,
                "num_docks_available": 0,
                "region_id": "206",
                "rental_uris": {
                    "android": "https://app.nextbike.net/station?id=6495460",
                    "ios": "https://app.nextbike.net/station?id=6495460",
                    "web": "https://nxtb.it/p/6495460"
                },
                "short_name": "76513",
                "station_id": "6495460",
                "vehicle_types_available": [
                    {
                        "count": 4,
                        "vehicle_type_id": "162"
                    },
                    {
                        "count": 1,
                        "vehicle_type_id": "71"
                    }
                ]
            },
            "type": "Feature"
        },
        {
            "geometry": {
                "coordinates": [
                    33.315021,
                    35.167072
                ],
                "type": "Point"
            },
            "properties": {
                "capacity": 4,
                "is_installed": true,
                "is_renting": true,
                "is_returning": true,
                "is_virtual_station": false,
                "last_reported": 1789293697,
                "name": "University of Nicosia",
                "num_bikes_available": 3,
                "num_docks_available": 1,
                "region_id": "206",
                "rental_uris": {
                    "android": "https://app.nextbike.net/station?id=6495472",
                    "ios": "https://app.nextbike.net/station?id=6495472",
                    "web": "https://nxtb.it/p/6495472"
                },
                "short_name": "76514",
                "station_id": "6495472",
                "vehicle_types_available": [
                    {
                        "count": 2,
                        "vehicle_type_id": "162"
                    },
                    {
                        "count": 1,
                        "vehicle_type_id": "71"
                    }
                ]
            },
            "type": "Feature"
        },
        {
            "geometry": {
                "coordinates": [
                    33.409879,
                    35.148106
                ],
                "type": "Point"
            },
            "properties": {
                "capacity": 5,
                "is_installed": true,
                "is_renting": true,
                "is_returning": true,
                "is_virtual_station": false,
                "last_reported": 1789293697,
                "name": "UC Hall",
                "num_bikes_available": 2,
                "num_docks_available": 3,
                "region_id": "206",
                "rental_uris": {
                    "android": "https://app.nextbike.net/station?id=6495493",
                    "ios": "https://app.nextbike.net/station?id=6495493",
                    "web": "https://nxtb.it/p/6495493"
                },
                "short_name": "76518",
                "station_id": "6495493",
                "vehicle_types_available": [
                    {
                        "count": 1,
                        "vehicle_type_id": "14"
                    },
                    {
                        "count": 1,
                        "vehicle_type_id": "71"
                    }
                ]
            },
            "type": "Feature"
        },
        {
            "geometry": {
                "coordinates": [
                    33.409045,
                    35.146047
                ],
                "type": "Point"
            },
            "properties": {
                "capacity": 3,
                "is_installed": true,
                "is_renting": true,
                "is_returning": true,
                "is_virtual_station": false,
                "last_reported": 1789293697,
                "name": "Panepistimiou e-bike station",
                "num_bikes_available": 0,
                "num_docks_available": 1,
                "region_id": "206",
                "rental_uris": {
                    "android": "https://app.nextbike.net/station?id=6495519",
                    "ios": "https://app.nextbike.net/station?id=6495519",
                    "web": "https://nxtb.it/p/6495519"
                },
                "short_name": "76517",
                "station_id": "6495519",
                "vehicle_types_available": []
            },
            "type": "Feature"
        },
        {
            "geometry": {
                "coordinates": [
                    33.351912,
                    35.170432
                ],
                "type": "Point"
            },
            "properties": {
                "is_installed": true,
                "is_renting": true,
                "is_returning": true,
                "is_virtual_station": false,
                "last_reported": 1789293697,
                "name": "American Academy",
                "num_bikes_available": 2,
                "num_docks_available": 0,
                "region_id": "206",
                "rental_uris": {
                    "android": "https://app.nextbike.net/station?id=6495525",
                    "ios": "https://app.nextbike.net/station?id=6495525",
                    "web": "https://nxtb.it/p/6495525"
                },
                "short_name": "76515",
                "station_id": "6495525",
                "vehicle_types_available": [
                    {
                        "count": 2,
                        "vehicle_type_id": "162"
                    }
                ]
            },
            "type": "Feature"
        },
        {
            "geometry": {
                "coordinates": [
                    33.374829,
                    35.126469
                ],
                "type": "Point"
            },
            "properties": {
                "is_installed": true,
                "is_renting": true,
                "is_returning": true,
                "is_virtual_station": false,
                "last_reported": 1789293697,
                "name": "General Hospital",
                "num_bikes_available": 2,
                "num_docks_available": 0,
                "region_id": "206",
                "rental_uris": {
                    "android": "https://app.nextbike.net/station?id=6495530",
                    "ios": "https://app.nextbike.net/station?id=6495530",
                    "web": "https://nxtb.it/p/6495530"
                },
                "short_name": "76519",
                "station_id": "6495530",
                "vehicle_types_available": [
                    {
                        "count": 2,
                        "vehicle_type_id": "162"
                    }
                ]
            },
            "type": "Feature"
        },
        {
            "geometry": {
                "coordinates": [
                    33.40433,
                    35.14371
                ],
                "type": "Point"
            },
            "properties": {
                "capacity": 5,
                "is_installed": true,
                "is_renting": true,
                "is_returning": true,
                "is_virtual_station": false,
                "last_reported": 1789293697,
                "name": "Student Residences A",
                "num_bikes_available": 1,
                "num_docks_available": 4,
                "region_id": "206",
                "rental_uris": {
                    "android": "https://app.nextbike.net/station?id=6495533",
                    "ios": "https://app.nextbike.net/station?id=6495533",
                    "web": "https://nxtb.it/p/6495533"
                },
                "short_name": "76520",
                "station_id": "6495533",
                "vehicle_types_available": [
                    {
                        "count": 1,
                        "vehicle_type_id": "162"
                    }
                ]
            },
            "type": "Feature"
        },
        {
            "geometry": {
                "coordinates": [
                    33.382294,
                    35.152544
                ],
                "type": "Point"
            },
            "properties": {
                "capacity": 3,
                "is_installed": true,
                "is_renting": true,
                "is_returning": true,
                "is_virtual_station": false,
                "last_reported": 1789293697,
                "name": "Akadimias / Kentavrou",
                "num_bikes_available": 1,
                "num_docks_available": 2,
                "region_id": "206",
                "rental_uris": {
                    "android": "https://app.nextbike.net/station?id=6495539",
                    "ios": "https://app.nextbike.net/station?id=6495539",
                    "web": "https://nxtb.it/p/6495539"
                },
                "short_name": "76521",
                "station_id": "6495539",
                "vehicle_types_available": [
                    {
                        "count": 1,
                        "vehicle_type_id": "71"
                    }
                ]
            },
            "type": "Feature"
        },
        {
            "geometry": {
                "coordinates": [
                    33.38887,
                    35.14872
                ],
                "type": "Point"
            },
            "properties": {
                "capacity": 4,
                "is_installed": true,
                "is_renting": true,
                "is_returning": true,
                "is_virtual_station": false,
                "last_reported": 1789293697,
                "name": "Kerynias",
                "num_bikes_available": 2,
                "num_docks_available": 2,
                "region_id": "206",
                "rental_uris": {
                    "android": "https://app.nextbike.net/station?id=6495543",
                    "ios": "https://app.nextbike.net/station?id=6495543",
                    "web": "https://nxtb.it/p/6495543"
                },
                "short_name": "76522",
                "station_id": "6495543",
                "vehicle_types_available": [
                    {
                        "count": 2,
                        "vehicle_type_id": "162"
                    }
                ]
            },
            "type": "Feature"
        },
        {
            "geometry": {
                "coordinates": [
                    33.322008,
                    35.168847
                ],
                "type": "Point"
            },
            "properties": {
                "capacity": 4,
                "is_installed": true,
                "is_renting": true,
                "is_returning": true,
                "is_virtual_station": false,
                "last_reported": 1789293697,
                "name": "Coca cola",
                "num_bikes_available": 0,
                "num_docks_available": 3,
                "region_id": "206",
                "rental_uris": {
                    "android": "https://app.nextbike.net/station?id=6495550",
                    "ios": "https://app.nextbike.net/station?id=6495550",
                    "web": "https://nxtb.it/p/6495550"
                },
                "short_name": "76525",
                "station_id": "6495550",
                "vehicle_types_available": []
            },
            "type": "Feature"
        },
        {
            "geometry": {
                "coordinates": [
                    33.317577,
                    35.16799
                ],
                "type": "Point"
            },
            "properties": {
                "capacity": 4,
                "is_installed": true,
                "is_renting": true,
                "is_returning": true,
                "is_virtual_station": false,
                "last_reported": 1789293697,
                "name": "University of Nicosia student halls",
                "num_bikes_available": 0,
                "num_docks_available": 4,
                "region_id": "206",
                "rental_uris": {
                    "android": "https://app.nextbike.net/station?id=6495552",
                    "ios": "https://app.nextbike.net/station?id=6495552",
                    "web": "https://nxtb.it/p/6495552"
                },
                "short_name": "76526",
                "station_id": "6495552",
                "vehicle_types_available": []
            },
            "type": "Feature"
        },
        {
            "geometry": {
                "coordinates": [
                    33.37187,
                    35.13124
                ],
                "type": "Point"
            },
            "properties": {
                "is_installed": true,
                "is_renting": true,
                "is_returning": true,
                "is_virtual_station": true,
                "last_reported": 1789293697,
                "name": "29 Virtual Station",
                "num_bikes_available": 0,
                "num_docks_available": 0,
                "region_id": "206",
                "rental_uris": {
                    "android": "https://app.nextbike.net/station?id=6495556",
                    "ios": "https://app.nextbike.net/station?id=6495556",
                    "web": "https://nxtb.it/p/6495556"
                },
                "short_name": "76528",
                "station_area": {
                    "coordinates": [
                        [
                            [
                                [
                                    33.37187,
                                    35.131465
                                ],
                                [
                                    33.372108,
                                    35.131352
                                ],
                                [
                                    33.372108,
                                    35.131128
                                ],
                                [
                                    33.37187,
                                    35.131015
                                ],
                                [
                                    33.371632,
                                    35.131128
                                ],
                                [
                                    33.371632,
                                    35.131352
                                ],
                                [
                                    33.37187,
                                    35.131465
                                ]
                            ]
                        ]
                    ],
                    "type": "MultiPolygon"
                },
                "station_id": "6495556",
                "vehicle_types_available": []
            },
            "type": "Feature"
        },
        {
            "geometry": {
                "coordinates": [
                    33.35502,
                    35.15083
                ],
                "type": "Point"
            },
            "properties": {
                "is_installed": true,
                "is_renting": true,
                "is_returning": true,
                "is_virtual_station": false,
                "last_reported": 1789293697,
                "name": "\u0394\u0397\u039c\u039f\u03a4\u0399\u039a\u039f \u0391\u0398\u039b\u0397\u03a4\u0399\u039a\u039f \u039a\u0395\u039d\u03a4\u03a1\u039f \u03a3\u03a4\u03a1\u039f\u0392\u039f\u039b\u039f\u03a5",
                "num_bikes_available": 0,
                "num_docks_available": 0,
                "region_id": "206",
                "rental_uris": {
                    "android": "https://app.nextbike.net/station?id=6495568",
                    "ios": "https://app.nextbike.net/station?id=6495568",
                    "web": "https://nxtb.it/p/6495568"
                },
                "short_name": "76530",
                "station_id": "6495568",
                "vehicle_types_available": []
            },
            "type": "Feature"
        },
        {
            "geometry": {
                "coordinates": [
                    33.359688,
                    35.145692
                ],
                "type": "Point"
            },
            "properties": {
                "is_installed": true,
                "is_renting": true,
                "is_returning": true,
                "is_virtual_station": false,
                "last_reported": 1789293697,
                "name": "Athalasas / Nikis avenue",
                "num_bikes_available": 3,
                "num_docks_available": 0,
                "region_id": "206",
                "rental_uris": {
                    "android": "https://app.nextbike.net/station?id=6495573",
                    "ios": "https://app.nextbike.net/station?id=6495573",
                    "web": "https://nxtb.it/p/6495573"
                },
                "short_name": "76531",
                "station_id": "6495573",
                "vehicle_types_available": [
                    {
                        "count": 2,
                        "vehicle_type_id": "162"
                    },
                    {
                        "count": 1,
                        "vehicle_type_id": "14"
                    }
                ]
            },
            "type": "Feature"
        },
        {
            "geometry": {
                "coordinates": [
                    33.358444,
                    35.141602
                ],
                "type": "Point"
            },
            "properties": {
                "is_installed": true,
                "is_renting": true,
                "is_returning": true,
                "is_virtual_station": false,
                "last_reported": 1789293697,
                "name": "33 virtual station",
                "num_bikes_available": 3,
                "num_docks_available": 0,
                "region_id": "206",
                "rental_uris": {
                    "android": "https://app.nextbike.net/station?id=6495578",
                    "ios": "https://app.nextbike.net/station?id=6495578",
                    "web": "https://nxtb.it/p/6495578"
                },
                "short_name": "76532",
                "station_id": "6495578",
                "vehicle_types_available": [
                    {
                        "count": 3,
                        "vehicle_type_id": "162"
                    }
                ]
            },
            "type": "Feature"
        },
        {
            "geometry": {
                "coordinates": [
                    33.35837,
                    35.13498
                ],
                "type": "Point"
            },
            "properties": {
                "is_installed": true,
                "is_renting": true,
                "is_returning": true,
                "is_virtual_station": false,
                "last_reported": 1789293697,
                "name": "34 virtual station",
                "num_bikes_available": 2,
                "num_docks_available": 0,
                "region_id": "206",
                "rental_uris": {
                    "android": "https://app.nextbike.net/station?id=6495582",
                    "ios": "https://app.nextbike.net/station?id=6495582",
                    "web": "https://nxtb.it/p/6495582"
                },
                "short_name": "76533",
                "station_id": "6495582",
                "vehicle_types_available": [
                    {
                        "count": 2,
                        "vehicle_type_id": "162"
                    }
                ]
            },
            "type": "Feature"
        },
        {
            "geometry": {
                "coordinates": [
                    33.354739,
                    35.135129
                ],
                "type": "Point"
            },
            "properties": {
                "capacity": 5,
                "is_installed": true,
                "is_renting": true,
                "is_returning": true,
                "is_virtual_station": false,
                "last_reported": 1789293697,
                "name": "Stavrou",
                "num_bikes_available": 4,
                "num_docks_available": 1,
                "region_id": "206",
                "rental_uris": {
                    "android": "https://app.nextbike.net/station?id=6495588",
                    "ios": "https://app.nextbike.net/station?id=6495588",
                    "web": "https://nxtb.it/p/6495588"
                },
                "short_name": "76534",
                "station_id": "6495588",
                "vehicle_types_available": [
                    {
                        "count": 2,
                        "vehicle_type_id": "162"
                    },
                    {
                        "count": 2,
                        "vehicle_type_id": "71"
                    }
                ]
            },
            "type": "Feature"
        },
        {
            "geometry": {
                "coordinates": [
                    33.3744,
                    35.14026
                ],
                "type": "Point"
            },
            "properties": {
                "capacity": 4,
                "is_installed": true,
                "is_renting": true,
                "is_returning": true,
                "is_virtual_station": false,
                "last_reported": 1789293697,
                "name": "Traffic Lights Kalispera",
                "num_bikes_available": 2,
                "num_docks_available": 2,
                "region_id": "206",
                "rental_uris": {
                    "android": "https://app.nextbike.net/station?id=6495591",
                    "ios": "https://app.nextbike.net/station?id=6495591",
                    "web": "https://nxtb.it/p/6495591"
                },
                "short_name": "76535",
                "station_id": "6495591",
                "vehicle_types_available": [
                    {
                        "count": 2,
                        "vehicle_type_id": "162"
                    }
                ]
            },
            "type": "Feature"
        },
        {
            "geometry": {
                "coordinates": [
                    33.33861,
                    35.15458
                ],
                "type": "Point"
            },
            "properties": {
                "is_installed": true,
                "is_renting": true,
                "is_returning": true,
                "is_virtual_station": false,
                "last_reported": 1789293697,
                "name": "37 Virtual station",
                "num_bikes_available": 0,
                "num_docks_available": 0,
                "region_id": "206",
                "rental_uris": {
                    "android": "https://app.nextbike.net/station?id=6495593",
                    "ios": "https://app.nextbike.net/station?id=6495593",
                    "web": "https://nxtb.it/p/6495593"
                },
                "short_name": "76536",
                "station_id": "6495593",
                "vehicle_types_available": []
            },
            "type": "Feature"
        },
        {
            "geometry": {
                "coordinates": [
                    33.347896,
                    35.163176
                ],
                "type": "Point"
            },
            "properties": {
                "is_installed": true,
                "is_renting": true,
                "is_returning": true,
                "is_virtual_station": false,
                "last_reported": 1789293697,
                "name": "Prodromou - Kondylaki bus stop",
                "num_bikes_available": 1,
                "num_docks_available": 0,
                "region_id": "206",
                "rental_uris": {
                    "android": "https://app.nextbike.net/station?id=6495597",
                    "ios": "https://app.nextbike.net/station?id=6495597",
                    "web": "https://nxtb.it/p/6495597"
                },
                "short_name": "76537",
                "station_id": "6495597",
                "vehicle_types_available": [
                    {
                        "count": 1,
                        "vehicle_type_id": "162"
                    }
                ]
            },
            "type": "Feature"
        },
        {
            "geometry": {
                "coordinates": [
                    33.34517,
                    35.15724
                ],
                "type": "Point"
            },
            "properties": {
                "is_installed": true,
                "is_renting": true,
                "is_returning": true,
                "is_virtual_station": false,
                "last_reported": 1789293697,
                "name": "39 virtual Station",
                "num_bikes_available": 0,
                "num_docks_available": 0,
                "region_id": "206",
                "rental_uris": {
                    "android": "https://app.nextbike.net/station?id=6495599",
                    "ios": "https://app.nextbike.net/station?id=6495599",
                    "web": "https://nxtb.it/p/6495599"
                },
                "short_name": "76538",
                "station_id": "6495599",
                "vehicle_types_available": []
            },
            "type": "Feature"
        },
        {
            "geometry": {
                "coordinates": [
                    33.342695,
                    35.150076
                ],
                "type": "Point"
            },
            "properties": {
                "capacity": 5,
                "is_installed": true,
                "is_renting": true,
                "is_returning": true,
                "is_virtual_station": false,
                "last_reported": 1789293697,
                "name": "Cultural Center Strovolou",
                "num_bikes_available": 1,
                "num_docks_available": 4,
                "region_id": "206",
                "rental_uris": {
                    "android": "https://app.nextbike.net/station?id=6495601",
                    "ios": "https://app.nextbike.net/station?id=6495601",
                    "web": "https://nxtb.it/p/6495601"
                },
                "short_name": "76539",
                "station_id": "6495601",
                "vehicle_types_available": [
                    {
                        "count": 1,
                        "vehicle_type_id": "162"
                    }
                ]
            },
            "type": "Feature"
        },
        {
            "geometry": {
                "coordinates": [
                    33.35477,
                    35.16695
                ],
                "type": "Point"
            },
            "properties": {
                "is_installed": true,
                "is_renting": true,
                "is_returning": true,
                "is_virtual_station": false,
                "last_reported": 1789293697,
                "name": "41 Virtual Station",
                "num_bikes_available": 0,
                "num_docks_available": 0,
                "region_id": "206",
                "rental_uris": {
                    "android": "https://app.nextbike.net/station?id=6495604",
                    "ios": "https://app.nextbike.net/station?id=6495604",
                    "web": "https://nxtb.it/p/6495604"
                },
                "short_name": "76540",
                "station_id": "6495604",
                "vehicle_types_available": []
            },
            "type": "Feature"
        },
        {
            "geometry": {
                "coordinates": [
                    33.35921,
                    35.16303
                ],
                "type": "Point"
            },
            "properties": {
                "capacity": 5,
                "is_installed": true,
                "is_renting": true,
                "is_returning": true,
                "is_virtual_station": false,
                "last_reported": 1789293697,
                "name": "Astro bank / Spyrou Kyprianou",
                "num_bikes_available": 5,
                "num_docks_available": 0,
                "region_id": "206",
                "rental_uris": {
                    "android": "https://app.nextbike.net/station?id=6495607",
                    "ios": "https://app.nextbike.net/station?id=6495607",
                    "web": "https://nxtb.it/p/6495607"
                },
                "short_name": "76541",
                "station_id": "6495607",
                "vehicle_types_available": [
                    {
                        "count": 4,
                        "vehicle_type_id": "162"
                    },
                    {
                        "count": 1,
                        "vehicle_type_id": "71"
                    }
                ]
            },
            "type": "Feature"
        },
        {
            "geometry": {
                "coordinates": [
                    33.34951,
                    35.14938
                ],
                "type": "Point"
            },
            "properties": {
                "is_installed": true,
                "is_renting": true,
                "is_returning": true,
                "is_virtual_station": false,
                "last_reported": 1789293697,
                "name": "43 Virtual station",
                "num_bikes_available": 0,
                "num_docks_available": 0,
                "region_id": "206",
                "rental_uris": {
                    "android": "https://app.nextbike.net/station?id=6495610",
                    "ios": "https://app.nextbike.net/station?id=6495610",
                    "web": "https://nxtb.it/p/6495610"
                },
                "short_name": "76542",
                "station_id": "6495610",
                "vehicle_types_available": []
            },
            "type": "Feature"
        },
        {
            "geometry": {
                "coordinates": [
                    33.413632,
                    35.145586
                ],
                "type": "Point"
            },
            "properties": {
                "capacity": 4,
                "is_installed": true,
                "is_renting": true,
                "is_returning": true,
                "is_virtual_station": false,
                "last_reported": 1789293697,
                "name": "Athlopaidion",
                "num_bikes_available": 1,
                "num_docks_available": 3,
                "region_id": "206",
                "rental_uris": {
                    "android": "https://app.nextbike.net/station?id=6495612",
                    "ios": "https://app.nextbike.net/station?id=6495612",
                    "web": "https://nxtb.it/p/6495612"
                },
                "short_name": "76543",
                "station_id": "6495612",
                "vehicle_types_available": [
                    {
                        "count": 1,
                        "vehicle_type_id": "162"
                    }
                ]
            },
            "type": "Feature"
        },
        {
            "geometry": {
                "coordinates": [
                    33.383204,
                    35.15629
                ],
                "type": "Point"
            },
            "properties": {
                "capacity": 5,
                "is_installed": true,
                "is_renting": true,
                "is_returning": true,
                "is_virtual_station": false,
                "last_reported": 1789293697,
                "name": "Spyros Kyprianou park",
                "num_bikes_available": 2,
                "num_docks_available": 2,
                "region_id": "206",
                "rental_uris": {
                    "android": "https://app.nextbike.net/station?id=6495618",
                    "ios": "https://app.nextbike.net/station?id=6495618",
                    "web": "https://nxtb.it/p/6495618"
                },
                "short_name": "76544",
                "station_id": "6495618",
                "vehicle_types_available": [
                    {
                        "count": 2,
                        "vehicle_type_id": "162"
                    }
                ]
            },
            "type": "Feature"
        },
        {
            "geometry": {
                "coordinates": [
                    33.364195,
                    35.158004
                ],
                "type": "Point"
            },
            "properties": {
                "capacity": 4,
                "is_installed": true,
                "is_renting": true,
                "is_returning": true,
                "is_virtual_station": false,
                "last_reported": 1789293697,
                "name": "Kennedy/esperidon",
                "num_bikes_available": 2,
                "num_docks_available": 2,
                "region_id": "206",
                "rental_uris": {
                    "android": "https://app.nextbike.net/station?id=6495622",
                    "ios": "https://app.nextbike.net/station?id=6495622",
                    "web": "https://nxtb.it/p/6495622"
                },
                "short_name": "76545",
                "station_id": "6495622",
                "vehicle_types_available": [
                    {
                        "count": 2,
                        "vehicle_type_id": "162"
                    }
                ]
            },
            "type": "Feature"
        },
        {
            "geometry": {
                "coordinates": [
                    33.317588,
                    35.163244
                ],
                "type": "Point"
            },
            "properties": {
                "capacity": 4,
                "is_installed": true,
                "is_renting": true,
                "is_returning": true,
                "is_virtual_station": false,
                "last_reported": 1789293697,
                "name": "Mall of Engomi",
                "num_bikes_available": 3,
                "num_docks_available": 1,
                "region_id": "206",
                "rental_uris": {
                    "android": "https://app.nextbike.net/station?id=6495623",
                    "ios": "https://app.nextbike.net/station?id=6495623",
                    "web": "https://nxtb.it/p/6495623"
                },
                "short_name": "76546",
                "station_id": "6495623",
                "vehicle_types_available": [
                    {
                        "count": 2,
                        "vehicle_type_id": "162"
                    },
                    {
                        "count": 1,
                        "vehicle_type_id": "71"
                    }
                ]
            },
            "type": "Feature"
        },
        {
            "geometry": {
                "coordinates": [
                    33.341538,
                    35.16611
                ],
                "type": "Point"
            },
            "properties": {
                "capacity": 5,
                "is_installed": true,
                "is_renting": true,
                "is_returning": true,
                "is_virtual_station": false,
                "last_reported": 1789293697,
                "name": "American embasy",
                "num_bikes_available": 3,
                "num_docks_available": 2,
                "region_id": "206",
                "rental_uris": {
                    "android": "https://app.nextbike.net/station?id=6495625",
                    "ios": "https://app.nextbike.net/station?id=6495625",
                    "web": "https://nxtb.it/p/6495625"
                },
                "short_name": "76547",
                "station_id": "6495625",
                "vehicle_types_available": [
                    {
                        "count": 3,
                        "vehicle_type_id": "162"
                    }
                ]
            },
            "type": "Feature"
        },
        {
            "geometry": {
                "coordinates": [
                    33.100599,
                    34.700025
                ],
                "type": "Point"
            },
            "properties": {
                "capacity": 6,
                "is_installed": true,
                "is_renting": true,
                "is_returning": true,
                "is_virtual_station": false,
                "last_reported": 1789293697,
                "name": "McDonald's Germasogeia",
                "num_bikes_available": 4,
                "num_docks_available": 1,
                "region_id": "190",
                "rental_uris": {
                    "android": "https://app.nextbike.net/station?id=77161300",
                    "ios": "https://app.nextbike.net/station?id=77161300",
                    "web": "https://nxtb.it/p/77161300"
                },
                "short_name": "6745",
                "station_id": "77161300",
                "vehicle_types_available": [
                    {
                        "count": 2,
                        "vehicle_type_id": "15"
                    },
                    {
                        "count": 2,
                        "vehicle_type_id": "340"
                    }
                ]
            },
            "type": "Feature"
        },
        {
            "geometry": {
                "coordinates": [
                    33.16164,
                    34.714093
                ],
                "type": "Point"
            },
            "properties": {
                "is_installed": true,
                "is_renting": false,
                "is_returning": false,
                "is_virtual_station": false,
                "last_reported": 1789293697,
                "name": "Elias beach Hotel",
                "num_bikes_available": 0,
                "num_docks_available": 0,
                "region_id": "190",
                "rental_uris": {
                    "android": "https://app.nextbike.net/station?id=89404952",
                    "ios": "https://app.nextbike.net/station?id=89404952",
                    "web": "https://nxtb.it/p/89404952"
                },
                "short_name": "6743",
                "station_id": "89404952",
                "vehicle_types_available": []
            },
            "type": "Feature"
        },
        {
            "geometry": {
                "coordinates": [
                    32.987001,
                    34.647982
                ],
                "type": "Point"
            },
            "properties": {
                "capacity": 6,
                "is_installed": true,
                "is_renting": true,
                "is_returning": true,
                "is_virtual_station": false,
                "last_reported": 1789293697,
                "name": "Sunset Gardens",
                "num_bikes_available": 2,
                "num_docks_available": 4,
                "region_id": "190",
                "rental_uris": {
                    "android": "https://app.nextbike.net/station?id=89614319",
                    "ios": "https://app.nextbike.net/station?id=89614319",
                    "web": "https://nxtb.it/p/89614319"
                },
                "short_name": "6808",
                "station_id": "89614319",
                "vehicle_types_available": [
                    {
                        "count": 1,
                        "vehicle_type_id": "340"
                    },
                    {
                        "count": 1,
                        "vehicle_type_id": "15"
                    }
                ]
            },
            "type": "Feature"
        }
    ],
    "gbfs": {
        "station_information": {
            "last_updated": 1789293697,
            "ttl": 60,
            "version": "2.3"
        },
        "station_status": {
            "last_updated": 1789293697,
            "ttl": 60,
            "version": "2.3"
        }
    },
    "type": "FeatureCollection"
}