{
    "features": [
        {
            "geometry": {
                "coordinates": [
                    8.25865,
                    46.913854
                ],
                "type": "Point"
            },
            "properties": {
                "is_installed": true,
                "is_renting": true,
                "is_returning": true,
                "is_virtual_station": false,
                "last_reported": 1789324623,
                "name": "Leister AG / Cockpit",
                "num_bikes_available": 0,
                "num_docks_available": 0,
                "region_id": "463",
                "rental_uris": {
                    "android": "https://app.nextbike.net/station?id=11266891",
                    "ios": "https://app.nextbike.net/station?id=11266891",
                    "web": "https://nxtb.it/p/11266891"
                },
                "short_name": "7981",
                "station_id": "11266891",
                "vehicle_types_available": []
            },
            "type": "Feature"
        },
        {
            "geometry": {
                "coordinates": [
                    8.259224,
                    46.905304
                ],
                "type": "Point"
            },
            "properties": {
                "is_installed": true,
                "is_renting": true,
                "is_returning": true,
                "is_virtual_station": false,
                "last_reported": 1789324623,
                "name": "Leister Technologies AG",
                "num_bikes_available": 0,
                "num_docks_available": 0,
                "region_id": "463",
                "rental_uris": {
                    "android": "https://app.nextbike.net/station?id=11266925",
                    "ios": "https://app.nextbike.net/station?id=11266925",
                    "web": "https://nxtb.it/p/11266925"
                },
                "short_name": "7982",
                "station_id": "11266925",
                "vehicle_types_available": []
            },
            "type": "Feature"
        },
        {
            "geometry": {
                "coordinates": [
                    8.261059,
                    46.925084
                ],
                "type": "Point"
            },
            "properties": {
                "is_installed": true,
                "is_renting": true,
                "is_returning": true,
                "is_virtual_station": false,
                "last_reported": 1789324623,
                "name": "Axetris AG",
                "num_bikes_available": 1,
                "num_docks_available": 0,
                "region_id": "463",
                "rental_uris": {
                    "android": "https://app.nextbike.net/station?id=11266949",
                    "ios": "https://app.nextbike.net/station?id=11266949",
                    "web": "https://nxtb.it/p/11266949"
                },
                "short_name": "7983",
                "station_id": "11266949",
                "vehicle_types_available": [
                    {
                        "count": 1,
                        "vehicle_type_id": "196"
                    }
                ]
            },
            "type": "Feature"
        },
        {
            "geometry": {
                "coordinates": [
                    8.287806,
                    47.073479
                ],
                "type": "Point"
            },
            "properties": {
                "is_installed": true,
                "is_renting": true,
                "is_returning": true,
                "is_virtual_station": false,
                "last_reported": 1789324623,
                "name": "Emmen Center / Busstation",
                "num_bikes_available": 10,
                "num_docks_available": 0,
                "region_id": "857",
                "rental_uris": {
                    "android": "https://app.nextbike.net/station?id=12161554",
                    "ios": "https://app.nextbike.net/station?id=12161554",
                    "web": "https://nxtb.it/p/12161554"
                },
                "short_name": "7887",
                "station_id": "12161554",
                "vehicle_types_available": [
                    {
                        "count": 3,
                        "vehicle_type_id": "196"
                    },
                    {
                        "count": 7,
                        "vehicle_type_id": "150"
                    }
                ]
            },
            "type": "Feature"
        },
        {
            "geometry": {
                "coordinates": [
                    8.34248,
                    46.974605
                ],
                "type": "Point"
            },
            "properties": {
                "is_installed": true,
                "is_renting": true,
                "is_returning": true,
                "is_virtual_station": false,
                "last_reported": 1789324623,
                "name": "\u00dcberbauung Feld / Feld 6",
                "num_bikes_available": 6,
                "num_docks_available": 0,
                "region_id": "388",
                "rental_uris": {
                    "android": "https://app.nextbike.net/station?id=12727823",
                    "ios": "https://app.nextbike.net/station?id=12727823",
                    "web": "https://nxtb.it/p/12727823"
                },
                "short_name": "9073",
                "station_id": "12727823",
                "vehicle_types_available": [
                    {
                        "count": 4,
                        "vehicle_type_id": "150"
                    },
                    {
                        "count": 2,
                        "vehicle_type_id": "196"
                    }
                ]
            },
            "type": "Feature"
        },
        {
            "geometry": {
                "coordinates": [
                    8.374007,
                    47.046945
                ],
                "type": "Point"
            },
            "properties": {
                "is_installed": true,
                "is_renting": true,
                "is_returning": true,
                "is_virtual_station": false,
                "last_reported": 1789324623,
                "name": "Dorfplatz",
                "num_bikes_available": 5,
                "num_docks_available": 0,
                "region_id": "489",
                "rental_uris": {
                    "android": "https://app.nextbike.net/station?id=13176836",
                    "ios": "https://app.nextbike.net/station?id=13176836",
                    "web": "https://nxtb.it/p/13176836"
                },
                "short_name": "7960",
                "station_id": "13176836",
                "vehicle_types_available": [
                    {
                        "count": 2,
                        "vehicle_type_id": "196"
                    },
                    {
                        "count": 3,
                        "vehicle_type_id": "150"
                    }
                ]
            },
            "type": "Feature"
        },
        {
            "geometry": {
                "coordinates": [
                    8.375337,
                    47.045834
                ],
                "type": "Point"
            },
            "properties": {
                "is_installed": true,
                "is_renting": true,
                "is_returning": true,
                "is_virtual_station": false,
                "last_reported": 1789324623,
                "name": "Bahnhof Zentrum",
                "num_bikes_available": 5,
                "num_docks_available": 0,
                "region_id": "489",
                "rental_uris": {
                    "android": "https://app.nextbike.net/station?id=13176958",
                    "ios": "https://app.nextbike.net/station?id=13176958",
                    "web": "https://nxtb.it/p/13176958"
                },
                "short_name": "7961",
                "station_id": "13176958",
                "vehicle_types_available": [
                    {
                        "count": 1,
                        "vehicle_type_id": "150"
                    },
                    {
                        "count": 4,
                        "vehicle_type_id": "196"
                    }
                ]
            },
            "type": "Feature"
        },
        {
            "geometry": {
                "coordinates": [
                    8.360102,
                    47.041952
                ],
                "type": "Point"
            },
            "properties": {
                "is_installed": true,
                "is_renting": true,
                "is_returning": true,
                "is_virtual_station": false,
                "last_reported": 1789324623,
                "name": "Lerchenplatz",
                "num_bikes_available": 0,
                "num_docks_available": 0,
                "region_id": "489",
                "rental_uris": {
                    "android": "https://app.nextbike.net/station?id=13177065",
                    "ios": "https://app.nextbike.net/station?id=13177065",
                    "web": "https://nxtb.it/p/13177065"
                },
                "short_name": "7962",
                "station_id": "13177065",
                "vehicle_types_available": []
            },
            "type": "Feature"
        },
        {
            "geometry": {
                "coordinates": [
                    8.382837,
                    47.050103
                ],
                "type": "Point"
            },
            "properties": {
                "is_installed": true,
                "is_renting": true,
                "is_returning": true,
                "is_virtual_station": false,
                "last_reported": 1789324623,
                "name": "Bahnhof Meggen",
                "num_bikes_available": 3,
                "num_docks_available": 0,
                "region_id": "489",
                "rental_uris": {
                    "android": "https://app.nextbike.net/station?id=13177130",
                    "ios": "https://app.nextbike.net/station?id=13177130",
                    "web": "https://nxtb.it/p/13177130"
                },
                "short_name": "7963",
                "station_id": "13177130",
                "vehicle_types_available": [
                    {
                        "count": 1,
                        "vehicle_type_id": "183"
                    },
                    {
                        "count": 2,
                        "vehicle_type_id": "150"
                    }
                ]
            },
            "type": "Feature"
        },
        {
            "geometry": {
                "coordinates": [
                    8.39098,
                    47.054631
                ],
                "type": "Point"
            },
            "properties": {
                "is_installed": true,
                "is_renting": true,
                "is_returning": true,
                "is_virtual_station": false,
                "last_reported": 1789324623,
                "name": "Gottlieben",
                "num_bikes_available": 0,
                "num_docks_available": 0,
                "region_id": "489",
                "rental_uris": {
                    "android": "https://app.nextbike.net/station?id=13177277",
                    "ios": "https://app.nextbike.net/station?id=13177277",
                    "web": "https://nxtb.it/p/13177277"
                },
                "short_name": "7964",
                "station_id": "13177277",
                "vehicle_types_available": []
            },
            "type": "Feature"
        },
        {
            "geometry": {
                "coordinates": [
                    8.317321,
                    47.041114
                ],
                "type": "Point"
            },
            "properties": {
                "is_installed": true,
                "is_renting": true,
                "is_returning": true,
                "is_virtual_station": false,
                "last_reported": 1789324623,
                "name": "Weinbergli abl",
                "num_bikes_available": 5,
                "num_docks_available": 0,
                "region_id": "126",
                "rental_uris": {
                    "android": "https://app.nextbike.net/station?id=135510007",
                    "ios": "https://app.nextbike.net/station?id=135510007",
                    "web": "https://nxtb.it/p/135510007"
                },
                "short_name": "8059",
                "station_id": "135510007",
                "vehicle_types_available": [
                    {
                        "count": 4,
                        "vehicle_type_id": "196"
                    },
                    {
                        "count": 1,
                        "vehicle_type_id": "150"
                    }
                ]
            },
            "type": "Feature"
        },
        {
            "geometry": {
                "coordinates": [
                    8.304795,
                    47.018184
                ],
                "type": "Point"
            },
            "properties": {
                "is_installed": true,
                "is_renting": true,
                "is_returning": true,
                "is_virtual_station": false,
                "last_reported": 1789324623,
                "name": "Ziegeleipark",
                "num_bikes_available": 4,
                "num_docks_available": 0,
                "region_id": "391",
                "rental_uris": {
                    "android": "https://app.nextbike.net/station?id=136049873",
                    "ios": "https://app.nextbike.net/station?id=136049873",
                    "web": "https://nxtb.it/p/136049873"
                },
                "short_name": "80112",
                "station_id": "136049873",
                "vehicle_types_available": [
                    {
                        "count": 2,
                        "vehicle_type_id": "150"
                    },
                    {
                        "count": 2,
                        "vehicle_type_id": "196"
                    }
                ]
            },
            "type": "Feature"
        },
        {
            "geometry": {
                "coordinates": [
                    8.11218,
                    47.173874
                ],
                "type": "Point"
            },
            "properties": {
                "is_installed": true,
                "is_renting": true,
                "is_returning": true,
                "is_virtual_station": false,
                "last_reported": 1789324623,
                "name": "Alterszentrum St. Martin",
                "num_bikes_available": 2,
                "num_docks_available": 0,
                "region_id": "88",
                "rental_uris": {
                    "android": "https://app.nextbike.net/station?id=136065517",
                    "ios": "https://app.nextbike.net/station?id=136065517",
                    "web": "https://nxtb.it/p/136065517"
                },
                "short_name": "80200",
                "station_id": "136065517",
                "vehicle_types_available": [
                    {
                        "count": 2,
                        "vehicle_type_id": "150"
                    }
                ]
            },
            "type": "Feature"
        },
        {
            "geometry": {
                "coordinates": [
                    8.296341,
                    47.053371
                ],
                "type": "Point"
            },
            "properties": {
                "is_installed": true,
                "is_renting": true,
                "is_returning": true,
                "is_virtual_station": false,
                "last_reported": 1789324623,
                "name": "Sentimatt / Dammstrasse",
                "num_bikes_available": 6,
                "num_docks_available": 0,
                "region_id": "126",
                "rental_uris": {
                    "android": "https://app.nextbike.net/station?id=13719792",
                    "ios": "https://app.nextbike.net/station?id=13719792",
                    "web": "https://nxtb.it/p/13719792"
                },
                "short_name": "8072",
                "station_id": "13719792",
                "vehicle_types_available": [
                    {
                        "count": 3,
                        "vehicle_type_id": "150"
                    },
                    {
                        "count": 3,
                        "vehicle_type_id": "196"
                    }
                ]
            },
            "type": "Feature"
        },
        {
            "geometry": {
                "coordinates": [
                    8.200468,
                    47.070626
                ],
                "type": "Point"
            },
            "properties": {
                "is_installed": true,
                "is_renting": true,
                "is_returning": true,
                "is_virtual_station": false,
                "last_reported": 1789324623,
                "name": "Schulhaus Hellb\u00fchl / Luzernstrasse 16",
                "num_bikes_available": 1,
                "num_docks_available": 0,
                "region_id": "855",
                "rental_uris": {
                    "android": "https://app.nextbike.net/station?id=143456986",
                    "ios": "https://app.nextbike.net/station?id=143456986",
                    "web": "https://nxtb.it/p/143456986"
                },
                "short_name": "80000",
                "station_id": "143456986",
                "vehicle_types_available": [
                    {
                        "count": 1,
                        "vehicle_type_id": "196"
                    }
                ]
            },
            "type": "Feature"
        },
        {
            "geometry": {
                "coordinates": [
                    8.204137,
                    47.098935
                ],
                "type": "Point"
            },
            "properties": {
                "is_installed": true,
                "is_renting": true,
                "is_returning": true,
                "is_virtual_station": false,
                "last_reported": 1789324623,
                "name": "Mehrzweckgeb\u00e4ude G\u00e4rtnerweg / Luzernstrasse 10",
                "num_bikes_available": 0,
                "num_docks_available": 0,
                "region_id": "855",
                "rental_uris": {
                    "android": "https://app.nextbike.net/station?id=143457308",
                    "ios": "https://app.nextbike.net/station?id=143457308",
                    "web": "https://nxtb.it/p/143457308"
                },
                "short_name": "80001",
                "station_id": "143457308",
                "vehicle_types_available": []
            },
            "type": "Feature"
        },
        {
            "geometry": {
                "coordinates": [
                    8.194653,
                    47.116208
                ],
                "type": "Point"
            },
            "properties": {
                "is_installed": true,
                "is_renting": true,
                "is_returning": true,
                "is_virtual_station": false,
                "last_reported": 1789324623,
                "name": "Bahnhof Sempach Station / Bahnhofstrasse 2",
                "num_bikes_available": 6,
                "num_docks_available": 0,
                "region_id": "855",
                "rental_uris": {
                    "android": "https://app.nextbike.net/station?id=143458134",
                    "ios": "https://app.nextbike.net/station?id=143458134",
                    "web": "https://nxtb.it/p/143458134"
                },
                "short_name": "80002",
                "station_id": "143458134",
                "vehicle_types_available": [
                    {
                        "count": 6,
                        "vehicle_type_id": "150"
                    }
                ]
            },
            "type": "Feature"
        },
        {
            "geometry": {
                "coordinates": [
                    8.221148,
                    47.092708
                ],
                "type": "Point"
            },
            "properties": {
                "is_installed": true,
                "is_renting": true,
                "is_returning": true,
                "is_virtual_station": false,
                "last_reported": 1789324623,
                "name": "Weierh\u00fcsli / Rippertschwandstrasse",
                "num_bikes_available": 4,
                "num_docks_available": 0,
                "region_id": "855",
                "rental_uris": {
                    "android": "https://app.nextbike.net/station?id=143458682",
                    "ios": "https://app.nextbike.net/station?id=143458682",
                    "web": "https://nxtb.it/p/143458682"
                },
                "short_name": "80003",
                "station_id": "143458682",
                "vehicle_types_available": [
                    {
                        "count": 4,
                        "vehicle_type_id": "150"
                    }
                ]
            },
            "type": "Feature"
        },
        {
            "geometry": {
                "coordinates": [
                    8.193891,
                    47.124173
                ],
                "type": "Point"
            },
            "properties": {
                "is_installed": true,
                "is_renting": true,
                "is_returning": true,
                "is_virtual_station": false,
                "last_reported": 1789324623,
                "name": "Seesatz / Seesatz 11",
                "num_bikes_available": 0,
                "num_docks_available": 0,
                "region_id": "854",
                "rental_uris": {
                    "android": "https://app.nextbike.net/station?id=143460778",
                    "ios": "https://app.nextbike.net/station?id=143460778",
                    "web": "https://nxtb.it/p/143460778"
                },
                "short_name": "80011",
                "station_id": "143460778",
                "vehicle_types_available": []
            },
            "type": "Feature"
        },
        {
            "geometry": {
                "coordinates": [
                    8.190576,
                    47.125494
                ],
                "type": "Point"
            },
            "properties": {
                "is_installed": true,
                "is_renting": true,
                "is_returning": true,
                "is_virtual_station": false,
                "last_reported": 1789324623,
                "name": "Seeland / Seelandstrasse 4",
                "num_bikes_available": 1,
                "num_docks_available": 0,
                "region_id": "854",
                "rental_uris": {
                    "android": "https://app.nextbike.net/station?id=143461077",
                    "ios": "https://app.nextbike.net/station?id=143461077",
                    "web": "https://nxtb.it/p/143461077"
                },
                "short_name": "80012",
                "station_id": "143461077",
                "vehicle_types_available": [
                    {
                        "count": 1,
                        "vehicle_type_id": "196"
                    }
                ]
            },
            "type": "Feature"
        },
        {
            "geometry": {
                "coordinates": [
                    8.191112,
                    47.133546
                ],
                "type": "Point"
            },
            "properties": {
                "is_installed": true,
                "is_renting": true,
                "is_returning": true,
                "is_virtual_station": false,
                "last_reported": 1789324623,
                "name": "Seevogtei / Seevogtei 1",
                "num_bikes_available": 2,
                "num_docks_available": 0,
                "region_id": "854",
                "rental_uris": {
                    "android": "https://app.nextbike.net/station?id=143461362",
                    "ios": "https://app.nextbike.net/station?id=143461362",
                    "web": "https://nxtb.it/p/143461362"
                },
                "short_name": "80013",
                "station_id": "143461362",
                "vehicle_types_available": [
                    {
                        "count": 2,
                        "vehicle_type_id": "150"
                    }
                ]
            },
            "type": "Feature"
        },
        {
            "geometry": {
                "coordinates": [
                    8.190731,
                    47.137417
                ],
                "type": "Point"
            },
            "properties": {
                "is_installed": true,
                "is_renting": true,
                "is_returning": true,
                "is_virtual_station": false,
                "last_reported": 1789324623,
                "name": "Dreiangel / Eicherstrasse 5",
                "num_bikes_available": 15,
                "num_docks_available": 0,
                "region_id": "854",
                "rental_uris": {
                    "android": "https://app.nextbike.net/station?id=143461800",
                    "ios": "https://app.nextbike.net/station?id=143461800",
                    "web": "https://nxtb.it/p/143461800"
                },
                "short_name": "80014",
                "station_id": "143461800",
                "vehicle_types_available": [
                    {
                        "count": 12,
                        "vehicle_type_id": "150"
                    },
                    {
                        "count": 3,
                        "vehicle_type_id": "196"
                    }
                ]
            },
            "type": "Feature"
        },
        {
            "geometry": {
                "coordinates": [
                    8.211679,
                    47.125717
                ],
                "type": "Point"
            },
            "properties": {
                "is_installed": true,
                "is_renting": true,
                "is_returning": true,
                "is_virtual_station": false,
                "last_reported": 1789324623,
                "name": "Allmend / Allmend 10",
                "num_bikes_available": 0,
                "num_docks_available": 0,
                "region_id": "854",
                "rental_uris": {
                    "android": "https://app.nextbike.net/station?id=143462416",
                    "ios": "https://app.nextbike.net/station?id=143462416",
                    "web": "https://nxtb.it/p/143462416"
                },
                "short_name": "80015",
                "station_id": "143462416",
                "vehicle_types_available": []
            },
            "type": "Feature"
        },
        {
            "geometry": {
                "coordinates": [
                    8.296448,
                    47.045117
                ],
                "type": "Point"
            },
            "properties": {
                "is_installed": true,
                "is_renting": true,
                "is_returning": true,
                "is_virtual_station": false,
                "last_reported": 1789324623,
                "name": "Steinhofstrasse / Oberg\u00fctschstrasse",
                "num_bikes_available": 2,
                "num_docks_available": 0,
                "region_id": "126",
                "rental_uris": {
                    "android": "https://app.nextbike.net/station?id=147105512",
                    "ios": "https://app.nextbike.net/station?id=147105512",
                    "web": "https://nxtb.it/p/147105512"
                },
                "short_name": "7897",
                "station_id": "147105512",
                "vehicle_types_available": [
                    {
                        "count": 1,
                        "vehicle_type_id": "150"
                    },
                    {
                        "count": 1,
                        "vehicle_type_id": "183"
                    }
                ]
            },
            "type": "Feature"
        },
        {
            "geometry": {
                "coordinates": [
                    8.324364,
                    47.067908
                ],
                "type": "Point"
            },
            "properties": {
                "is_installed": true,
                "is_renting": true,
                "is_returning": true,
                "is_virtual_station": false,
                "last_reported": 1789324623,
                "name": "Busschleife 7er / Adligenswilerstrasse",
                "num_bikes_available": 0,
                "num_docks_available": 0,
                "region_id": "126",
                "rental_uris": {
                    "android": "https://app.nextbike.net/station?id=147106006",
                    "ios": "https://app.nextbike.net/station?id=147106006",
                    "web": "https://nxtb.it/p/147106006"
                },
                "short_name": "7876",
                "station_id": "147106006",
                "vehicle_types_available": []
            },
            "type": "Feature"
        },
        {
            "geometry": {
                "coordinates": [
                    8.347946,
                    47.057
                ],
                "type": "Point"
            },
            "properties": {
                "is_installed": true,
                "is_renting": true,
                "is_returning": true,
                "is_virtual_station": false,
                "last_reported": 1789324623,
                "name": "Sch\u00e4dr\u00fctihalde / Sch\u00e4dr\u00fctistrasse",
                "num_bikes_available": 1,
                "num_docks_available": 0,
                "region_id": "126",
                "rental_uris": {
                    "android": "https://app.nextbike.net/station?id=147107258",
                    "ios": "https://app.nextbike.net/station?id=147107258",
                    "web": "https://nxtb.it/p/147107258"
                },
                "short_name": "7874",
                "station_id": "147107258",
                "vehicle_types_available": [
                    {
                        "count": 1,
                        "vehicle_type_id": "183"
                    }
                ]
            },
            "type": "Feature"
        },
        {
            "geometry": {
                "coordinates": [
                    8.273022,
                    47.090791
                ],
                "type": "Point"
            },
            "properties": {
                "is_installed": true,
                "is_renting": true,
                "is_returning": true,
                "is_virtual_station": false,
                "last_reported": 1789324623,
                "name": "Bahnhof Emmenbr\u00fccke Kapf / Bachtalen 1a",
                "num_bikes_available": 12,
                "num_docks_available": 0,
                "region_id": "857",
                "rental_uris": {
                    "android": "https://app.nextbike.net/station?id=147107360",
                    "ios": "https://app.nextbike.net/station?id=147107360",
                    "web": "https://nxtb.it/p/147107360"
                },
                "short_name": "8171",
                "station_id": "147107360",
                "vehicle_types_available": [
                    {
                        "count": 10,
                        "vehicle_type_id": "150"
                    },
                    {
                        "count": 2,
                        "vehicle_type_id": "196"
                    }
                ]
            },
            "type": "Feature"
        },
        {
            "geometry": {
                "coordinates": [
                    8.350537,
                    47.04303
                ],
                "type": "Point"
            },
            "properties": {
                "is_installed": true,
                "is_renting": true,
                "is_returning": true,
                "is_virtual_station": false,
                "last_reported": 1789324623,
                "name": "Hermitage / Seeburgstrasse",
                "num_bikes_available": 6,
                "num_docks_available": 0,
                "region_id": "126",
                "rental_uris": {
                    "android": "https://app.nextbike.net/station?id=147107540",
                    "ios": "https://app.nextbike.net/station?id=147107540",
                    "web": "https://nxtb.it/p/147107540"
                },
                "short_name": "8172",
                "station_id": "147107540",
                "vehicle_types_available": [
                    {
                        "count": 4,
                        "vehicle_type_id": "196"
                    },
                    {
                        "count": 2,
                        "vehicle_type_id": "150"
                    }
                ]
            },
            "type": "Feature"
        },
        {
            "geometry": {
                "coordinates": [
                    8.195994,
                    47.115854
                ],
                "type": "Point"
            },
            "properties": {
                "is_installed": true,
                "is_renting": true,
                "is_returning": true,
                "is_virtual_station": false,
                "last_reported": 1789324623,
                "name": "Bahnhof Sempach Station / Eichenstrasse",
                "num_bikes_available": 1,
                "num_docks_available": 0,
                "region_id": "855",
                "rental_uris": {
                    "android": "https://app.nextbike.net/station?id=148743185",
                    "ios": "https://app.nextbike.net/station?id=148743185",
                    "web": "https://nxtb.it/p/148743185"
                },
                "short_name": "80004",
                "station_id": "148743185",
                "vehicle_types_available": [
                    {
                        "count": 1,
                        "vehicle_type_id": "150"
                    }
                ]
            },
            "type": "Feature"
        },
        {
            "geometry": {
                "coordinates": [
                    8.315288,
                    47.060683
                ],
                "type": "Point"
            },
            "properties": {
                "is_installed": true,
                "is_renting": true,
                "is_returning": true,
                "is_virtual_station": false,
                "last_reported": 1789324623,
                "name": "W\u00e4smeli-Tr\u00e4ff / Abendweg",
                "num_bikes_available": 0,
                "num_docks_available": 0,
                "region_id": "126",
                "rental_uris": {
                    "android": "https://app.nextbike.net/station?id=149675173",
                    "ios": "https://app.nextbike.net/station?id=149675173",
                    "web": "https://nxtb.it/p/149675173"
                },
                "short_name": "7877",
                "station_id": "149675173",
                "vehicle_types_available": []
            },
            "type": "Feature"
        },
        {
            "geometry": {
                "coordinates": [
                    8.305916,
                    47.053151
                ],
                "type": "Point"
            },
            "properties": {
                "is_installed": true,
                "is_renting": true,
                "is_returning": true,
                "is_virtual_station": false,
                "last_reported": 1789324623,
                "name": "Jazzkantine / Grabenstrasse",
                "num_bikes_available": 0,
                "num_docks_available": 0,
                "region_id": "126",
                "rental_uris": {
                    "android": "https://app.nextbike.net/station?id=149675264",
                    "ios": "https://app.nextbike.net/station?id=149675264",
                    "web": "https://nxtb.it/p/149675264"
                },
                "short_name": "7878",
                "station_id": "149675264",
                "vehicle_types_available": []
            },
            "type": "Feature"
        },
        {
            "geometry": {
                "coordinates": [
                    8.320926,
                    47.07101
                ],
                "type": "Point"
            },
            "properties": {
                "is_installed": true,
                "is_renting": true,
                "is_returning": true,
                "is_virtual_station": false,
                "last_reported": 1789324623,
                "name": "St. Klemens / Kaspar-Koppstrasse 86",
                "num_bikes_available": 3,
                "num_docks_available": 0,
                "region_id": "624",
                "rental_uris": {
                    "android": "https://app.nextbike.net/station?id=15682319",
                    "ios": "https://app.nextbike.net/station?id=15682319",
                    "web": "https://nxtb.it/p/15682319"
                },
                "short_name": "8079",
                "station_id": "15682319",
                "vehicle_types_available": [
                    {
                        "count": 2,
                        "vehicle_type_id": "150"
                    },
                    {
                        "count": 1,
                        "vehicle_type_id": "196"
                    }
                ]
            },
            "type": "Feature"
        },
        {
            "geometry": {
                "coordinates": [
                    8.325781,
                    47.072424
                ],
                "type": "Point"
            },
            "properties": {
                "is_installed": true,
                "is_renting": true,
                "is_returning": true,
                "is_virtual_station": false,
                "last_reported": 1789324623,
                "name": "Falken / Luzernerstrasse 45",
                "num_bikes_available": 6,
                "num_docks_available": 0,
                "region_id": "624",
                "rental_uris": {
                    "android": "https://app.nextbike.net/station?id=15682441",
                    "ios": "https://app.nextbike.net/station?id=15682441",
                    "web": "https://nxtb.it/p/15682441"
                },
                "short_name": "8080",
                "station_id": "15682441",
                "vehicle_types_available": [
                    {
                        "count": 2,
                        "vehicle_type_id": "196"
                    },
                    {
                        "count": 4,
                        "vehicle_type_id": "150"
                    }
                ]
            },
            "type": "Feature"
        },
        {
            "geometry": {
                "coordinates": [
                    8.333403,
                    47.077016
                ],
                "type": "Point"
            },
            "properties": {
                "is_installed": true,
                "is_renting": true,
                "is_returning": true,
                "is_virtual_station": false,
                "last_reported": 1789324623,
                "name": "Schmiedhof / Luzernerstrasse 21",
                "num_bikes_available": 9,
                "num_docks_available": 0,
                "region_id": "624",
                "rental_uris": {
                    "android": "https://app.nextbike.net/station?id=15682501",
                    "ios": "https://app.nextbike.net/station?id=15682501",
                    "web": "https://nxtb.it/p/15682501"
                },
                "short_name": "8081",
                "station_id": "15682501",
                "vehicle_types_available": [
                    {
                        "count": 6,
                        "vehicle_type_id": "150"
                    },
                    {
                        "count": 3,
                        "vehicle_type_id": "196"
                    }
                ]
            },
            "type": "Feature"
        },
        {
            "geometry": {
                "coordinates": [
                    8.339009,
                    47.080256
                ],
                "type": "Point"
            },
            "properties": {
                "is_installed": true,
                "is_renting": true,
                "is_returning": true,
                "is_virtual_station": false,
                "last_reported": 1789324623,
                "name": "Wydenhof / Zentralstrasse 12",
                "num_bikes_available": 0,
                "num_docks_available": 0,
                "region_id": "624",
                "rental_uris": {
                    "android": "https://app.nextbike.net/station?id=15682551",
                    "ios": "https://app.nextbike.net/station?id=15682551",
                    "web": "https://nxtb.it/p/15682551"
                },
                "short_name": "8082",
                "station_id": "15682551",
                "vehicle_types_available": []
            },
            "type": "Feature"
        },
        {
            "geometry": {
                "coordinates": [
                    8.341155,
                    47.08152
                ],
                "type": "Point"
            },
            "properties": {
                "is_installed": true,
                "is_renting": true,
                "is_returning": true,
                "is_virtual_station": false,
                "last_reported": 1789324623,
                "name": "Ladengasse / Zentralstrasse 16",
                "num_bikes_available": 4,
                "num_docks_available": 0,
                "region_id": "624",
                "rental_uris": {
                    "android": "https://app.nextbike.net/station?id=15682615",
                    "ios": "https://app.nextbike.net/station?id=15682615",
                    "web": "https://nxtb.it/p/15682615"
                },
                "short_name": "8083",
                "station_id": "15682615",
                "vehicle_types_available": [
                    {
                        "count": 2,
                        "vehicle_type_id": "196"
                    },
                    {
                        "count": 2,
                        "vehicle_type_id": "150"
                    }
                ]
            },
            "type": "Feature"
        },
        {
            "geometry": {
                "coordinates": [
                    8.342292,
                    47.083916
                ],
                "type": "Point"
            },
            "properties": {
                "is_installed": true,
                "is_renting": true,
                "is_returning": true,
                "is_virtual_station": false,
                "last_reported": 1789324623,
                "name": "Bahnhof S\u00fcd / Riedmattstrasse",
                "num_bikes_available": 8,
                "num_docks_available": 0,
                "region_id": "624",
                "rental_uris": {
                    "android": "https://app.nextbike.net/station?id=15682978",
                    "ios": "https://app.nextbike.net/station?id=15682978",
                    "web": "https://nxtb.it/p/15682978"
                },
                "short_name": "8086",
                "station_id": "15682978",
                "vehicle_types_available": [
                    {
                        "count": 6,
                        "vehicle_type_id": "150"
                    },
                    {
                        "count": 2,
                        "vehicle_type_id": "196"
                    }
                ]
            },
            "type": "Feature"
        },
        {
            "geometry": {
                "coordinates": [
                    8.358209,
                    47.092368
                ],
                "type": "Point"
            },
            "properties": {
                "is_installed": true,
                "is_renting": true,
                "is_returning": true,
                "is_virtual_station": false,
                "last_reported": 1789324623,
                "name": "Mall of Switzerland / Bushaltestelle Fildern",
                "num_bikes_available": 2,
                "num_docks_available": 0,
                "region_id": "624",
                "rental_uris": {
                    "android": "https://app.nextbike.net/station?id=15683044",
                    "ios": "https://app.nextbike.net/station?id=15683044",
                    "web": "https://nxtb.it/p/15683044"
                },
                "short_name": "8087",
                "station_id": "15683044",
                "vehicle_types_available": [
                    {
                        "count": 1,
                        "vehicle_type_id": "150"
                    },
                    {
                        "count": 1,
                        "vehicle_type_id": "196"
                    }
                ]
            },
            "type": "Feature"
        },
        {
            "geometry": {
                "coordinates": [
                    8.339138,
                    47.083467
                ],
                "type": "Point"
            },
            "properties": {
                "is_installed": true,
                "is_renting": true,
                "is_returning": true,
                "is_virtual_station": false,
                "last_reported": 1789324623,
                "name": "Risch / Rischstrasse 34",
                "num_bikes_available": 5,
                "num_docks_available": 0,
                "region_id": "624",
                "rental_uris": {
                    "android": "https://app.nextbike.net/station?id=15683120",
                    "ios": "https://app.nextbike.net/station?id=15683120",
                    "web": "https://nxtb.it/p/15683120"
                },
                "short_name": "8088",
                "station_id": "15683120",
                "vehicle_types_available": [
                    {
                        "count": 2,
                        "vehicle_type_id": "196"
                    },
                    {
                        "count": 3,
                        "vehicle_type_id": "150"
                    }
                ]
            },
            "type": "Feature"
        },
        {
            "geometry": {
                "coordinates": [
                    8.351696,
                    47.0883
                ],
                "type": "Point"
            },
            "properties": {
                "is_installed": true,
                "is_renting": true,
                "is_returning": true,
                "is_virtual_station": false,
                "last_reported": 1789324623,
                "name": "Schindler / Zugerstrasse 13",
                "num_bikes_available": 8,
                "num_docks_available": 0,
                "region_id": "624",
                "rental_uris": {
                    "android": "https://app.nextbike.net/station?id=15683271",
                    "ios": "https://app.nextbike.net/station?id=15683271",
                    "web": "https://nxtb.it/p/15683271"
                },
                "short_name": "8091",
                "station_id": "15683271",
                "vehicle_types_available": [
                    {
                        "count": 5,
                        "vehicle_type_id": "150"
                    },
                    {
                        "count": 3,
                        "vehicle_type_id": "196"
                    }
                ]
            },
            "type": "Feature"
        },
        {
            "geometry": {
                "coordinates": [
                    8.357651,
                    47.093205
                ],
                "type": "Point"
            },
            "properties": {
                "is_installed": true,
                "is_renting": true,
                "is_returning": true,
                "is_virtual_station": false,
                "last_reported": 1789324623,
                "name": "Mall of Switzerland / Eingang Arztpraxis",
                "num_bikes_available": 10,
                "num_docks_available": 0,
                "region_id": "624",
                "rental_uris": {
                    "android": "https://app.nextbike.net/station?id=15683372",
                    "ios": "https://app.nextbike.net/station?id=15683372",
                    "web": "https://nxtb.it/p/15683372"
                },
                "short_name": "8092",
                "station_id": "15683372",
                "vehicle_types_available": [
                    {
                        "count": 5,
                        "vehicle_type_id": "150"
                    },
                    {
                        "count": 5,
                        "vehicle_type_id": "196"
                    }
                ]
            },
            "type": "Feature"
        },
        {
            "geometry": {
                "coordinates": [
                    8.300841,
                    47.027331
                ],
                "type": "Point"
            },
            "properties": {
                "is_installed": true,
                "is_renting": true,
                "is_returning": true,
                "is_virtual_station": false,
                "last_reported": 1789324623,
                "name": "Mikropole / Mattenhof",
                "num_bikes_available": 4,
                "num_docks_available": 0,
                "region_id": "491",
                "rental_uris": {
                    "android": "https://app.nextbike.net/station?id=16184455",
                    "ios": "https://app.nextbike.net/station?id=16184455",
                    "web": "https://nxtb.it/p/16184455"
                },
                "short_name": "8108",
                "station_id": "16184455",
                "vehicle_types_available": [
                    {
                        "count": 4,
                        "vehicle_type_id": "150"
                    }
                ]
            },
            "type": "Feature"
        },
        {
            "geometry": {
                "coordinates": [
                    8.109133,
                    47.184058
                ],
                "type": "Point"
            },
            "properties": {
                "is_installed": true,
                "is_renting": true,
                "is_returning": true,
                "is_virtual_station": false,
                "last_reported": 1789324623,
                "name": "Arena Sursee / Wassergrabe 5",
                "num_bikes_available": 2,
                "num_docks_available": 0,
                "region_id": "88",
                "rental_uris": {
                    "android": "https://app.nextbike.net/station?id=165356236",
                    "ios": "https://app.nextbike.net/station?id=165356236",
                    "web": "https://nxtb.it/p/165356236"
                },
                "short_name": "80201",
                "station_id": "165356236",
                "vehicle_types_available": [
                    {
                        "count": 2,
                        "vehicle_type_id": "150"
                    }
                ]
            },
            "type": "Feature"
        },
        {
            "geometry": {
                "coordinates": [
                    8.110963,
                    47.1835
                ],
                "type": "Point"
            },
            "properties": {
                "is_installed": true,
                "is_renting": true,
                "is_returning": true,
                "is_virtual_station": false,
                "last_reported": 1789324623,
                "name": "Schenkon / Lumen Park",
                "num_bikes_available": 1,
                "num_docks_available": 0,
                "region_id": "88",
                "rental_uris": {
                    "android": "https://app.nextbike.net/station?id=167324018",
                    "ios": "https://app.nextbike.net/station?id=167324018",
                    "web": "https://nxtb.it/p/167324018"
                },
                "short_name": "80202",
                "station_id": "167324018",
                "vehicle_types_available": [
                    {
                        "count": 1,
                        "vehicle_type_id": "150"
                    }
                ]
            },
            "type": "Feature"
        },
        {
            "geometry": {
                "coordinates": [
                    8.309569,
                    47.049467
                ],
                "type": "Point"
            },
            "properties": {
                "is_installed": true,
                "is_renting": true,
                "is_returning": true,
                "is_virtual_station": false,
                "last_reported": 1789324623,
                "name": "Tourist-Information / Zentralstrasse 5",
                "num_bikes_available": 1,
                "num_docks_available": 0,
                "region_id": "126",
                "rental_uris": {
                    "android": "https://app.nextbike.net/station?id=16871",
                    "ios": "https://app.nextbike.net/station?id=16871",
                    "web": "https://nxtb.it/p/16871"
                },
                "short_name": "8102",
                "station_id": "16871",
                "vehicle_types_available": [
                    {
                        "count": 1,
                        "vehicle_type_id": "150"
                    }
                ]
            },
            "type": "Feature"
        },
        {
            "geometry": {
                "coordinates": [
                    8.106558,
                    47.178735
                ],
                "type": "Point"
            },
            "properties": {
                "is_installed": true,
                "is_renting": true,
                "is_returning": true,
                "is_virtual_station": false,
                "last_reported": 1789324623,
                "name": "Granol / Zeughausstrasse",
                "num_bikes_available": 1,
                "num_docks_available": 0,
                "region_id": "88",
                "rental_uris": {
                    "android": "https://app.nextbike.net/station?id=175016292",
                    "ios": "https://app.nextbike.net/station?id=175016292",
                    "web": "https://nxtb.it/p/175016292"
                },
                "short_name": "80203",
                "station_id": "175016292",
                "vehicle_types_available": [
                    {
                        "count": 1,
                        "vehicle_type_id": "150"
                    }
                ]
            },
            "type": "Feature"
        },
        {
            "geometry": {
                "coordinates": [
                    8.094531,
                    47.212973
                ],
                "type": "Point"
            },
            "properties": {
                "is_installed": true,
                "is_renting": true,
                "is_returning": true,
                "is_virtual_station": false,
                "last_reported": 1789324623,
                "name": "Sagipark 7 | Luzernerstrasse",
                "num_bikes_available": 2,
                "num_docks_available": 0,
                "region_id": "861",
                "rental_uris": {
                    "android": "https://app.nextbike.net/station?id=175021378",
                    "ios": "https://app.nextbike.net/station?id=175021378",
                    "web": "https://nxtb.it/p/175021378"
                },
                "short_name": "80115",
                "station_id": "175021378",
                "vehicle_types_available": [
                    {
                        "count": 2,
                        "vehicle_type_id": "150"
                    }
                ]
            },
            "type": "Feature"
        },
        {
            "geometry": {
                "coordinates": [
                    8.12948,
                    47.178549
                ],
                "type": "Point"
            },
            "properties": {
                "is_installed": true,
                "is_renting": true,
                "is_returning": true,
                "is_virtual_station": false,
                "last_reported": 1789324623,
                "name": "Zellfeld",
                "num_bikes_available": 1,
                "num_docks_available": 0,
                "region_id": "88",
                "rental_uris": {
                    "android": "https://app.nextbike.net/station?id=17927463",
                    "ios": "https://app.nextbike.net/station?id=17927463",
                    "web": "https://nxtb.it/p/17927463"
                },
                "short_name": "9030",
                "station_id": "17927463",
                "vehicle_types_available": [
                    {
                        "count": 1,
                        "vehicle_type_id": "150"
                    }
                ]
            },
            "type": "Feature"
        },
        {
            "geometry": {
                "coordinates": [
                    8.132501,
                    47.177123
                ],
                "type": "Point"
            },
            "properties": {
                "is_installed": true,
                "is_renting": true,
                "is_returning": true,
                "is_virtual_station": false,
                "last_reported": 1789324623,
                "name": "Schenkon / Gemeindehaus",
                "num_bikes_available": 0,
                "num_docks_available": 0,
                "region_id": "88",
                "rental_uris": {
                    "android": "https://app.nextbike.net/station?id=17927565",
                    "ios": "https://app.nextbike.net/station?id=17927565",
                    "web": "https://nxtb.it/p/17927565"
                },
                "short_name": "9031",
                "station_id": "17927565",
                "vehicle_types_available": []
            },
            "type": "Feature"
        },
        {
            "geometry": {
                "coordinates": [
                    8.138815,
                    47.172036
                ],
                "type": "Point"
            },
            "properties": {
                "is_installed": true,
                "is_renting": true,
                "is_returning": true,
                "is_virtual_station": false,
                "last_reported": 1789324623,
                "name": "Schenkon / Restaurant OX'n",
                "num_bikes_available": 7,
                "num_docks_available": 0,
                "region_id": "88",
                "rental_uris": {
                    "android": "https://app.nextbike.net/station?id=17927738",
                    "ios": "https://app.nextbike.net/station?id=17927738",
                    "web": "https://nxtb.it/p/17927738"
                },
                "short_name": "9032",
                "station_id": "17927738",
                "vehicle_types_available": [
                    {
                        "count": 5,
                        "vehicle_type_id": "150"
                    },
                    {
                        "count": 2,
                        "vehicle_type_id": "196"
                    }
                ]
            },
            "type": "Feature"
        },
        {
            "geometry": {
                "coordinates": [
                    8.108173,
                    47.197688
                ],
                "type": "Point"
            },
            "properties": {
                "is_installed": true,
                "is_renting": true,
                "is_returning": true,
                "is_virtual_station": false,
                "last_reported": 1789324623,
                "name": "Geuensee / Altes Schulhaus",
                "num_bikes_available": 2,
                "num_docks_available": 0,
                "region_id": "88",
                "rental_uris": {
                    "android": "https://app.nextbike.net/station?id=17927811",
                    "ios": "https://app.nextbike.net/station?id=17927811",
                    "web": "https://nxtb.it/p/17927811"
                },
                "short_name": "9033",
                "station_id": "17927811",
                "vehicle_types_available": [
                    {
                        "count": 2,
                        "vehicle_type_id": "150"
                    }
                ]
            },
            "type": "Feature"
        },
        {
            "geometry": {
                "coordinates": [
                    8.111306,
                    47.192439
                ],
                "type": "Point"
            },
            "properties": {
                "is_installed": true,
                "is_renting": true,
                "is_returning": true,
                "is_virtual_station": false,
                "last_reported": 1789324623,
                "name": "Geuensee / Weinerei Sch\u00e4racher 5",
                "num_bikes_available": 6,
                "num_docks_available": 0,
                "region_id": "88",
                "rental_uris": {
                    "android": "https://app.nextbike.net/station?id=17927892",
                    "ios": "https://app.nextbike.net/station?id=17927892",
                    "web": "https://nxtb.it/p/17927892"
                },
                "short_name": "9034",
                "station_id": "17927892",
                "vehicle_types_available": [
                    {
                        "count": 4,
                        "vehicle_type_id": "150"
                    },
                    {
                        "count": 2,
                        "vehicle_type_id": "196"
                    }
                ]
            },
            "type": "Feature"
        },
        {
            "geometry": {
                "coordinates": [
                    8.107594,
                    47.199503
                ],
                "type": "Point"
            },
            "properties": {
                "is_installed": true,
                "is_renting": true,
                "is_returning": true,
                "is_virtual_station": false,
                "last_reported": 1789324623,
                "name": "Geuensee / Gasthaus St. Niklaus",
                "num_bikes_available": 2,
                "num_docks_available": 0,
                "region_id": "88",
                "rental_uris": {
                    "android": "https://app.nextbike.net/station?id=17928039",
                    "ios": "https://app.nextbike.net/station?id=17928039",
                    "web": "https://nxtb.it/p/17928039"
                },
                "short_name": "9035",
                "station_id": "17928039",
                "vehicle_types_available": [
                    {
                        "count": 2,
                        "vehicle_type_id": "150"
                    }
                ]
            },
            "type": "Feature"
        },
        {
            "geometry": {
                "coordinates": [
                    8.115329,
                    47.160672
                ],
                "type": "Point"
            },
            "properties": {
                "is_installed": true,
                "is_renting": true,
                "is_returning": true,
                "is_virtual_station": false,
                "last_reported": 1789324623,
                "name": "Oberkirch / Restaurant goldener Wagen",
                "num_bikes_available": 2,
                "num_docks_available": 0,
                "region_id": "88",
                "rental_uris": {
                    "android": "https://app.nextbike.net/station?id=17928411",
                    "ios": "https://app.nextbike.net/station?id=17928411",
                    "web": "https://nxtb.it/p/17928411"
                },
                "short_name": "9039",
                "station_id": "17928411",
                "vehicle_types_available": [
                    {
                        "count": 2,
                        "vehicle_type_id": "150"
                    }
                ]
            },
            "type": "Feature"
        },
        {
            "geometry": {
                "coordinates": [
                    8.091543,
                    47.162663
                ],
                "type": "Point"
            },
            "properties": {
                "is_installed": true,
                "is_renting": true,
                "is_returning": true,
                "is_virtual_station": false,
                "last_reported": 1789324623,
                "name": "Oberkirch / Campus Sursee",
                "num_bikes_available": 1,
                "num_docks_available": 0,
                "region_id": "88",
                "rental_uris": {
                    "android": "https://app.nextbike.net/station?id=17928490",
                    "ios": "https://app.nextbike.net/station?id=17928490",
                    "web": "https://nxtb.it/p/17928490"
                },
                "short_name": "9040",
                "station_id": "17928490",
                "vehicle_types_available": [
                    {
                        "count": 1,
                        "vehicle_type_id": "196"
                    }
                ]
            },
            "type": "Feature"
        },
        {
            "geometry": {
                "coordinates": [
                    8.115388,
                    47.15551
                ],
                "type": "Point"
            },
            "properties": {
                "is_installed": true,
                "is_renting": true,
                "is_returning": true,
                "is_virtual_station": false,
                "last_reported": 1789324623,
                "name": "Oberkirch / Dorf",
                "num_bikes_available": 0,
                "num_docks_available": 0,
                "region_id": "88",
                "rental_uris": {
                    "android": "https://app.nextbike.net/station?id=18046850",
                    "ios": "https://app.nextbike.net/station?id=18046850",
                    "web": "https://nxtb.it/p/18046850"
                },
                "short_name": "9041",
                "station_id": "18046850",
                "vehicle_types_available": []
            },
            "type": "Feature"
        },
        {
            "geometry": {
                "coordinates": [
                    8.091103,
                    47.170092
                ],
                "type": "Point"
            },
            "properties": {
                "is_installed": true,
                "is_renting": true,
                "is_returning": true,
                "is_virtual_station": false,
                "last_reported": 1789324623,
                "name": "Mauensee / Holzacherstrasse",
                "num_bikes_available": 1,
                "num_docks_available": 0,
                "region_id": "88",
                "rental_uris": {
                    "android": "https://app.nextbike.net/station?id=18046938",
                    "ios": "https://app.nextbike.net/station?id=18046938",
                    "web": "https://nxtb.it/p/18046938"
                },
                "short_name": "9042",
                "station_id": "18046938",
                "vehicle_types_available": [
                    {
                        "count": 1,
                        "vehicle_type_id": "150"
                    }
                ]
            },
            "type": "Feature"
        },
        {
            "geometry": {
                "coordinates": [
                    8.290268,
                    47.036501
                ],
                "type": "Point"
            },
            "properties": {
                "is_installed": true,
                "is_renting": true,
                "is_returning": true,
                "is_virtual_station": false,
                "last_reported": 1789324623,
                "name": "Schulhaus Amlehn",
                "num_bikes_available": 2,
                "num_docks_available": 0,
                "region_id": "491",
                "rental_uris": {
                    "android": "https://app.nextbike.net/station?id=19054118",
                    "ios": "https://app.nextbike.net/station?id=19054118",
                    "web": "https://nxtb.it/p/19054118"
                },
                "short_name": "8124",
                "station_id": "19054118",
                "vehicle_types_available": [
                    {
                        "count": 1,
                        "vehicle_type_id": "196"
                    },
                    {
                        "count": 2,
                        "vehicle_type_id": "150"
                    }
                ]
            },
            "type": "Feature"
        },
        {
            "geometry": {
                "coordinates": [
                    8.242906,
                    46.893406
                ],
                "type": "Point"
            },
            "properties": {
                "is_installed": true,
                "is_renting": true,
                "is_returning": true,
                "is_virtual_station": false,
                "last_reported": 1789324623,
                "name": "R\u00fctistrasse 8",
                "num_bikes_available": 2,
                "num_docks_available": 0,
                "region_id": "463",
                "rental_uris": {
                    "android": "https://app.nextbike.net/station?id=19441274",
                    "ios": "https://app.nextbike.net/station?id=19441274",
                    "web": "https://nxtb.it/p/19441274"
                },
                "short_name": "7956",
                "station_id": "19441274",
                "vehicle_types_available": [
                    {
                        "count": 1,
                        "vehicle_type_id": "196"
                    },
                    {
                        "count": 1,
                        "vehicle_type_id": "150"
                    }
                ]
            },
            "type": "Feature"
        },
        {
            "geometry": {
                "coordinates": [
                    8.314081,
                    47.048604
                ],
                "type": "Point"
            },
            "properties": {
                "is_installed": true,
                "is_renting": true,
                "is_returning": true,
                "is_virtual_station": false,
                "last_reported": 1789324623,
                "name": "Hotel Radisson / Inseliquai 12 ",
                "num_bikes_available": 0,
                "num_docks_available": 0,
                "region_id": "126",
                "rental_uris": {
                    "android": "https://app.nextbike.net/station?id=19515",
                    "ios": "https://app.nextbike.net/station?id=19515",
                    "web": "https://nxtb.it/p/19515"
                },
                "short_name": "8046",
                "station_id": "19515",
                "vehicle_types_available": []
            },
            "type": "Feature"
        },
        {
            "geometry": {
                "coordinates": [
                    8.278858,
                    47.05189
                ],
                "type": "Point"
            },
            "properties": {
                "is_installed": true,
                "is_renting": true,
                "is_returning": true,
                "is_virtual_station": false,
                "last_reported": 1789324623,
                "name": "Littau Grenzhof / Luzernerstrasse",
                "num_bikes_available": 1,
                "num_docks_available": 0,
                "region_id": "126",
                "rental_uris": {
                    "android": "https://app.nextbike.net/station?id=202410675",
                    "ios": "https://app.nextbike.net/station?id=202410675",
                    "web": "https://nxtb.it/p/202410675"
                },
                "short_name": "8174",
                "station_id": "202410675",
                "vehicle_types_available": [
                    {
                        "count": 1,
                        "vehicle_type_id": "196"
                    }
                ]
            },
            "type": "Feature"
        },
        {
            "geometry": {
                "coordinates": [
                    8.393807,
                    46.903985
                ],
                "type": "Point"
            },
            "properties": {
                "is_installed": true,
                "is_renting": true,
                "is_returning": true,
                "is_virtual_station": false,
                "last_reported": 1789324623,
                "name": "Alpina Einhorn / Hauptstrasse 46",
                "num_bikes_available": 2,
                "num_docks_available": 0,
                "region_id": "464",
                "rental_uris": {
                    "android": "https://app.nextbike.net/station?id=205443959",
                    "ios": "https://app.nextbike.net/station?id=205443959",
                    "web": "https://nxtb.it/p/205443959"
                },
                "short_name": "8140",
                "station_id": "205443959",
                "vehicle_types_available": [
                    {
                        "count": 2,
                        "vehicle_type_id": "196"
                    }
                ]
            },
            "type": "Feature"
        },
        {
            "geometry": {
                "coordinates": [
                    8.34873,
                    47.083683
                ],
                "type": "Point"
            },
            "properties": {
                "is_installed": true,
                "is_renting": true,
                "is_returning": true,
                "is_virtual_station": false,
                "last_reported": 1789324623,
                "name": "Alterszentrum H\u00f6chweid",
                "num_bikes_available": 5,
                "num_docks_available": 0,
                "region_id": "624",
                "rental_uris": {
                    "android": "https://app.nextbike.net/station?id=205895086",
                    "ios": "https://app.nextbike.net/station?id=205895086",
                    "web": "https://nxtb.it/p/205895086"
                },
                "short_name": "8094",
                "station_id": "205895086",
                "vehicle_types_available": [
                    {
                        "count": 1,
                        "vehicle_type_id": "196"
                    },
                    {
                        "count": 4,
                        "vehicle_type_id": "150"
                    }
                ]
            },
            "type": "Feature"
        },
        {
            "geometry": {
                "coordinates": [
                    8.29706,
                    47.058663
                ],
                "type": "Point"
            },
            "properties": {
                "is_installed": true,
                "is_renting": true,
                "is_returning": true,
                "is_virtual_station": false,
                "last_reported": 1789324623,
                "name": "Luzerner Kantonsspital Hauptgeb\u00e4ude / Spitalstrasse",
                "num_bikes_available": 0,
                "num_docks_available": 0,
                "region_id": "126",
                "rental_uris": {
                    "android": "https://app.nextbike.net/station?id=227636910",
                    "ios": "https://app.nextbike.net/station?id=227636910",
                    "web": "https://nxtb.it/p/227636910"
                },
                "short_name": "80123",
                "station_id": "227636910",
                "vehicle_types_available": []
            },
            "type": "Feature"
        },
        {
            "geometry": {
                "coordinates": [
                    8.301415,
                    47.061729
                ],
                "type": "Point"
            },
            "properties": {
                "is_installed": true,
                "is_renting": true,
                "is_returning": true,
                "is_virtual_station": false,
                "last_reported": 1789324623,
                "name": "Jugendherberge / Sedelstrasse 12",
                "num_bikes_available": 1,
                "num_docks_available": 0,
                "region_id": "126",
                "rental_uris": {
                    "android": "https://app.nextbike.net/station?id=23220",
                    "ios": "https://app.nextbike.net/station?id=23220",
                    "web": "https://nxtb.it/p/23220"
                },
                "short_name": "8043",
                "station_id": "23220",
                "vehicle_types_available": [
                    {
                        "count": 1,
                        "vehicle_type_id": "196"
                    }
                ]
            },
            "type": "Feature"
        },
        {
            "geometry": {
                "coordinates": [
                    8.277608,
                    47.071846
                ],
                "type": "Point"
            },
            "properties": {
                "is_installed": true,
                "is_renting": true,
                "is_returning": true,
                "is_virtual_station": false,
                "last_reported": 1789324623,
                "name": "HSLU - Design Film Kunst  / Nylsuisseplatz 1",
                "num_bikes_available": 1,
                "num_docks_available": 0,
                "region_id": "857",
                "rental_uris": {
                    "android": "https://app.nextbike.net/station?id=23881764",
                    "ios": "https://app.nextbike.net/station?id=23881764",
                    "web": "https://nxtb.it/p/23881764"
                },
                "short_name": "8144",
                "station_id": "23881764",
                "vehicle_types_available": [
                    {
                        "count": 1,
                        "vehicle_type_id": "196"
                    }
                ]
            },
            "type": "Feature"
        },
        {
            "geometry": {
                "coordinates": [
                    8.33504,
                    47.052969
                ],
                "type": "Point"
            },
            "properties": {
                "is_installed": true,
                "is_renting": true,
                "is_returning": true,
                "is_virtual_station": false,
                "last_reported": 1789324623,
                "name": "Verkehrshaus / Lidostrasse",
                "num_bikes_available": 7,
                "num_docks_available": 0,
                "region_id": "126",
                "rental_uris": {
                    "android": "https://app.nextbike.net/station?id=24871",
                    "ios": "https://app.nextbike.net/station?id=24871",
                    "web": "https://nxtb.it/p/24871"
                },
                "short_name": "8022",
                "station_id": "24871",
                "vehicle_types_available": [
                    {
                        "count": 1,
                        "vehicle_type_id": "150"
                    },
                    {
                        "count": 6,
                        "vehicle_type_id": "196"
                    }
                ]
            },
            "type": "Feature"
        },
        {
            "geometry": {
                "coordinates": [
                    8.319649,
                    47.107786
                ],
                "type": "Point"
            },
            "properties": {
                "is_installed": true,
                "is_renting": true,
                "is_returning": true,
                "is_virtual_station": false,
                "last_reported": 1789324623,
                "name": "Bahnhof Waldibr\u00fccke",
                "num_bikes_available": 3,
                "num_docks_available": 0,
                "region_id": "857",
                "rental_uris": {
                    "android": "https://app.nextbike.net/station?id=24987531",
                    "ios": "https://app.nextbike.net/station?id=24987531",
                    "web": "https://nxtb.it/p/24987531"
                },
                "short_name": "7888",
                "station_id": "24987531",
                "vehicle_types_available": [
                    {
                        "count": 1,
                        "vehicle_type_id": "196"
                    },
                    {
                        "count": 2,
                        "vehicle_type_id": "150"
                    }
                ]
            },
            "type": "Feature"
        },
        {
            "geometry": {
                "coordinates": [
                    8.316634,
                    47.046071
                ],
                "type": "Point"
            },
            "properties": {
                "is_installed": true,
                "is_renting": true,
                "is_returning": true,
                "is_virtual_station": false,
                "last_reported": 1789324623,
                "name": "Landenbergstrasse 36",
                "num_bikes_available": 0,
                "num_docks_available": 0,
                "region_id": "126",
                "rental_uris": {
                    "android": "https://app.nextbike.net/station?id=2528832",
                    "ios": "https://app.nextbike.net/station?id=2528832",
                    "web": "https://nxtb.it/p/2528832"
                },
                "short_name": "8116",
                "station_id": "2528832",
                "vehicle_types_available": []
            },
            "type": "Feature"
        },
        {
            "geometry": {
                "coordinates": [
                    8.305133,
                    47.043443
                ],
                "type": "Point"
            },
            "properties": {
                "is_installed": true,
                "is_renting": true,
                "is_returning": true,
                "is_virtual_station": false,
                "last_reported": 1789324623,
                "name": "Himmelrich / Claridenstrasse",
                "num_bikes_available": 3,
                "num_docks_available": 0,
                "region_id": "126",
                "rental_uris": {
                    "android": "https://app.nextbike.net/station?id=25886441",
                    "ios": "https://app.nextbike.net/station?id=25886441",
                    "web": "https://nxtb.it/p/25886441"
                },
                "short_name": "7889",
                "station_id": "25886441",
                "vehicle_types_available": [
                    {
                        "count": 2,
                        "vehicle_type_id": "150"
                    },
                    {
                        "count": 1,
                        "vehicle_type_id": "196"
                    }
                ]
            },
            "type": "Feature"
        },
        {
            "geometry": {
                "coordinates": [
                    8.363653,
                    46.958475
                ],
                "type": "Point"
            },
            "properties": {
                "is_installed": true,
                "is_renting": true,
                "is_returning": true,
                "is_virtual_station": false,
                "last_reported": 1789324623,
                "name": "Stanserhorn",
                "num_bikes_available": 0,
                "num_docks_available": 0,
                "region_id": "383",
                "rental_uris": {
                    "android": "https://app.nextbike.net/station?id=2591506",
                    "ios": "https://app.nextbike.net/station?id=2591506",
                    "web": "https://nxtb.it/p/2591506"
                },
                "short_name": "8148",
                "station_id": "2591506",
                "vehicle_types_available": []
            },
            "type": "Feature"
        },
        {
            "geometry": {
                "coordinates": [
                    8.357934,
                    46.960285
                ],
                "type": "Point"
            },
            "properties": {
                "is_installed": true,
                "is_renting": true,
                "is_returning": true,
                "is_virtual_station": false,
                "last_reported": 1789324623,
                "name": "Spital Nidwalden / Ennetmooserstrasse 19",
                "num_bikes_available": 1,
                "num_docks_available": 0,
                "region_id": "383",
                "rental_uris": {
                    "android": "https://app.nextbike.net/station?id=2591525",
                    "ios": "https://app.nextbike.net/station?id=2591525",
                    "web": "https://nxtb.it/p/2591525"
                },
                "short_name": "8146",
                "station_id": "2591525",
                "vehicle_types_available": [
                    {
                        "count": 1,
                        "vehicle_type_id": "150"
                    }
                ]
            },
            "type": "Feature"
        },
        {
            "geometry": {
                "coordinates": [
                    8.356277,
                    46.964882
                ],
                "type": "Point"
            },
            "properties": {
                "is_installed": true,
                "is_renting": true,
                "is_returning": true,
                "is_virtual_station": false,
                "last_reported": 1789324623,
                "name": "L\u00e4nderpark / Bitzistrasse 2",
                "num_bikes_available": 8,
                "num_docks_available": 0,
                "region_id": "383",
                "rental_uris": {
                    "android": "https://app.nextbike.net/station?id=2591805",
                    "ios": "https://app.nextbike.net/station?id=2591805",
                    "web": "https://nxtb.it/p/2591805"
                },
                "short_name": "8147",
                "station_id": "2591805",
                "vehicle_types_available": [
                    {
                        "count": 5,
                        "vehicle_type_id": "150"
                    },
                    {
                        "count": 3,
                        "vehicle_type_id": "196"
                    }
                ]
            },
            "type": "Feature"
        },
        {
            "geometry": {
                "coordinates": [
                    8.363745,
                    46.967562
                ],
                "type": "Point"
            },
            "properties": {
                "is_installed": true,
                "is_renting": true,
                "is_returning": true,
                "is_virtual_station": false,
                "last_reported": 1789324623,
                "name": "Sporthalle Eichli",
                "num_bikes_available": 13,
                "num_docks_available": 0,
                "region_id": "383",
                "rental_uris": {
                    "android": "https://app.nextbike.net/station?id=2591812",
                    "ios": "https://app.nextbike.net/station?id=2591812",
                    "web": "https://nxtb.it/p/2591812"
                },
                "short_name": "8149",
                "station_id": "2591812",
                "vehicle_types_available": [
                    {
                        "count": 8,
                        "vehicle_type_id": "150"
                    },
                    {
                        "count": 5,
                        "vehicle_type_id": "196"
                    }
                ]
            },
            "type": "Feature"
        },
        {
            "geometry": {
                "coordinates": [
                    8.36426,
                    46.9614
                ],
                "type": "Point"
            },
            "properties": {
                "is_installed": true,
                "is_renting": true,
                "is_returning": true,
                "is_virtual_station": false,
                "last_reported": 1789324623,
                "name": "Schulzentrum Turmatt / Bluemattstrasse 1",
                "num_bikes_available": 0,
                "num_docks_available": 0,
                "region_id": "383",
                "rental_uris": {
                    "android": "https://app.nextbike.net/station?id=2591814",
                    "ios": "https://app.nextbike.net/station?id=2591814",
                    "web": "https://nxtb.it/p/2591814"
                },
                "short_name": "8150",
                "station_id": "2591814",
                "vehicle_types_available": []
            },
            "type": "Feature"
        },
        {
            "geometry": {
                "coordinates": [
                    8.36755,
                    46.9571
                ],
                "type": "Point"
            },
            "properties": {
                "is_installed": true,
                "is_renting": true,
                "is_returning": true,
                "is_virtual_station": false,
                "last_reported": 1789324623,
                "name": "Schulzentrum Tellenmatt / Tellenmattstrasse 5",
                "num_bikes_available": 1,
                "num_docks_available": 0,
                "region_id": "383",
                "rental_uris": {
                    "android": "https://app.nextbike.net/station?id=2591820",
                    "ios": "https://app.nextbike.net/station?id=2591820",
                    "web": "https://nxtb.it/p/2591820"
                },
                "short_name": "8151",
                "station_id": "2591820",
                "vehicle_types_available": [
                    {
                        "count": 1,
                        "vehicle_type_id": "150"
                    }
                ]
            },
            "type": "Feature"
        },
        {
            "geometry": {
                "coordinates": [
                    8.37066,
                    46.95507
                ],
                "type": "Point"
            },
            "properties": {
                "is_installed": true,
                "is_renting": true,
                "is_returning": true,
                "is_virtual_station": false,
                "last_reported": 1789324623,
                "name": "Kollegium St. Fidelis / M\u00fcrgstrasse 20",
                "num_bikes_available": 1,
                "num_docks_available": 0,
                "region_id": "383",
                "rental_uris": {
                    "android": "https://app.nextbike.net/station?id=2591830",
                    "ios": "https://app.nextbike.net/station?id=2591830",
                    "web": "https://nxtb.it/p/2591830"
                },
                "short_name": "8152",
                "station_id": "2591830",
                "vehicle_types_available": [
                    {
                        "count": 1,
                        "vehicle_type_id": "196"
                    }
                ]
            },
            "type": "Feature"
        },
        {
            "geometry": {
                "coordinates": [
                    8.36032,
                    46.96241
                ],
                "type": "Point"
            },
            "properties": {
                "is_installed": true,
                "is_renting": true,
                "is_returning": true,
                "is_virtual_station": false,
                "last_reported": 1789324623,
                "name": "Kantonalbank / Stansstaderstrasse 54",
                "num_bikes_available": 1,
                "num_docks_available": 0,
                "region_id": "383",
                "rental_uris": {
                    "android": "https://app.nextbike.net/station?id=2591832",
                    "ios": "https://app.nextbike.net/station?id=2591832",
                    "web": "https://nxtb.it/p/2591832"
                },
                "short_name": "8153",
                "station_id": "2591832",
                "vehicle_types_available": [
                    {
                        "count": 1,
                        "vehicle_type_id": "196"
                    }
                ]
            },
            "type": "Feature"
        },
        {
            "geometry": {
                "coordinates": [
                    8.374811,
                    46.961701
                ],
                "type": "Point"
            },
            "properties": {
                "is_installed": true,
                "is_renting": true,
                "is_returning": true,
                "is_virtual_station": false,
                "last_reported": 1789324623,
                "name": "Bushaltestelle Mettenweg Stans",
                "num_bikes_available": 6,
                "num_docks_available": 0,
                "region_id": "383",
                "rental_uris": {
                    "android": "https://app.nextbike.net/station?id=2591837",
                    "ios": "https://app.nextbike.net/station?id=2591837",
                    "web": "https://nxtb.it/p/2591837"
                },
                "short_name": "8155",
                "station_id": "2591837",
                "vehicle_types_available": [
                    {
                        "count": 5,
                        "vehicle_type_id": "150"
                    },
                    {
                        "count": 1,
                        "vehicle_type_id": "196"
                    }
                ]
            },
            "type": "Feature"
        },
        {
            "geometry": {
                "coordinates": [
                    8.353429,
                    46.968192
                ],
                "type": "Point"
            },
            "properties": {
                "is_installed": true,
                "is_renting": true,
                "is_returning": true,
                "is_virtual_station": false,
                "last_reported": 1789324623,
                "name": "Bushaltestelle Hansmatt Stans",
                "num_bikes_available": 1,
                "num_docks_available": 0,
                "region_id": "383",
                "rental_uris": {
                    "android": "https://app.nextbike.net/station?id=2591841",
                    "ios": "https://app.nextbike.net/station?id=2591841",
                    "web": "https://nxtb.it/p/2591841"
                },
                "short_name": "8156",
                "station_id": "2591841",
                "vehicle_types_available": [
                    {
                        "count": 1,
                        "vehicle_type_id": "150"
                    }
                ]
            },
            "type": "Feature"
        },
        {
            "geometry": {
                "coordinates": [
                    8.357592,
                    46.967829
                ],
                "type": "Point"
            },
            "properties": {
                "is_installed": true,
                "is_renting": true,
                "is_returning": true,
                "is_virtual_station": false,
                "last_reported": 1789324623,
                "name": "Bushaltestelle Oberstm\u00fchle",
                "num_bikes_available": 1,
                "num_docks_available": 0,
                "region_id": "383",
                "rental_uris": {
                    "android": "https://app.nextbike.net/station?id=2591846",
                    "ios": "https://app.nextbike.net/station?id=2591846",
                    "web": "https://nxtb.it/p/2591846"
                },
                "short_name": "8157",
                "station_id": "2591846",
                "vehicle_types_available": [
                    {
                        "count": 1,
                        "vehicle_type_id": "150"
                    }
                ]
            },
            "type": "Feature"
        },
        {
            "geometry": {
                "coordinates": [
                    8.367226,
                    46.958461
                ],
                "type": "Point"
            },
            "properties": {
                "is_installed": true,
                "is_renting": true,
                "is_returning": true,
                "is_virtual_station": false,
                "last_reported": 1789324623,
                "name": "Breitenhaus / Buochserstrasse 1",
                "num_bikes_available": 6,
                "num_docks_available": 0,
                "region_id": "383",
                "rental_uris": {
                    "android": "https://app.nextbike.net/station?id=2591849",
                    "ios": "https://app.nextbike.net/station?id=2591849",
                    "web": "https://nxtb.it/p/2591849"
                },
                "short_name": "8158",
                "station_id": "2591849",
                "vehicle_types_available": [
                    {
                        "count": 5,
                        "vehicle_type_id": "150"
                    },
                    {
                        "count": 1,
                        "vehicle_type_id": "196"
                    }
                ]
            },
            "type": "Feature"
        },
        {
            "geometry": {
                "coordinates": [
                    8.345345,
                    46.963649
                ],
                "type": "Point"
            },
            "properties": {
                "is_installed": true,
                "is_renting": true,
                "is_returning": true,
                "is_virtual_station": false,
                "last_reported": 1789324623,
                "name": "Trafostation Rotzberg / Rotzhalde 1",
                "num_bikes_available": 6,
                "num_docks_available": 0,
                "region_id": "383",
                "rental_uris": {
                    "android": "https://app.nextbike.net/station?id=2591856",
                    "ios": "https://app.nextbike.net/station?id=2591856",
                    "web": "https://nxtb.it/p/2591856"
                },
                "short_name": "8159",
                "station_id": "2591856",
                "vehicle_types_available": [
                    {
                        "count": 3,
                        "vehicle_type_id": "196"
                    },
                    {
                        "count": 3,
                        "vehicle_type_id": "150"
                    }
                ]
            },
            "type": "Feature"
        },
        {
            "geometry": {
                "coordinates": [
                    8.372199,
                    46.955707
                ],
                "type": "Point"
            },
            "properties": {
                "is_installed": true,
                "is_renting": true,
                "is_returning": true,
                "is_virtual_station": false,
                "last_reported": 1789324623,
                "name": "Nidwaldner Museum Winkelriedhaus / Engelbergstrasse 54a",
                "num_bikes_available": 1,
                "num_docks_available": 0,
                "region_id": "383",
                "rental_uris": {
                    "android": "https://app.nextbike.net/station?id=2591859",
                    "ios": "https://app.nextbike.net/station?id=2591859",
                    "web": "https://nxtb.it/p/2591859"
                },
                "short_name": "8160",
                "station_id": "2591859",
                "vehicle_types_available": [
                    {
                        "count": 1,
                        "vehicle_type_id": "150"
                    }
                ]
            },
            "type": "Feature"
        },
        {
            "geometry": {
                "coordinates": [
                    8.366024,
                    46.957652
                ],
                "type": "Point"
            },
            "properties": {
                "is_installed": true,
                "is_renting": true,
                "is_returning": true,
                "is_virtual_station": false,
                "last_reported": 1789324623,
                "name": "Hotel Engel / Dorfplatz 1",
                "num_bikes_available": 0,
                "num_docks_available": 0,
                "region_id": "383",
                "rental_uris": {
                    "android": "https://app.nextbike.net/station?id=2591863",
                    "ios": "https://app.nextbike.net/station?id=2591863",
                    "web": "https://nxtb.it/p/2591863"
                },
                "short_name": "8162",
                "station_id": "2591863",
                "vehicle_types_available": []
            },
            "type": "Feature"
        },
        {
            "geometry": {
                "coordinates": [
                    8.336842,
                    46.979744
                ],
                "type": "Point"
            },
            "properties": {
                "is_installed": true,
                "is_renting": true,
                "is_returning": true,
                "is_virtual_station": false,
                "last_reported": 1789324623,
                "name": "Geb\u00e4ude Sust / Dorfplatz 1",
                "num_bikes_available": 0,
                "num_docks_available": 0,
                "region_id": "388",
                "rental_uris": {
                    "android": "https://app.nextbike.net/station?id=2596711",
                    "ios": "https://app.nextbike.net/station?id=2596711",
                    "web": "https://nxtb.it/p/2596711"
                },
                "short_name": "9070",
                "station_id": "2596711",
                "vehicle_types_available": []
            },
            "type": "Feature"
        },
        {
            "geometry": {
                "coordinates": [
                    8.338422,
                    46.980299
                ],
                "type": "Point"
            },
            "properties": {
                "is_installed": true,
                "is_renting": true,
                "is_returning": true,
                "is_virtual_station": false,
                "last_reported": 1789324623,
                "name": "Strandbad Stansstad",
                "num_bikes_available": 0,
                "num_docks_available": 0,
                "region_id": "388",
                "rental_uris": {
                    "android": "https://app.nextbike.net/station?id=2596761",
                    "ios": "https://app.nextbike.net/station?id=2596761",
                    "web": "https://nxtb.it/p/2596761"
                },
                "short_name": "9071",
                "station_id": "2596761",
                "vehicle_types_available": []
            },
            "type": "Feature"
        },
        {
            "geometry": {
                "coordinates": [
                    8.340455,
                    46.977967
                ],
                "type": "Point"
            },
            "properties": {
                "is_installed": true,
                "is_renting": true,
                "is_returning": true,
                "is_virtual_station": false,
                "last_reported": 1789324623,
                "name": "Katholische Kirche / Dorfstrasse 19",
                "num_bikes_available": 0,
                "num_docks_available": 0,
                "region_id": "388",
                "rental_uris": {
                    "android": "https://app.nextbike.net/station?id=2596773",
                    "ios": "https://app.nextbike.net/station?id=2596773",
                    "web": "https://nxtb.it/p/2596773"
                },
                "short_name": "9072",
                "station_id": "2596773",
                "vehicle_types_available": []
            },
            "type": "Feature"
        },
        {
            "geometry": {
                "coordinates": [
                    8.336582,
                    46.976771
                ],
                "type": "Point"
            },
            "properties": {
                "is_installed": true,
                "is_renting": true,
                "is_returning": true,
                "is_virtual_station": false,
                "last_reported": 1789324623,
                "name": "Bahnhof Stansstad Nord",
                "num_bikes_available": 2,
                "num_docks_available": 0,
                "region_id": "388",
                "rental_uris": {
                    "android": "https://app.nextbike.net/station?id=2596806",
                    "ios": "https://app.nextbike.net/station?id=2596806",
                    "web": "https://nxtb.it/p/2596806"
                },
                "short_name": "9074",
                "station_id": "2596806",
                "vehicle_types_available": [
                    {
                        "count": 2,
                        "vehicle_type_id": "196"
                    }
                ]
            },
            "type": "Feature"
        },
        {
            "geometry": {
                "coordinates": [
                    8.33605,
                    46.97599
                ],
                "type": "Point"
            },
            "properties": {
                "is_installed": true,
                "is_renting": true,
                "is_returning": true,
                "is_virtual_station": false,
                "last_reported": 1789324623,
                "name": "Bahnhof Stansstad Seerosenstrasse ",
                "num_bikes_available": 11,
                "num_docks_available": 0,
                "region_id": "388",
                "rental_uris": {
                    "android": "https://app.nextbike.net/station?id=2596814",
                    "ios": "https://app.nextbike.net/station?id=2596814",
                    "web": "https://nxtb.it/p/2596814"
                },
                "short_name": "9075",
                "station_id": "2596814",
                "vehicle_types_available": [
                    {
                        "count": 6,
                        "vehicle_type_id": "150"
                    },
                    {
                        "count": 6,
                        "vehicle_type_id": "196"
                    }
                ]
            },
            "type": "Feature"
        },
        {
            "geometry": {
                "coordinates": [
                    8.338508,
                    46.970878
                ],
                "type": "Point"
            },
            "properties": {
                "is_installed": true,
                "is_renting": true,
                "is_returning": true,
                "is_virtual_station": false,
                "last_reported": 1789324623,
                "name": "\u00dcberbauung Seehof / Rotzbergstrasse 14",
                "num_bikes_available": 0,
                "num_docks_available": 0,
                "region_id": "388",
                "rental_uris": {
                    "android": "https://app.nextbike.net/station?id=2596825",
                    "ios": "https://app.nextbike.net/station?id=2596825",
                    "web": "https://nxtb.it/p/2596825"
                },
                "short_name": "9076",
                "station_id": "2596825",
                "vehicle_types_available": []
            },
            "type": "Feature"
        },
        {
            "geometry": {
                "coordinates": [
                    8.343145,
                    46.981866
                ],
                "type": "Point"
            },
            "properties": {
                "is_installed": true,
                "is_renting": true,
                "is_returning": true,
                "is_virtual_station": false,
                "last_reported": 1789324623,
                "name": "General-Guisan-Quai",
                "num_bikes_available": 0,
                "num_docks_available": 0,
                "region_id": "388",
                "rental_uris": {
                    "android": "https://app.nextbike.net/station?id=2596831",
                    "ios": "https://app.nextbike.net/station?id=2596831",
                    "web": "https://nxtb.it/p/2596831"
                },
                "short_name": "9077",
                "station_id": "2596831",
                "vehicle_types_available": []
            },
            "type": "Feature"
        },
        {
            "geometry": {
                "coordinates": [
                    8.365799,
                    47.000331
                ],
                "type": "Point"
            },
            "properties": {
                "is_installed": true,
                "is_renting": true,
                "is_returning": true,
                "is_virtual_station": false,
                "last_reported": 1789324623,
                "name": "Schiffstation Kehrsiten",
                "num_bikes_available": 2,
                "num_docks_available": 0,
                "region_id": "388",
                "rental_uris": {
                    "android": "https://app.nextbike.net/station?id=2596848",
                    "ios": "https://app.nextbike.net/station?id=2596848",
                    "web": "https://nxtb.it/p/2596848"
                },
                "short_name": "9078",
                "station_id": "2596848",
                "vehicle_types_available": [
                    {
                        "count": 2,
                        "vehicle_type_id": "196"
                    }
                ]
            },
            "type": "Feature"
        },
        {
            "geometry": {
                "coordinates": [
                    8.382315,
                    47.003055
                ],
                "type": "Point"
            },
            "properties": {
                "is_installed": true,
                "is_renting": true,
                "is_returning": true,
                "is_virtual_station": false,
                "last_reported": 1789324623,
                "name": "B\u00fcrgenstock-Bahn",
                "num_bikes_available": 1,
                "num_docks_available": 0,
                "region_id": "388",
                "rental_uris": {
                    "android": "https://app.nextbike.net/station?id=2596853",
                    "ios": "https://app.nextbike.net/station?id=2596853",
                    "web": "https://nxtb.it/p/2596853"
                },
                "short_name": "9079",
                "station_id": "2596853",
                "vehicle_types_available": [
                    {
                        "count": 1,
                        "vehicle_type_id": "150"
                    }
                ]
            },
            "type": "Feature"
        },
        {
            "geometry": {
                "coordinates": [
                    8.307166,
                    47.017526
                ],
                "type": "Point"
            },
            "properties": {
                "is_installed": true,
                "is_renting": true,
                "is_returning": true,
                "is_virtual_station": false,
                "last_reported": 1789324623,
                "name": "Bahnhof / Gleis 1",
                "num_bikes_available": 4,
                "num_docks_available": 0,
                "region_id": "391",
                "rental_uris": {
                    "android": "https://app.nextbike.net/station?id=25987",
                    "ios": "https://app.nextbike.net/station?id=25987",
                    "web": "https://nxtb.it/p/25987"
                },
                "short_name": "8103",
                "station_id": "25987",
                "vehicle_types_available": [
                    {
                        "count": 2,
                        "vehicle_type_id": "150"
                    },
                    {
                        "count": 2,
                        "vehicle_type_id": "196"
                    }
                ]
            },
            "type": "Feature"
        },
        {
            "geometry": {
                "coordinates": [
                    8.365874,
                    46.957029
                ],
                "type": "Point"
            },
            "properties": {
                "is_installed": true,
                "is_renting": true,
                "is_returning": true,
                "is_virtual_station": false,
                "last_reported": 1789324623,
                "name": "Kirche / Dorfplatz Stans",
                "num_bikes_available": 0,
                "num_docks_available": 0,
                "region_id": "383",
                "rental_uris": {
                    "android": "https://app.nextbike.net/station?id=2623270",
                    "ios": "https://app.nextbike.net/station?id=2623270",
                    "web": "https://nxtb.it/p/2623270"
                },
                "short_name": "8164",
                "station_id": "2623270",
                "vehicle_types_available": []
            },
            "type": "Feature"
        },
        {
            "geometry": {
                "coordinates": [
                    8.286148,
                    47.031119
                ],
                "type": "Point"
            },
            "properties": {
                "is_installed": true,
                "is_renting": true,
                "is_returning": true,
                "is_virtual_station": false,
                "last_reported": 1789324623,
                "name": "Parkbad / Horwerstrasse",
                "num_bikes_available": 0,
                "num_docks_available": 0,
                "region_id": "491",
                "rental_uris": {
                    "android": "https://app.nextbike.net/station?id=265393",
                    "ios": "https://app.nextbike.net/station?id=265393",
                    "web": "https://nxtb.it/p/265393"
                },
                "short_name": "8012",
                "station_id": "265393",
                "vehicle_types_available": []
            },
            "type": "Feature"
        },
        {
            "geometry": {
                "coordinates": [
                    8.320486,
                    47.04118
                ],
                "type": "Point"
            },
            "properties": {
                "is_installed": true,
                "is_renting": true,
                "is_returning": true,
                "is_virtual_station": false,
                "last_reported": 1789324623,
                "name": "Eisfeldstrasse 3",
                "num_bikes_available": 0,
                "num_docks_available": 0,
                "region_id": "126",
                "rental_uris": {
                    "android": "https://app.nextbike.net/station?id=265394",
                    "ios": "https://app.nextbike.net/station?id=265394",
                    "web": "https://nxtb.it/p/265394"
                },
                "short_name": "8020",
                "station_id": "265394",
                "vehicle_types_available": []
            },
            "type": "Feature"
        },
        {
            "geometry": {
                "coordinates": [
                    8.324666,
                    47.073386
                ],
                "type": "Point"
            },
            "properties": {
                "is_installed": true,
                "is_renting": true,
                "is_returning": true,
                "is_virtual_station": false,
                "last_reported": 1789324623,
                "name": "Rotsee-Badi",
                "num_bikes_available": 0,
                "num_docks_available": 0,
                "region_id": "624",
                "rental_uris": {
                    "android": "https://app.nextbike.net/station?id=265395",
                    "ios": "https://app.nextbike.net/station?id=265395",
                    "web": "https://nxtb.it/p/265395"
                },
                "short_name": "8023",
                "station_id": "265395",
                "vehicle_types_available": []
            },
            "type": "Feature"
        },
        {
            "geometry": {
                "coordinates": [
                    8.310942,
                    47.044832
                ],
                "type": "Point"
            },
            "properties": {
                "is_installed": true,
                "is_renting": true,
                "is_returning": true,
                "is_virtual_station": false,
                "last_reported": 1789324623,
                "name": "Sch\u00fc\u00fcr / G\u00fcterstrasse",
                "num_bikes_available": 0,
                "num_docks_available": 0,
                "region_id": "126",
                "rental_uris": {
                    "android": "https://app.nextbike.net/station?id=265396",
                    "ios": "https://app.nextbike.net/station?id=265396",
                    "web": "https://nxtb.it/p/265396"
                },
                "short_name": "8038",
                "station_id": "265396",
                "vehicle_types_available": []
            },
            "type": "Feature"
        },
        {
            "geometry": {
                "coordinates": [
                    8.306174,
                    47.041838
                ],
                "type": "Point"
            },
            "properties": {
                "is_installed": true,
                "is_renting": true,
                "is_returning": true,
                "is_virtual_station": false,
                "last_reported": 1789324623,
                "name": "Bleicherstrasse 10",
                "num_bikes_available": 5,
                "num_docks_available": 0,
                "region_id": "126",
                "rental_uris": {
                    "android": "https://app.nextbike.net/station?id=265397",
                    "ios": "https://app.nextbike.net/station?id=265397",
                    "web": "https://nxtb.it/p/265397"
                },
                "short_name": "8058",
                "station_id": "265397",
                "vehicle_types_available": [
                    {
                        "count": 2,
                        "vehicle_type_id": "196"
                    },
                    {
                        "count": 3,
                        "vehicle_type_id": "150"
                    }
                ]
            },
            "type": "Feature"
        },
        {
            "geometry": {
                "coordinates": [
                    8.310519,
                    47.042244
                ],
                "type": "Point"
            },
            "properties": {
                "is_installed": true,
                "is_renting": true,
                "is_returning": true,
                "is_virtual_station": false,
                "last_reported": 1789324623,
                "name": "Br\u00fcnigstrasse 25",
                "num_bikes_available": 4,
                "num_docks_available": 0,
                "region_id": "126",
                "rental_uris": {
                    "android": "https://app.nextbike.net/station?id=265398",
                    "ios": "https://app.nextbike.net/station?id=265398",
                    "web": "https://nxtb.it/p/265398"
                },
                "short_name": "8068",
                "station_id": "265398",
                "vehicle_types_available": [
                    {
                        "count": 3,
                        "vehicle_type_id": "196"
                    },
                    {
                        "count": 1,
                        "vehicle_type_id": "150"
                    }
                ]
            },
            "type": "Feature"
        },
        {
            "geometry": {
                "coordinates": [
                    8.303835,
                    47.039524
                ],
                "type": "Point"
            },
            "properties": {
                "is_installed": true,
                "is_renting": true,
                "is_returning": true,
                "is_virtual_station": false,
                "last_reported": 1789324623,
                "name": "Moosmatt / Voltastrasse",
                "num_bikes_available": 1,
                "num_docks_available": 0,
                "region_id": "126",
                "rental_uris": {
                    "android": "https://app.nextbike.net/station?id=265606118",
                    "ios": "https://app.nextbike.net/station?id=265606118",
                    "web": "https://nxtb.it/p/265606118"
                },
                "short_name": "80124",
                "station_id": "265606118",
                "vehicle_types_available": [
                    {
                        "count": 1,
                        "vehicle_type_id": "183"
                    }
                ]
            },
            "type": "Feature"
        },
        {
            "geometry": {
                "coordinates": [
                    8.3533,
                    47.053257
                ],
                "type": "Point"
            },
            "properties": {
                "is_installed": true,
                "is_renting": true,
                "is_returning": true,
                "is_virtual_station": false,
                "last_reported": 1789324623,
                "name": "Schulhaus B\u00fcttenen",
                "num_bikes_available": 0,
                "num_docks_available": 0,
                "region_id": "126",
                "rental_uris": {
                    "android": "https://app.nextbike.net/station?id=266096997",
                    "ios": "https://app.nextbike.net/station?id=266096997",
                    "web": "https://nxtb.it/p/266096997"
                },
                "short_name": "80125",
                "station_id": "266096997",
                "vehicle_types_available": []
            },
            "type": "Feature"
        },
        {
            "geometry": {
                "coordinates": [
                    8.282109,
                    47.070564
                ],
                "type": "Point"
            },
            "properties": {
                "is_installed": true,
                "is_renting": true,
                "is_returning": true,
                "is_virtual_station": false,
                "last_reported": 1789324623,
                "name": "Bahnhofstrasse 11 ",
                "num_bikes_available": 1,
                "num_docks_available": 0,
                "region_id": "857",
                "rental_uris": {
                    "android": "https://app.nextbike.net/station?id=26816",
                    "ios": "https://app.nextbike.net/station?id=26816",
                    "web": "https://nxtb.it/p/26816"
                },
                "short_name": "8021",
                "station_id": "26816",
                "vehicle_types_available": [
                    {
                        "count": 1,
                        "vehicle_type_id": "196"
                    }
                ]
            },
            "type": "Feature"
        },
        {
            "geometry": {
                "coordinates": [
                    8.316436,
                    47.095166
                ],
                "type": "Point"
            },
            "properties": {
                "is_installed": true,
                "is_renting": true,
                "is_returning": true,
                "is_virtual_station": false,
                "last_reported": 1789324623,
                "name": "Emmi AG / Seetalstrasse 200",
                "num_bikes_available": 1,
                "num_docks_available": 0,
                "region_id": "857",
                "rental_uris": {
                    "android": "https://app.nextbike.net/station?id=27132397",
                    "ios": "https://app.nextbike.net/station?id=27132397",
                    "web": "https://nxtb.it/p/27132397"
                },
                "short_name": "7890",
                "station_id": "27132397",
                "vehicle_types_available": [
                    {
                        "count": 1,
                        "vehicle_type_id": "183"
                    }
                ]
            },
            "type": "Feature"
        },
        {
            "geometry": {
                "coordinates": [
                    8.299742,
                    47.058516
                ],
                "type": "Point"
            },
            "properties": {
                "is_installed": true,
                "is_renting": true,
                "is_returning": true,
                "is_virtual_station": false,
                "last_reported": 1789324623,
                "name": "XUND / Spitalstrasse",
                "num_bikes_available": 0,
                "num_docks_available": 0,
                "region_id": "126",
                "rental_uris": {
                    "android": "https://app.nextbike.net/station?id=27382512",
                    "ios": "https://app.nextbike.net/station?id=27382512",
                    "web": "https://nxtb.it/p/27382512"
                },
                "short_name": "8115",
                "station_id": "27382512",
                "vehicle_types_available": []
            },
            "type": "Feature"
        },
        {
            "geometry": {
                "coordinates": [
                    8.308756,
                    47.012137
                ],
                "type": "Point"
            },
            "properties": {
                "is_installed": true,
                "is_renting": true,
                "is_returning": true,
                "is_virtual_station": false,
                "last_reported": 1789324623,
                "name": "Seefeld",
                "num_bikes_available": 3,
                "num_docks_available": 0,
                "region_id": "391",
                "rental_uris": {
                    "android": "https://app.nextbike.net/station?id=275363",
                    "ios": "https://app.nextbike.net/station?id=275363",
                    "web": "https://nxtb.it/p/275363"
                },
                "short_name": "8070",
                "station_id": "275363",
                "vehicle_types_available": [
                    {
                        "count": 1,
                        "vehicle_type_id": "183"
                    },
                    {
                        "count": 2,
                        "vehicle_type_id": "150"
                    }
                ]
            },
            "type": "Feature"
        },
        {
            "geometry": {
                "coordinates": [
                    8.315792,
                    47.037952
                ],
                "type": "Point"
            },
            "properties": {
                "is_installed": true,
                "is_renting": true,
                "is_returning": true,
                "is_virtual_station": false,
                "last_reported": 1789324623,
                "name": "Geissenstein EGB / Waldweg 1",
                "num_bikes_available": 2,
                "num_docks_available": 0,
                "region_id": "126",
                "rental_uris": {
                    "android": "https://app.nextbike.net/station?id=27751661",
                    "ios": "https://app.nextbike.net/station?id=27751661",
                    "web": "https://nxtb.it/p/27751661"
                },
                "short_name": "7891",
                "station_id": "27751661",
                "vehicle_types_available": [
                    {
                        "count": 1,
                        "vehicle_type_id": "196"
                    },
                    {
                        "count": 1,
                        "vehicle_type_id": "150"
                    }
                ]
            },
            "type": "Feature"
        },
        {
            "geometry": {
                "coordinates": [
                    8.313945,
                    47.079829
                ],
                "type": "Point"
            },
            "properties": {
                "is_installed": true,
                "is_renting": true,
                "is_returning": true,
                "is_virtual_station": false,
                "last_reported": 1789324623,
                "name": "SSBL / Rathausen",
                "num_bikes_available": 14,
                "num_docks_available": 0,
                "region_id": "857",
                "rental_uris": {
                    "android": "https://app.nextbike.net/station?id=2793143",
                    "ios": "https://app.nextbike.net/station?id=2793143",
                    "web": "https://nxtb.it/p/2793143"
                },
                "short_name": "8175",
                "station_id": "2793143",
                "vehicle_types_available": [
                    {
                        "count": 8,
                        "vehicle_type_id": "150"
                    },
                    {
                        "count": 6,
                        "vehicle_type_id": "196"
                    }
                ]
            },
            "type": "Feature"
        },
        {
            "geometry": {
                "coordinates": [
                    8.313873,
                    47.081664
                ],
                "type": "Point"
            },
            "properties": {
                "is_installed": true,
                "is_renting": true,
                "is_returning": true,
                "is_virtual_station": false,
                "last_reported": 1789324623,
                "name": "CKW / Rathausen",
                "num_bikes_available": 4,
                "num_docks_available": 0,
                "region_id": "857",
                "rental_uris": {
                    "android": "https://app.nextbike.net/station?id=2793160",
                    "ios": "https://app.nextbike.net/station?id=2793160",
                    "web": "https://nxtb.it/p/2793160"
                },
                "short_name": "8176",
                "station_id": "2793160",
                "vehicle_types_available": [
                    {
                        "count": 1,
                        "vehicle_type_id": "196"
                    },
                    {
                        "count": 3,
                        "vehicle_type_id": "150"
                    }
                ]
            },
            "type": "Feature"
        },
        {
            "geometry": {
                "coordinates": [
                    8.293416,
                    47.056162
                ],
                "type": "Point"
            },
            "properties": {
                "is_installed": true,
                "is_renting": true,
                "is_returning": true,
                "is_virtual_station": false,
                "last_reported": 1789324623,
                "name": "Spitalstrasse 93",
                "num_bikes_available": 3,
                "num_docks_available": 0,
                "region_id": "126",
                "rental_uris": {
                    "android": "https://app.nextbike.net/station?id=2799056",
                    "ios": "https://app.nextbike.net/station?id=2799056",
                    "web": "https://nxtb.it/p/2799056"
                },
                "short_name": "8117",
                "station_id": "2799056",
                "vehicle_types_available": [
                    {
                        "count": 1,
                        "vehicle_type_id": "150"
                    },
                    {
                        "count": 1,
                        "vehicle_type_id": "183"
                    },
                    {
                        "count": 1,
                        "vehicle_type_id": "196"
                    }
                ]
            },
            "type": "Feature"
        },
        {
            "geometry": {
                "coordinates": [
                    8.312659,
                    47.093135
                ],
                "type": "Point"
            },
            "properties": {
                "is_installed": true,
                "is_renting": true,
                "is_returning": true,
                "is_virtual_station": false,
                "last_reported": 1789324623,
                "name": "Josef Meyer AG / Seetalstrasse 185",
                "num_bikes_available": 0,
                "num_docks_available": 0,
                "region_id": "857",
                "rental_uris": {
                    "android": "https://app.nextbike.net/station?id=28183567",
                    "ios": "https://app.nextbike.net/station?id=28183567",
                    "web": "https://nxtb.it/p/28183567"
                },
                "short_name": "7892",
                "station_id": "28183567",
                "vehicle_types_available": []
            },
            "type": "Feature"
        },
        {
            "geometry": {
                "coordinates": [
                    8.285092,
                    47.05897
                ],
                "type": "Point"
            },
            "properties": {
                "is_installed": true,
                "is_renting": true,
                "is_returning": true,
                "is_virtual_station": false,
                "last_reported": 1789324623,
                "name": "Lindenstrasse",
                "num_bikes_available": 7,
                "num_docks_available": 0,
                "region_id": "126",
                "rental_uris": {
                    "android": "https://app.nextbike.net/station?id=2821413",
                    "ios": "https://app.nextbike.net/station?id=2821413",
                    "web": "https://nxtb.it/p/2821413"
                },
                "short_name": "8131",
                "station_id": "2821413",
                "vehicle_types_available": [
                    {
                        "count": 7,
                        "vehicle_type_id": "150"
                    }
                ]
            },
            "type": "Feature"
        },
        {
            "geometry": {
                "coordinates": [
                    8.321307,
                    47.044328
                ],
                "type": "Point"
            },
            "properties": {
                "is_installed": true,
                "is_renting": true,
                "is_returning": true,
                "is_virtual_station": false,
                "last_reported": 1789324623,
                "name": "Alpenquai 42",
                "num_bikes_available": 3,
                "num_docks_available": 0,
                "region_id": "126",
                "rental_uris": {
                    "android": "https://app.nextbike.net/station?id=2821420",
                    "ios": "https://app.nextbike.net/station?id=2821420",
                    "web": "https://nxtb.it/p/2821420"
                },
                "short_name": "8133",
                "station_id": "2821420",
                "vehicle_types_available": [
                    {
                        "count": 1,
                        "vehicle_type_id": "150"
                    },
                    {
                        "count": 2,
                        "vehicle_type_id": "196"
                    }
                ]
            },
            "type": "Feature"
        },
        {
            "geometry": {
                "coordinates": [
                    8.299946,
                    47.018049
                ],
                "type": "Point"
            },
            "properties": {
                "is_installed": true,
                "is_renting": true,
                "is_returning": true,
                "is_virtual_station": false,
                "last_reported": 1789324623,
                "name": "Pilatusmarkt",
                "num_bikes_available": 2,
                "num_docks_available": 0,
                "region_id": "491",
                "rental_uris": {
                    "android": "https://app.nextbike.net/station?id=2821423",
                    "ios": "https://app.nextbike.net/station?id=2821423",
                    "web": "https://nxtb.it/p/2821423"
                },
                "short_name": "8135",
                "station_id": "2821423",
                "vehicle_types_available": [
                    {
                        "count": 2,
                        "vehicle_type_id": "150"
                    }
                ]
            },
            "type": "Feature"
        },
        {
            "geometry": {
                "coordinates": [
                    8.281143,
                    47.069468
                ],
                "type": "Point"
            },
            "properties": {
                "is_installed": true,
                "is_renting": true,
                "is_returning": true,
                "is_virtual_station": false,
                "last_reported": 1789324623,
                "name": "Seetalplatz / 4Viertel",
                "num_bikes_available": 10,
                "num_docks_available": 0,
                "region_id": "857",
                "rental_uris": {
                    "android": "https://app.nextbike.net/station?id=2828612",
                    "ios": "https://app.nextbike.net/station?id=2828612",
                    "web": "https://nxtb.it/p/2828612"
                },
                "short_name": "8177",
                "station_id": "2828612",
                "vehicle_types_available": [
                    {
                        "count": 8,
                        "vehicle_type_id": "150"
                    },
                    {
                        "count": 2,
                        "vehicle_type_id": "196"
                    }
                ]
            },
            "type": "Feature"
        },
        {
            "geometry": {
                "coordinates": [
                    8.115785,
                    47.173323
                ],
                "type": "Point"
            },
            "properties": {
                "is_installed": true,
                "is_renting": true,
                "is_returning": true,
                "is_virtual_station": false,
                "last_reported": 1789324623,
                "name": "AWB Br\u00e4ndi / M\u00fcnsterstrasse 20",
                "num_bikes_available": 1,
                "num_docks_available": 0,
                "region_id": "88",
                "rental_uris": {
                    "android": "https://app.nextbike.net/station?id=28448844",
                    "ios": "https://app.nextbike.net/station?id=28448844",
                    "web": "https://nxtb.it/p/28448844"
                },
                "short_name": "9013",
                "station_id": "28448844",
                "vehicle_types_available": [
                    {
                        "count": 1,
                        "vehicle_type_id": "150"
                    }
                ]
            },
            "type": "Feature"
        },
        {
            "geometry": {
                "coordinates": [
                    8.281401,
                    47.163225
                ],
                "type": "Point"
            },
            "properties": {
                "is_installed": true,
                "is_renting": true,
                "is_returning": true,
                "is_virtual_station": false,
                "last_reported": 1789324623,
                "name": " BACHMANN FORMING AG / An der Ron 7",
                "num_bikes_available": 1,
                "num_docks_available": 0,
                "region_id": "492",
                "rental_uris": {
                    "android": "https://app.nextbike.net/station?id=28450262",
                    "ios": "https://app.nextbike.net/station?id=28450262",
                    "web": "https://nxtb.it/p/28450262"
                },
                "short_name": "8166",
                "station_id": "28450262",
                "vehicle_types_available": [
                    {
                        "count": 1,
                        "vehicle_type_id": "196"
                    }
                ]
            },
            "type": "Feature"
        },
        {
            "geometry": {
                "coordinates": [
                    8.289029,
                    47.166777
                ],
                "type": "Point"
            },
            "properties": {
                "is_installed": true,
                "is_renting": true,
                "is_returning": true,
                "is_virtual_station": false,
                "last_reported": 1789324623,
                "name": "Bahnhof Hochdorf",
                "num_bikes_available": 8,
                "num_docks_available": 0,
                "region_id": "492",
                "rental_uris": {
                    "android": "https://app.nextbike.net/station?id=28450453",
                    "ios": "https://app.nextbike.net/station?id=28450453",
                    "web": "https://nxtb.it/p/28450453"
                },
                "short_name": "8167",
                "station_id": "28450453",
                "vehicle_types_available": [
                    {
                        "count": 5,
                        "vehicle_type_id": "150"
                    },
                    {
                        "count": 3,
                        "vehicle_type_id": "196"
                    }
                ]
            },
            "type": "Feature"
        },
        {
            "geometry": {
                "coordinates": [
                    8.303312,
                    47.042022
                ],
                "type": "Point"
            },
            "properties": {
                "is_installed": true,
                "is_renting": true,
                "is_returning": true,
                "is_virtual_station": false,
                "last_reported": 1789324623,
                "name": "Pauluskirche / Moosmattstrasse 4 ",
                "num_bikes_available": 0,
                "num_docks_available": 0,
                "region_id": "126",
                "rental_uris": {
                    "android": "https://app.nextbike.net/station?id=2845312",
                    "ios": "https://app.nextbike.net/station?id=2845312",
                    "web": "https://nxtb.it/p/2845312"
                },
                "short_name": "8118",
                "station_id": "2845312",
                "vehicle_types_available": []
            },
            "type": "Feature"
        },
        {
            "geometry": {
                "coordinates": [
                    8.099563,
                    47.169753
                ],
                "type": "Point"
            },
            "properties": {
                "is_installed": true,
                "is_renting": true,
                "is_returning": true,
                "is_virtual_station": false,
                "last_reported": 1789324623,
                "name": "Bahnhof Sursee / Bahnhofplatz",
                "num_bikes_available": 5,
                "num_docks_available": 0,
                "region_id": "88",
                "rental_uris": {
                    "android": "https://app.nextbike.net/station?id=286234",
                    "ios": "https://app.nextbike.net/station?id=286234",
                    "web": "https://nxtb.it/p/286234"
                },
                "short_name": "9002",
                "station_id": "286234",
                "vehicle_types_available": [
                    {
                        "count": 2,
                        "vehicle_type_id": "196"
                    },
                    {
                        "count": 3,
                        "vehicle_type_id": "150"
                    }
                ]
            },
            "type": "Feature"
        },
        {
            "geometry": {
                "coordinates": [
                    8.1068,
                    47.171708
                ],
                "type": "Point"
            },
            "properties": {
                "is_installed": true,
                "is_renting": true,
                "is_returning": true,
                "is_virtual_station": false,
                "last_reported": 1789324623,
                "name": "Stadtverwaltung",
                "num_bikes_available": 9,
                "num_docks_available": 0,
                "region_id": "88",
                "rental_uris": {
                    "android": "https://app.nextbike.net/station?id=286235",
                    "ios": "https://app.nextbike.net/station?id=286235",
                    "web": "https://nxtb.it/p/286235"
                },
                "short_name": "9003",
                "station_id": "286235",
                "vehicle_types_available": [
                    {
                        "count": 8,
                        "vehicle_type_id": "150"
                    },
                    {
                        "count": 1,
                        "vehicle_type_id": "196"
                    }
                ]
            },
            "type": "Feature"
        },
        {
            "geometry": {
                "coordinates": [
                    8.111415,
                    47.171585
                ],
                "type": "Point"
            },
            "properties": {
                "is_installed": true,
                "is_renting": true,
                "is_returning": true,
                "is_virtual_station": false,
                "last_reported": 1789324623,
                "name": "M\u00fcnsterplatz",
                "num_bikes_available": 3,
                "num_docks_available": 0,
                "region_id": "88",
                "rental_uris": {
                    "android": "https://app.nextbike.net/station?id=286236",
                    "ios": "https://app.nextbike.net/station?id=286236",
                    "web": "https://nxtb.it/p/286236"
                },
                "short_name": "9004",
                "station_id": "286236",
                "vehicle_types_available": [
                    {
                        "count": 3,
                        "vehicle_type_id": "196"
                    }
                ]
            },
            "type": "Feature"
        },
        {
            "geometry": {
                "coordinates": [
                    8.110643,
                    47.17295
                ],
                "type": "Point"
            },
            "properties": {
                "is_installed": true,
                "is_renting": true,
                "is_returning": true,
                "is_virtual_station": false,
                "last_reported": 1789324623,
                "name": "M\u00e4rtplatz",
                "num_bikes_available": 4,
                "num_docks_available": 0,
                "region_id": "88",
                "rental_uris": {
                    "android": "https://app.nextbike.net/station?id=286239",
                    "ios": "https://app.nextbike.net/station?id=286239",
                    "web": "https://nxtb.it/p/286239"
                },
                "short_name": "9005",
                "station_id": "286239",
                "vehicle_types_available": [
                    {
                        "count": 4,
                        "vehicle_type_id": "150"
                    }
                ]
            },
            "type": "Feature"
        },
        {
            "geometry": {
                "coordinates": [
                    8.094649,
                    47.172703
                ],
                "type": "Point"
            },
            "properties": {
                "is_installed": true,
                "is_renting": true,
                "is_returning": true,
                "is_virtual_station": false,
                "last_reported": 1789324623,
                "name": "Schulhaus Kotten / Kottenmatte 2",
                "num_bikes_available": 0,
                "num_docks_available": 0,
                "region_id": "88",
                "rental_uris": {
                    "android": "https://app.nextbike.net/station?id=286240",
                    "ios": "https://app.nextbike.net/station?id=286240",
                    "web": "https://nxtb.it/p/286240"
                },
                "short_name": "9006",
                "station_id": "286240",
                "vehicle_types_available": []
            },
            "type": "Feature"
        },
        {
            "geometry": {
                "coordinates": [
                    8.299958,
                    47.049069
                ],
                "type": "Point"
            },
            "properties": {
                "is_installed": true,
                "is_renting": true,
                "is_returning": true,
                "is_virtual_station": false,
                "last_reported": 1789324623,
                "name": "Klosterstrasse 12A",
                "num_bikes_available": 7,
                "num_docks_available": 0,
                "region_id": "126",
                "rental_uris": {
                    "android": "https://app.nextbike.net/station?id=3024891",
                    "ios": "https://app.nextbike.net/station?id=3024891",
                    "web": "https://nxtb.it/p/3024891"
                },
                "short_name": "8119",
                "station_id": "3024891",
                "vehicle_types_available": [
                    {
                        "count": 4,
                        "vehicle_type_id": "150"
                    },
                    {
                        "count": 2,
                        "vehicle_type_id": "196"
                    },
                    {
                        "count": 1,
                        "vehicle_type_id": "183"
                    }
                ]
            },
            "type": "Feature"
        },
        {
            "geometry": {
                "coordinates": [
                    8.308512,
                    47.044187
                ],
                "type": "Point"
            },
            "properties": {
                "is_installed": true,
                "is_renting": true,
                "is_returning": true,
                "is_virtual_station": false,
                "last_reported": 1789324623,
                "name": "Neustadtstrasse 10",
                "num_bikes_available": 6,
                "num_docks_available": 0,
                "region_id": "126",
                "rental_uris": {
                    "android": "https://app.nextbike.net/station?id=3024956",
                    "ios": "https://app.nextbike.net/station?id=3024956",
                    "web": "https://nxtb.it/p/3024956"
                },
                "short_name": "8120",
                "station_id": "3024956",
                "vehicle_types_available": [
                    {
                        "count": 3,
                        "vehicle_type_id": "196"
                    },
                    {
                        "count": 3,
                        "vehicle_type_id": "150"
                    }
                ]
            },
            "type": "Feature"
        },
        {
            "geometry": {
                "coordinates": [
                    8.307965,
                    47.033108
                ],
                "type": "Point"
            },
            "properties": {
                "is_installed": true,
                "is_renting": true,
                "is_returning": true,
                "is_virtual_station": false,
                "last_reported": 1789324623,
                "name": "Zihlmattweg 29",
                "num_bikes_available": 0,
                "num_docks_available": 0,
                "region_id": "126",
                "rental_uris": {
                    "android": "https://app.nextbike.net/station?id=3024968",
                    "ios": "https://app.nextbike.net/station?id=3024968",
                    "web": "https://nxtb.it/p/3024968"
                },
                "short_name": "8123",
                "station_id": "3024968",
                "vehicle_types_available": []
            },
            "type": "Feature"
        },
        {
            "geometry": {
                "coordinates": [
                    8.30295,
                    47.035231
                ],
                "type": "Point"
            },
            "properties": {
                "is_installed": true,
                "is_renting": true,
                "is_returning": true,
                "is_virtual_station": false,
                "last_reported": 1789324623,
                "name": "Messe Allmend / Horwerstrasse",
                "num_bikes_available": 0,
                "num_docks_available": 0,
                "region_id": "126",
                "rental_uris": {
                    "android": "https://app.nextbike.net/station?id=3024979",
                    "ios": "https://app.nextbike.net/station?id=3024979",
                    "web": "https://nxtb.it/p/3024979"
                },
                "short_name": "8121",
                "station_id": "3024979",
                "vehicle_types_available": []
            },
            "type": "Feature"
        },
        {
            "geometry": {
                "coordinates": [
                    8.304393,
                    47.031239
                ],
                "type": "Point"
            },
            "properties": {
                "is_installed": true,
                "is_renting": true,
                "is_returning": true,
                "is_virtual_station": false,
                "last_reported": 1789324623,
                "name": "Hallenbad Allmend / Zihlmattweg 46",
                "num_bikes_available": 1,
                "num_docks_available": 0,
                "region_id": "126",
                "rental_uris": {
                    "android": "https://app.nextbike.net/station?id=3025003",
                    "ios": "https://app.nextbike.net/station?id=3025003",
                    "web": "https://nxtb.it/p/3025003"
                },
                "short_name": "8122",
                "station_id": "3025003",
                "vehicle_types_available": [
                    {
                        "count": 1,
                        "vehicle_type_id": "196"
                    }
                ]
            },
            "type": "Feature"
        },
        {
            "geometry": {
                "coordinates": [
                    8.110657,
                    47.177706
                ],
                "type": "Point"
            },
            "properties": {
                "is_installed": true,
                "is_renting": true,
                "is_returning": true,
                "is_virtual_station": false,
                "last_reported": 1789324623,
                "name": "Sandgruebestrasse",
                "num_bikes_available": 0,
                "num_docks_available": 0,
                "region_id": "88",
                "rental_uris": {
                    "android": "https://app.nextbike.net/station?id=3025174",
                    "ios": "https://app.nextbike.net/station?id=3025174",
                    "web": "https://nxtb.it/p/3025174"
                },
                "short_name": "9011",
                "station_id": "3025174",
                "vehicle_types_available": [
                    {
                        "count": 1,
                        "vehicle_type_id": "196"
                    },
                    {
                        "count": 1,
                        "vehicle_type_id": "150"
                    }
                ]
            },
            "type": "Feature"
        },
        {
            "geometry": {
                "coordinates": [
                    8.308078,
                    47.018638
                ],
                "type": "Point"
            },
            "properties": {
                "is_installed": true,
                "is_renting": true,
                "is_returning": true,
                "is_virtual_station": false,
                "last_reported": 1789324623,
                "name": "Kreisel /Allemdstrasse ",
                "num_bikes_available": 6,
                "num_docks_available": 0,
                "region_id": "391",
                "rental_uris": {
                    "android": "https://app.nextbike.net/station?id=3049317",
                    "ios": "https://app.nextbike.net/station?id=3049317",
                    "web": "https://nxtb.it/p/3049317"
                },
                "short_name": "9021",
                "station_id": "3049317",
                "vehicle_types_available": [
                    {
                        "count": 2,
                        "vehicle_type_id": "196"
                    },
                    {
                        "count": 4,
                        "vehicle_type_id": "150"
                    }
                ]
            },
            "type": "Feature"
        },
        {
            "geometry": {
                "coordinates": [
                    8.306614,
                    47.01749
                ],
                "type": "Point"
            },
            "properties": {
                "is_installed": true,
                "is_renting": true,
                "is_returning": true,
                "is_virtual_station": false,
                "last_reported": 1789324623,
                "name": "Bahnhof West",
                "num_bikes_available": 10,
                "num_docks_available": 0,
                "region_id": "391",
                "rental_uris": {
                    "android": "https://app.nextbike.net/station?id=3049432",
                    "ios": "https://app.nextbike.net/station?id=3049432",
                    "web": "https://nxtb.it/p/3049432"
                },
                "short_name": "9022",
                "station_id": "3049432",
                "vehicle_types_available": [
                    {
                        "count": 5,
                        "vehicle_type_id": "150"
                    },
                    {
                        "count": 5,
                        "vehicle_type_id": "196"
                    }
                ]
            },
            "type": "Feature"
        },
        {
            "geometry": {
                "coordinates": [
                    8.333323,
                    47.002175
                ],
                "type": "Point"
            },
            "properties": {
                "is_installed": true,
                "is_renting": true,
                "is_returning": true,
                "is_virtual_station": false,
                "last_reported": 1789324623,
                "name": "eawag / Seestrasse 79",
                "num_bikes_available": 1,
                "num_docks_available": 0,
                "region_id": "391",
                "rental_uris": {
                    "android": "https://app.nextbike.net/station?id=3049799",
                    "ios": "https://app.nextbike.net/station?id=3049799",
                    "web": "https://nxtb.it/p/3049799"
                },
                "short_name": "9023",
                "station_id": "3049799",
                "vehicle_types_available": [
                    {
                        "count": 1,
                        "vehicle_type_id": "196"
                    }
                ]
            },
            "type": "Feature"
        },
        {
            "geometry": {
                "coordinates": [
                    8.302102,
                    47.01343
                ],
                "type": "Point"
            },
            "properties": {
                "is_installed": true,
                "is_renting": true,
                "is_returning": true,
                "is_virtual_station": false,
                "last_reported": 1789324623,
                "name": "Schulhaus Spitz / Bodenmattstrasse 8",
                "num_bikes_available": 0,
                "num_docks_available": 0,
                "region_id": "391",
                "rental_uris": {
                    "android": "https://app.nextbike.net/station?id=3049802",
                    "ios": "https://app.nextbike.net/station?id=3049802",
                    "web": "https://nxtb.it/p/3049802"
                },
                "short_name": "9025",
                "station_id": "3049802",
                "vehicle_types_available": []
            },
            "type": "Feature"
        },
        {
            "geometry": {
                "coordinates": [
                    8.326118,
                    47.020916
                ],
                "type": "Point"
            },
            "properties": {
                "is_installed": true,
                "is_renting": true,
                "is_returning": true,
                "is_virtual_station": false,
                "last_reported": 1789324623,
                "name": "Felmis / Kastanienbaumstrasse 90",
                "num_bikes_available": 1,
                "num_docks_available": 0,
                "region_id": "391",
                "rental_uris": {
                    "android": "https://app.nextbike.net/station?id=3049809",
                    "ios": "https://app.nextbike.net/station?id=3049809",
                    "web": "https://nxtb.it/p/3049809"
                },
                "short_name": "9026",
                "station_id": "3049809",
                "vehicle_types_available": [
                    {
                        "count": 1,
                        "vehicle_type_id": "183"
                    }
                ]
            },
            "type": "Feature"
        },
        {
            "geometry": {
                "coordinates": [
                    8.309768,
                    47.019761
                ],
                "type": "Point"
            },
            "properties": {
                "is_installed": true,
                "is_renting": true,
                "is_returning": true,
                "is_virtual_station": false,
                "last_reported": 1789324623,
                "name": "Horwerhalle / Schulhausweg",
                "num_bikes_available": 4,
                "num_docks_available": 0,
                "region_id": "391",
                "rental_uris": {
                    "android": "https://app.nextbike.net/station?id=3052056",
                    "ios": "https://app.nextbike.net/station?id=3052056",
                    "web": "https://nxtb.it/p/3052056"
                },
                "short_name": "9024",
                "station_id": "3052056",
                "vehicle_types_available": [
                    {
                        "count": 2,
                        "vehicle_type_id": "150"
                    },
                    {
                        "count": 2,
                        "vehicle_type_id": "196"
                    }
                ]
            },
            "type": "Feature"
        },
        {
            "geometry": {
                "coordinates": [
                    8.323656,
                    47.059843
                ],
                "type": "Point"
            },
            "properties": {
                "is_installed": true,
                "is_renting": true,
                "is_returning": true,
                "is_virtual_station": false,
                "last_reported": 1789324623,
                "name": "Utenberg / Adligenswilerstrasse",
                "num_bikes_available": 0,
                "num_docks_available": 0,
                "region_id": "126",
                "rental_uris": {
                    "android": "https://app.nextbike.net/station?id=305871592",
                    "ios": "https://app.nextbike.net/station?id=305871592",
                    "web": "https://nxtb.it/p/305871592"
                },
                "short_name": "7896",
                "station_id": "305871592",
                "vehicle_types_available": []
            },
            "type": "Feature"
        },
        {
            "geometry": {
                "coordinates": [
                    8.309129,
                    47.049993
                ],
                "type": "Point"
            },
            "properties": {
                "is_installed": true,
                "is_renting": true,
                "is_returning": true,
                "is_virtual_station": false,
                "last_reported": 1789324623,
                "name": "Bahnhof Luzern / Pilatusstrasse 1",
                "num_bikes_available": 1,
                "num_docks_available": 0,
                "region_id": "126",
                "rental_uris": {
                    "android": "https://app.nextbike.net/station?id=305872588",
                    "ios": "https://app.nextbike.net/station?id=305872588",
                    "web": "https://nxtb.it/p/305872588"
                },
                "short_name": "7898",
                "station_id": "305872588",
                "vehicle_types_available": [
                    {
                        "count": 1,
                        "vehicle_type_id": "150"
                    }
                ]
            },
            "type": "Feature"
        },
        {
            "geometry": {
                "coordinates": [
                    8.308142,
                    47.03732
                ],
                "type": "Point"
            },
            "properties": {
                "is_installed": true,
                "is_renting": true,
                "is_returning": true,
                "is_virtual_station": false,
                "last_reported": 1789324623,
                "name": "Hubelmatt / Breitenlachenstrasse 20",
                "num_bikes_available": 0,
                "num_docks_available": 0,
                "region_id": "126",
                "rental_uris": {
                    "android": "https://app.nextbike.net/station?id=305874170",
                    "ios": "https://app.nextbike.net/station?id=305874170",
                    "web": "https://nxtb.it/p/305874170"
                },
                "short_name": "7875",
                "station_id": "305874170",
                "vehicle_types_available": []
            },
            "type": "Feature"
        },
        {
            "geometry": {
                "coordinates": [
                    8.249386,
                    47.088493
                ],
                "type": "Point"
            },
            "properties": {
                "is_installed": true,
                "is_renting": true,
                "is_returning": true,
                "is_virtual_station": false,
                "last_reported": 1789324623,
                "name": "Bahnhof Rothenburg / Station Ost",
                "num_bikes_available": 0,
                "num_docks_available": 0,
                "region_id": "1215",
                "rental_uris": {
                    "android": "https://app.nextbike.net/station?id=31518940",
                    "ios": "https://app.nextbike.net/station?id=31518940",
                    "web": "https://nxtb.it/p/31518940"
                },
                "short_name": "7893",
                "station_id": "31518940",
                "vehicle_types_available": []
            },
            "type": "Feature"
        },
        {
            "geometry": {
                "coordinates": [
                    8.30134,
                    47.028047
                ],
                "type": "Point"
            },
            "properties": {
                "is_installed": true,
                "is_renting": true,
                "is_returning": true,
                "is_virtual_station": false,
                "last_reported": 1789324623,
                "name": "Matteo / Am Mattenhof 2b",
                "num_bikes_available": 3,
                "num_docks_available": 0,
                "region_id": "491",
                "rental_uris": {
                    "android": "https://app.nextbike.net/station?id=31928727",
                    "ios": "https://app.nextbike.net/station?id=31928727",
                    "web": "https://nxtb.it/p/31928727"
                },
                "short_name": "8129",
                "station_id": "31928727",
                "vehicle_types_available": [
                    {
                        "count": 3,
                        "vehicle_type_id": "196"
                    }
                ]
            },
            "type": "Feature"
        },
        {
            "geometry": {
                "coordinates": [
                    8.29684,
                    47.029177
                ],
                "type": "Point"
            },
            "properties": {
                "is_installed": true,
                "is_renting": true,
                "is_returning": true,
                "is_virtual_station": false,
                "last_reported": 1789324623,
                "name": "Nidfeld S\u00fcd / Sternmattweg",
                "num_bikes_available": 18,
                "num_docks_available": 0,
                "region_id": "491",
                "rental_uris": {
                    "android": "https://app.nextbike.net/station?id=323085909",
                    "ios": "https://app.nextbike.net/station?id=323085909",
                    "web": "https://nxtb.it/p/323085909"
                },
                "short_name": "80126",
                "station_id": "323085909",
                "vehicle_types_available": [
                    {
                        "count": 13,
                        "vehicle_type_id": "150"
                    },
                    {
                        "count": 5,
                        "vehicle_type_id": "196"
                    }
                ]
            },
            "type": "Feature"
        },
        {
            "geometry": {
                "coordinates": [
                    8.113575,
                    47.174297
                ],
                "type": "Point"
            },
            "properties": {
                "is_installed": true,
                "is_renting": true,
                "is_returning": true,
                "is_virtual_station": false,
                "last_reported": 1789324623,
                "name": "Schule St. Martin / St. Martinsweg",
                "num_bikes_available": 7,
                "num_docks_available": 0,
                "region_id": "88",
                "rental_uris": {
                    "android": "https://app.nextbike.net/station?id=32816620",
                    "ios": "https://app.nextbike.net/station?id=32816620",
                    "web": "https://nxtb.it/p/32816620"
                },
                "short_name": "9014",
                "station_id": "32816620",
                "vehicle_types_available": [
                    {
                        "count": 6,
                        "vehicle_type_id": "150"
                    },
                    {
                        "count": 1,
                        "vehicle_type_id": "196"
                    }
                ]
            },
            "type": "Feature"
        },
        {
            "geometry": {
                "coordinates": [
                    8.107792,
                    47.168878
                ],
                "type": "Point"
            },
            "properties": {
                "is_installed": true,
                "is_renting": true,
                "is_returning": true,
                "is_virtual_station": false,
                "last_reported": 1789324623,
                "name": "Schulhaus Neufeld 1 / Badstrasse 19",
                "num_bikes_available": 6,
                "num_docks_available": 0,
                "region_id": "88",
                "rental_uris": {
                    "android": "https://app.nextbike.net/station?id=32816739",
                    "ios": "https://app.nextbike.net/station?id=32816739",
                    "web": "https://nxtb.it/p/32816739"
                },
                "short_name": "9015",
                "station_id": "32816739",
                "vehicle_types_available": [
                    {
                        "count": 5,
                        "vehicle_type_id": "150"
                    },
                    {
                        "count": 1,
                        "vehicle_type_id": "196"
                    }
                ]
            },
            "type": "Feature"
        },
        {
            "geometry": {
                "coordinates": [
                    8.256982,
                    47.052895
                ],
                "type": "Point"
            },
            "properties": {
                "is_installed": true,
                "is_renting": true,
                "is_returning": true,
                "is_virtual_station": false,
                "last_reported": 1789324623,
                "name": "Bahnhof Littau",
                "num_bikes_available": 7,
                "num_docks_available": 0,
                "region_id": "126",
                "rental_uris": {
                    "android": "https://app.nextbike.net/station?id=34380",
                    "ios": "https://app.nextbike.net/station?id=34380",
                    "web": "https://nxtb.it/p/34380"
                },
                "short_name": "8100",
                "station_id": "34380",
                "vehicle_types_available": [
                    {
                        "count": 3,
                        "vehicle_type_id": "183"
                    },
                    {
                        "count": 3,
                        "vehicle_type_id": "196"
                    },
                    {
                        "count": 1,
                        "vehicle_type_id": "150"
                    }
                ]
            },
            "type": "Feature"
        },
        {
            "geometry": {
                "coordinates": [
                    8.313271,
                    47.049829
                ],
                "type": "Point"
            },
            "properties": {
                "is_installed": true,
                "is_renting": true,
                "is_returning": true,
                "is_virtual_station": false,
                "last_reported": 1789324623,
                "name": "Inseliquai 1 / Frohburgstrasse",
                "num_bikes_available": 0,
                "num_docks_available": 0,
                "region_id": "126",
                "rental_uris": {
                    "android": "https://app.nextbike.net/station?id=34386",
                    "ios": "https://app.nextbike.net/station?id=34386",
                    "web": "https://nxtb.it/p/34386"
                },
                "short_name": "8057",
                "station_id": "34386",
                "vehicle_types_available": []
            },
            "type": "Feature"
        },
        {
            "geometry": {
                "coordinates": [
                    8.317938,
                    47.046541
                ],
                "type": "Point"
            },
            "properties": {
                "is_installed": true,
                "is_renting": true,
                "is_returning": true,
                "is_virtual_station": false,
                "last_reported": 1789324623,
                "name": "Ufsch\u00f6tti / Alpenquai",
                "num_bikes_available": 1,
                "num_docks_available": 0,
                "region_id": "126",
                "rental_uris": {
                    "android": "https://app.nextbike.net/station?id=34387",
                    "ios": "https://app.nextbike.net/station?id=34387",
                    "web": "https://nxtb.it/p/34387"
                },
                "short_name": "8016",
                "station_id": "34387",
                "vehicle_types_available": [
                    {
                        "count": 1,
                        "vehicle_type_id": "183"
                    }
                ]
            },
            "type": "Feature"
        },
        {
            "geometry": {
                "coordinates": [
                    8.308829,
                    47.049847
                ],
                "type": "Point"
            },
            "properties": {
                "is_installed": true,
                "is_renting": true,
                "is_returning": true,
                "is_virtual_station": false,
                "last_reported": 1789324623,
                "name": "Pilatusstrasse 1",
                "num_bikes_available": 1,
                "num_docks_available": 0,
                "region_id": "126",
                "rental_uris": {
                    "android": "https://app.nextbike.net/station?id=34389",
                    "ios": "https://app.nextbike.net/station?id=34389",
                    "web": "https://nxtb.it/p/34389"
                },
                "short_name": "8030",
                "station_id": "34389",
                "vehicle_types_available": [
                    {
                        "count": 1,
                        "vehicle_type_id": "150"
                    }
                ]
            },
            "type": "Feature"
        },
        {
            "geometry": {
                "coordinates": [
                    8.308228,
                    47.048879
                ],
                "type": "Point"
            },
            "properties": {
                "is_installed": true,
                "is_renting": true,
                "is_returning": true,
                "is_virtual_station": false,
                "last_reported": 1789324623,
                "name": "CBN - V\u00f6gelig\u00e4rtli / Morgartenstrasse",
                "num_bikes_available": 1,
                "num_docks_available": 0,
                "region_id": "126",
                "rental_uris": {
                    "android": "https://app.nextbike.net/station?id=34394",
                    "ios": "https://app.nextbike.net/station?id=34394",
                    "web": "https://nxtb.it/p/34394"
                },
                "short_name": "8047",
                "station_id": "34394",
                "vehicle_types_available": [
                    {
                        "count": 1,
                        "vehicle_type_id": "196"
                    }
                ]
            },
            "type": "Feature"
        },
        {
            "geometry": {
                "coordinates": [
                    8.30921,
                    47.047749
                ],
                "type": "Point"
            },
            "properties": {
                "is_installed": true,
                "is_renting": true,
                "is_returning": true,
                "is_virtual_station": false,
                "last_reported": 1789324623,
                "name": "Lukaskirche / Morgartenstrasse 16",
                "num_bikes_available": 2,
                "num_docks_available": 0,
                "region_id": "126",
                "rental_uris": {
                    "android": "https://app.nextbike.net/station?id=34395",
                    "ios": "https://app.nextbike.net/station?id=34395",
                    "web": "https://nxtb.it/p/34395"
                },
                "short_name": "8032",
                "station_id": "34395",
                "vehicle_types_available": [
                    {
                        "count": 1,
                        "vehicle_type_id": "196"
                    },
                    {
                        "count": 1,
                        "vehicle_type_id": "150"
                    }
                ]
            },
            "type": "Feature"
        },
        {
            "geometry": {
                "coordinates": [
                    8.309371,
                    47.045888
                ],
                "type": "Point"
            },
            "properties": {
                "is_installed": true,
                "is_renting": true,
                "is_returning": true,
                "is_virtual_station": false,
                "last_reported": 1789324623,
                "name": "Bundesplatz / Zentralstrasse 1",
                "num_bikes_available": 2,
                "num_docks_available": 0,
                "region_id": "126",
                "rental_uris": {
                    "android": "https://app.nextbike.net/station?id=34397",
                    "ios": "https://app.nextbike.net/station?id=34397",
                    "web": "https://nxtb.it/p/34397"
                },
                "short_name": "8037",
                "station_id": "34397",
                "vehicle_types_available": [
                    {
                        "count": 1,
                        "vehicle_type_id": "196"
                    },
                    {
                        "count": 1,
                        "vehicle_type_id": "150"
                    }
                ]
            },
            "type": "Feature"
        },
        {
            "geometry": {
                "coordinates": [
                    8.306694,
                    47.046696
                ],
                "type": "Point"
            },
            "properties": {
                "is_installed": true,
                "is_renting": true,
                "is_returning": true,
                "is_virtual_station": false,
                "last_reported": 1789324623,
                "name": "Habsburgerstrasse 26",
                "num_bikes_available": 9,
                "num_docks_available": 0,
                "region_id": "126",
                "rental_uris": {
                    "android": "https://app.nextbike.net/station?id=34398",
                    "ios": "https://app.nextbike.net/station?id=34398",
                    "web": "https://nxtb.it/p/34398"
                },
                "short_name": "8063",
                "station_id": "34398",
                "vehicle_types_available": [
                    {
                        "count": 4,
                        "vehicle_type_id": "150"
                    },
                    {
                        "count": 5,
                        "vehicle_type_id": "196"
                    }
                ]
            },
            "type": "Feature"
        },
        {
            "geometry": {
                "coordinates": [
                    8.304226,
                    47.04583
                ],
                "type": "Point"
            },
            "properties": {
                "is_installed": true,
                "is_renting": true,
                "is_returning": true,
                "is_virtual_station": false,
                "last_reported": 1789324623,
                "name": "Obergrundstrasse / Moosstrasse",
                "num_bikes_available": 4,
                "num_docks_available": 0,
                "region_id": "126",
                "rental_uris": {
                    "android": "https://app.nextbike.net/station?id=34399",
                    "ios": "https://app.nextbike.net/station?id=34399",
                    "web": "https://nxtb.it/p/34399"
                },
                "short_name": "8065",
                "station_id": "34399",
                "vehicle_types_available": [
                    {
                        "count": 3,
                        "vehicle_type_id": "196"
                    },
                    {
                        "count": 1,
                        "vehicle_type_id": "150"
                    }
                ]
            },
            "type": "Feature"
        },
        {
            "geometry": {
                "coordinates": [
                    8.302821,
                    47.042427
                ],
                "type": "Point"
            },
            "properties": {
                "is_installed": true,
                "is_renting": true,
                "is_returning": true,
                "is_virtual_station": false,
                "last_reported": 1789324623,
                "name": "Paulusplatz / Obergrundstrasse",
                "num_bikes_available": 0,
                "num_docks_available": 0,
                "region_id": "126",
                "rental_uris": {
                    "android": "https://app.nextbike.net/station?id=34401",
                    "ios": "https://app.nextbike.net/station?id=34401",
                    "web": "https://nxtb.it/p/34401"
                },
                "short_name": "8106",
                "station_id": "34401",
                "vehicle_types_available": []
            },
            "type": "Feature"
        },
        {
            "geometry": {
                "coordinates": [
                    8.307381,
                    47.041513
                ],
                "type": "Point"
            },
            "properties": {
                "is_installed": true,
                "is_renting": true,
                "is_returning": true,
                "is_virtual_station": false,
                "last_reported": 1789324623,
                "name": "CBN - Neustadtstrasse 44",
                "num_bikes_available": 1,
                "num_docks_available": 0,
                "region_id": "126",
                "rental_uris": {
                    "android": "https://app.nextbike.net/station?id=34404",
                    "ios": "https://app.nextbike.net/station?id=34404",
                    "web": "https://nxtb.it/p/34404"
                },
                "short_name": "8067",
                "station_id": "34404",
                "vehicle_types_available": [
                    {
                        "count": 1,
                        "vehicle_type_id": "150"
                    }
                ]
            },
            "type": "Feature"
        },
        {
            "geometry": {
                "coordinates": [
                    8.305487,
                    47.050267
                ],
                "type": "Point"
            },
            "properties": {
                "is_installed": true,
                "is_renting": true,
                "is_returning": true,
                "is_virtual_station": false,
                "last_reported": 1789324623,
                "name": "Luzerner Theater / Hirschengraben",
                "num_bikes_available": 2,
                "num_docks_available": 0,
                "region_id": "126",
                "rental_uris": {
                    "android": "https://app.nextbike.net/station?id=34405",
                    "ios": "https://app.nextbike.net/station?id=34405",
                    "web": "https://nxtb.it/p/34405"
                },
                "short_name": "8052",
                "station_id": "34405",
                "vehicle_types_available": [
                    {
                        "count": 1,
                        "vehicle_type_id": "150"
                    },
                    {
                        "count": 1,
                        "vehicle_type_id": "196"
                    }
                ]
            },
            "type": "Feature"
        },
        {
            "geometry": {
                "coordinates": [
                    8.300648,
                    47.051792
                ],
                "type": "Point"
            },
            "properties": {
                "is_installed": true,
                "is_renting": true,
                "is_returning": true,
                "is_virtual_station": false,
                "last_reported": 1789324623,
                "name": "Kasernenplatz / Naturmuseum",
                "num_bikes_available": 5,
                "num_docks_available": 0,
                "region_id": "126",
                "rental_uris": {
                    "android": "https://app.nextbike.net/station?id=34407",
                    "ios": "https://app.nextbike.net/station?id=34407",
                    "web": "https://nxtb.it/p/34407"
                },
                "short_name": "8101",
                "station_id": "34407",
                "vehicle_types_available": [
                    {
                        "count": 2,
                        "vehicle_type_id": "150"
                    },
                    {
                        "count": 3,
                        "vehicle_type_id": "196"
                    }
                ]
            },
            "type": "Feature"
        },
        {
            "geometry": {
                "coordinates": [
                    8.303325,
                    47.047771
                ],
                "type": "Point"
            },
            "properties": {
                "is_installed": true,
                "is_renting": true,
                "is_returning": true,
                "is_virtual_station": false,
                "last_reported": 1789324623,
                "name": "CBN - Pilatusplatz / Pilatusstrasse 46",
                "num_bikes_available": 3,
                "num_docks_available": 0,
                "region_id": "126",
                "rental_uris": {
                    "android": "https://app.nextbike.net/station?id=34408",
                    "ios": "https://app.nextbike.net/station?id=34408",
                    "web": "https://nxtb.it/p/34408"
                },
                "short_name": "8035",
                "station_id": "34408",
                "vehicle_types_available": [
                    {
                        "count": 1,
                        "vehicle_type_id": "150"
                    },
                    {
                        "count": 2,
                        "vehicle_type_id": "196"
                    }
                ]
            },
            "type": "Feature"
        },
        {
            "geometry": {
                "coordinates": [
                    8.121092,
                    47.173861
                ],
                "type": "Point"
            },
            "properties": {
                "is_installed": true,
                "is_renting": true,
                "is_returning": true,
                "is_virtual_station": false,
                "last_reported": 1789324623,
                "name": "Mariazell",
                "num_bikes_available": 1,
                "num_docks_available": 0,
                "region_id": "88",
                "rental_uris": {
                    "android": "https://app.nextbike.net/station?id=348292",
                    "ios": "https://app.nextbike.net/station?id=348292",
                    "web": "https://nxtb.it/p/348292"
                },
                "short_name": "9007",
                "station_id": "348292",
                "vehicle_types_available": [
                    {
                        "count": 1,
                        "vehicle_type_id": "150"
                    }
                ]
            },
            "type": "Feature"
        },
        {
            "geometry": {
                "coordinates": [
                    8.095969,
                    47.16956
                ],
                "type": "Point"
            },
            "properties": {
                "is_installed": true,
                "is_renting": true,
                "is_returning": true,
                "is_virtual_station": false,
                "last_reported": 1789324623,
                "name": "Oberkirch / Haselmatte 2C",
                "num_bikes_available": 1,
                "num_docks_available": 0,
                "region_id": "88",
                "rental_uris": {
                    "android": "https://app.nextbike.net/station?id=348305",
                    "ios": "https://app.nextbike.net/station?id=348305",
                    "web": "https://nxtb.it/p/348305"
                },
                "short_name": "9008",
                "station_id": "348305",
                "vehicle_types_available": [
                    {
                        "count": 1,
                        "vehicle_type_id": "150"
                    }
                ]
            },
            "type": "Feature"
        },
        {
            "geometry": {
                "coordinates": [
                    8.335758,
                    47.031781
                ],
                "type": "Point"
            },
            "properties": {
                "is_installed": true,
                "is_renting": true,
                "is_returning": true,
                "is_virtual_station": false,
                "last_reported": 1789324623,
                "name": "Stutzstrasse",
                "num_bikes_available": 0,
                "num_docks_available": 0,
                "region_id": "391",
                "rental_uris": {
                    "android": "https://app.nextbike.net/station?id=350723",
                    "ios": "https://app.nextbike.net/station?id=350723",
                    "web": "https://nxtb.it/p/350723"
                },
                "short_name": "8074",
                "station_id": "350723",
                "vehicle_types_available": []
            },
            "type": "Feature"
        },
        {
            "geometry": {
                "coordinates": [
                    8.108355,
                    47.175712
                ],
                "type": "Point"
            },
            "properties": {
                "is_installed": true,
                "is_renting": true,
                "is_returning": true,
                "is_virtual_station": false,
                "last_reported": 1789324623,
                "name": "Metro / Moosgasse 1",
                "num_bikes_available": 1,
                "num_docks_available": 0,
                "region_id": "88",
                "rental_uris": {
                    "android": "https://app.nextbike.net/station?id=355154",
                    "ios": "https://app.nextbike.net/station?id=355154",
                    "web": "https://nxtb.it/p/355154"
                },
                "short_name": "9010",
                "station_id": "355154",
                "vehicle_types_available": [
                    {
                        "count": 1,
                        "vehicle_type_id": "150"
                    }
                ]
            },
            "type": "Feature"
        },
        {
            "geometry": {
                "coordinates": [
                    8.319488,
                    47.042551
                ],
                "type": "Point"
            },
            "properties": {
                "is_installed": true,
                "is_renting": true,
                "is_returning": true,
                "is_virtual_station": false,
                "last_reported": 1789324623,
                "name": "Treibhaus | Spelteriniweg 4",
                "num_bikes_available": 1,
                "num_docks_available": 0,
                "region_id": "126",
                "rental_uris": {
                    "android": "https://app.nextbike.net/station?id=356804711",
                    "ios": "https://app.nextbike.net/station?id=356804711",
                    "web": "https://nxtb.it/p/356804711"
                },
                "short_name": "80127",
                "station_id": "356804711",
                "vehicle_types_available": [
                    {
                        "count": 1,
                        "vehicle_type_id": "150"
                    }
                ]
            },
            "type": "Feature"
        },
        {
            "geometry": {
                "coordinates": [
                    8.271654,
                    47.050856
                ],
                "type": "Point"
            },
            "properties": {
                "is_installed": true,
                "is_renting": true,
                "is_returning": true,
                "is_virtual_station": false,
                "last_reported": 1789324623,
                "name": "Michaelshof | Luzernerstrasse",
                "num_bikes_available": 0,
                "num_docks_available": 0,
                "region_id": "126",
                "rental_uris": {
                    "android": "https://app.nextbike.net/station?id=356804916",
                    "ios": "https://app.nextbike.net/station?id=356804916",
                    "web": "https://nxtb.it/p/356804916"
                },
                "short_name": "80128",
                "station_id": "356804916",
                "vehicle_types_available": []
            },
            "type": "Feature"
        },
        {
            "geometry": {
                "coordinates": [
                    8.330641,
                    47.035247
                ],
                "type": "Point"
            },
            "properties": {
                "is_installed": true,
                "is_renting": true,
                "is_returning": true,
                "is_virtual_station": false,
                "last_reported": 1789324623,
                "name": "Matthof / Matthofring",
                "num_bikes_available": 0,
                "num_docks_available": 0,
                "region_id": "126",
                "rental_uris": {
                    "android": "https://app.nextbike.net/station?id=356805104",
                    "ios": "https://app.nextbike.net/station?id=356805104",
                    "web": "https://nxtb.it/p/356805104"
                },
                "short_name": "80129",
                "station_id": "356805104",
                "vehicle_types_available": []
            },
            "type": "Feature"
        },
        {
            "geometry": {
                "coordinates": [
                    8.194063,
                    47.127414
                ],
                "type": "Point"
            },
            "properties": {
                "is_installed": true,
                "is_renting": true,
                "is_returning": true,
                "is_virtual_station": false,
                "last_reported": 1789324623,
                "name": "Nidum / Hubelstrasse 3",
                "num_bikes_available": 4,
                "num_docks_available": 0,
                "region_id": "854",
                "rental_uris": {
                    "android": "https://app.nextbike.net/station?id=357711293",
                    "ios": "https://app.nextbike.net/station?id=357711293",
                    "web": "https://nxtb.it/p/357711293"
                },
                "short_name": "80016",
                "station_id": "357711293",
                "vehicle_types_available": [
                    {
                        "count": 4,
                        "vehicle_type_id": "150"
                    }
                ]
            },
            "type": "Feature"
        },
        {
            "geometry": {
                "coordinates": [
                    8.327862,
                    47.055428
                ],
                "type": "Point"
            },
            "properties": {
                "is_installed": true,
                "is_renting": true,
                "is_returning": true,
                "is_virtual_station": false,
                "last_reported": 1789324623,
                "name": "Kreuzbuchstrasse 1",
                "num_bikes_available": 6,
                "num_docks_available": 0,
                "region_id": "126",
                "rental_uris": {
                    "android": "https://app.nextbike.net/station?id=361460591",
                    "ios": "https://app.nextbike.net/station?id=361460591",
                    "web": "https://nxtb.it/p/361460591"
                },
                "short_name": "80130",
                "station_id": "361460591",
                "vehicle_types_available": [
                    {
                        "count": 5,
                        "vehicle_type_id": "150"
                    },
                    {
                        "count": 1,
                        "vehicle_type_id": "196"
                    }
                ]
            },
            "type": "Feature"
        },
        {
            "geometry": {
                "coordinates": [
                    8.307252,
                    47.041056
                ],
                "type": "Point"
            },
            "properties": {
                "is_installed": true,
                "is_renting": true,
                "is_returning": true,
                "is_virtual_station": false,
                "last_reported": 1789324623,
                "name": "Neubad / Bireggstrasse 36",
                "num_bikes_available": 1,
                "num_docks_available": 0,
                "region_id": "126",
                "rental_uris": {
                    "android": "https://app.nextbike.net/station?id=364146",
                    "ios": "https://app.nextbike.net/station?id=364146",
                    "web": "https://nxtb.it/p/364146"
                },
                "short_name": "8107",
                "station_id": "364146",
                "vehicle_types_available": [
                    {
                        "count": 1,
                        "vehicle_type_id": "196"
                    }
                ]
            },
            "type": "Feature"
        },
        {
            "geometry": {
                "coordinates": [
                    8.252358,
                    47.0311
                ],
                "type": "Point"
            },
            "properties": {
                "is_installed": true,
                "is_renting": true,
                "is_returning": true,
                "is_virtual_station": false,
                "last_reported": 1789324623,
                "name": "Busschleife Obernau / Hubelstrasse ",
                "num_bikes_available": 1,
                "num_docks_available": 0,
                "region_id": "491",
                "rental_uris": {
                    "android": "https://app.nextbike.net/station?id=373982224",
                    "ios": "https://app.nextbike.net/station?id=373982224",
                    "web": "https://nxtb.it/p/373982224"
                },
                "short_name": "7965",
                "station_id": "373982224",
                "vehicle_types_available": [
                    {
                        "count": 1,
                        "vehicle_type_id": "183"
                    }
                ]
            },
            "type": "Feature"
        },
        {
            "geometry": {
                "coordinates": [
                    8.261418,
                    47.034442
                ],
                "type": "Point"
            },
            "properties": {
                "is_installed": true,
                "is_renting": true,
                "is_returning": true,
                "is_virtual_station": false,
                "last_reported": 1789324623,
                "name": "Langmatt / Sackweidstrasse",
                "num_bikes_available": 0,
                "num_docks_available": 0,
                "region_id": "491",
                "rental_uris": {
                    "android": "https://app.nextbike.net/station?id=373983605",
                    "ios": "https://app.nextbike.net/station?id=373983605",
                    "web": "https://nxtb.it/p/373983605"
                },
                "short_name": "7966",
                "station_id": "373983605",
                "vehicle_types_available": []
            },
            "type": "Feature"
        },
        {
            "geometry": {
                "coordinates": [
                    8.266268,
                    47.034735
                ],
                "type": "Point"
            },
            "properties": {
                "is_installed": true,
                "is_renting": true,
                "is_returning": true,
                "is_virtual_station": false,
                "last_reported": 1789324623,
                "name": "Schulhaus Feldm\u00fchle / Zumhofstrasse 1",
                "num_bikes_available": 0,
                "num_docks_available": 0,
                "region_id": "491",
                "rental_uris": {
                    "android": "https://app.nextbike.net/station?id=373984539",
                    "ios": "https://app.nextbike.net/station?id=373984539",
                    "web": "https://nxtb.it/p/373984539"
                },
                "short_name": "7967",
                "station_id": "373984539",
                "vehicle_types_available": []
            },
            "type": "Feature"
        },
        {
            "geometry": {
                "coordinates": [
                    8.27682,
                    47.034029
                ],
                "type": "Point"
            },
            "properties": {
                "is_installed": true,
                "is_renting": true,
                "is_returning": true,
                "is_virtual_station": false,
                "last_reported": 1789324623,
                "name": "Busschleife Kriens / Schmiedgasse",
                "num_bikes_available": 0,
                "num_docks_available": 0,
                "region_id": "491",
                "rental_uris": {
                    "android": "https://app.nextbike.net/station?id=373985189",
                    "ios": "https://app.nextbike.net/station?id=373985189",
                    "web": "https://nxtb.it/p/373985189"
                },
                "short_name": "7968",
                "station_id": "373985189",
                "vehicle_types_available": []
            },
            "type": "Feature"
        },
        {
            "geometry": {
                "coordinates": [
                    8.277517,
                    47.030497
                ],
                "type": "Point"
            },
            "properties": {
                "is_installed": true,
                "is_renting": true,
                "is_returning": true,
                "is_virtual_station": false,
                "last_reported": 1789324623,
                "name": "Pilatusbahnen / Schlossweg 1",
                "num_bikes_available": 0,
                "num_docks_available": 0,
                "region_id": "491",
                "rental_uris": {
                    "android": "https://app.nextbike.net/station?id=373986179",
                    "ios": "https://app.nextbike.net/station?id=373986179",
                    "web": "https://nxtb.it/p/373986179"
                },
                "short_name": "7969",
                "station_id": "373986179",
                "vehicle_types_available": []
            },
            "type": "Feature"
        },
        {
            "geometry": {
                "coordinates": [
                    8.277614,
                    47.078835
                ],
                "type": "Point"
            },
            "properties": {
                "is_installed": true,
                "is_renting": true,
                "is_returning": true,
                "is_virtual_station": false,
                "last_reported": 1789324623,
                "name": "Bushaltestelle Gersag / R\u00fceggisingerstrasse 29",
                "num_bikes_available": 2,
                "num_docks_available": 0,
                "region_id": "857",
                "rental_uris": {
                    "android": "https://app.nextbike.net/station?id=373994763",
                    "ios": "https://app.nextbike.net/station?id=373994763",
                    "web": "https://nxtb.it/p/373994763"
                },
                "short_name": "8169",
                "station_id": "373994763",
                "vehicle_types_available": [
                    {
                        "count": 2,
                        "vehicle_type_id": "196"
                    }
                ]
            },
            "type": "Feature"
        },
        {
            "geometry": {
                "coordinates": [
                    8.27204,
                    47.080654
                ],
                "type": "Point"
            },
            "properties": {
                "is_installed": true,
                "is_renting": true,
                "is_returning": true,
                "is_virtual_station": false,
                "last_reported": 1789324623,
                "name": "Schulhaus Sprengi / Erlenstrasse 1",
                "num_bikes_available": 0,
                "num_docks_available": 0,
                "region_id": "857",
                "rental_uris": {
                    "android": "https://app.nextbike.net/station?id=373995482",
                    "ios": "https://app.nextbike.net/station?id=373995482",
                    "web": "https://nxtb.it/p/373995482"
                },
                "short_name": "8170",
                "station_id": "373995482",
                "vehicle_types_available": []
            },
            "type": "Feature"
        },
        {
            "geometry": {
                "coordinates": [
                    8.279357,
                    47.179526
                ],
                "type": "Point"
            },
            "properties": {
                "is_installed": true,
                "is_renting": true,
                "is_returning": true,
                "is_virtual_station": false,
                "last_reported": 1789324623,
                "name": "Kloster Baldegg / Alte Klosterstrasse 15",
                "num_bikes_available": 0,
                "num_docks_available": 0,
                "region_id": "492",
                "rental_uris": {
                    "android": "https://app.nextbike.net/station?id=379581123",
                    "ios": "https://app.nextbike.net/station?id=379581123",
                    "web": "https://nxtb.it/p/379581123"
                },
                "short_name": "80245",
                "station_id": "379581123",
                "vehicle_types_available": []
            },
            "type": "Feature"
        },
        {
            "geometry": {
                "coordinates": [
                    8.294554,
                    47.166485
                ],
                "type": "Point"
            },
            "properties": {
                "is_installed": true,
                "is_renting": true,
                "is_returning": true,
                "is_virtual_station": false,
                "last_reported": 1789324623,
                "name": "Sonnmatt / Hohenrainstrasse 2",
                "num_bikes_available": 2,
                "num_docks_available": 0,
                "region_id": "492",
                "rental_uris": {
                    "android": "https://app.nextbike.net/station?id=379582046",
                    "ios": "https://app.nextbike.net/station?id=379582046",
                    "web": "https://nxtb.it/p/379582046"
                },
                "short_name": "80246",
                "station_id": "379582046",
                "vehicle_types_available": [
                    {
                        "count": 2,
                        "vehicle_type_id": "150"
                    }
                ]
            },
            "type": "Feature"
        },
        {
            "geometry": {
                "coordinates": [
                    8.286567,
                    47.172346
                ],
                "type": "Point"
            },
            "properties": {
                "is_installed": true,
                "is_renting": true,
                "is_returning": true,
                "is_virtual_station": false,
                "last_reported": 1789324623,
                "name": "Bellevue / Bellevuestrasse 27",
                "num_bikes_available": 5,
                "num_docks_available": 0,
                "region_id": "492",
                "rental_uris": {
                    "android": "https://app.nextbike.net/station?id=379582404",
                    "ios": "https://app.nextbike.net/station?id=379582404",
                    "web": "https://nxtb.it/p/379582404"
                },
                "short_name": "80247",
                "station_id": "379582404",
                "vehicle_types_available": [
                    {
                        "count": 4,
                        "vehicle_type_id": "196"
                    },
                    {
                        "count": 1,
                        "vehicle_type_id": "150"
                    }
                ]
            },
            "type": "Feature"
        },
        {
            "geometry": {
                "coordinates": [
                    8.294098,
                    47.161631
                ],
                "type": "Point"
            },
            "properties": {
                "is_installed": true,
                "is_renting": true,
                "is_returning": true,
                "is_virtual_station": false,
                "last_reported": 1789324623,
                "name": "Rosenh\u00fcgel / Rathausstrasse 37",
                "num_bikes_available": 1,
                "num_docks_available": 0,
                "region_id": "492",
                "rental_uris": {
                    "android": "https://app.nextbike.net/station?id=379582682",
                    "ios": "https://app.nextbike.net/station?id=379582682",
                    "web": "https://nxtb.it/p/379582682"
                },
                "short_name": "80248",
                "station_id": "379582682",
                "vehicle_types_available": [
                    {
                        "count": 1,
                        "vehicle_type_id": "150"
                    }
                ]
            },
            "type": "Feature"
        },
        {
            "geometry": {
                "coordinates": [
                    8.290091,
                    47.164545
                ],
                "type": "Point"
            },
            "properties": {
                "is_installed": true,
                "is_renting": true,
                "is_returning": true,
                "is_virtual_station": false,
                "last_reported": 1789324623,
                "name": "Schulanlage West / Urswilstrasse 24",
                "num_bikes_available": 5,
                "num_docks_available": 0,
                "region_id": "492",
                "rental_uris": {
                    "android": "https://app.nextbike.net/station?id=379582952",
                    "ios": "https://app.nextbike.net/station?id=379582952",
                    "web": "https://nxtb.it/p/379582952"
                },
                "short_name": "80249",
                "station_id": "379582952",
                "vehicle_types_available": [
                    {
                        "count": 4,
                        "vehicle_type_id": "150"
                    },
                    {
                        "count": 1,
                        "vehicle_type_id": "196"
                    }
                ]
            },
            "type": "Feature"
        },
        {
            "geometry": {
                "coordinates": [
                    8.294324,
                    47.169235
                ],
                "type": "Point"
            },
            "properties": {
                "is_installed": true,
                "is_renting": true,
                "is_returning": true,
                "is_virtual_station": false,
                "last_reported": 1789324623,
                "name": "Schulanlage Ost / Sagenbachstrasse 24",
                "num_bikes_available": 1,
                "num_docks_available": 0,
                "region_id": "492",
                "rental_uris": {
                    "android": "https://app.nextbike.net/station?id=379583162",
                    "ios": "https://app.nextbike.net/station?id=379583162",
                    "web": "https://nxtb.it/p/379583162"
                },
                "short_name": "80250",
                "station_id": "379583162",
                "vehicle_types_available": [
                    {
                        "count": 1,
                        "vehicle_type_id": "150"
                    }
                ]
            },
            "type": "Feature"
        },
        {
            "geometry": {
                "coordinates": [
                    8.284636,
                    47.176055
                ],
                "type": "Point"
            },
            "properties": {
                "is_installed": true,
                "is_renting": true,
                "is_returning": true,
                "is_virtual_station": false,
                "last_reported": 1789324623,
                "name": "Schulhaus Junkerwald / Junkerstrasse 2",
                "num_bikes_available": 3,
                "num_docks_available": 0,
                "region_id": "492",
                "rental_uris": {
                    "android": "https://app.nextbike.net/station?id=379583487",
                    "ios": "https://app.nextbike.net/station?id=379583487",
                    "web": "https://nxtb.it/p/379583487"
                },
                "short_name": "80251",
                "station_id": "379583487",
                "vehicle_types_available": [
                    {
                        "count": 2,
                        "vehicle_type_id": "196"
                    },
                    {
                        "count": 1,
                        "vehicle_type_id": "150"
                    }
                ]
            },
            "type": "Feature"
        },
        {
            "geometry": {
                "coordinates": [
                    8.284174,
                    47.173604
                ],
                "type": "Point"
            },
            "properties": {
                "is_installed": true,
                "is_renting": true,
                "is_returning": true,
                "is_virtual_station": false,
                "last_reported": 1789324623,
                "name": "Ziegeleihof / Ziegeleihof 7",
                "num_bikes_available": 1,
                "num_docks_available": 0,
                "region_id": "492",
                "rental_uris": {
                    "android": "https://app.nextbike.net/station?id=379583866",
                    "ios": "https://app.nextbike.net/station?id=379583866",
                    "web": "https://nxtb.it/p/379583866"
                },
                "short_name": "80252",
                "station_id": "379583866",
                "vehicle_types_available": [
                    {
                        "count": 1,
                        "vehicle_type_id": "196"
                    }
                ]
            },
            "type": "Feature"
        },
        {
            "geometry": {
                "coordinates": [
                    8.299001,
                    47.164523
                ],
                "type": "Point"
            },
            "properties": {
                "is_installed": true,
                "is_renting": true,
                "is_returning": true,
                "is_virtual_station": false,
                "last_reported": 1789324623,
                "name": "Bahnhof Sch\u00f6nau / Sch\u00f6nau 1",
                "num_bikes_available": 2,
                "num_docks_available": 0,
                "region_id": "492",
                "rental_uris": {
                    "android": "https://app.nextbike.net/station?id=379584167",
                    "ios": "https://app.nextbike.net/station?id=379584167",
                    "web": "https://nxtb.it/p/379584167"
                },
                "short_name": "80253",
                "station_id": "379584167",
                "vehicle_types_available": [
                    {
                        "count": 2,
                        "vehicle_type_id": "150"
                    }
                ]
            },
            "type": "Feature"
        },
        {
            "geometry": {
                "coordinates": [
                    8.278118,
                    47.186311
                ],
                "type": "Point"
            },
            "properties": {
                "is_installed": true,
                "is_renting": true,
                "is_returning": true,
                "is_virtual_station": false,
                "last_reported": 1789324623,
                "name": "Seebad Baldegg / Seebadstrasse 1",
                "num_bikes_available": 0,
                "num_docks_available": 0,
                "region_id": "492",
                "rental_uris": {
                    "android": "https://app.nextbike.net/station?id=379584550",
                    "ios": "https://app.nextbike.net/station?id=379584550",
                    "web": "https://nxtb.it/p/379584550"
                },
                "short_name": "80254",
                "station_id": "379584550",
                "vehicle_types_available": []
            },
            "type": "Feature"
        },
        {
            "geometry": {
                "coordinates": [
                    8.291502,
                    47.166135
                ],
                "type": "Point"
            },
            "properties": {
                "is_installed": true,
                "is_renting": true,
                "is_returning": true,
                "is_virtual_station": false,
                "last_reported": 1789324623,
                "name": "Oberdorf / Hauptstrasse 5",
                "num_bikes_available": 4,
                "num_docks_available": 0,
                "region_id": "492",
                "rental_uris": {
                    "android": "https://app.nextbike.net/station?id=379584908",
                    "ios": "https://app.nextbike.net/station?id=379584908",
                    "web": "https://nxtb.it/p/379584908"
                },
                "short_name": "80255",
                "station_id": "379584908",
                "vehicle_types_available": [
                    {
                        "count": 3,
                        "vehicle_type_id": "150"
                    },
                    {
                        "count": 1,
                        "vehicle_type_id": "196"
                    }
                ]
            },
            "type": "Feature"
        },
        {
            "geometry": {
                "coordinates": [
                    8.318539,
                    47.13448
                ],
                "type": "Point"
            },
            "properties": {
                "is_installed": true,
                "is_renting": true,
                "is_returning": true,
                "is_virtual_station": false,
                "last_reported": 1789324623,
                "name": "Turnhalle Neuheim / Lindenfeldstrasse 4",
                "num_bikes_available": 3,
                "num_docks_available": 0,
                "region_id": "1038",
                "rental_uris": {
                    "android": "https://app.nextbike.net/station?id=379586952",
                    "ios": "https://app.nextbike.net/station?id=379586952",
                    "web": "https://nxtb.it/p/379586952"
                },
                "short_name": "80265",
                "station_id": "379586952",
                "vehicle_types_available": [
                    {
                        "count": 3,
                        "vehicle_type_id": "196"
                    }
                ]
            },
            "type": "Feature"
        },
        {
            "geometry": {
                "coordinates": [
                    8.3226,
                    47.132622
                ],
                "type": "Point"
            },
            "properties": {
                "is_installed": true,
                "is_renting": true,
                "is_returning": true,
                "is_virtual_station": false,
                "last_reported": 1789324623,
                "name": "Bahnhof Eschenbach / Bahnhofstrasse 22",
                "num_bikes_available": 1,
                "num_docks_available": 0,
                "region_id": "1038",
                "rental_uris": {
                    "android": "https://app.nextbike.net/station?id=379587897",
                    "ios": "https://app.nextbike.net/station?id=379587897",
                    "web": "https://nxtb.it/p/379587897"
                },
                "short_name": "80266",
                "station_id": "379587897",
                "vehicle_types_available": [
                    {
                        "count": 1,
                        "vehicle_type_id": "150"
                    }
                ]
            },
            "type": "Feature"
        },
        {
            "geometry": {
                "coordinates": [
                    8.317637,
                    47.132301
                ],
                "type": "Point"
            },
            "properties": {
                "is_installed": true,
                "is_renting": true,
                "is_returning": true,
                "is_virtual_station": false,
                "last_reported": 1789324623,
                "name": "Schulhaus H\u00fcbeli / Rothenburgstrasse 4",
                "num_bikes_available": 2,
                "num_docks_available": 0,
                "region_id": "1038",
                "rental_uris": {
                    "android": "https://app.nextbike.net/station?id=379588635",
                    "ios": "https://app.nextbike.net/station?id=379588635",
                    "web": "https://nxtb.it/p/379588635"
                },
                "short_name": "80267",
                "station_id": "379588635",
                "vehicle_types_available": [
                    {
                        "count": 2,
                        "vehicle_type_id": "150"
                    }
                ]
            },
            "type": "Feature"
        },
        {
            "geometry": {
                "coordinates": [
                    8.324311,
                    47.153259
                ],
                "type": "Point"
            },
            "properties": {
                "is_installed": true,
                "is_renting": true,
                "is_returning": true,
                "is_virtual_station": false,
                "last_reported": 1789324623,
                "name": "Gemeindeverwaltung Ballwil / Ambar 2",
                "num_bikes_available": 3,
                "num_docks_available": 0,
                "region_id": "1037",
                "rental_uris": {
                    "android": "https://app.nextbike.net/station?id=379590834",
                    "ios": "https://app.nextbike.net/station?id=379590834",
                    "web": "https://nxtb.it/p/379590834"
                },
                "short_name": "80270",
                "station_id": "379590834",
                "vehicle_types_available": [
                    {
                        "count": 1,
                        "vehicle_type_id": "196"
                    },
                    {
                        "count": 2,
                        "vehicle_type_id": "150"
                    }
                ]
            },
            "type": "Feature"
        },
        {
            "geometry": {
                "coordinates": [
                    8.32047,
                    47.152844
                ],
                "type": "Point"
            },
            "properties": {
                "is_installed": true,
                "is_renting": true,
                "is_returning": true,
                "is_virtual_station": false,
                "last_reported": 1789324623,
                "name": "Volg Ballwil / Dorfstrasse 19",
                "num_bikes_available": 1,
                "num_docks_available": 0,
                "region_id": "1037",
                "rental_uris": {
                    "android": "https://app.nextbike.net/station?id=379591274",
                    "ios": "https://app.nextbike.net/station?id=379591274",
                    "web": "https://nxtb.it/p/379591274"
                },
                "short_name": "80271",
                "station_id": "379591274",
                "vehicle_types_available": [
                    {
                        "count": 1,
                        "vehicle_type_id": "196"
                    }
                ]
            },
            "type": "Feature"
        },
        {
            "geometry": {
                "coordinates": [
                    8.317031,
                    47.153456
                ],
                "type": "Point"
            },
            "properties": {
                "is_installed": true,
                "is_renting": true,
                "is_returning": true,
                "is_virtual_station": false,
                "last_reported": 1789324623,
                "name": "Bahnhof Ballwil / Wilhofweg",
                "num_bikes_available": 1,
                "num_docks_available": 0,
                "region_id": "1037",
                "rental_uris": {
                    "android": "https://app.nextbike.net/station?id=379591579",
                    "ios": "https://app.nextbike.net/station?id=379591579",
                    "web": "https://nxtb.it/p/379591579"
                },
                "short_name": "80272",
                "station_id": "379591579",
                "vehicle_types_available": [
                    {
                        "count": 1,
                        "vehicle_type_id": "196"
                    }
                ]
            },
            "type": "Feature"
        },
        {
            "geometry": {
                "coordinates": [
                    8.350189,
                    47.12272
                ],
                "type": "Point"
            },
            "properties": {
                "is_installed": true,
                "is_renting": true,
                "is_returning": true,
                "is_virtual_station": false,
                "last_reported": 1789324623,
                "name": "Dorf / Ballwilerstrasse",
                "num_bikes_available": 6,
                "num_docks_available": 0,
                "region_id": "1039",
                "rental_uris": {
                    "android": "https://app.nextbike.net/station?id=379592704",
                    "ios": "https://app.nextbike.net/station?id=379592704",
                    "web": "https://nxtb.it/p/379592704"
                },
                "short_name": "80275",
                "station_id": "379592704",
                "vehicle_types_available": [
                    {
                        "count": 1,
                        "vehicle_type_id": "183"
                    },
                    {
                        "count": 2,
                        "vehicle_type_id": "196"
                    },
                    {
                        "count": 3,
                        "vehicle_type_id": "150"
                    }
                ]
            },
            "type": "Feature"
        },
        {
            "geometry": {
                "coordinates": [
                    8.35381,
                    47.122939
                ],
                "type": "Point"
            },
            "properties": {
                "is_installed": true,
                "is_renting": true,
                "is_returning": true,
                "is_virtual_station": false,
                "last_reported": 1789324623,
                "name": "Schulhaus / Hauptstrasse 49",
                "num_bikes_available": 3,
                "num_docks_available": 0,
                "region_id": "1039",
                "rental_uris": {
                    "android": "https://app.nextbike.net/station?id=379592872",
                    "ios": "https://app.nextbike.net/station?id=379592872",
                    "web": "https://nxtb.it/p/379592872"
                },
                "short_name": "80276",
                "station_id": "379592872",
                "vehicle_types_available": [
                    {
                        "count": 1,
                        "vehicle_type_id": "196"
                    },
                    {
                        "count": 2,
                        "vehicle_type_id": "150"
                    }
                ]
            },
            "type": "Feature"
        },
        {
            "geometry": {
                "coordinates": [
                    8.346385,
                    47.122056
                ],
                "type": "Point"
            },
            "properties": {
                "is_installed": true,
                "is_renting": true,
                "is_returning": true,
                "is_virtual_station": false,
                "last_reported": 1789324623,
                "name": "Pannerhof / Hauptstrasse 17",
                "num_bikes_available": 1,
                "num_docks_available": 0,
                "region_id": "1039",
                "rental_uris": {
                    "android": "https://app.nextbike.net/station?id=379593857",
                    "ios": "https://app.nextbike.net/station?id=379593857",
                    "web": "https://nxtb.it/p/379593857"
                },
                "short_name": "80277",
                "station_id": "379593857",
                "vehicle_types_available": [
                    {
                        "count": 1,
                        "vehicle_type_id": "150"
                    }
                ]
            },
            "type": "Feature"
        },
        {
            "geometry": {
                "coordinates": [
                    8.347887,
                    47.124972
                ],
                "type": "Point"
            },
            "properties": {
                "is_installed": true,
                "is_renting": true,
                "is_returning": true,
                "is_virtual_station": false,
                "last_reported": 1789324623,
                "name": "Oberweidstrasse / Sigihang",
                "num_bikes_available": 4,
                "num_docks_available": 0,
                "region_id": "1039",
                "rental_uris": {
                    "android": "https://app.nextbike.net/station?id=379594097",
                    "ios": "https://app.nextbike.net/station?id=379594097",
                    "web": "https://nxtb.it/p/379594097"
                },
                "short_name": "80278",
                "station_id": "379594097",
                "vehicle_types_available": [
                    {
                        "count": 2,
                        "vehicle_type_id": "196"
                    },
                    {
                        "count": 1,
                        "vehicle_type_id": "150"
                    },
                    {
                        "count": 1,
                        "vehicle_type_id": "183"
                    }
                ]
            },
            "type": "Feature"
        },
        {
            "geometry": {
                "coordinates": [
                    8.638172,
                    46.880516
                ],
                "type": "Point"
            },
            "properties": {
                "is_installed": true,
                "is_renting": true,
                "is_returning": true,
                "is_virtual_station": false,
                "last_reported": 1789324623,
                "name": "Schulhaus Florentini/ Seedorferstrasse 1",
                "num_bikes_available": 5,
                "num_docks_available": 0,
                "region_id": "1040",
                "rental_uris": {
                    "android": "https://app.nextbike.net/station?id=379595874",
                    "ios": "https://app.nextbike.net/station?id=379595874",
                    "web": "https://nxtb.it/p/379595874"
                },
                "short_name": "80280",
                "station_id": "379595874",
                "vehicle_types_available": [
                    {
                        "count": 3,
                        "vehicle_type_id": "150"
                    },
                    {
                        "count": 2,
                        "vehicle_type_id": "196"
                    }
                ]
            },
            "type": "Feature"
        },
        {
            "geometry": {
                "coordinates": [
                    8.641675,
                    46.882547
                ],
                "type": "Point"
            },
            "properties": {
                "is_installed": true,
                "is_renting": true,
                "is_returning": true,
                "is_virtual_station": false,
                "last_reported": 1789324623,
                "name": "Gemeindehaus / Tellsgasse 25",
                "num_bikes_available": 0,
                "num_docks_available": 0,
                "region_id": "1040",
                "rental_uris": {
                    "android": "https://app.nextbike.net/station?id=379596658",
                    "ios": "https://app.nextbike.net/station?id=379596658",
                    "web": "https://nxtb.it/p/379596658"
                },
                "short_name": "80281",
                "station_id": "379596658",
                "vehicle_types_available": []
            },
            "type": "Feature"
        },
        {
            "geometry": {
                "coordinates": [
                    8.639197,
                    46.878532
                ],
                "type": "Point"
            },
            "properties": {
                "is_installed": true,
                "is_renting": true,
                "is_returning": true,
                "is_virtual_station": false,
                "last_reported": 1789324623,
                "name": "Berufs- u. Weiterbildungszentrum Uri / Attinghauserstrasse 12",
                "num_bikes_available": 6,
                "num_docks_available": 0,
                "region_id": "1040",
                "rental_uris": {
                    "android": "https://app.nextbike.net/station?id=379597145",
                    "ios": "https://app.nextbike.net/station?id=379597145",
                    "web": "https://nxtb.it/p/379597145"
                },
                "short_name": "80282",
                "station_id": "379597145",
                "vehicle_types_available": [
                    {
                        "count": 3,
                        "vehicle_type_id": "196"
                    },
                    {
                        "count": 3,
                        "vehicle_type_id": "150"
                    }
                ]
            },
            "type": "Feature"
        },
        {
            "geometry": {
                "coordinates": [
                    8.64255,
                    46.881597
                ],
                "type": "Point"
            },
            "properties": {
                "is_installed": true,
                "is_renting": true,
                "is_returning": true,
                "is_virtual_station": false,
                "last_reported": 1789324623,
                "name": "St\u00f6ckligasse",
                "num_bikes_available": 2,
                "num_docks_available": 0,
                "region_id": "1040",
                "rental_uris": {
                    "android": "https://app.nextbike.net/station?id=379611299",
                    "ios": "https://app.nextbike.net/station?id=379611299",
                    "web": "https://nxtb.it/p/379611299"
                },
                "short_name": "80283",
                "station_id": "379611299",
                "vehicle_types_available": [
                    {
                        "count": 1,
                        "vehicle_type_id": "150"
                    },
                    {
                        "count": 1,
                        "vehicle_type_id": "196"
                    }
                ]
            },
            "type": "Feature"
        },
        {
            "geometry": {
                "coordinates": [
                    8.63829,
                    46.88284
                ],
                "type": "Point"
            },
            "properties": {
                "is_installed": true,
                "is_renting": true,
                "is_returning": true,
                "is_virtual_station": false,
                "last_reported": 1789324623,
                "name": "Kantonsspital Uri / Birkenstrasse",
                "num_bikes_available": 2,
                "num_docks_available": 0,
                "region_id": "1040",
                "rental_uris": {
                    "android": "https://app.nextbike.net/station?id=379611477",
                    "ios": "https://app.nextbike.net/station?id=379611477",
                    "web": "https://nxtb.it/p/379611477"
                },
                "short_name": "80284",
                "station_id": "379611477",
                "vehicle_types_available": [
                    {
                        "count": 2,
                        "vehicle_type_id": "196"
                    }
                ]
            },
            "type": "Feature"
        },
        {
            "geometry": {
                "coordinates": [
                    8.631595,
                    46.876189
                ],
                "type": "Point"
            },
            "properties": {
                "is_installed": true,
                "is_renting": true,
                "is_returning": true,
                "is_virtual_station": false,
                "last_reported": 1789324623,
                "name": "Bahnhof Altdorf / Bahnhofplatz 1",
                "num_bikes_available": 4,
                "num_docks_available": 0,
                "region_id": "1040",
                "rental_uris": {
                    "android": "https://app.nextbike.net/station?id=379611825",
                    "ios": "https://app.nextbike.net/station?id=379611825",
                    "web": "https://nxtb.it/p/379611825"
                },
                "short_name": "80285",
                "station_id": "379611825",
                "vehicle_types_available": [
                    {
                        "count": 3,
                        "vehicle_type_id": "150"
                    },
                    {
                        "count": 1,
                        "vehicle_type_id": "196"
                    }
                ]
            },
            "type": "Feature"
        },
        {
            "geometry": {
                "coordinates": [
                    8.637233,
                    46.871201
                ],
                "type": "Point"
            },
            "properties": {
                "is_installed": true,
                "is_renting": true,
                "is_returning": true,
                "is_virtual_station": false,
                "last_reported": 1789324623,
                "name": "Kirche Bruder Klaus / Attinghauserstrasse 79",
                "num_bikes_available": 5,
                "num_docks_available": 0,
                "region_id": "1040",
                "rental_uris": {
                    "android": "https://app.nextbike.net/station?id=379612026",
                    "ios": "https://app.nextbike.net/station?id=379612026",
                    "web": "https://nxtb.it/p/379612026"
                },
                "short_name": "80286",
                "station_id": "379612026",
                "vehicle_types_available": [
                    {
                        "count": 3,
                        "vehicle_type_id": "196"
                    },
                    {
                        "count": 2,
                        "vehicle_type_id": "150"
                    }
                ]
            },
            "type": "Feature"
        },
        {
            "geometry": {
                "coordinates": [
                    8.644824,
                    46.88108
                ],
                "type": "Point"
            },
            "properties": {
                "is_installed": true,
                "is_renting": true,
                "is_returning": true,
                "is_virtual_station": false,
                "last_reported": 1789324623,
                "name": "Theater Uri / Lehnplatz 20",
                "num_bikes_available": 5,
                "num_docks_available": 0,
                "region_id": "1040",
                "rental_uris": {
                    "android": "https://app.nextbike.net/station?id=379612983",
                    "ios": "https://app.nextbike.net/station?id=379612983",
                    "web": "https://nxtb.it/p/379612983"
                },
                "short_name": "80287",
                "station_id": "379612983",
                "vehicle_types_available": [
                    {
                        "count": 2,
                        "vehicle_type_id": "196"
                    },
                    {
                        "count": 3,
                        "vehicle_type_id": "150"
                    }
                ]
            },
            "type": "Feature"
        },
        {
            "geometry": {
                "coordinates": [
                    8.651004,
                    46.875001
                ],
                "type": "Point"
            },
            "properties": {
                "is_installed": true,
                "is_renting": true,
                "is_returning": true,
                "is_virtual_station": false,
                "last_reported": 1789324623,
                "name": "Kantonale Mittelschule Uri / Klausenstrasse",
                "num_bikes_available": 1,
                "num_docks_available": 0,
                "region_id": "1040",
                "rental_uris": {
                    "android": "https://app.nextbike.net/station?id=379613880",
                    "ios": "https://app.nextbike.net/station?id=379613880",
                    "web": "https://nxtb.it/p/379613880"
                },
                "short_name": "80288",
                "station_id": "379613880",
                "vehicle_types_available": [
                    {
                        "count": 1,
                        "vehicle_type_id": "196"
                    }
                ]
            },
            "type": "Feature"
        },
        {
            "geometry": {
                "coordinates": [
                    8.642775,
                    46.880109
                ],
                "type": "Point"
            },
            "properties": {
                "is_installed": true,
                "is_renting": true,
                "is_returning": true,
                "is_virtual_station": false,
                "last_reported": 1789324623,
                "name": "Spielplatz St. Karl / Gitschenstrasse",
                "num_bikes_available": 1,
                "num_docks_available": 0,
                "region_id": "1040",
                "rental_uris": {
                    "android": "https://app.nextbike.net/station?id=379615042",
                    "ios": "https://app.nextbike.net/station?id=379615042",
                    "web": "https://nxtb.it/p/379615042"
                },
                "short_name": "80289",
                "station_id": "379615042",
                "vehicle_types_available": [
                    {
                        "count": 1,
                        "vehicle_type_id": "196"
                    }
                ]
            },
            "type": "Feature"
        },
        {
            "geometry": {
                "coordinates": [
                    8.62843,
                    46.892574
                ],
                "type": "Point"
            },
            "properties": {
                "is_installed": true,
                "is_renting": true,
                "is_returning": true,
                "is_virtual_station": false,
                "last_reported": 1789324623,
                "name": "Schwimmbad+Camping Moosbad / Fl\u00fcelerstrasse 104",
                "num_bikes_available": 5,
                "num_docks_available": 0,
                "region_id": "1040",
                "rental_uris": {
                    "android": "https://app.nextbike.net/station?id=379615609",
                    "ios": "https://app.nextbike.net/station?id=379615609",
                    "web": "https://nxtb.it/p/379615609"
                },
                "short_name": "80290",
                "station_id": "379615609",
                "vehicle_types_available": [
                    {
                        "count": 2,
                        "vehicle_type_id": "150"
                    },
                    {
                        "count": 3,
                        "vehicle_type_id": "196"
                    }
                ]
            },
            "type": "Feature"
        },
        {
            "geometry": {
                "coordinates": [
                    8.314376,
                    47.044507
                ],
                "type": "Point"
            },
            "properties": {
                "is_installed": true,
                "is_renting": true,
                "is_returning": true,
                "is_virtual_station": false,
                "last_reported": 1789324623,
                "name": "Werkhofstrasse 20",
                "num_bikes_available": 1,
                "num_docks_available": 0,
                "region_id": "126",
                "rental_uris": {
                    "android": "https://app.nextbike.net/station?id=38563",
                    "ios": "https://app.nextbike.net/station?id=38563",
                    "web": "https://nxtb.it/p/38563"
                },
                "short_name": "8013",
                "station_id": "38563",
                "vehicle_types_available": [
                    {
                        "count": 1,
                        "vehicle_type_id": "196"
                    }
                ]
            },
            "type": "Feature"
        },
        {
            "geometry": {
                "coordinates": [
                    8.314118,
                    47.043428
                ],
                "type": "Point"
            },
            "properties": {
                "is_installed": true,
                "is_renting": true,
                "is_returning": true,
                "is_virtual_station": false,
                "last_reported": 1789324623,
                "name": "CSS / Tribschenstrasse 21",
                "num_bikes_available": 0,
                "num_docks_available": 0,
                "region_id": "126",
                "rental_uris": {
                    "android": "https://app.nextbike.net/station?id=38564",
                    "ios": "https://app.nextbike.net/station?id=38564",
                    "web": "https://nxtb.it/p/38564"
                },
                "short_name": "8025",
                "station_id": "38564",
                "vehicle_types_available": []
            },
            "type": "Feature"
        },
        {
            "geometry": {
                "coordinates": [
                    8.327342,
                    47.037228
                ],
                "type": "Point"
            },
            "properties": {
                "is_installed": true,
                "is_renting": true,
                "is_returning": true,
                "is_virtual_station": false,
                "last_reported": 1789324623,
                "name": "Sch\u00f6nb\u00fchlcenter / Langensandstrasse 23",
                "num_bikes_available": 2,
                "num_docks_available": 0,
                "region_id": "126",
                "rental_uris": {
                    "android": "https://app.nextbike.net/station?id=38566",
                    "ios": "https://app.nextbike.net/station?id=38566",
                    "web": "https://nxtb.it/p/38566"
                },
                "short_name": "8050",
                "station_id": "38566",
                "vehicle_types_available": [
                    {
                        "count": 2,
                        "vehicle_type_id": "150"
                    }
                ]
            },
            "type": "Feature"
        },
        {
            "geometry": {
                "coordinates": [
                    8.302236,
                    47.026607
                ],
                "type": "Point"
            },
            "properties": {
                "is_installed": true,
                "is_renting": true,
                "is_returning": true,
                "is_virtual_station": false,
                "last_reported": 1789324623,
                "name": "Bahnhof Mattenhof",
                "num_bikes_available": 1,
                "num_docks_available": 0,
                "region_id": "491",
                "rental_uris": {
                    "android": "https://app.nextbike.net/station?id=38567",
                    "ios": "https://app.nextbike.net/station?id=38567",
                    "web": "https://nxtb.it/p/38567"
                },
                "short_name": "8028",
                "station_id": "38567",
                "vehicle_types_available": [
                    {
                        "count": 1,
                        "vehicle_type_id": "196"
                    }
                ]
            },
            "type": "Feature"
        },
        {
            "geometry": {
                "coordinates": [
                    8.30332,
                    47.033653
                ],
                "type": "Point"
            },
            "properties": {
                "capacity": 1,
                "is_installed": true,
                "is_renting": true,
                "is_returning": true,
                "is_virtual_station": false,
                "last_reported": 1789324623,
                "name": "Allmend / Horwerstrasse 85",
                "num_bikes_available": 0,
                "num_docks_available": 1,
                "region_id": "126",
                "rental_uris": {
                    "android": "https://app.nextbike.net/station?id=38568",
                    "ios": "https://app.nextbike.net/station?id=38568",
                    "web": "https://nxtb.it/p/38568"
                },
                "short_name": "8053",
                "station_id": "38568",
                "vehicle_types_available": []
            },
            "type": "Feature"
        },
        {
            "geometry": {
                "coordinates": [
                    8.279631,
                    47.033755
                ],
                "type": "Point"
            },
            "properties": {
                "is_installed": true,
                "is_renting": true,
                "is_returning": true,
                "is_virtual_station": false,
                "last_reported": 1789324623,
                "name": "Gallusstrasse / Luzernerstrasse",
                "num_bikes_available": 0,
                "num_docks_available": 0,
                "region_id": "491",
                "rental_uris": {
                    "android": "https://app.nextbike.net/station?id=38569",
                    "ios": "https://app.nextbike.net/station?id=38569",
                    "web": "https://nxtb.it/p/38569"
                },
                "short_name": "8026",
                "station_id": "38569",
                "vehicle_types_available": []
            },
            "type": "Feature"
        },
        {
            "geometry": {
                "coordinates": [
                    8.311565,
                    47.019289
                ],
                "type": "Point"
            },
            "properties": {
                "is_installed": true,
                "is_renting": true,
                "is_returning": true,
                "is_virtual_station": false,
                "last_reported": 1789324623,
                "name": "Station Zentrum",
                "num_bikes_available": 1,
                "num_docks_available": 0,
                "region_id": "391",
                "rental_uris": {
                    "android": "https://app.nextbike.net/station?id=38570",
                    "ios": "https://app.nextbike.net/station?id=38570",
                    "web": "https://nxtb.it/p/38570"
                },
                "short_name": "8066",
                "station_id": "38570",
                "vehicle_types_available": [
                    {
                        "count": 1,
                        "vehicle_type_id": "150"
                    }
                ]
            },
            "type": "Feature"
        },
        {
            "geometry": {
                "coordinates": [
                    8.308572,
                    47.050922
                ],
                "type": "Point"
            },
            "properties": {
                "is_installed": true,
                "is_renting": true,
                "is_returning": true,
                "is_virtual_station": false,
                "last_reported": 1789324623,
                "name": "Hauptpost / Bahnhofstrasse 1",
                "num_bikes_available": 2,
                "num_docks_available": 0,
                "region_id": "126",
                "rental_uris": {
                    "android": "https://app.nextbike.net/station?id=38572",
                    "ios": "https://app.nextbike.net/station?id=38572",
                    "web": "https://nxtb.it/p/38572"
                },
                "short_name": "8042",
                "station_id": "38572",
                "vehicle_types_available": [
                    {
                        "count": 1,
                        "vehicle_type_id": "150"
                    },
                    {
                        "count": 1,
                        "vehicle_type_id": "196"
                    }
                ]
            },
            "type": "Feature"
        },
        {
            "geometry": {
                "coordinates": [
                    8.274427,
                    47.062891
                ],
                "type": "Point"
            },
            "properties": {
                "is_installed": true,
                "is_renting": true,
                "is_returning": true,
                "is_virtual_station": false,
                "last_reported": 1789324623,
                "name": "Ruopigenplatz 1",
                "num_bikes_available": 1,
                "num_docks_available": 0,
                "region_id": "126",
                "rental_uris": {
                    "android": "https://app.nextbike.net/station?id=38574",
                    "ios": "https://app.nextbike.net/station?id=38574",
                    "web": "https://nxtb.it/p/38574"
                },
                "short_name": "8029",
                "station_id": "38574",
                "vehicle_types_available": [
                    {
                        "count": 1,
                        "vehicle_type_id": "150"
                    }
                ]
            },
            "type": "Feature"
        },
        {
            "geometry": {
                "coordinates": [
                    8.314912,
                    47.067228
                ],
                "type": "Point"
            },
            "properties": {
                "is_installed": true,
                "is_renting": true,
                "is_returning": true,
                "is_virtual_station": false,
                "last_reported": 1789324623,
                "name": "Busschleife 1er / Maihofstrasse",
                "num_bikes_available": 4,
                "num_docks_available": 0,
                "region_id": "126",
                "rental_uris": {
                    "android": "https://app.nextbike.net/station?id=38580",
                    "ios": "https://app.nextbike.net/station?id=38580",
                    "web": "https://nxtb.it/p/38580"
                },
                "short_name": "8014",
                "station_id": "38580",
                "vehicle_types_available": [
                    {
                        "count": 3,
                        "vehicle_type_id": "150"
                    },
                    {
                        "count": 1,
                        "vehicle_type_id": "196"
                    }
                ]
            },
            "type": "Feature"
        },
        {
            "geometry": {
                "coordinates": [
                    8.308666,
                    47.061808
                ],
                "type": "Point"
            },
            "properties": {
                "is_installed": true,
                "is_renting": true,
                "is_returning": true,
                "is_virtual_station": false,
                "last_reported": 1789324623,
                "name": "CBN - Schlossberg / Maihofstrasse",
                "num_bikes_available": 3,
                "num_docks_available": 0,
                "region_id": "126",
                "rental_uris": {
                    "android": "https://app.nextbike.net/station?id=38582",
                    "ios": "https://app.nextbike.net/station?id=38582",
                    "web": "https://nxtb.it/p/38582"
                },
                "short_name": "8104",
                "station_id": "38582",
                "vehicle_types_available": [
                    {
                        "count": 2,
                        "vehicle_type_id": "150"
                    },
                    {
                        "count": 1,
                        "vehicle_type_id": "196"
                    }
                ]
            },
            "type": "Feature"
        },
        {
            "geometry": {
                "coordinates": [
                    8.299398,
                    47.053254
                ],
                "type": "Point"
            },
            "properties": {
                "is_installed": true,
                "is_renting": true,
                "is_returning": true,
                "is_virtual_station": false,
                "last_reported": 1789324623,
                "name": "St.Karlistrasse 3",
                "num_bikes_available": 2,
                "num_docks_available": 0,
                "region_id": "126",
                "rental_uris": {
                    "android": "https://app.nextbike.net/station?id=38583",
                    "ios": "https://app.nextbike.net/station?id=38583",
                    "web": "https://nxtb.it/p/38583"
                },
                "short_name": "8041",
                "station_id": "38583",
                "vehicle_types_available": [
                    {
                        "count": 2,
                        "vehicle_type_id": "196"
                    }
                ]
            },
            "type": "Feature"
        },
        {
            "geometry": {
                "coordinates": [
                    8.296695,
                    47.057552
                ],
                "type": "Point"
            },
            "properties": {
                "is_installed": true,
                "is_renting": true,
                "is_returning": true,
                "is_virtual_station": false,
                "last_reported": 1789324623,
                "name": "Kantonsspital Personalhaus 2 / Spitalstrasse",
                "num_bikes_available": 1,
                "num_docks_available": 0,
                "region_id": "126",
                "rental_uris": {
                    "android": "https://app.nextbike.net/station?id=38584",
                    "ios": "https://app.nextbike.net/station?id=38584",
                    "web": "https://nxtb.it/p/38584"
                },
                "short_name": "8033",
                "station_id": "38584",
                "vehicle_types_available": [
                    {
                        "count": 1,
                        "vehicle_type_id": "196"
                    }
                ]
            },
            "type": "Feature"
        },
        {
            "geometry": {
                "coordinates": [
                    8.299468,
                    47.050739
                ],
                "type": "Point"
            },
            "properties": {
                "is_installed": true,
                "is_renting": true,
                "is_returning": true,
                "is_virtual_station": false,
                "last_reported": 1789324623,
                "name": "CBN - Bruchstrasse 20",
                "num_bikes_available": 4,
                "num_docks_available": 0,
                "region_id": "126",
                "rental_uris": {
                    "android": "https://app.nextbike.net/station?id=38585",
                    "ios": "https://app.nextbike.net/station?id=38585",
                    "web": "https://nxtb.it/p/38585"
                },
                "short_name": "8017",
                "station_id": "38585",
                "vehicle_types_available": [
                    {
                        "count": 2,
                        "vehicle_type_id": "150"
                    },
                    {
                        "count": 2,
                        "vehicle_type_id": "196"
                    }
                ]
            },
            "type": "Feature"
        },
        {
            "geometry": {
                "coordinates": [
                    8.303432,
                    47.052011
                ],
                "type": "Point"
            },
            "properties": {
                "is_installed": true,
                "is_renting": true,
                "is_returning": true,
                "is_virtual_station": false,
                "last_reported": 1789324623,
                "name": "M\u00fchleplatz",
                "num_bikes_available": 2,
                "num_docks_available": 0,
                "region_id": "126",
                "rental_uris": {
                    "android": "https://app.nextbike.net/station?id=38586",
                    "ios": "https://app.nextbike.net/station?id=38586",
                    "web": "https://nxtb.it/p/38586"
                },
                "short_name": "8044",
                "station_id": "38586",
                "vehicle_types_available": [
                    {
                        "count": 1,
                        "vehicle_type_id": "150"
                    },
                    {
                        "count": 1,
                        "vehicle_type_id": "196"
                    }
                ]
            },
            "type": "Feature"
        },
        {
            "geometry": {
                "coordinates": [
                    8.308341,
                    47.053575
                ],
                "type": "Point"
            },
            "properties": {
                "is_installed": true,
                "is_renting": true,
                "is_returning": true,
                "is_virtual_station": false,
                "last_reported": 1789324623,
                "name": "Grendel",
                "num_bikes_available": 0,
                "num_docks_available": 0,
                "region_id": "126",
                "rental_uris": {
                    "android": "https://app.nextbike.net/station?id=38587",
                    "ios": "https://app.nextbike.net/station?id=38587",
                    "web": "https://nxtb.it/p/38587"
                },
                "short_name": "8110",
                "station_id": "38587",
                "vehicle_types_available": []
            },
            "type": "Feature"
        },
        {
            "geometry": {
                "coordinates": [
                    8.309011,
                    47.054361
                ],
                "type": "Point"
            },
            "properties": {
                "is_installed": true,
                "is_renting": true,
                "is_returning": true,
                "is_virtual_station": false,
                "last_reported": 1789324623,
                "name": "Matth\u00e4uskirche / Seehofstrasse",
                "num_bikes_available": 1,
                "num_docks_available": 0,
                "region_id": "126",
                "rental_uris": {
                    "android": "https://app.nextbike.net/station?id=38588",
                    "ios": "https://app.nextbike.net/station?id=38588",
                    "web": "https://nxtb.it/p/38588"
                },
                "short_name": "8054",
                "station_id": "38588",
                "vehicle_types_available": [
                    {
                        "count": 1,
                        "vehicle_type_id": "183"
                    }
                ]
            },
            "type": "Feature"
        },
        {
            "geometry": {
                "coordinates": [
                    8.311238,
                    47.05719
                ],
                "type": "Point"
            },
            "properties": {
                "is_installed": true,
                "is_renting": true,
                "is_returning": true,
                "is_virtual_station": false,
                "last_reported": 1789324623,
                "name": "CBN - Bourbaki / L\u00f6wenplatz",
                "num_bikes_available": 2,
                "num_docks_available": 0,
                "region_id": "126",
                "rental_uris": {
                    "android": "https://app.nextbike.net/station?id=38589",
                    "ios": "https://app.nextbike.net/station?id=38589",
                    "web": "https://nxtb.it/p/38589"
                },
                "short_name": "8056",
                "station_id": "38589",
                "vehicle_types_available": [
                    {
                        "count": 2,
                        "vehicle_type_id": "196"
                    }
                ]
            },
            "type": "Feature"
        },
        {
            "geometry": {
                "coordinates": [
                    8.336424,
                    47.050834
                ],
                "type": "Point"
            },
            "properties": {
                "is_installed": true,
                "is_renting": true,
                "is_returning": true,
                "is_virtual_station": false,
                "last_reported": 1789324623,
                "name": "Strandbad Lido",
                "num_bikes_available": 1,
                "num_docks_available": 0,
                "region_id": "126",
                "rental_uris": {
                    "android": "https://app.nextbike.net/station?id=38591",
                    "ios": "https://app.nextbike.net/station?id=38591",
                    "web": "https://nxtb.it/p/38591"
                },
                "short_name": "8040",
                "station_id": "38591",
                "vehicle_types_available": [
                    {
                        "count": 1,
                        "vehicle_type_id": "196"
                    }
                ]
            },
            "type": "Feature"
        },
        {
            "geometry": {
                "coordinates": [
                    8.282602,
                    47.034153
                ],
                "type": "Point"
            },
            "properties": {
                "is_installed": true,
                "is_renting": true,
                "is_returning": true,
                "is_virtual_station": false,
                "last_reported": 1789324623,
                "name": "Bellpark / Luzernerstrasse",
                "num_bikes_available": 0,
                "num_docks_available": 0,
                "region_id": "491",
                "rental_uris": {
                    "android": "https://app.nextbike.net/station?id=38592",
                    "ios": "https://app.nextbike.net/station?id=38592",
                    "web": "https://nxtb.it/p/38592"
                },
                "short_name": "8024",
                "station_id": "38592",
                "vehicle_types_available": []
            },
            "type": "Feature"
        },
        {
            "geometry": {
                "coordinates": [
                    8.346739,
                    47.08807
                ],
                "type": "Point"
            },
            "properties": {
                "is_installed": true,
                "is_renting": true,
                "is_returning": true,
                "is_virtual_station": false,
                "last_reported": 1789324623,
                "name": "Rast Kaffee AG / Industriestrasse 4",
                "num_bikes_available": 1,
                "num_docks_available": 0,
                "region_id": "624",
                "rental_uris": {
                    "android": "https://app.nextbike.net/station?id=386065669",
                    "ios": "https://app.nextbike.net/station?id=386065669",
                    "web": "https://nxtb.it/p/386065669"
                },
                "short_name": "8096",
                "station_id": "386065669",
                "vehicle_types_available": [
                    {
                        "count": 1,
                        "vehicle_type_id": "150"
                    }
                ]
            },
            "type": "Feature"
        },
        {
            "geometry": {
                "coordinates": [
                    8.297279,
                    47.036219
                ],
                "type": "Point"
            },
            "properties": {
                "is_installed": true,
                "is_renting": true,
                "is_returning": true,
                "is_virtual_station": false,
                "last_reported": 1789324623,
                "name": "Verkehr und Infrastruktur (vif) / Arsenalstrasse 43",
                "num_bikes_available": 0,
                "num_docks_available": 0,
                "region_id": "491",
                "rental_uris": {
                    "android": "https://app.nextbike.net/station?id=386606502",
                    "ios": "https://app.nextbike.net/station?id=386606502",
                    "web": "https://nxtb.it/p/386606502"
                },
                "short_name": "80205",
                "station_id": "386606502",
                "vehicle_types_available": []
            },
            "type": "Feature"
        },
        {
            "geometry": {
                "coordinates": [
                    8.339897,
                    47.008075
                ],
                "type": "Point"
            },
            "properties": {
                "is_installed": true,
                "is_renting": true,
                "is_returning": true,
                "is_virtual_station": false,
                "last_reported": 1789324623,
                "name": "Schiffstation Kastanienbaum / St. Niklausenstrasse 104",
                "num_bikes_available": 6,
                "num_docks_available": 0,
                "region_id": "391",
                "rental_uris": {
                    "android": "https://app.nextbike.net/station?id=3913455",
                    "ios": "https://app.nextbike.net/station?id=3913455",
                    "web": "https://nxtb.it/p/3913455"
                },
                "short_name": "9027",
                "station_id": "3913455",
                "vehicle_types_available": [
                    {
                        "count": 2,
                        "vehicle_type_id": "150"
                    },
                    {
                        "count": 4,
                        "vehicle_type_id": "196"
                    }
                ]
            },
            "type": "Feature"
        },
        {
            "geometry": {
                "coordinates": [
                    8.315609,
                    47.012924
                ],
                "type": "Point"
            },
            "properties": {
                "is_installed": true,
                "is_renting": true,
                "is_returning": true,
                "is_virtual_station": false,
                "last_reported": 1789324623,
                "name": "Parkplatz Winkel / Winkelstrasse 30",
                "num_bikes_available": 5,
                "num_docks_available": 0,
                "region_id": "391",
                "rental_uris": {
                    "android": "https://app.nextbike.net/station?id=3921835",
                    "ios": "https://app.nextbike.net/station?id=3921835",
                    "web": "https://nxtb.it/p/3921835"
                },
                "short_name": "9028",
                "station_id": "3921835",
                "vehicle_types_available": [
                    {
                        "count": 3,
                        "vehicle_type_id": "150"
                    },
                    {
                        "count": 2,
                        "vehicle_type_id": "196"
                    }
                ]
            },
            "type": "Feature"
        },
        {
            "geometry": {
                "coordinates": [
                    8.304608,
                    47.008561
                ],
                "type": "Point"
            },
            "properties": {
                "is_installed": true,
                "is_renting": true,
                "is_returning": true,
                "is_virtual_station": false,
                "last_reported": 1789324623,
                "name": "Ennethorw / Bushaltestelle ",
                "num_bikes_available": 6,
                "num_docks_available": 0,
                "region_id": "391",
                "rental_uris": {
                    "android": "https://app.nextbike.net/station?id=3921887",
                    "ios": "https://app.nextbike.net/station?id=3921887",
                    "web": "https://nxtb.it/p/3921887"
                },
                "short_name": "9029",
                "station_id": "3921887",
                "vehicle_types_available": [
                    {
                        "count": 5,
                        "vehicle_type_id": "150"
                    },
                    {
                        "count": 1,
                        "vehicle_type_id": "196"
                    }
                ]
            },
            "type": "Feature"
        },
        {
            "geometry": {
                "coordinates": [
                    8.291604,
                    47.058889
                ],
                "type": "Point"
            },
            "properties": {
                "is_installed": true,
                "is_renting": true,
                "is_returning": true,
                "is_virtual_station": false,
                "last_reported": 1789324623,
                "name": "Friedhof / Friendentalstrasse",
                "num_bikes_available": 0,
                "num_docks_available": 0,
                "region_id": "126",
                "rental_uris": {
                    "android": "https://app.nextbike.net/station?id=393258726",
                    "ios": "https://app.nextbike.net/station?id=393258726",
                    "web": "https://nxtb.it/p/393258726"
                },
                "short_name": "80214",
                "station_id": "393258726",
                "vehicle_types_available": []
            },
            "type": "Feature"
        },
        {
            "geometry": {
                "coordinates": [
                    8.326564,
                    47.033294
                ],
                "type": "Point"
            },
            "properties": {
                "is_installed": true,
                "is_renting": true,
                "is_returning": true,
                "is_virtual_station": false,
                "last_reported": 1789324623,
                "name": "Hirtenhof / Hirtenhofstrasse",
                "num_bikes_available": 0,
                "num_docks_available": 0,
                "region_id": "126",
                "rental_uris": {
                    "android": "https://app.nextbike.net/station?id=393259958",
                    "ios": "https://app.nextbike.net/station?id=393259958",
                    "web": "https://nxtb.it/p/393259958"
                },
                "short_name": "80213",
                "station_id": "393259958",
                "vehicle_types_available": []
            },
            "type": "Feature"
        },
        {
            "geometry": {
                "coordinates": [
                    8.313598,
                    46.995644
                ],
                "type": "Point"
            },
            "properties": {
                "is_installed": true,
                "is_renting": true,
                "is_returning": true,
                "is_virtual_station": false,
                "last_reported": 1789324623,
                "name": "Badi Hergiswil",
                "num_bikes_available": 2,
                "num_docks_available": 0,
                "region_id": "323",
                "rental_uris": {
                    "android": "https://app.nextbike.net/station?id=393437816",
                    "ios": "https://app.nextbike.net/station?id=393437816",
                    "web": "https://nxtb.it/p/393437816"
                },
                "short_name": "9050",
                "station_id": "393437816",
                "vehicle_types_available": [
                    {
                        "count": 1,
                        "vehicle_type_id": "196"
                    },
                    {
                        "count": 1,
                        "vehicle_type_id": "150"
                    }
                ]
            },
            "type": "Feature"
        },
        {
            "geometry": {
                "coordinates": [
                    8.190656,
                    47.135834
                ],
                "type": "Point"
            },
            "properties": {
                "is_installed": true,
                "is_renting": true,
                "is_returning": true,
                "is_virtual_station": false,
                "last_reported": 1789324623,
                "name": "Parkplatz / Seestrasse",
                "num_bikes_available": 5,
                "num_docks_available": 0,
                "region_id": "854",
                "rental_uris": {
                    "android": "https://app.nextbike.net/station?id=394521122",
                    "ios": "https://app.nextbike.net/station?id=394521122",
                    "web": "https://nxtb.it/p/394521122"
                },
                "short_name": "80017",
                "station_id": "394521122",
                "vehicle_types_available": [
                    {
                        "count": 5,
                        "vehicle_type_id": "150"
                    }
                ]
            },
            "type": "Feature"
        },
        {
            "geometry": {
                "coordinates": [
                    8.192657,
                    47.127403
                ],
                "type": "Point"
            },
            "properties": {
                "is_installed": true,
                "is_renting": true,
                "is_returning": true,
                "is_virtual_station": false,
                "last_reported": 1789324623,
                "name": "Vogelwarte Sempach / Besucherzentrum",
                "num_bikes_available": 0,
                "num_docks_available": 0,
                "region_id": "854",
                "rental_uris": {
                    "android": "https://app.nextbike.net/station?id=394521978",
                    "ios": "https://app.nextbike.net/station?id=394521978",
                    "web": "https://nxtb.it/p/394521978"
                },
                "short_name": "80018",
                "station_id": "394521978",
                "vehicle_types_available": []
            },
            "type": "Feature"
        },
        {
            "geometry": {
                "coordinates": [
                    8.316532,
                    47.055172
                ],
                "type": "Point"
            },
            "properties": {
                "is_installed": true,
                "is_renting": true,
                "is_returning": true,
                "is_virtual_station": false,
                "last_reported": 1789324623,
                "name": "Markuskirche / Haldenstrasse 31",
                "num_bikes_available": 2,
                "num_docks_available": 0,
                "region_id": "126",
                "rental_uris": {
                    "android": "https://app.nextbike.net/station?id=39632",
                    "ios": "https://app.nextbike.net/station?id=39632",
                    "web": "https://nxtb.it/p/39632"
                },
                "short_name": "8051",
                "station_id": "39632",
                "vehicle_types_available": [
                    {
                        "count": 1,
                        "vehicle_type_id": "196"
                    },
                    {
                        "count": 1,
                        "vehicle_type_id": "150"
                    }
                ]
            },
            "type": "Feature"
        },
        {
            "geometry": {
                "coordinates": [
                    8.311018,
                    47.04152
                ],
                "type": "Point"
            },
            "properties": {
                "is_installed": true,
                "is_renting": true,
                "is_returning": true,
                "is_virtual_station": false,
                "last_reported": 1789324623,
                "name": "ewl / Industriestrasse 6",
                "num_bikes_available": 2,
                "num_docks_available": 0,
                "region_id": "126",
                "rental_uris": {
                    "android": "https://app.nextbike.net/station?id=39633",
                    "ios": "https://app.nextbike.net/station?id=39633",
                    "web": "https://nxtb.it/p/39633"
                },
                "short_name": "8034",
                "station_id": "39633",
                "vehicle_types_available": [
                    {
                        "count": 1,
                        "vehicle_type_id": "196"
                    },
                    {
                        "count": 1,
                        "vehicle_type_id": "150"
                    }
                ]
            },
            "type": "Feature"
        },
        {
            "geometry": {
                "coordinates": [
                    8.339481,
                    47.05431
                ],
                "type": "Point"
            },
            "properties": {
                "is_installed": true,
                "is_renting": true,
                "is_returning": true,
                "is_virtual_station": false,
                "last_reported": 1789324623,
                "name": "Migros / Sch\u00e4dr\u00fctistrasse",
                "num_bikes_available": 46,
                "num_docks_available": 0,
                "region_id": "126",
                "rental_uris": {
                    "android": "https://app.nextbike.net/station?id=39634",
                    "ios": "https://app.nextbike.net/station?id=39634",
                    "web": "https://nxtb.it/p/39634"
                },
                "short_name": "8045",
                "station_id": "39634",
                "vehicle_types_available": [
                    {
                        "count": 22,
                        "vehicle_type_id": "150"
                    },
                    {
                        "count": 24,
                        "vehicle_type_id": "196"
                    }
                ]
            },
            "type": "Feature"
        },
        {
            "geometry": {
                "coordinates": [
                    8.301609,
                    47.040624
                ],
                "type": "Point"
            },
            "properties": {
                "is_installed": true,
                "is_renting": true,
                "is_returning": true,
                "is_virtual_station": false,
                "last_reported": 1789324623,
                "name": "CBN - Eichhof / Obergrundstrasse",
                "num_bikes_available": 2,
                "num_docks_available": 0,
                "region_id": "126",
                "rental_uris": {
                    "android": "https://app.nextbike.net/station?id=39636",
                    "ios": "https://app.nextbike.net/station?id=39636",
                    "web": "https://nxtb.it/p/39636"
                },
                "short_name": "8027",
                "station_id": "39636",
                "vehicle_types_available": [
                    {
                        "count": 1,
                        "vehicle_type_id": "150"
                    },
                    {
                        "count": 1,
                        "vehicle_type_id": "196"
                    }
                ]
            },
            "type": "Feature"
        },
        {
            "geometry": {
                "coordinates": [
                    8.292124,
                    47.037002
                ],
                "type": "Point"
            },
            "properties": {
                "is_installed": true,
                "is_renting": true,
                "is_returning": true,
                "is_virtual_station": false,
                "last_reported": 1789324623,
                "name": "Kupferhammer / Luzernerstrasse",
                "num_bikes_available": 0,
                "num_docks_available": 0,
                "region_id": "491",
                "rental_uris": {
                    "android": "https://app.nextbike.net/station?id=39637",
                    "ios": "https://app.nextbike.net/station?id=39637",
                    "web": "https://nxtb.it/p/39637"
                },
                "short_name": "8031",
                "station_id": "39637",
                "vehicle_types_available": []
            },
            "type": "Feature"
        },
        {
            "geometry": {
                "coordinates": [
                    8.307316,
                    47.045337
                ],
                "type": "Point"
            },
            "properties": {
                "is_installed": true,
                "is_renting": true,
                "is_returning": true,
                "is_virtual_station": false,
                "last_reported": 1789324623,
                "name": "Bundesplatz / Moosstrasse",
                "num_bikes_available": 6,
                "num_docks_available": 0,
                "region_id": "126",
                "rental_uris": {
                    "android": "https://app.nextbike.net/station?id=39638",
                    "ios": "https://app.nextbike.net/station?id=39638",
                    "web": "https://nxtb.it/p/39638"
                },
                "short_name": "8018",
                "station_id": "39638",
                "vehicle_types_available": [
                    {
                        "count": 2,
                        "vehicle_type_id": "150"
                    },
                    {
                        "count": 1,
                        "vehicle_type_id": "183"
                    },
                    {
                        "count": 3,
                        "vehicle_type_id": "196"
                    }
                ]
            },
            "type": "Feature"
        },
        {
            "geometry": {
                "coordinates": [
                    8.288122,
                    47.07992
                ],
                "type": "Point"
            },
            "properties": {
                "is_installed": true,
                "is_renting": true,
                "is_returning": true,
                "is_virtual_station": false,
                "last_reported": 1789324623,
                "name": "Schwimmbad Moosh\u00fcsli / Moosh\u00fcslistrasse 32",
                "num_bikes_available": 9,
                "num_docks_available": 0,
                "region_id": "857",
                "rental_uris": {
                    "android": "https://app.nextbike.net/station?id=404433666",
                    "ios": "https://app.nextbike.net/station?id=404433666",
                    "web": "https://nxtb.it/p/404433666"
                },
                "short_name": "80215",
                "station_id": "404433666",
                "vehicle_types_available": [
                    {
                        "count": 3,
                        "vehicle_type_id": "150"
                    },
                    {
                        "count": 6,
                        "vehicle_type_id": "196"
                    }
                ]
            },
            "type": "Feature"
        },
        {
            "geometry": {
                "coordinates": [
                    8.248699,
                    46.8919
                ],
                "type": "Point"
            },
            "properties": {
                "is_installed": true,
                "is_renting": true,
                "is_returning": true,
                "is_virtual_station": false,
                "last_reported": 1789324623,
                "name": "Fl\u00fcelistrasse",
                "num_bikes_available": 0,
                "num_docks_available": 0,
                "region_id": "463",
                "rental_uris": {
                    "android": "https://app.nextbike.net/station?id=412862785",
                    "ios": "https://app.nextbike.net/station?id=412862785",
                    "web": "https://nxtb.it/p/412862785"
                },
                "short_name": "7980",
                "station_id": "412862785",
                "vehicle_types_available": []
            },
            "type": "Feature"
        },
        {
            "geometry": {
                "coordinates": [
                    8.074254,
                    47.166504
                ],
                "type": "Point"
            },
            "properties": {
                "is_installed": true,
                "is_renting": true,
                "is_returning": true,
                "is_virtual_station": false,
                "last_reported": 1789324623,
                "name": "Mauensee / Schulhaus",
                "num_bikes_available": 4,
                "num_docks_available": 0,
                "region_id": "88",
                "rental_uris": {
                    "android": "https://app.nextbike.net/station?id=41957628",
                    "ios": "https://app.nextbike.net/station?id=41957628",
                    "web": "https://nxtb.it/p/41957628"
                },
                "short_name": "9043",
                "station_id": "41957628",
                "vehicle_types_available": [
                    {
                        "count": 3,
                        "vehicle_type_id": "196"
                    },
                    {
                        "count": 1,
                        "vehicle_type_id": "150"
                    }
                ]
            },
            "type": "Feature"
        },
        {
            "geometry": {
                "coordinates": [
                    8.057989,
                    47.184014
                ],
                "type": "Point"
            },
            "properties": {
                "is_installed": true,
                "is_renting": true,
                "is_returning": true,
                "is_virtual_station": false,
                "last_reported": 1789324623,
                "name": "Mauensee / Einfahrt Sonnenrain",
                "num_bikes_available": 3,
                "num_docks_available": 0,
                "region_id": "88",
                "rental_uris": {
                    "android": "https://app.nextbike.net/station?id=41957713",
                    "ios": "https://app.nextbike.net/station?id=41957713",
                    "web": "https://nxtb.it/p/41957713"
                },
                "short_name": "9044",
                "station_id": "41957713",
                "vehicle_types_available": [
                    {
                        "count": 3,
                        "vehicle_type_id": "150"
                    }
                ]
            },
            "type": "Feature"
        },
        {
            "geometry": {
                "coordinates": [
                    8.107583,
                    47.179661
                ],
                "type": "Point"
            },
            "properties": {
                "is_installed": true,
                "is_renting": true,
                "is_returning": true,
                "is_virtual_station": false,
                "last_reported": 1789324623,
                "name": "Sappeurstrasse / Werkhof",
                "num_bikes_available": 0,
                "num_docks_available": 0,
                "region_id": "88",
                "rental_uris": {
                    "android": "https://app.nextbike.net/station?id=41964837",
                    "ios": "https://app.nextbike.net/station?id=41964837",
                    "web": "https://nxtb.it/p/41964837"
                },
                "short_name": "9016",
                "station_id": "41964837",
                "vehicle_types_available": []
            },
            "type": "Feature"
        },
        {
            "geometry": {
                "coordinates": [
                    8.10452,
                    47.173502
                ],
                "type": "Point"
            },
            "properties": {
                "is_installed": true,
                "is_renting": true,
                "is_returning": true,
                "is_virtual_station": false,
                "last_reported": 1789324623,
                "name": "Schulhaus Georgette",
                "num_bikes_available": 8,
                "num_docks_available": 0,
                "region_id": "88",
                "rental_uris": {
                    "android": "https://app.nextbike.net/station?id=41964925",
                    "ios": "https://app.nextbike.net/station?id=41964925",
                    "web": "https://nxtb.it/p/41964925"
                },
                "short_name": "9017",
                "station_id": "41964925",
                "vehicle_types_available": [
                    {
                        "count": 8,
                        "vehicle_type_id": "150"
                    }
                ]
            },
            "type": "Feature"
        },
        {
            "geometry": {
                "coordinates": [
                    8.349003,
                    46.959211
                ],
                "type": "Point"
            },
            "properties": {
                "is_installed": true,
                "is_renting": true,
                "is_returning": true,
                "is_virtual_station": false,
                "last_reported": 1789324623,
                "name": "Bushaltestelle St. Josef Stans",
                "num_bikes_available": 0,
                "num_docks_available": 0,
                "region_id": "383",
                "rental_uris": {
                    "android": "https://app.nextbike.net/station?id=42098936",
                    "ios": "https://app.nextbike.net/station?id=42098936",
                    "web": "https://nxtb.it/p/42098936"
                },
                "short_name": "7857",
                "station_id": "42098936",
                "vehicle_types_available": []
            },
            "type": "Feature"
        },
        {
            "geometry": {
                "coordinates": [
                    8.123767,
                    47.177794
                ],
                "type": "Point"
            },
            "properties": {
                "is_installed": true,
                "is_renting": true,
                "is_returning": true,
                "is_virtual_station": false,
                "last_reported": 1789324623,
                "name": "LEHNER VERSAND / Zellgut 8",
                "num_bikes_available": 1,
                "num_docks_available": 0,
                "region_id": "88",
                "rental_uris": {
                    "android": "https://app.nextbike.net/station?id=422146356",
                    "ios": "https://app.nextbike.net/station?id=422146356",
                    "web": "https://nxtb.it/p/422146356"
                },
                "short_name": "80228",
                "station_id": "422146356",
                "vehicle_types_available": [
                    {
                        "count": 1,
                        "vehicle_type_id": "196"
                    }
                ]
            },
            "type": "Feature"
        },
        {
            "geometry": {
                "coordinates": [
                    8.374388,
                    47.104072
                ],
                "type": "Point"
            },
            "properties": {
                "is_installed": true,
                "is_renting": true,
                "is_returning": true,
                "is_virtual_station": false,
                "last_reported": 1789324623,
                "name": "Root / D4 Business Village ",
                "num_bikes_available": 3,
                "num_docks_available": 0,
                "region_id": "624",
                "rental_uris": {
                    "android": "https://app.nextbike.net/station?id=42241185",
                    "ios": "https://app.nextbike.net/station?id=42241185",
                    "web": "https://nxtb.it/p/42241185"
                },
                "short_name": "7865",
                "station_id": "42241185",
                "vehicle_types_available": [
                    {
                        "count": 1,
                        "vehicle_type_id": "150"
                    },
                    {
                        "count": 2,
                        "vehicle_type_id": "196"
                    }
                ]
            },
            "type": "Feature"
        },
        {
            "geometry": {
                "coordinates": [
                    8.355719,
                    47.093322
                ],
                "type": "Point"
            },
            "properties": {
                "is_installed": true,
                "is_renting": true,
                "is_returning": true,
                "is_virtual_station": false,
                "last_reported": 1789324623,
                "name": "Bahnhof Buchrain / Moosstrasse",
                "num_bikes_available": 1,
                "num_docks_available": 0,
                "region_id": "1041",
                "rental_uris": {
                    "android": "https://app.nextbike.net/station?id=423667362",
                    "ios": "https://app.nextbike.net/station?id=423667362",
                    "web": "https://nxtb.it/p/423667362"
                },
                "short_name": "7979",
                "station_id": "423667362",
                "vehicle_types_available": [
                    {
                        "count": 1,
                        "vehicle_type_id": "150"
                    }
                ]
            },
            "type": "Feature"
        },
        {
            "geometry": {
                "coordinates": [
                    8.35639,
                    47.101797
                ],
                "type": "Point"
            },
            "properties": {
                "is_installed": true,
                "is_renting": true,
                "is_returning": true,
                "is_virtual_station": false,
                "last_reported": 1789324623,
                "name": "Schulhaus Hinterleisibach / Hinterleisibachstr. 10",
                "num_bikes_available": 0,
                "num_docks_available": 0,
                "region_id": "1041",
                "rental_uris": {
                    "android": "https://app.nextbike.net/station?id=423672747",
                    "ios": "https://app.nextbike.net/station?id=423672747",
                    "web": "https://nxtb.it/p/423672747"
                },
                "short_name": "7978",
                "station_id": "423672747",
                "vehicle_types_available": []
            },
            "type": "Feature"
        },
        {
            "geometry": {
                "coordinates": [
                    8.355682,
                    47.107461
                ],
                "type": "Point"
            },
            "properties": {
                "is_installed": true,
                "is_renting": true,
                "is_returning": true,
                "is_virtual_station": false,
                "last_reported": 1789324623,
                "name": "Bushaltestelle Perlen, Haslirain / Dorfstrasse",
                "num_bikes_available": 3,
                "num_docks_available": 0,
                "region_id": "1041",
                "rental_uris": {
                    "android": "https://app.nextbike.net/station?id=423674150",
                    "ios": "https://app.nextbike.net/station?id=423674150",
                    "web": "https://nxtb.it/p/423674150"
                },
                "short_name": "7977",
                "station_id": "423674150",
                "vehicle_types_available": [
                    {
                        "count": 1,
                        "vehicle_type_id": "196"
                    },
                    {
                        "count": 2,
                        "vehicle_type_id": "150"
                    }
                ]
            },
            "type": "Feature"
        },
        {
            "geometry": {
                "coordinates": [
                    8.343569,
                    47.106705
                ],
                "type": "Point"
            },
            "properties": {
                "is_installed": true,
                "is_renting": true,
                "is_returning": true,
                "is_virtual_station": false,
                "last_reported": 1789324623,
                "name": "Bushaltestelle Sagenwald / Schachen",
                "num_bikes_available": 3,
                "num_docks_available": 0,
                "region_id": "1041",
                "rental_uris": {
                    "android": "https://app.nextbike.net/station?id=423675115",
                    "ios": "https://app.nextbike.net/station?id=423675115",
                    "web": "https://nxtb.it/p/423675115"
                },
                "short_name": "8189",
                "station_id": "423675115",
                "vehicle_types_available": [
                    {
                        "count": 2,
                        "vehicle_type_id": "150"
                    },
                    {
                        "count": 1,
                        "vehicle_type_id": "196"
                    }
                ]
            },
            "type": "Feature"
        },
        {
            "geometry": {
                "coordinates": [
                    8.349829,
                    47.102845
                ],
                "type": "Point"
            },
            "properties": {
                "is_installed": true,
                "is_renting": true,
                "is_returning": true,
                "is_virtual_station": false,
                "last_reported": 1789324623,
                "name": "Bushaltestelle Reussbr\u00fccke / Hauptstrasse",
                "num_bikes_available": 4,
                "num_docks_available": 0,
                "region_id": "1041",
                "rental_uris": {
                    "android": "https://app.nextbike.net/station?id=423675923",
                    "ios": "https://app.nextbike.net/station?id=423675923",
                    "web": "https://nxtb.it/p/423675923"
                },
                "short_name": "8188",
                "station_id": "423675923",
                "vehicle_types_available": [
                    {
                        "count": 2,
                        "vehicle_type_id": "150"
                    },
                    {
                        "count": 2,
                        "vehicle_type_id": "196"
                    }
                ]
            },
            "type": "Feature"
        },
        {
            "geometry": {
                "coordinates": [
                    8.348027,
                    47.095071
                ],
                "type": "Point"
            },
            "properties": {
                "is_installed": true,
                "is_renting": true,
                "is_returning": true,
                "is_virtual_station": false,
                "last_reported": 1789324623,
                "name": "Bushaltestelle Buchrain Dorf / Unterdorfstrasse",
                "num_bikes_available": 2,
                "num_docks_available": 0,
                "region_id": "1041",
                "rental_uris": {
                    "android": "https://app.nextbike.net/station?id=423676815",
                    "ios": "https://app.nextbike.net/station?id=423676815",
                    "web": "https://nxtb.it/p/423676815"
                },
                "short_name": "8187",
                "station_id": "423676815",
                "vehicle_types_available": [
                    {
                        "count": 2,
                        "vehicle_type_id": "150"
                    }
                ]
            },
            "type": "Feature"
        },
        {
            "geometry": {
                "coordinates": [
                    8.311324,
                    47.014088
                ],
                "type": "Point"
            },
            "properties": {
                "is_installed": true,
                "is_renting": true,
                "is_returning": true,
                "is_virtual_station": false,
                "last_reported": 1789324623,
                "name": "Kantonsstrasse / Winkelstrasse",
                "num_bikes_available": 4,
                "num_docks_available": 0,
                "region_id": "391",
                "rental_uris": {
                    "android": "https://app.nextbike.net/station?id=42813",
                    "ios": "https://app.nextbike.net/station?id=42813",
                    "web": "https://nxtb.it/p/42813"
                },
                "short_name": "8064",
                "station_id": "42813",
                "vehicle_types_available": [
                    {
                        "count": 1,
                        "vehicle_type_id": "183"
                    },
                    {
                        "count": 2,
                        "vehicle_type_id": "196"
                    },
                    {
                        "count": 1,
                        "vehicle_type_id": "150"
                    }
                ]
            },
            "type": "Feature"
        },
        {
            "geometry": {
                "coordinates": [
                    8.309033,
                    47.022968
                ],
                "type": "Point"
            },
            "properties": {
                "is_installed": true,
                "is_renting": true,
                "is_returning": true,
                "is_virtual_station": false,
                "last_reported": 1789324623,
                "name": "Kantonsstrasse / Kastanienbaumstrasse",
                "num_bikes_available": 1,
                "num_docks_available": 0,
                "region_id": "391",
                "rental_uris": {
                    "android": "https://app.nextbike.net/station?id=42814",
                    "ios": "https://app.nextbike.net/station?id=42814",
                    "web": "https://nxtb.it/p/42814"
                },
                "short_name": "8060",
                "station_id": "42814",
                "vehicle_types_available": [
                    {
                        "count": 1,
                        "vehicle_type_id": "196"
                    }
                ]
            },
            "type": "Feature"
        },
        {
            "geometry": {
                "coordinates": [
                    8.306597,
                    47.049178
                ],
                "type": "Point"
            },
            "properties": {
                "is_installed": true,
                "is_renting": true,
                "is_returning": true,
                "is_virtual_station": false,
                "last_reported": 1789324623,
                "name": "Kantonalbank / Pilatusstrasse 12",
                "num_bikes_available": 0,
                "num_docks_available": 0,
                "region_id": "126",
                "rental_uris": {
                    "android": "https://app.nextbike.net/station?id=42821",
                    "ios": "https://app.nextbike.net/station?id=42821",
                    "web": "https://nxtb.it/p/42821"
                },
                "short_name": "8055",
                "station_id": "42821",
                "vehicle_types_available": []
            },
            "type": "Feature"
        },
        {
            "geometry": {
                "coordinates": [
                    8.318914,
                    47.055136
                ],
                "type": "Point"
            },
            "properties": {
                "is_installed": true,
                "is_renting": true,
                "is_returning": true,
                "is_virtual_station": false,
                "last_reported": 1789324623,
                "name": "CBN - Seebad / Nationalquai",
                "num_bikes_available": 3,
                "num_docks_available": 0,
                "region_id": "126",
                "rental_uris": {
                    "android": "https://app.nextbike.net/station?id=42822",
                    "ios": "https://app.nextbike.net/station?id=42822",
                    "web": "https://nxtb.it/p/42822"
                },
                "short_name": "8036",
                "station_id": "42822",
                "vehicle_types_available": [
                    {
                        "count": 1,
                        "vehicle_type_id": "150"
                    },
                    {
                        "count": 2,
                        "vehicle_type_id": "196"
                    }
                ]
            },
            "type": "Feature"
        },
        {
            "geometry": {
                "coordinates": [
                    8.292199,
                    47.149104
                ],
                "type": "Point"
            },
            "properties": {
                "is_installed": true,
                "is_renting": true,
                "is_returning": true,
                "is_virtual_station": false,
                "last_reported": 1789324623,
                "name": "Urswil / Parkplatz Huttli",
                "num_bikes_available": 7,
                "num_docks_available": 0,
                "region_id": "492",
                "rental_uris": {
                    "android": "https://app.nextbike.net/station?id=43825864",
                    "ios": "https://app.nextbike.net/station?id=43825864",
                    "web": "https://nxtb.it/p/43825864"
                },
                "short_name": "8168",
                "station_id": "43825864",
                "vehicle_types_available": [
                    {
                        "count": 2,
                        "vehicle_type_id": "183"
                    },
                    {
                        "count": 2,
                        "vehicle_type_id": "196"
                    },
                    {
                        "count": 3,
                        "vehicle_type_id": "150"
                    }
                ]
            },
            "type": "Feature"
        },
        {
            "geometry": {
                "coordinates": [
                    8.34476,
                    46.96922
                ],
                "type": "Point"
            },
            "properties": {
                "is_installed": true,
                "is_renting": true,
                "is_returning": true,
                "is_virtual_station": false,
                "last_reported": 1789324623,
                "name": "Bushaltestelle Galgenried / Rotzlochstrasse 10",
                "num_bikes_available": 0,
                "num_docks_available": 0,
                "region_id": "383",
                "rental_uris": {
                    "android": "https://app.nextbike.net/station?id=44547867",
                    "ios": "https://app.nextbike.net/station?id=44547867",
                    "web": "https://nxtb.it/p/44547867"
                },
                "short_name": "7858",
                "station_id": "44547867",
                "vehicle_types_available": []
            },
            "type": "Feature"
        },
        {
            "geometry": {
                "coordinates": [
                    8.138192,
                    47.138859
                ],
                "type": "Point"
            },
            "properties": {
                "is_installed": true,
                "is_renting": true,
                "is_returning": true,
                "is_virtual_station": false,
                "last_reported": 1789324623,
                "name": "Bahnhof Nottwil",
                "num_bikes_available": 5,
                "num_docks_available": 0,
                "region_id": "716",
                "rental_uris": {
                    "android": "https://app.nextbike.net/station?id=44742979",
                    "ios": "https://app.nextbike.net/station?id=44742979",
                    "web": "https://nxtb.it/p/44742979"
                },
                "short_name": "7970",
                "station_id": "44742979",
                "vehicle_types_available": [
                    {
                        "count": 4,
                        "vehicle_type_id": "150"
                    },
                    {
                        "count": 1,
                        "vehicle_type_id": "196"
                    }
                ]
            },
            "type": "Feature"
        },
        {
            "geometry": {
                "coordinates": [
                    8.140059,
                    47.130728
                ],
                "type": "Point"
            },
            "properties": {
                "is_installed": true,
                "is_renting": true,
                "is_returning": true,
                "is_virtual_station": false,
                "last_reported": 1789324623,
                "name": "Schulhaus Nottwil  ",
                "num_bikes_available": 1,
                "num_docks_available": 0,
                "region_id": "716",
                "rental_uris": {
                    "android": "https://app.nextbike.net/station?id=44743065",
                    "ios": "https://app.nextbike.net/station?id=44743065",
                    "web": "https://nxtb.it/p/44743065"
                },
                "short_name": "7971",
                "station_id": "44743065",
                "vehicle_types_available": [
                    {
                        "count": 1,
                        "vehicle_type_id": "150"
                    }
                ]
            },
            "type": "Feature"
        },
        {
            "geometry": {
                "coordinates": [
                    8.130001,
                    47.138286
                ],
                "type": "Point"
            },
            "properties": {
                "is_installed": true,
                "is_renting": true,
                "is_returning": true,
                "is_virtual_station": false,
                "last_reported": 1789324623,
                "name": "Zentrum Eymatt Nottwil",
                "num_bikes_available": 4,
                "num_docks_available": 0,
                "region_id": "716",
                "rental_uris": {
                    "android": "https://app.nextbike.net/station?id=44743139",
                    "ios": "https://app.nextbike.net/station?id=44743139",
                    "web": "https://nxtb.it/p/44743139"
                },
                "short_name": "7972",
                "station_id": "44743139",
                "vehicle_types_available": [
                    {
                        "count": 4,
                        "vehicle_type_id": "150"
                    }
                ]
            },
            "type": "Feature"
        },
        {
            "geometry": {
                "coordinates": [
                    8.129143,
                    47.141103
                ],
                "type": "Point"
            },
            "properties": {
                "is_installed": true,
                "is_renting": true,
                "is_returning": true,
                "is_virtual_station": false,
                "last_reported": 1789324623,
                "name": "Areal SPZ Bushaltestelle",
                "num_bikes_available": 0,
                "num_docks_available": 0,
                "region_id": "716",
                "rental_uris": {
                    "android": "https://app.nextbike.net/station?id=44743313",
                    "ios": "https://app.nextbike.net/station?id=44743313",
                    "web": "https://nxtb.it/p/44743313"
                },
                "short_name": "7973",
                "station_id": "44743313",
                "vehicle_types_available": []
            },
            "type": "Feature"
        },
        {
            "geometry": {
                "coordinates": [
                    8.130575,
                    47.139983
                ],
                "type": "Point"
            },
            "properties": {
                "is_installed": true,
                "is_renting": true,
                "is_returning": true,
                "is_virtual_station": false,
                "last_reported": 1789324623,
                "name": "Areal SPZ GZI Geb\u00e4ude B",
                "num_bikes_available": 0,
                "num_docks_available": 0,
                "region_id": "716",
                "rental_uris": {
                    "android": "https://app.nextbike.net/station?id=44743374",
                    "ios": "https://app.nextbike.net/station?id=44743374",
                    "web": "https://nxtb.it/p/44743374"
                },
                "short_name": "7974",
                "station_id": "44743374",
                "vehicle_types_available": []
            },
            "type": "Feature"
        },
        {
            "geometry": {
                "coordinates": [
                    8.130763,
                    47.142405
                ],
                "type": "Point"
            },
            "properties": {
                "is_installed": true,
                "is_renting": true,
                "is_returning": true,
                "is_virtual_station": false,
                "last_reported": 1789324623,
                "name": "Areal SPZ Sportplatz - Eingang Orthotec",
                "num_bikes_available": 7,
                "num_docks_available": 0,
                "region_id": "716",
                "rental_uris": {
                    "android": "https://app.nextbike.net/station?id=44743439",
                    "ios": "https://app.nextbike.net/station?id=44743439",
                    "web": "https://nxtb.it/p/44743439"
                },
                "short_name": "7975",
                "station_id": "44743439",
                "vehicle_types_available": [
                    {
                        "count": 5,
                        "vehicle_type_id": "150"
                    },
                    {
                        "count": 2,
                        "vehicle_type_id": "196"
                    }
                ]
            },
            "type": "Feature"
        },
        {
            "geometry": {
                "coordinates": [
                    8.106306,
                    47.162929
                ],
                "type": "Point"
            },
            "properties": {
                "is_installed": true,
                "is_renting": true,
                "is_returning": true,
                "is_virtual_station": false,
                "last_reported": 1789324623,
                "name": "Oberkirch / CALIDA",
                "num_bikes_available": 12,
                "num_docks_available": 0,
                "region_id": "88",
                "rental_uris": {
                    "android": "https://app.nextbike.net/station?id=44749977",
                    "ios": "https://app.nextbike.net/station?id=44749977",
                    "web": "https://nxtb.it/p/44749977"
                },
                "short_name": "9019",
                "station_id": "44749977",
                "vehicle_types_available": [
                    {
                        "count": 7,
                        "vehicle_type_id": "150"
                    },
                    {
                        "count": 5,
                        "vehicle_type_id": "196"
                    }
                ]
            },
            "type": "Feature"
        },
        {
            "geometry": {
                "coordinates": [
                    8.107588,
                    47.173801
                ],
                "type": "Point"
            },
            "properties": {
                "is_installed": true,
                "is_renting": true,
                "is_returning": true,
                "is_virtual_station": false,
                "last_reported": 1789324623,
                "name": "Pfarreizentrum / St.-Urban-Strasse",
                "num_bikes_available": 1,
                "num_docks_available": 0,
                "region_id": "88",
                "rental_uris": {
                    "android": "https://app.nextbike.net/station?id=46008714",
                    "ios": "https://app.nextbike.net/station?id=46008714",
                    "web": "https://nxtb.it/p/46008714"
                },
                "short_name": "9046",
                "station_id": "46008714",
                "vehicle_types_available": [
                    {
                        "count": 1,
                        "vehicle_type_id": "150"
                    }
                ]
            },
            "type": "Feature"
        },
        {
            "geometry": {
                "coordinates": [
                    8.13602,
                    47.078002
                ],
                "type": "Point"
            },
            "properties": {
                "is_installed": true,
                "is_renting": true,
                "is_returning": true,
                "is_virtual_station": false,
                "last_reported": 1789324623,
                "name": "Neum\u00fcli / Hellb\u00fchlerstrasse",
                "num_bikes_available": 1,
                "num_docks_available": 0,
                "region_id": "1059",
                "rental_uris": {
                    "android": "https://app.nextbike.net/station?id=469171515",
                    "ios": "https://app.nextbike.net/station?id=469171515",
                    "web": "https://nxtb.it/p/469171515"
                },
                "short_name": "80040",
                "station_id": "469171515",
                "vehicle_types_available": [
                    {
                        "count": 1,
                        "vehicle_type_id": "196"
                    }
                ]
            },
            "type": "Feature"
        },
        {
            "geometry": {
                "coordinates": [
                    8.11254,
                    47.088508
                ],
                "type": "Point"
            },
            "properties": {
                "is_installed": true,
                "is_renting": true,
                "is_returning": true,
                "is_virtual_station": false,
                "last_reported": 1789324623,
                "name": "Migros R\u00fcediswil / R\u00fcediswilerstrasse 79",
                "num_bikes_available": 2,
                "num_docks_available": 0,
                "region_id": "1059",
                "rental_uris": {
                    "android": "https://app.nextbike.net/station?id=469174665",
                    "ios": "https://app.nextbike.net/station?id=469174665",
                    "web": "https://nxtb.it/p/469174665"
                },
                "short_name": "80041",
                "station_id": "469174665",
                "vehicle_types_available": [
                    {
                        "count": 2,
                        "vehicle_type_id": "150"
                    }
                ]
            },
            "type": "Feature"
        },
        {
            "geometry": {
                "coordinates": [
                    8.12012,
                    47.081506
                ],
                "type": "Point"
            },
            "properties": {
                "is_installed": true,
                "is_renting": true,
                "is_returning": true,
                "is_virtual_station": false,
                "last_reported": 1789324623,
                "name": "Sporthalle Wolfsmatt / Wolhuserstrasse 27",
                "num_bikes_available": 4,
                "num_docks_available": 0,
                "region_id": "1059",
                "rental_uris": {
                    "android": "https://app.nextbike.net/station?id=469179074",
                    "ios": "https://app.nextbike.net/station?id=469179074",
                    "web": "https://nxtb.it/p/469179074"
                },
                "short_name": "80042",
                "station_id": "469179074",
                "vehicle_types_available": [
                    {
                        "count": 2,
                        "vehicle_type_id": "150"
                    },
                    {
                        "count": 2,
                        "vehicle_type_id": "196"
                    }
                ]
            },
            "type": "Feature"
        },
        {
            "geometry": {
                "coordinates": [
                    8.127501,
                    47.082905
                ],
                "type": "Point"
            },
            "properties": {
                "is_installed": true,
                "is_renting": true,
                "is_returning": true,
                "is_virtual_station": false,
                "last_reported": 1789324623,
                "name": "Ruswil Zentrum / M\u00e4rtplatz",
                "num_bikes_available": 0,
                "num_docks_available": 0,
                "region_id": "1059",
                "rental_uris": {
                    "android": "https://app.nextbike.net/station?id=469183436",
                    "ios": "https://app.nextbike.net/station?id=469183436",
                    "web": "https://nxtb.it/p/469183436"
                },
                "short_name": "80043",
                "station_id": "469183436",
                "vehicle_types_available": []
            },
            "type": "Feature"
        },
        {
            "geometry": {
                "coordinates": [
                    8.134764,
                    47.084081
                ],
                "type": "Point"
            },
            "properties": {
                "is_installed": true,
                "is_renting": true,
                "is_returning": true,
                "is_virtual_station": false,
                "last_reported": 1789324623,
                "name": "Meierh\u00f6fli / Meierh\u00f6fliring",
                "num_bikes_available": 3,
                "num_docks_available": 0,
                "region_id": "1059",
                "rental_uris": {
                    "android": "https://app.nextbike.net/station?id=469184261",
                    "ios": "https://app.nextbike.net/station?id=469184261",
                    "web": "https://nxtb.it/p/469184261"
                },
                "short_name": "80044",
                "station_id": "469184261",
                "vehicle_types_available": [
                    {
                        "count": 3,
                        "vehicle_type_id": "150"
                    }
                ]
            },
            "type": "Feature"
        },
        {
            "geometry": {
                "coordinates": [
                    8.305515,
                    47.012626
                ],
                "type": "Point"
            },
            "properties": {
                "is_installed": true,
                "is_renting": true,
                "is_returning": true,
                "is_virtual_station": false,
                "last_reported": 1789324623,
                "name": "HSLU - Technik & Architektur",
                "num_bikes_available": 1,
                "num_docks_available": 0,
                "region_id": "391",
                "rental_uris": {
                    "android": "https://app.nextbike.net/station?id=500627",
                    "ios": "https://app.nextbike.net/station?id=500627",
                    "web": "https://nxtb.it/p/500627"
                },
                "short_name": "8111",
                "station_id": "500627",
                "vehicle_types_available": [
                    {
                        "count": 1,
                        "vehicle_type_id": "150"
                    }
                ]
            },
            "type": "Feature"
        },
        {
            "geometry": {
                "coordinates": [
                    8.367006,
                    46.958032
                ],
                "type": "Point"
            },
            "properties": {
                "is_installed": true,
                "is_renting": true,
                "is_returning": true,
                "is_virtual_station": false,
                "last_reported": 1789324623,
                "name": "Bahnhof S\u00fcd",
                "num_bikes_available": 1,
                "num_docks_available": 0,
                "region_id": "383",
                "rental_uris": {
                    "android": "https://app.nextbike.net/station?id=503894340",
                    "ios": "https://app.nextbike.net/station?id=503894340",
                    "web": "https://nxtb.it/p/503894340"
                },
                "short_name": "8145",
                "station_id": "503894340",
                "vehicle_types_available": [
                    {
                        "count": 1,
                        "vehicle_type_id": "196"
                    }
                ]
            },
            "type": "Feature"
        },
        {
            "geometry": {
                "coordinates": [
                    8.293691,
                    47.035901
                ],
                "type": "Point"
            },
            "properties": {
                "is_installed": true,
                "is_renting": true,
                "is_returning": true,
                "is_virtual_station": false,
                "last_reported": 1789324623,
                "name": "Grosshof / Eichwilstrasse 2",
                "num_bikes_available": 1,
                "num_docks_available": 0,
                "region_id": "491",
                "rental_uris": {
                    "android": "https://app.nextbike.net/station?id=509051264",
                    "ios": "https://app.nextbike.net/station?id=509051264",
                    "web": "https://nxtb.it/p/509051264"
                },
                "short_name": "80206",
                "station_id": "509051264",
                "vehicle_types_available": [
                    {
                        "count": 1,
                        "vehicle_type_id": "150"
                    }
                ]
            },
            "type": "Feature"
        },
        {
            "geometry": {
                "coordinates": [
                    8.31193,
                    47.034603
                ],
                "type": "Point"
            },
            "properties": {
                "is_installed": true,
                "is_renting": true,
                "is_returning": true,
                "is_virtual_station": false,
                "last_reported": 1789324623,
                "name": "Biregghof / Gr\u00fcneggstrasse 21",
                "num_bikes_available": 2,
                "num_docks_available": 0,
                "region_id": "391",
                "rental_uris": {
                    "android": "https://app.nextbike.net/station?id=509056532",
                    "ios": "https://app.nextbike.net/station?id=509056532",
                    "web": "https://nxtb.it/p/509056532"
                },
                "short_name": "7859",
                "station_id": "509056532",
                "vehicle_types_available": [
                    {
                        "count": 2,
                        "vehicle_type_id": "183"
                    }
                ]
            },
            "type": "Feature"
        },
        {
            "geometry": {
                "coordinates": [
                    8.324032,
                    47.124779
                ],
                "type": "Point"
            },
            "properties": {
                "is_installed": true,
                "is_renting": true,
                "is_returning": true,
                "is_virtual_station": false,
                "last_reported": 1789324623,
                "name": "Blattenhalde / Blattenhalde 6",
                "num_bikes_available": 5,
                "num_docks_available": 0,
                "region_id": "1038",
                "rental_uris": {
                    "android": "https://app.nextbike.net/station?id=512751304",
                    "ios": "https://app.nextbike.net/station?id=512751304",
                    "web": "https://nxtb.it/p/512751304"
                },
                "short_name": "80268",
                "station_id": "512751304",
                "vehicle_types_available": [
                    {
                        "count": 2,
                        "vehicle_type_id": "183"
                    },
                    {
                        "count": 2,
                        "vehicle_type_id": "150"
                    },
                    {
                        "count": 1,
                        "vehicle_type_id": "196"
                    }
                ]
            },
            "type": "Feature"
        },
        {
            "geometry": {
                "coordinates": [
                    8.108463,
                    47.177546
                ],
                "type": "Point"
            },
            "properties": {
                "is_installed": true,
                "is_renting": true,
                "is_returning": true,
                "is_virtual_station": false,
                "last_reported": 1789324623,
                "name": "Kantonsschule Sursee / Moosgasse 11",
                "num_bikes_available": 0,
                "num_docks_available": 0,
                "region_id": "88",
                "rental_uris": {
                    "android": "https://app.nextbike.net/station?id=513200839",
                    "ios": "https://app.nextbike.net/station?id=513200839",
                    "web": "https://nxtb.it/p/513200839"
                },
                "short_name": "80225",
                "station_id": "513200839",
                "vehicle_types_available": []
            },
            "type": "Feature"
        },
        {
            "geometry": {
                "coordinates": [
                    8.097095,
                    47.174574
                ],
                "type": "Point"
            },
            "properties": {
                "is_installed": true,
                "is_renting": true,
                "is_returning": true,
                "is_virtual_station": false,
                "last_reported": 1789324623,
                "name": "Kost + Partner/ Industriestrasse 14",
                "num_bikes_available": 7,
                "num_docks_available": 0,
                "region_id": "88",
                "rental_uris": {
                    "android": "https://app.nextbike.net/station?id=519507576",
                    "ios": "https://app.nextbike.net/station?id=519507576",
                    "web": "https://nxtb.it/p/519507576"
                },
                "short_name": "80227",
                "station_id": "519507576",
                "vehicle_types_available": [
                    {
                        "count": 6,
                        "vehicle_type_id": "150"
                    },
                    {
                        "count": 1,
                        "vehicle_type_id": "196"
                    }
                ]
            },
            "type": "Feature"
        },
        {
            "geometry": {
                "coordinates": [
                    8.303089,
                    47.054686
                ],
                "type": "Point"
            },
            "properties": {
                "is_installed": true,
                "is_renting": true,
                "is_returning": true,
                "is_virtual_station": false,
                "last_reported": 1789324623,
                "name": "Bramberg / Diebold-Schilling-Strasse",
                "num_bikes_available": 0,
                "num_docks_available": 0,
                "region_id": "126",
                "rental_uris": {
                    "android": "https://app.nextbike.net/station?id=520702420",
                    "ios": "https://app.nextbike.net/station?id=520702420",
                    "web": "https://nxtb.it/p/520702420"
                },
                "short_name": "7951",
                "station_id": "520702420",
                "vehicle_types_available": []
            },
            "type": "Feature"
        },
        {
            "geometry": {
                "coordinates": [
                    8.264106,
                    47.049339
                ],
                "type": "Point"
            },
            "properties": {
                "is_installed": true,
                "is_renting": true,
                "is_returning": true,
                "is_virtual_station": false,
                "last_reported": 1789324623,
                "name": "Gartenhof / Luzernerstrasse",
                "num_bikes_available": 0,
                "num_docks_available": 0,
                "region_id": "126",
                "rental_uris": {
                    "android": "https://app.nextbike.net/station?id=537827082",
                    "ios": "https://app.nextbike.net/station?id=537827082",
                    "web": "https://nxtb.it/p/537827082"
                },
                "short_name": "7953",
                "station_id": "537827082",
                "vehicle_types_available": []
            },
            "type": "Feature"
        },
        {
            "geometry": {
                "coordinates": [
                    8.088346,
                    47.212106
                ],
                "type": "Point"
            },
            "properties": {
                "is_installed": true,
                "is_renting": true,
                "is_returning": true,
                "is_virtual_station": false,
                "last_reported": 1789324623,
                "name": "AOT | Bettenweg",
                "num_bikes_available": 4,
                "num_docks_available": 0,
                "region_id": "861",
                "rental_uris": {
                    "android": "https://app.nextbike.net/station?id=539464002",
                    "ios": "https://app.nextbike.net/station?id=539464002",
                    "web": "https://nxtb.it/p/539464002"
                },
                "short_name": "80116",
                "station_id": "539464002",
                "vehicle_types_available": [
                    {
                        "count": 3,
                        "vehicle_type_id": "150"
                    },
                    {
                        "count": 1,
                        "vehicle_type_id": "196"
                    }
                ]
            },
            "type": "Feature"
        },
        {
            "geometry": {
                "coordinates": [
                    8.315288,
                    47.02186
                ],
                "type": "Point"
            },
            "properties": {
                "is_installed": true,
                "is_renting": true,
                "is_returning": true,
                "is_virtual_station": false,
                "last_reported": 1789324623,
                "name": "Kirchfeld / Kirchfeld 1",
                "num_bikes_available": 4,
                "num_docks_available": 0,
                "region_id": "391",
                "rental_uris": {
                    "android": "https://app.nextbike.net/station?id=544461681",
                    "ios": "https://app.nextbike.net/station?id=544461681",
                    "web": "https://nxtb.it/p/544461681"
                },
                "short_name": "80207",
                "station_id": "544461681",
                "vehicle_types_available": [
                    {
                        "count": 4,
                        "vehicle_type_id": "150"
                    }
                ]
            },
            "type": "Feature"
        },
        {
            "geometry": {
                "coordinates": [
                    8.295064,
                    47.058049
                ],
                "type": "Point"
            },
            "properties": {
                "is_installed": true,
                "is_renting": true,
                "is_returning": true,
                "is_virtual_station": false,
                "last_reported": 1789324623,
                "name": "LUKS Parkplatz West / Spitalstrasse",
                "num_bikes_available": 0,
                "num_docks_available": 0,
                "region_id": "126",
                "rental_uris": {
                    "android": "https://app.nextbike.net/station?id=556311074",
                    "ios": "https://app.nextbike.net/station?id=556311074",
                    "web": "https://nxtb.it/p/556311074"
                },
                "short_name": "7954",
                "station_id": "556311074",
                "vehicle_types_available": []
            },
            "type": "Feature"
        },
        {
            "geometry": {
                "coordinates": [
                    8.327368,
                    47.040891
                ],
                "type": "Point"
            },
            "properties": {
                "is_installed": true,
                "is_renting": true,
                "is_returning": true,
                "is_virtual_station": false,
                "last_reported": 1789324623,
                "name": "Strandbad Tribschen / Warteggstrasse",
                "num_bikes_available": 2,
                "num_docks_available": 0,
                "region_id": "126",
                "rental_uris": {
                    "android": "https://app.nextbike.net/station?id=556345443",
                    "ios": "https://app.nextbike.net/station?id=556345443",
                    "web": "https://nxtb.it/p/556345443"
                },
                "short_name": "80212",
                "station_id": "556345443",
                "vehicle_types_available": [
                    {
                        "count": 2,
                        "vehicle_type_id": "150"
                    }
                ]
            },
            "type": "Feature"
        },
        {
            "geometry": {
                "coordinates": [
                    8.383432,
                    46.948006
                ],
                "type": "Point"
            },
            "properties": {
                "is_installed": true,
                "is_renting": true,
                "is_returning": true,
                "is_virtual_station": false,
                "last_reported": 1789324623,
                "name": "Kayser Holzbau / Gerenm\u00fcli 16",
                "num_bikes_available": 3,
                "num_docks_available": 0,
                "region_id": "465",
                "rental_uris": {
                    "android": "https://app.nextbike.net/station?id=556605454",
                    "ios": "https://app.nextbike.net/station?id=556605454",
                    "web": "https://nxtb.it/p/556605454"
                },
                "short_name": "80242",
                "station_id": "556605454",
                "vehicle_types_available": [
                    {
                        "count": 2,
                        "vehicle_type_id": "196"
                    },
                    {
                        "count": 1,
                        "vehicle_type_id": "150"
                    }
                ]
            },
            "type": "Feature"
        },
        {
            "geometry": {
                "coordinates": [
                    8.386264,
                    46.959618
                ],
                "type": "Point"
            },
            "properties": {
                "is_installed": true,
                "is_renting": true,
                "is_returning": true,
                "is_virtual_station": false,
                "last_reported": 1789324623,
                "name": "Migros Oberdorf / Wilmatt 1",
                "num_bikes_available": 0,
                "num_docks_available": 0,
                "region_id": "465",
                "rental_uris": {
                    "android": "https://app.nextbike.net/station?id=556605941",
                    "ios": "https://app.nextbike.net/station?id=556605941",
                    "web": "https://nxtb.it/p/556605941"
                },
                "short_name": "80244",
                "station_id": "556605941",
                "vehicle_types_available": []
            },
            "type": "Feature"
        },
        {
            "geometry": {
                "coordinates": [
                    8.330576,
                    47.146645
                ],
                "type": "Point"
            },
            "properties": {
                "is_installed": true,
                "is_renting": true,
                "is_returning": true,
                "is_virtual_station": false,
                "last_reported": 1789324623,
                "name": "Gerligen /Inwilstrasse",
                "num_bikes_available": 3,
                "num_docks_available": 0,
                "region_id": "1037",
                "rental_uris": {
                    "android": "https://app.nextbike.net/station?id=558203008",
                    "ios": "https://app.nextbike.net/station?id=558203008",
                    "web": "https://nxtb.it/p/558203008"
                },
                "short_name": "80273",
                "station_id": "558203008",
                "vehicle_types_available": [
                    {
                        "count": 2,
                        "vehicle_type_id": "150"
                    },
                    {
                        "count": 1,
                        "vehicle_type_id": "196"
                    }
                ]
            },
            "type": "Feature"
        },
        {
            "geometry": {
                "coordinates": [
                    8.316591,
                    47.097423
                ],
                "type": "Point"
            },
            "properties": {
                "is_installed": true,
                "is_renting": true,
                "is_returning": true,
                "is_virtual_station": false,
                "last_reported": 1789324623,
                "name": "GEM\u00dc / Seetalstrasse 210",
                "num_bikes_available": 0,
                "num_docks_available": 0,
                "region_id": "857",
                "rental_uris": {
                    "android": "https://app.nextbike.net/station?id=570629936",
                    "ios": "https://app.nextbike.net/station?id=570629936",
                    "web": "https://nxtb.it/p/570629936"
                },
                "short_name": "80216",
                "station_id": "570629936",
                "vehicle_types_available": []
            },
            "type": "Feature"
        },
        {
            "geometry": {
                "coordinates": [
                    8.300766,
                    47.026128
                ],
                "type": "Point"
            },
            "properties": {
                "is_installed": true,
                "is_renting": true,
                "is_returning": true,
                "is_virtual_station": false,
                "last_reported": 1789324623,
                "name": "Pilatus Arena / Ringstrasse",
                "num_bikes_available": 1,
                "num_docks_available": 0,
                "region_id": "491",
                "rental_uris": {
                    "android": "https://app.nextbike.net/station?id=572160513",
                    "ios": "https://app.nextbike.net/station?id=572160513",
                    "web": "https://nxtb.it/p/572160513"
                },
                "short_name": "80208",
                "station_id": "572160513",
                "vehicle_types_available": [
                    {
                        "count": 1,
                        "vehicle_type_id": "150"
                    }
                ]
            },
            "type": "Feature"
        },
        {
            "geometry": {
                "coordinates": [
                    8.265705,
                    47.05128
                ],
                "type": "Point"
            },
            "properties": {
                "is_installed": true,
                "is_renting": true,
                "is_returning": true,
                "is_virtual_station": false,
                "last_reported": 1789324623,
                "name": "Schulhaus Matt / Matthof",
                "num_bikes_available": 1,
                "num_docks_available": 0,
                "region_id": "126",
                "rental_uris": {
                    "android": "https://app.nextbike.net/station?id=578948346",
                    "ios": "https://app.nextbike.net/station?id=578948346",
                    "web": "https://nxtb.it/p/578948346"
                },
                "short_name": "8085",
                "station_id": "578948346",
                "vehicle_types_available": [
                    {
                        "count": 1,
                        "vehicle_type_id": "183"
                    }
                ]
            },
            "type": "Feature"
        },
        {
            "geometry": {
                "coordinates": [
                    8.097476,
                    47.171781
                ],
                "type": "Point"
            },
            "properties": {
                "is_installed": true,
                "is_renting": true,
                "is_returning": true,
                "is_virtual_station": false,
                "last_reported": 1789324623,
                "name": "Leopold / Bahnhofplatz 1",
                "num_bikes_available": 10,
                "num_docks_available": 0,
                "region_id": "88",
                "rental_uris": {
                    "android": "https://app.nextbike.net/station?id=584424848",
                    "ios": "https://app.nextbike.net/station?id=584424848",
                    "web": "https://nxtb.it/p/584424848"
                },
                "short_name": "80211",
                "station_id": "584424848",
                "vehicle_types_available": [
                    {
                        "count": 10,
                        "vehicle_type_id": "150"
                    }
                ]
            },
            "type": "Feature"
        },
        {
            "geometry": {
                "coordinates": [
                    8.317745,
                    47.063936
                ],
                "type": "Point"
            },
            "properties": {
                "is_installed": true,
                "is_renting": true,
                "is_returning": true,
                "is_virtual_station": false,
                "last_reported": 1789324623,
                "name": "Wesemlin / Zwyssigstrasse 9",
                "num_bikes_available": 0,
                "num_docks_available": 0,
                "region_id": "126",
                "rental_uris": {
                    "android": "https://app.nextbike.net/station?id=584425101",
                    "ios": "https://app.nextbike.net/station?id=584425101",
                    "web": "https://nxtb.it/p/584425101"
                },
                "short_name": "80219",
                "station_id": "584425101",
                "vehicle_types_available": []
            },
            "type": "Feature"
        },
        {
            "geometry": {
                "coordinates": [
                    8.295504,
                    47.038654
                ],
                "type": "Point"
            },
            "properties": {
                "is_installed": true,
                "is_renting": true,
                "is_returning": true,
                "is_virtual_station": false,
                "last_reported": 1789324623,
                "name": "WAS Luzern / Eichhof West",
                "num_bikes_available": 1,
                "num_docks_available": 0,
                "region_id": "491",
                "rental_uris": {
                    "android": "https://app.nextbike.net/station?id=584425121",
                    "ios": "https://app.nextbike.net/station?id=584425121",
                    "web": "https://nxtb.it/p/584425121"
                },
                "short_name": "80220",
                "station_id": "584425121",
                "vehicle_types_available": [
                    {
                        "count": 1,
                        "vehicle_type_id": "150"
                    }
                ]
            },
            "type": "Feature"
        },
        {
            "geometry": {
                "coordinates": [
                    8.080981,
                    47.055461
                ],
                "type": "Point"
            },
            "properties": {
                "is_installed": true,
                "is_renting": true,
                "is_returning": true,
                "is_virtual_station": false,
                "last_reported": 1789324623,
                "name": "Bahnhof Wolhusen",
                "num_bikes_available": 7,
                "num_docks_available": 0,
                "region_id": "1193",
                "rental_uris": {
                    "android": "https://app.nextbike.net/station?id=584425145",
                    "ios": "https://app.nextbike.net/station?id=584425145",
                    "web": "https://nxtb.it/p/584425145"
                },
                "short_name": "80221",
                "station_id": "584425145",
                "vehicle_types_available": [
                    {
                        "count": 1,
                        "vehicle_type_id": "150"
                    },
                    {
                        "count": 6,
                        "vehicle_type_id": "196"
                    }
                ]
            },
            "type": "Feature"
        },
        {
            "geometry": {
                "coordinates": [
                    8.070552,
                    47.056806
                ],
                "type": "Point"
            },
            "properties": {
                "is_installed": true,
                "is_renting": true,
                "is_returning": true,
                "is_virtual_station": false,
                "last_reported": 1789324623,
                "name": "Wolhusen-Markt / Marktweg 2, Gemeinde Werthenstein ",
                "num_bikes_available": 4,
                "num_docks_available": 0,
                "region_id": "1193",
                "rental_uris": {
                    "android": "https://app.nextbike.net/station?id=584425170",
                    "ios": "https://app.nextbike.net/station?id=584425170",
                    "web": "https://nxtb.it/p/584425170"
                },
                "short_name": "80222",
                "station_id": "584425170",
                "vehicle_types_available": [
                    {
                        "count": 2,
                        "vehicle_type_id": "183"
                    },
                    {
                        "count": 2,
                        "vehicle_type_id": "196"
                    }
                ]
            },
            "type": "Feature"
        },
        {
            "geometry": {
                "coordinates": [
                    8.068299,
                    47.065514
                ],
                "type": "Point"
            },
            "properties": {
                "is_installed": true,
                "is_renting": true,
                "is_returning": true,
                "is_virtual_station": false,
                "last_reported": 1789324623,
                "name": "Bahnstation Wolhusen Weid",
                "num_bikes_available": 5,
                "num_docks_available": 0,
                "region_id": "1193",
                "rental_uris": {
                    "android": "https://app.nextbike.net/station?id=584425181",
                    "ios": "https://app.nextbike.net/station?id=584425181",
                    "web": "https://nxtb.it/p/584425181"
                },
                "short_name": "80223",
                "station_id": "584425181",
                "vehicle_types_available": [
                    {
                        "count": 2,
                        "vehicle_type_id": "150"
                    },
                    {
                        "count": 3,
                        "vehicle_type_id": "196"
                    }
                ]
            },
            "type": "Feature"
        },
        {
            "geometry": {
                "coordinates": [
                    8.072891,
                    47.066552
                ],
                "type": "Point"
            },
            "properties": {
                "is_installed": true,
                "is_renting": true,
                "is_returning": true,
                "is_virtual_station": false,
                "last_reported": 1789324623,
                "name": "Luzerner Kantonsspital Wolhusen",
                "num_bikes_available": 0,
                "num_docks_available": 0,
                "region_id": "1193",
                "rental_uris": {
                    "android": "https://app.nextbike.net/station?id=584425202",
                    "ios": "https://app.nextbike.net/station?id=584425202",
                    "web": "https://nxtb.it/p/584425202"
                },
                "short_name": "80224",
                "station_id": "584425202",
                "vehicle_types_available": []
            },
            "type": "Feature"
        },
        {
            "geometry": {
                "coordinates": [
                    8.073235,
                    47.059722
                ],
                "type": "Point"
            },
            "properties": {
                "is_installed": true,
                "is_renting": true,
                "is_returning": true,
                "is_virtual_station": false,
                "last_reported": 1789324623,
                "name": "Gemeindehaus Wolhusen / Menznauerstrasse 13",
                "num_bikes_available": 1,
                "num_docks_available": 0,
                "region_id": "1193",
                "rental_uris": {
                    "android": "https://app.nextbike.net/station?id=584425290",
                    "ios": "https://app.nextbike.net/station?id=584425290",
                    "web": "https://nxtb.it/p/584425290"
                },
                "short_name": "7959",
                "station_id": "584425290",
                "vehicle_types_available": [
                    {
                        "count": 1,
                        "vehicle_type_id": "183"
                    }
                ]
            },
            "type": "Feature"
        },
        {
            "geometry": {
                "coordinates": [
                    8.417469,
                    46.980713
                ],
                "type": "Point"
            },
            "properties": {
                "is_installed": true,
                "is_renting": true,
                "is_returning": true,
                "is_virtual_station": false,
                "last_reported": 1789324623,
                "name": "Strandbad / Seefeldstrasse 1",
                "num_bikes_available": 5,
                "num_docks_available": 0,
                "region_id": "1329",
                "rental_uris": {
                    "android": "https://app.nextbike.net/station?id=584425753",
                    "ios": "https://app.nextbike.net/station?id=584425753",
                    "web": "https://nxtb.it/p/584425753"
                },
                "short_name": "80232",
                "station_id": "584425753",
                "vehicle_types_available": [
                    {
                        "count": 3,
                        "vehicle_type_id": "150"
                    },
                    {
                        "count": 2,
                        "vehicle_type_id": "196"
                    }
                ]
            },
            "type": "Feature"
        },
        {
            "geometry": {
                "coordinates": [
                    8.402342,
                    46.980827
                ],
                "type": "Point"
            },
            "properties": {
                "is_installed": true,
                "is_renting": true,
                "is_returning": true,
                "is_virtual_station": false,
                "last_reported": 1789324623,
                "name": "Nidair / Stanserstrasse 81",
                "num_bikes_available": 4,
                "num_docks_available": 0,
                "region_id": "1329",
                "rental_uris": {
                    "android": "https://app.nextbike.net/station?id=584425801",
                    "ios": "https://app.nextbike.net/station?id=584425801",
                    "web": "https://nxtb.it/p/584425801"
                },
                "short_name": "80233",
                "station_id": "584425801",
                "vehicle_types_available": [
                    {
                        "count": 3,
                        "vehicle_type_id": "150"
                    },
                    {
                        "count": 1,
                        "vehicle_type_id": "196"
                    }
                ]
            },
            "type": "Feature"
        },
        {
            "geometry": {
                "coordinates": [
                    8.413752,
                    46.983956
                ],
                "type": "Point"
            },
            "properties": {
                "is_installed": true,
                "is_renting": true,
                "is_returning": true,
                "is_virtual_station": false,
                "last_reported": 1789324623,
                "name": "Dorfplatz / Buochserstrasse 8",
                "num_bikes_available": 10,
                "num_docks_available": 0,
                "region_id": "1329",
                "rental_uris": {
                    "android": "https://app.nextbike.net/station?id=584425843",
                    "ios": "https://app.nextbike.net/station?id=584425843",
                    "web": "https://nxtb.it/p/584425843"
                },
                "short_name": "80234",
                "station_id": "584425843",
                "vehicle_types_available": [
                    {
                        "count": 7,
                        "vehicle_type_id": "196"
                    },
                    {
                        "count": 3,
                        "vehicle_type_id": "150"
                    }
                ]
            },
            "type": "Feature"
        },
        {
            "geometry": {
                "coordinates": [
                    8.320025,
                    47.007947
                ],
                "type": "Point"
            },
            "properties": {
                "is_installed": true,
                "is_renting": true,
                "is_returning": true,
                "is_virtual_station": false,
                "last_reported": 1789324623,
                "name": " R\u00fcteli /Seestrasse",
                "num_bikes_available": 0,
                "num_docks_available": 0,
                "region_id": "391",
                "rental_uris": {
                    "android": "https://app.nextbike.net/station?id=584426077",
                    "ios": "https://app.nextbike.net/station?id=584426077",
                    "web": "https://nxtb.it/p/584426077"
                },
                "short_name": "80238",
                "station_id": "584426077",
                "vehicle_types_available": []
            },
            "type": "Feature"
        },
        {
            "geometry": {
                "coordinates": [
                    8.288337,
                    47.073747
                ],
                "type": "Point"
            },
            "properties": {
                "is_installed": true,
                "is_renting": true,
                "is_returning": true,
                "is_virtual_station": false,
                "last_reported": 1789324623,
                "name": "Emmen Center / Stauffacherstrasse",
                "num_bikes_available": 13,
                "num_docks_available": 0,
                "region_id": "857",
                "rental_uris": {
                    "android": "https://app.nextbike.net/station?id=584426578",
                    "ios": "https://app.nextbike.net/station?id=584426578",
                    "web": "https://nxtb.it/p/584426578"
                },
                "short_name": "7869",
                "station_id": "584426578",
                "vehicle_types_available": [
                    {
                        "count": 9,
                        "vehicle_type_id": "150"
                    },
                    {
                        "count": 4,
                        "vehicle_type_id": "196"
                    }
                ]
            },
            "type": "Feature"
        },
        {
            "geometry": {
                "coordinates": [
                    8.24246,
                    47.034413
                ],
                "type": "Point"
            },
            "properties": {
                "is_installed": true,
                "is_renting": true,
                "is_returning": true,
                "is_virtual_station": false,
                "last_reported": 1789324623,
                "name": "Fun World / Rengglochstrasse 19",
                "num_bikes_available": 1,
                "num_docks_available": 0,
                "region_id": "491",
                "rental_uris": {
                    "android": "https://app.nextbike.net/station?id=584426870",
                    "ios": "https://app.nextbike.net/station?id=584426870",
                    "web": "https://nxtb.it/p/584426870"
                },
                "short_name": "80256",
                "station_id": "584426870",
                "vehicle_types_available": [
                    {
                        "count": 1,
                        "vehicle_type_id": "196"
                    }
                ]
            },
            "type": "Feature"
        },
        {
            "geometry": {
                "coordinates": [
                    8.279223,
                    47.09904
                ],
                "type": "Point"
            },
            "properties": {
                "is_installed": true,
                "is_renting": true,
                "is_returning": true,
                "is_virtual_station": false,
                "last_reported": 1789324623,
                "name": "Neumoos / Neumoosstrasse",
                "num_bikes_available": 1,
                "num_docks_available": 0,
                "region_id": "1215",
                "rental_uris": {
                    "android": "https://app.nextbike.net/station?id=584428319",
                    "ios": "https://app.nextbike.net/station?id=584428319",
                    "web": "https://nxtb.it/p/584428319"
                },
                "short_name": "80006",
                "station_id": "584428319",
                "vehicle_types_available": [
                    {
                        "count": 1,
                        "vehicle_type_id": "150"
                    }
                ]
            },
            "type": "Feature"
        },
        {
            "geometry": {
                "coordinates": [
                    8.270141,
                    47.098054
                ],
                "type": "Point"
            },
            "properties": {
                "is_installed": true,
                "is_renting": true,
                "is_returning": true,
                "is_virtual_station": false,
                "last_reported": 1789324623,
                "name": "Bushaltestelle Lindau / Eschenbachstrasse",
                "num_bikes_available": 1,
                "num_docks_available": 0,
                "region_id": "1215",
                "rental_uris": {
                    "android": "https://app.nextbike.net/station?id=584428336",
                    "ios": "https://app.nextbike.net/station?id=584428336",
                    "web": "https://nxtb.it/p/584428336"
                },
                "short_name": "80007",
                "station_id": "584428336",
                "vehicle_types_available": [
                    {
                        "count": 1,
                        "vehicle_type_id": "150"
                    }
                ]
            },
            "type": "Feature"
        },
        {
            "geometry": {
                "coordinates": [
                    8.265173,
                    47.101378
                ],
                "type": "Point"
            },
            "properties": {
                "is_installed": true,
                "is_renting": true,
                "is_returning": true,
                "is_virtual_station": false,
                "last_reported": 1789324623,
                "name": "Bushaltestelle Bertiswil / Bertiswilstrasse 57",
                "num_bikes_available": 2,
                "num_docks_available": 0,
                "region_id": "1215",
                "rental_uris": {
                    "android": "https://app.nextbike.net/station?id=584428365",
                    "ios": "https://app.nextbike.net/station?id=584428365",
                    "web": "https://nxtb.it/p/584428365"
                },
                "short_name": "80008",
                "station_id": "584428365",
                "vehicle_types_available": [
                    {
                        "count": 2,
                        "vehicle_type_id": "196"
                    }
                ]
            },
            "type": "Feature"
        },
        {
            "geometry": {
                "coordinates": [
                    8.261552,
                    47.096915
                ],
                "type": "Point"
            },
            "properties": {
                "is_installed": true,
                "is_renting": true,
                "is_returning": true,
                "is_virtual_station": false,
                "last_reported": 1789324623,
                "name": "Bushaltestelle Eichenring",
                "num_bikes_available": 2,
                "num_docks_available": 0,
                "region_id": "1215",
                "rental_uris": {
                    "android": "https://app.nextbike.net/station?id=584428385",
                    "ios": "https://app.nextbike.net/station?id=584428385",
                    "web": "https://nxtb.it/p/584428385"
                },
                "short_name": "80009",
                "station_id": "584428385",
                "vehicle_types_available": [
                    {
                        "count": 2,
                        "vehicle_type_id": "150"
                    }
                ]
            },
            "type": "Feature"
        },
        {
            "geometry": {
                "coordinates": [
                    8.313657,
                    47.046788
                ],
                "type": "Point"
            },
            "properties": {
                "is_installed": true,
                "is_renting": true,
                "is_returning": true,
                "is_virtual_station": false,
                "last_reported": 1789324623,
                "name": "R\u00f6sslimatt / B\u00fcrgenstrasse",
                "num_bikes_available": 2,
                "num_docks_available": 0,
                "region_id": "126",
                "rental_uris": {
                    "android": "https://app.nextbike.net/station?id=584428947",
                    "ios": "https://app.nextbike.net/station?id=584428947",
                    "web": "https://nxtb.it/p/584428947"
                },
                "short_name": "80027",
                "station_id": "584428947",
                "vehicle_types_available": [
                    {
                        "count": 2,
                        "vehicle_type_id": "150"
                    }
                ]
            },
            "type": "Feature"
        },
        {
            "geometry": {
                "coordinates": [
                    8.314687,
                    47.045958
                ],
                "type": "Point"
            },
            "properties": {
                "is_installed": true,
                "is_renting": true,
                "is_returning": true,
                "is_virtual_station": false,
                "last_reported": 1789324623,
                "name": "SUVA / R\u00f6sslimatt",
                "num_bikes_available": 0,
                "num_docks_available": 0,
                "region_id": "126",
                "rental_uris": {
                    "android": "https://app.nextbike.net/station?id=584428971",
                    "ios": "https://app.nextbike.net/station?id=584428971",
                    "web": "https://nxtb.it/p/584428971"
                },
                "short_name": "80028",
                "station_id": "584428971",
                "vehicle_types_available": []
            },
            "type": "Feature"
        },
        {
            "geometry": {
                "coordinates": [
                    8.042947,
                    46.817327
                ],
                "type": "Point"
            },
            "properties": {
                "is_installed": true,
                "is_renting": false,
                "is_returning": false,
                "is_virtual_station": false,
                "last_reported": 1789324623,
                "name": "REKA Feriendorf",
                "num_bikes_available": 3,
                "num_docks_available": 0,
                "region_id": "1252",
                "rental_uris": {
                    "android": "https://app.nextbike.net/station?id=584429041",
                    "ios": "https://app.nextbike.net/station?id=584429041",
                    "web": "https://nxtb.it/p/584429041"
                },
                "short_name": "80030",
                "station_id": "584429041",
                "vehicle_types_available": [
                    {
                        "count": 3,
                        "vehicle_type_id": "183"
                    }
                ]
            },
            "type": "Feature"
        },
        {
            "geometry": {
                "coordinates": [
                    8.025556,
                    46.825641
                ],
                "type": "Point"
            },
            "properties": {
                "is_installed": true,
                "is_renting": false,
                "is_returning": false,
                "is_virtual_station": false,
                "last_reported": 1789324623,
                "name": "Camping Rischli",
                "num_bikes_available": 2,
                "num_docks_available": 0,
                "region_id": "1252",
                "rental_uris": {
                    "android": "https://app.nextbike.net/station?id=584429076",
                    "ios": "https://app.nextbike.net/station?id=584429076",
                    "web": "https://nxtb.it/p/584429076"
                },
                "short_name": "80031",
                "station_id": "584429076",
                "vehicle_types_available": [
                    {
                        "count": 2,
                        "vehicle_type_id": "183"
                    }
                ]
            },
            "type": "Feature"
        },
        {
            "geometry": {
                "coordinates": [
                    8.034053,
                    46.820906
                ],
                "type": "Point"
            },
            "properties": {
                "is_installed": true,
                "is_renting": false,
                "is_returning": false,
                "is_virtual_station": false,
                "last_reported": 1789324623,
                "name": "Rossweid Talstation",
                "num_bikes_available": 6,
                "num_docks_available": 0,
                "region_id": "1252",
                "rental_uris": {
                    "android": "https://app.nextbike.net/station?id=584429117",
                    "ios": "https://app.nextbike.net/station?id=584429117",
                    "web": "https://nxtb.it/p/584429117"
                },
                "short_name": "80032",
                "station_id": "584429117",
                "vehicle_types_available": [
                    {
                        "count": 6,
                        "vehicle_type_id": "183"
                    }
                ]
            },
            "type": "Feature"
        },
        {
            "geometry": {
                "coordinates": [
                    8.060081,
                    46.807726
                ],
                "type": "Point"
            },
            "properties": {
                "is_installed": true,
                "is_renting": false,
                "is_returning": false,
                "is_virtual_station": false,
                "last_reported": 1789324623,
                "name": "Rothorn Talstation",
                "num_bikes_available": 0,
                "num_docks_available": 0,
                "region_id": "1252",
                "rental_uris": {
                    "android": "https://app.nextbike.net/station?id=584429144",
                    "ios": "https://app.nextbike.net/station?id=584429144",
                    "web": "https://nxtb.it/p/584429144"
                },
                "short_name": "80033",
                "station_id": "584429144",
                "vehicle_types_available": []
            },
            "type": "Feature"
        },
        {
            "geometry": {
                "coordinates": [
                    8.013255,
                    46.833543
                ],
                "type": "Point"
            },
            "properties": {
                "is_installed": true,
                "is_renting": false,
                "is_returning": false,
                "is_virtual_station": false,
                "last_reported": 1789324623,
                "name": "Bushaltestelle S\u00fcdelh\u00f6chi",
                "num_bikes_available": 5,
                "num_docks_available": 0,
                "region_id": "1252",
                "rental_uris": {
                    "android": "https://app.nextbike.net/station?id=584429168",
                    "ios": "https://app.nextbike.net/station?id=584429168",
                    "web": "https://nxtb.it/p/584429168"
                },
                "short_name": "80034",
                "station_id": "584429168",
                "vehicle_types_available": [
                    {
                        "count": 5,
                        "vehicle_type_id": "183"
                    }
                ]
            },
            "type": "Feature"
        },
        {
            "geometry": {
                "coordinates": [
                    8.327653,
                    47.164928
                ],
                "type": "Point"
            },
            "properties": {
                "is_installed": true,
                "is_renting": true,
                "is_returning": true,
                "is_virtual_station": false,
                "last_reported": 1789324623,
                "name": "Gasthaus Ottenhusen / Brunnenweg 4",
                "num_bikes_available": 7,
                "num_docks_available": 0,
                "region_id": "1213",
                "rental_uris": {
                    "android": "https://app.nextbike.net/station?id=584429205",
                    "ios": "https://app.nextbike.net/station?id=584429205",
                    "web": "https://nxtb.it/p/584429205"
                },
                "short_name": "80035",
                "station_id": "584429205",
                "vehicle_types_available": [
                    {
                        "count": 2,
                        "vehicle_type_id": "183"
                    },
                    {
                        "count": 3,
                        "vehicle_type_id": "196"
                    },
                    {
                        "count": 2,
                        "vehicle_type_id": "150"
                    }
                ]
            },
            "type": "Feature"
        },
        {
            "geometry": {
                "coordinates": [
                    8.315175,
                    47.179825
                ],
                "type": "Point"
            },
            "properties": {
                "is_installed": true,
                "is_renting": true,
                "is_returning": true,
                "is_virtual_station": false,
                "last_reported": 1789324623,
                "name": "Gemeindehaus / Unterdorfstrasse 7",
                "num_bikes_available": 2,
                "num_docks_available": 0,
                "region_id": "1213",
                "rental_uris": {
                    "android": "https://app.nextbike.net/station?id=584429241",
                    "ios": "https://app.nextbike.net/station?id=584429241",
                    "web": "https://nxtb.it/p/584429241"
                },
                "short_name": "80036",
                "station_id": "584429241",
                "vehicle_types_available": [
                    {
                        "count": 1,
                        "vehicle_type_id": "183"
                    },
                    {
                        "count": 1,
                        "vehicle_type_id": "150"
                    }
                ]
            },
            "type": "Feature"
        },
        {
            "geometry": {
                "coordinates": [
                    8.296072,
                    47.195756
                ],
                "type": "Point"
            },
            "properties": {
                "is_installed": true,
                "is_renting": true,
                "is_returning": true,
                "is_virtual_station": false,
                "last_reported": 1789324623,
                "name": "Kleinwangen / Bushalt Post",
                "num_bikes_available": 2,
                "num_docks_available": 0,
                "region_id": "1213",
                "rental_uris": {
                    "android": "https://app.nextbike.net/station?id=584429270",
                    "ios": "https://app.nextbike.net/station?id=584429270",
                    "web": "https://nxtb.it/p/584429270"
                },
                "short_name": "80037",
                "station_id": "584429270",
                "vehicle_types_available": [
                    {
                        "count": 2,
                        "vehicle_type_id": "150"
                    }
                ]
            },
            "type": "Feature"
        },
        {
            "geometry": {
                "coordinates": [
                    8.297403,
                    47.207897
                ],
                "type": "Point"
            },
            "properties": {
                "is_installed": true,
                "is_renting": true,
                "is_returning": true,
                "is_virtual_station": false,
                "last_reported": 1789324623,
                "name": "Lieli / Dorfstrasse 1",
                "num_bikes_available": 2,
                "num_docks_available": 0,
                "region_id": "1213",
                "rental_uris": {
                    "android": "https://app.nextbike.net/station?id=584429296",
                    "ios": "https://app.nextbike.net/station?id=584429296",
                    "web": "https://nxtb.it/p/584429296"
                },
                "short_name": "80038",
                "station_id": "584429296",
                "vehicle_types_available": [
                    {
                        "count": 1,
                        "vehicle_type_id": "183"
                    },
                    {
                        "count": 1,
                        "vehicle_type_id": "196"
                    }
                ]
            },
            "type": "Feature"
        },
        {
            "geometry": {
                "coordinates": [
                    8.124937,
                    47.174483
                ],
                "type": "Point"
            },
            "properties": {
                "is_installed": true,
                "is_renting": true,
                "is_returning": true,
                "is_virtual_station": false,
                "last_reported": 1789324623,
                "name": "Strandbad Sursee / Strandbadweg 4",
                "num_bikes_available": 2,
                "num_docks_available": 0,
                "region_id": "88",
                "rental_uris": {
                    "android": "https://app.nextbike.net/station?id=584429324",
                    "ios": "https://app.nextbike.net/station?id=584429324",
                    "web": "https://nxtb.it/p/584429324"
                },
                "short_name": "80039",
                "station_id": "584429324",
                "vehicle_types_available": [
                    {
                        "count": 2,
                        "vehicle_type_id": "150"
                    }
                ]
            },
            "type": "Feature"
        },
        {
            "geometry": {
                "coordinates": [
                    8.167917,
                    47.153259
                ],
                "type": "Point"
            },
            "properties": {
                "is_installed": true,
                "is_renting": true,
                "is_returning": true,
                "is_virtual_station": false,
                "last_reported": 1789324623,
                "name": "Schulhaus Eich",
                "num_bikes_available": 1,
                "num_docks_available": 0,
                "region_id": "738",
                "rental_uris": {
                    "android": "https://app.nextbike.net/station?id=58622763",
                    "ios": "https://app.nextbike.net/station?id=58622763",
                    "web": "https://nxtb.it/p/58622763"
                },
                "short_name": "9047",
                "station_id": "58622763",
                "vehicle_types_available": [
                    {
                        "count": 1,
                        "vehicle_type_id": "150"
                    }
                ]
            },
            "type": "Feature"
        },
        {
            "geometry": {
                "coordinates": [
                    8.167911,
                    47.150812
                ],
                "type": "Point"
            },
            "properties": {
                "is_installed": true,
                "is_renting": true,
                "is_returning": true,
                "is_virtual_station": false,
                "last_reported": 1789324623,
                "name": "Dorf Eich",
                "num_bikes_available": 7,
                "num_docks_available": 0,
                "region_id": "738",
                "rental_uris": {
                    "android": "https://app.nextbike.net/station?id=58622870",
                    "ios": "https://app.nextbike.net/station?id=58622870",
                    "web": "https://nxtb.it/p/58622870"
                },
                "short_name": "9048",
                "station_id": "58622870",
                "vehicle_types_available": [
                    {
                        "count": 6,
                        "vehicle_type_id": "150"
                    },
                    {
                        "count": 1,
                        "vehicle_type_id": "196"
                    }
                ]
            },
            "type": "Feature"
        },
        {
            "geometry": {
                "coordinates": [
                    8.178281,
                    47.16123
                ],
                "type": "Point"
            },
            "properties": {
                "is_installed": true,
                "is_renting": true,
                "is_returning": true,
                "is_virtual_station": false,
                "last_reported": 1789324623,
                "name": "Hotel Restaurant Vogelsang",
                "num_bikes_available": 3,
                "num_docks_available": 0,
                "region_id": "738",
                "rental_uris": {
                    "android": "https://app.nextbike.net/station?id=58622941",
                    "ios": "https://app.nextbike.net/station?id=58622941",
                    "web": "https://nxtb.it/p/58622941"
                },
                "short_name": "9049",
                "station_id": "58622941",
                "vehicle_types_available": [
                    {
                        "count": 3,
                        "vehicle_type_id": "150"
                    }
                ]
            },
            "type": "Feature"
        },
        {
            "geometry": {
                "coordinates": [
                    8.247079,
                    46.893864
                ],
                "type": "Point"
            },
            "properties": {
                "is_installed": true,
                "is_renting": true,
                "is_returning": true,
                "is_virtual_station": false,
                "last_reported": 1789324623,
                "name": "Sarnen Bahnhofplatz",
                "num_bikes_available": 4,
                "num_docks_available": 0,
                "region_id": "463",
                "rental_uris": {
                    "android": "https://app.nextbike.net/station?id=5996316",
                    "ios": "https://app.nextbike.net/station?id=5996316",
                    "web": "https://nxtb.it/p/5996316"
                },
                "short_name": "7994",
                "station_id": "5996316",
                "vehicle_types_available": [
                    {
                        "count": 3,
                        "vehicle_type_id": "150"
                    },
                    {
                        "count": 1,
                        "vehicle_type_id": "196"
                    }
                ]
            },
            "type": "Feature"
        },
        {
            "geometry": {
                "coordinates": [
                    8.224592,
                    46.88097
                ],
                "type": "Point"
            },
            "properties": {
                "is_installed": true,
                "is_renting": true,
                "is_returning": true,
                "is_virtual_station": false,
                "last_reported": 1789324623,
                "name": "Wilen Dorf / Wilerstrasse 65",
                "num_bikes_available": 3,
                "num_docks_available": 0,
                "region_id": "463",
                "rental_uris": {
                    "android": "https://app.nextbike.net/station?id=5996344",
                    "ios": "https://app.nextbike.net/station?id=5996344",
                    "web": "https://nxtb.it/p/5996344"
                },
                "short_name": "7993",
                "station_id": "5996344",
                "vehicle_types_available": [
                    {
                        "count": 3,
                        "vehicle_type_id": "150"
                    }
                ]
            },
            "type": "Feature"
        },
        {
            "geometry": {
                "coordinates": [
                    8.24775,
                    46.894609
                ],
                "type": "Point"
            },
            "properties": {
                "is_installed": true,
                "is_renting": true,
                "is_returning": true,
                "is_virtual_station": false,
                "last_reported": 1789324623,
                "name": "Bahnhof Sarnen / BWZ",
                "num_bikes_available": 3,
                "num_docks_available": 0,
                "region_id": "463",
                "rental_uris": {
                    "android": "https://app.nextbike.net/station?id=5996371",
                    "ios": "https://app.nextbike.net/station?id=5996371",
                    "web": "https://nxtb.it/p/5996371"
                },
                "short_name": "7995",
                "station_id": "5996371",
                "vehicle_types_available": [
                    {
                        "count": 3,
                        "vehicle_type_id": "150"
                    }
                ]
            },
            "type": "Feature"
        },
        {
            "geometry": {
                "coordinates": [
                    8.355854,
                    46.960822
                ],
                "type": "Point"
            },
            "properties": {
                "is_installed": true,
                "is_renting": true,
                "is_returning": true,
                "is_virtual_station": false,
                "last_reported": 1789324623,
                "name": "Bushaltestelle Spital Nidwalden",
                "num_bikes_available": 0,
                "num_docks_available": 0,
                "region_id": "383",
                "rental_uris": {
                    "android": "https://app.nextbike.net/station?id=60082941",
                    "ios": "https://app.nextbike.net/station?id=60082941",
                    "web": "https://nxtb.it/p/60082941"
                },
                "short_name": "8154",
                "station_id": "60082941",
                "vehicle_types_available": []
            },
            "type": "Feature"
        },
        {
            "geometry": {
                "coordinates": [
                    8.11666,
                    47.168386
                ],
                "type": "Point"
            },
            "properties": {
                "is_installed": true,
                "is_renting": true,
                "is_returning": true,
                "is_virtual_station": false,
                "last_reported": 1789324623,
                "name": "Kantonsspital",
                "num_bikes_available": 2,
                "num_docks_available": 0,
                "region_id": "88",
                "rental_uris": {
                    "android": "https://app.nextbike.net/station?id=6201611",
                    "ios": "https://app.nextbike.net/station?id=6201611",
                    "web": "https://nxtb.it/p/6201611"
                },
                "short_name": "9012",
                "station_id": "6201611",
                "vehicle_types_available": [
                    {
                        "count": 2,
                        "vehicle_type_id": "196"
                    }
                ]
            },
            "type": "Feature"
        },
        {
            "geometry": {
                "coordinates": [
                    8.382375,
                    46.955656
                ],
                "type": "Point"
            },
            "properties": {
                "is_installed": true,
                "is_renting": true,
                "is_returning": true,
                "is_virtual_station": false,
                "last_reported": 1789324623,
                "name": "Gemeindehaus / Schulhaustrasse 19",
                "num_bikes_available": 6,
                "num_docks_available": 0,
                "region_id": "465",
                "rental_uris": {
                    "android": "https://app.nextbike.net/station?id=6215911",
                    "ios": "https://app.nextbike.net/station?id=6215911",
                    "web": "https://nxtb.it/p/6215911"
                },
                "short_name": "8075",
                "station_id": "6215911",
                "vehicle_types_available": [
                    {
                        "count": 3,
                        "vehicle_type_id": "150"
                    },
                    {
                        "count": 3,
                        "vehicle_type_id": "196"
                    }
                ]
            },
            "type": "Feature"
        },
        {
            "geometry": {
                "coordinates": [
                    8.386667,
                    46.958117
                ],
                "type": "Point"
            },
            "properties": {
                "is_installed": true,
                "is_renting": true,
                "is_returning": true,
                "is_virtual_station": false,
                "last_reported": 1789324623,
                "name": "Bushaltestelle Kaserne Kantonsstr.",
                "num_bikes_available": 1,
                "num_docks_available": 0,
                "region_id": "465",
                "rental_uris": {
                    "android": "https://app.nextbike.net/station?id=6215931",
                    "ios": "https://app.nextbike.net/station?id=6215931",
                    "web": "https://nxtb.it/p/6215931"
                },
                "short_name": "8076",
                "station_id": "6215931",
                "vehicle_types_available": [
                    {
                        "count": 1,
                        "vehicle_type_id": "150"
                    }
                ]
            },
            "type": "Feature"
        },
        {
            "geometry": {
                "coordinates": [
                    8.396934,
                    46.938396
                ],
                "type": "Point"
            },
            "properties": {
                "is_installed": true,
                "is_renting": true,
                "is_returning": true,
                "is_virtual_station": false,
                "last_reported": 1789324623,
                "name": "M\u00fcliplatz",
                "num_bikes_available": 5,
                "num_docks_available": 0,
                "region_id": "465",
                "rental_uris": {
                    "android": "https://app.nextbike.net/station?id=6215972",
                    "ios": "https://app.nextbike.net/station?id=6215972",
                    "web": "https://nxtb.it/p/6215972"
                },
                "short_name": "8077",
                "station_id": "6215972",
                "vehicle_types_available": [
                    {
                        "count": 4,
                        "vehicle_type_id": "150"
                    },
                    {
                        "count": 1,
                        "vehicle_type_id": "196"
                    }
                ]
            },
            "type": "Feature"
        },
        {
            "geometry": {
                "coordinates": [
                    8.394848,
                    46.907987
                ],
                "type": "Point"
            },
            "properties": {
                "is_installed": true,
                "is_renting": true,
                "is_returning": true,
                "is_virtual_station": false,
                "last_reported": 1789324623,
                "name": "Bahnhof Wolfenschiessen",
                "num_bikes_available": 7,
                "num_docks_available": 0,
                "region_id": "464",
                "rental_uris": {
                    "android": "https://app.nextbike.net/station?id=6222975",
                    "ios": "https://app.nextbike.net/station?id=6222975",
                    "web": "https://nxtb.it/p/6222975"
                },
                "short_name": "8136",
                "station_id": "6222975",
                "vehicle_types_available": [
                    {
                        "count": 7,
                        "vehicle_type_id": "196"
                    }
                ]
            },
            "type": "Feature"
        },
        {
            "geometry": {
                "coordinates": [
                    8.384328,
                    46.892574
                ],
                "type": "Point"
            },
            "properties": {
                "is_installed": true,
                "is_renting": true,
                "is_returning": true,
                "is_virtual_station": false,
                "last_reported": 1789324623,
                "name": "Diegisbalm",
                "num_bikes_available": 2,
                "num_docks_available": 0,
                "region_id": "464",
                "rental_uris": {
                    "android": "https://app.nextbike.net/station?id=6222994",
                    "ios": "https://app.nextbike.net/station?id=6222994",
                    "web": "https://nxtb.it/p/6222994"
                },
                "short_name": "8137",
                "station_id": "6222994",
                "vehicle_types_available": [
                    {
                        "count": 2,
                        "vehicle_type_id": "150"
                    }
                ]
            },
            "type": "Feature"
        },
        {
            "geometry": {
                "coordinates": [
                    8.375176,
                    46.878602
                ],
                "type": "Point"
            },
            "properties": {
                "is_installed": true,
                "is_renting": true,
                "is_returning": true,
                "is_virtual_station": false,
                "last_reported": 1789324623,
                "name": "Bielen / Geissmattli 2",
                "num_bikes_available": 4,
                "num_docks_available": 0,
                "region_id": "464",
                "rental_uris": {
                    "android": "https://app.nextbike.net/station?id=6223013",
                    "ios": "https://app.nextbike.net/station?id=6223013",
                    "web": "https://nxtb.it/p/6223013"
                },
                "short_name": "8138",
                "station_id": "6223013",
                "vehicle_types_available": [
                    {
                        "count": 2,
                        "vehicle_type_id": "150"
                    },
                    {
                        "count": 2,
                        "vehicle_type_id": "196"
                    }
                ]
            },
            "type": "Feature"
        },
        {
            "geometry": {
                "coordinates": [
                    8.367317,
                    46.856714
                ],
                "type": "Point"
            },
            "properties": {
                "is_installed": true,
                "is_renting": true,
                "is_returning": true,
                "is_virtual_station": false,
                "last_reported": 1789324623,
                "name": "Rugisbalm / Ottney-Mettlen",
                "num_bikes_available": 1,
                "num_docks_available": 0,
                "region_id": "464",
                "rental_uris": {
                    "android": "https://app.nextbike.net/station?id=6223049",
                    "ios": "https://app.nextbike.net/station?id=6223049",
                    "web": "https://nxtb.it/p/6223049"
                },
                "short_name": "8139",
                "station_id": "6223049",
                "vehicle_types_available": [
                    {
                        "count": 1,
                        "vehicle_type_id": "150"
                    }
                ]
            },
            "type": "Feature"
        },
        {
            "geometry": {
                "coordinates": [
                    8.390465,
                    46.896903
                ],
                "type": "Point"
            },
            "properties": {
                "is_installed": true,
                "is_renting": true,
                "is_returning": true,
                "is_virtual_station": false,
                "last_reported": 1789324623,
                "name": "D\u00f6rfli / D\u00f6rfli 4",
                "num_bikes_available": 4,
                "num_docks_available": 0,
                "region_id": "464",
                "rental_uris": {
                    "android": "https://app.nextbike.net/station?id=6223101",
                    "ios": "https://app.nextbike.net/station?id=6223101",
                    "web": "https://nxtb.it/p/6223101"
                },
                "short_name": "8141",
                "station_id": "6223101",
                "vehicle_types_available": [
                    {
                        "count": 4,
                        "vehicle_type_id": "196"
                    }
                ]
            },
            "type": "Feature"
        },
        {
            "geometry": {
                "coordinates": [
                    8.397106,
                    46.927689
                ],
                "type": "Point"
            },
            "properties": {
                "is_installed": true,
                "is_renting": true,
                "is_returning": true,
                "is_virtual_station": false,
                "last_reported": 1789324623,
                "name": "Talstation LDN",
                "num_bikes_available": 0,
                "num_docks_available": 0,
                "region_id": "464",
                "rental_uris": {
                    "android": "https://app.nextbike.net/station?id=6223126",
                    "ios": "https://app.nextbike.net/station?id=6223126",
                    "web": "https://nxtb.it/p/6223126"
                },
                "short_name": "8142",
                "station_id": "6223126",
                "vehicle_types_available": []
            },
            "type": "Feature"
        },
        {
            "geometry": {
                "coordinates": [
                    8.244966,
                    46.895884
                ],
                "type": "Point"
            },
            "properties": {
                "is_installed": true,
                "is_renting": true,
                "is_returning": true,
                "is_virtual_station": false,
                "last_reported": 1789324623,
                "name": "Dorfplatz / Rathhausgasse",
                "num_bikes_available": 4,
                "num_docks_available": 0,
                "region_id": "463",
                "rental_uris": {
                    "android": "https://app.nextbike.net/station?id=6259648",
                    "ios": "https://app.nextbike.net/station?id=6259648",
                    "web": "https://nxtb.it/p/6259648"
                },
                "short_name": "7996",
                "station_id": "6259648",
                "vehicle_types_available": [
                    {
                        "count": 2,
                        "vehicle_type_id": "196"
                    },
                    {
                        "count": 2,
                        "vehicle_type_id": "150"
                    }
                ]
            },
            "type": "Feature"
        },
        {
            "geometry": {
                "coordinates": [
                    8.244563,
                    46.891111
                ],
                "type": "Point"
            },
            "properties": {
                "is_installed": true,
                "is_renting": true,
                "is_returning": true,
                "is_virtual_station": false,
                "last_reported": 1789324623,
                "name": "Zivilstandsamt / Br\u00fcnigstr. 180",
                "num_bikes_available": 4,
                "num_docks_available": 0,
                "region_id": "463",
                "rental_uris": {
                    "android": "https://app.nextbike.net/station?id=6259668",
                    "ios": "https://app.nextbike.net/station?id=6259668",
                    "web": "https://nxtb.it/p/6259668"
                },
                "short_name": "7987",
                "station_id": "6259668",
                "vehicle_types_available": [
                    {
                        "count": 3,
                        "vehicle_type_id": "150"
                    },
                    {
                        "count": 1,
                        "vehicle_type_id": "196"
                    }
                ]
            },
            "type": "Feature"
        },
        {
            "geometry": {
                "coordinates": [
                    8.243249,
                    46.887739
                ],
                "type": "Point"
            },
            "properties": {
                "is_installed": true,
                "is_renting": true,
                "is_returning": true,
                "is_virtual_station": false,
                "last_reported": 1789324623,
                "name": "Hafen / Seestrasse 4",
                "num_bikes_available": 8,
                "num_docks_available": 0,
                "region_id": "463",
                "rental_uris": {
                    "android": "https://app.nextbike.net/station?id=6259683",
                    "ios": "https://app.nextbike.net/station?id=6259683",
                    "web": "https://nxtb.it/p/6259683"
                },
                "short_name": "7988",
                "station_id": "6259683",
                "vehicle_types_available": [
                    {
                        "count": 3,
                        "vehicle_type_id": "196"
                    },
                    {
                        "count": 5,
                        "vehicle_type_id": "150"
                    }
                ]
            },
            "type": "Feature"
        },
        {
            "geometry": {
                "coordinates": [
                    8.244241,
                    46.884021
                ],
                "type": "Point"
            },
            "properties": {
                "is_installed": true,
                "is_renting": true,
                "is_returning": true,
                "is_virtual_station": false,
                "last_reported": 1789324623,
                "name": "Seefeldpark / Seestrasse 20",
                "num_bikes_available": 2,
                "num_docks_available": 0,
                "region_id": "463",
                "rental_uris": {
                    "android": "https://app.nextbike.net/station?id=6259701",
                    "ios": "https://app.nextbike.net/station?id=6259701",
                    "web": "https://nxtb.it/p/6259701"
                },
                "short_name": "7989",
                "station_id": "6259701",
                "vehicle_types_available": [
                    {
                        "count": 2,
                        "vehicle_type_id": "196"
                    }
                ]
            },
            "type": "Feature"
        },
        {
            "geometry": {
                "coordinates": [
                    8.246253,
                    46.885916
                ],
                "type": "Point"
            },
            "properties": {
                "is_installed": true,
                "is_renting": true,
                "is_returning": true,
                "is_virtual_station": false,
                "last_reported": 1789324623,
                "name": "JUKO Pavillon / Milit\u00e4rstrasse 3",
                "num_bikes_available": 0,
                "num_docks_available": 0,
                "region_id": "463",
                "rental_uris": {
                    "android": "https://app.nextbike.net/station?id=6259773",
                    "ios": "https://app.nextbike.net/station?id=6259773",
                    "web": "https://nxtb.it/p/6259773"
                },
                "short_name": "7990",
                "station_id": "6259773",
                "vehicle_types_available": []
            },
            "type": "Feature"
        },
        {
            "geometry": {
                "coordinates": [
                    8.246731,
                    46.889931
                ],
                "type": "Point"
            },
            "properties": {
                "is_installed": true,
                "is_renting": true,
                "is_returning": true,
                "is_virtual_station": false,
                "last_reported": 1789324623,
                "name": "Kantonsspital / Spitalstrasse",
                "num_bikes_available": 5,
                "num_docks_available": 0,
                "region_id": "463",
                "rental_uris": {
                    "android": "https://app.nextbike.net/station?id=6259792",
                    "ios": "https://app.nextbike.net/station?id=6259792",
                    "web": "https://nxtb.it/p/6259792"
                },
                "short_name": "7991",
                "station_id": "6259792",
                "vehicle_types_available": [
                    {
                        "count": 3,
                        "vehicle_type_id": "150"
                    },
                    {
                        "count": 2,
                        "vehicle_type_id": "196"
                    }
                ]
            },
            "type": "Feature"
        },
        {
            "geometry": {
                "coordinates": [
                    8.23774,
                    46.893238
                ],
                "type": "Point"
            },
            "properties": {
                "is_installed": true,
                "is_renting": true,
                "is_returning": true,
                "is_virtual_station": false,
                "last_reported": 1789324623,
                "name": "Kirchhofen / Pfarrg\u00e4ssli 1",
                "num_bikes_available": 5,
                "num_docks_available": 0,
                "region_id": "463",
                "rental_uris": {
                    "android": "https://app.nextbike.net/station?id=6259807",
                    "ios": "https://app.nextbike.net/station?id=6259807",
                    "web": "https://nxtb.it/p/6259807"
                },
                "short_name": "7992",
                "station_id": "6259807",
                "vehicle_types_available": [
                    {
                        "count": 4,
                        "vehicle_type_id": "150"
                    },
                    {
                        "count": 1,
                        "vehicle_type_id": "196"
                    }
                ]
            },
            "type": "Feature"
        },
        {
            "geometry": {
                "coordinates": [
                    8.245159,
                    46.89404
                ],
                "type": "Point"
            },
            "properties": {
                "is_installed": true,
                "is_renting": true,
                "is_returning": true,
                "is_virtual_station": false,
                "last_reported": 1789324623,
                "name": "Gemeindehaus / Br\u00fcnigstrasse 160",
                "num_bikes_available": 4,
                "num_docks_available": 0,
                "region_id": "463",
                "rental_uris": {
                    "android": "https://app.nextbike.net/station?id=6259955",
                    "ios": "https://app.nextbike.net/station?id=6259955",
                    "web": "https://nxtb.it/p/6259955"
                },
                "short_name": "7986",
                "station_id": "6259955",
                "vehicle_types_available": [
                    {
                        "count": 2,
                        "vehicle_type_id": "196"
                    },
                    {
                        "count": 2,
                        "vehicle_type_id": "150"
                    }
                ]
            },
            "type": "Feature"
        },
        {
            "geometry": {
                "coordinates": [
                    8.246832,
                    46.89727
                ],
                "type": "Point"
            },
            "properties": {
                "is_installed": true,
                "is_renting": true,
                "is_returning": true,
                "is_virtual_station": false,
                "last_reported": 1789324623,
                "name": "Lindenhof",
                "num_bikes_available": 0,
                "num_docks_available": 0,
                "region_id": "463",
                "rental_uris": {
                    "android": "https://app.nextbike.net/station?id=6259990",
                    "ios": "https://app.nextbike.net/station?id=6259990",
                    "web": "https://nxtb.it/p/6259990"
                },
                "short_name": "7997",
                "station_id": "6259990",
                "vehicle_types_available": []
            },
            "type": "Feature"
        },
        {
            "geometry": {
                "coordinates": [
                    8.244928,
                    46.898062
                ],
                "type": "Point"
            },
            "properties": {
                "is_installed": true,
                "is_renting": true,
                "is_returning": true,
                "is_virtual_station": false,
                "last_reported": 1789324623,
                "name": "MZA Ei",
                "num_bikes_available": 4,
                "num_docks_available": 0,
                "region_id": "463",
                "rental_uris": {
                    "android": "https://app.nextbike.net/station?id=6260026",
                    "ios": "https://app.nextbike.net/station?id=6260026",
                    "web": "https://nxtb.it/p/6260026"
                },
                "short_name": "7998",
                "station_id": "6260026",
                "vehicle_types_available": [
                    {
                        "count": 1,
                        "vehicle_type_id": "196"
                    },
                    {
                        "count": 3,
                        "vehicle_type_id": "150"
                    }
                ]
            },
            "type": "Feature"
        },
        {
            "geometry": {
                "coordinates": [
                    8.2468,
                    46.903435
                ],
                "type": "Point"
            },
            "properties": {
                "is_installed": true,
                "is_renting": true,
                "is_returning": true,
                "is_virtual_station": false,
                "last_reported": 1789324623,
                "name": "Bitzighofen / Bitzighofenstrasse 9",
                "num_bikes_available": 0,
                "num_docks_available": 0,
                "region_id": "463",
                "rental_uris": {
                    "android": "https://app.nextbike.net/station?id=6260059",
                    "ios": "https://app.nextbike.net/station?id=6260059",
                    "web": "https://nxtb.it/p/6260059"
                },
                "short_name": "7999",
                "station_id": "6260059",
                "vehicle_types_available": []
            },
            "type": "Feature"
        },
        {
            "geometry": {
                "coordinates": [
                    8.26041,
                    46.9223
                ],
                "type": "Point"
            },
            "properties": {
                "is_installed": true,
                "is_renting": true,
                "is_returning": true,
                "is_virtual_station": false,
                "last_reported": 1789324623,
                "name": "K\u00e4giswil / D\u00f6rflistrasse",
                "num_bikes_available": 1,
                "num_docks_available": 0,
                "region_id": "463",
                "rental_uris": {
                    "android": "https://app.nextbike.net/station?id=6260145",
                    "ios": "https://app.nextbike.net/station?id=6260145",
                    "web": "https://nxtb.it/p/6260145"
                },
                "short_name": "8000",
                "station_id": "6260145",
                "vehicle_types_available": [
                    {
                        "count": 1,
                        "vehicle_type_id": "150"
                    }
                ]
            },
            "type": "Feature"
        },
        {
            "geometry": {
                "coordinates": [
                    8.25165,
                    46.901492
                ],
                "type": "Point"
            },
            "properties": {
                "is_installed": true,
                "is_renting": true,
                "is_returning": true,
                "is_virtual_station": false,
                "last_reported": 1789324623,
                "name": "Sika / Industriestrasse 26",
                "num_bikes_available": 1,
                "num_docks_available": 0,
                "region_id": "463",
                "rental_uris": {
                    "android": "https://app.nextbike.net/station?id=6260183",
                    "ios": "https://app.nextbike.net/station?id=6260183",
                    "web": "https://nxtb.it/p/6260183"
                },
                "short_name": "8001",
                "station_id": "6260183",
                "vehicle_types_available": [
                    {
                        "count": 1,
                        "vehicle_type_id": "150"
                    }
                ]
            },
            "type": "Feature"
        },
        {
            "geometry": {
                "coordinates": [
                    8.249327,
                    46.900228
                ],
                "type": "Point"
            },
            "properties": {
                "is_installed": true,
                "is_renting": true,
                "is_returning": true,
                "is_virtual_station": false,
                "last_reported": 1789324623,
                "name": "Bahnhof Sarnen Nord / Industriestrasse",
                "num_bikes_available": 3,
                "num_docks_available": 0,
                "region_id": "463",
                "rental_uris": {
                    "android": "https://app.nextbike.net/station?id=6260200",
                    "ios": "https://app.nextbike.net/station?id=6260200",
                    "web": "https://nxtb.it/p/6260200"
                },
                "short_name": "8002",
                "station_id": "6260200",
                "vehicle_types_available": [
                    {
                        "count": 1,
                        "vehicle_type_id": "150"
                    },
                    {
                        "count": 2,
                        "vehicle_type_id": "196"
                    }
                ]
            },
            "type": "Feature"
        },
        {
            "geometry": {
                "coordinates": [
                    8.249434,
                    46.900862
                ],
                "type": "Point"
            },
            "properties": {
                "is_installed": true,
                "is_renting": true,
                "is_returning": true,
                "is_virtual_station": false,
                "last_reported": 1789324623,
                "name": "Bahnhof Nord Sarnen / Gartenstrasse",
                "num_bikes_available": 1,
                "num_docks_available": 0,
                "region_id": "463",
                "rental_uris": {
                    "android": "https://app.nextbike.net/station?id=6260214",
                    "ios": "https://app.nextbike.net/station?id=6260214",
                    "web": "https://nxtb.it/p/6260214"
                },
                "short_name": "8003",
                "station_id": "6260214",
                "vehicle_types_available": [
                    {
                        "count": 1,
                        "vehicle_type_id": "150"
                    }
                ]
            },
            "type": "Feature"
        },
        {
            "geometry": {
                "coordinates": [
                    8.248512,
                    46.896625
                ],
                "type": "Point"
            },
            "properties": {
                "is_installed": true,
                "is_renting": true,
                "is_returning": true,
                "is_virtual_station": false,
                "last_reported": 1789324623,
                "name": "Marktplatz / Marktstrasse",
                "num_bikes_available": 5,
                "num_docks_available": 0,
                "region_id": "463",
                "rental_uris": {
                    "android": "https://app.nextbike.net/station?id=6260287",
                    "ios": "https://app.nextbike.net/station?id=6260287",
                    "web": "https://nxtb.it/p/6260287"
                },
                "short_name": "8006",
                "station_id": "6260287",
                "vehicle_types_available": [
                    {
                        "count": 3,
                        "vehicle_type_id": "196"
                    },
                    {
                        "count": 2,
                        "vehicle_type_id": "150"
                    }
                ]
            },
            "type": "Feature"
        },
        {
            "geometry": {
                "coordinates": [
                    8.25129,
                    46.896955
                ],
                "type": "Point"
            },
            "properties": {
                "is_installed": true,
                "is_renting": true,
                "is_returning": true,
                "is_virtual_station": false,
                "last_reported": 1789324623,
                "name": "Coop",
                "num_bikes_available": 3,
                "num_docks_available": 0,
                "region_id": "463",
                "rental_uris": {
                    "android": "https://app.nextbike.net/station?id=6260303",
                    "ios": "https://app.nextbike.net/station?id=6260303",
                    "web": "https://nxtb.it/p/6260303"
                },
                "short_name": "8005",
                "station_id": "6260303",
                "vehicle_types_available": [
                    {
                        "count": 2,
                        "vehicle_type_id": "196"
                    },
                    {
                        "count": 1,
                        "vehicle_type_id": "150"
                    }
                ]
            },
            "type": "Feature"
        },
        {
            "geometry": {
                "coordinates": [
                    8.253227,
                    46.896185
                ],
                "type": "Point"
            },
            "properties": {
                "is_installed": true,
                "is_renting": true,
                "is_returning": true,
                "is_virtual_station": false,
                "last_reported": 1789324623,
                "name": "Foribach",
                "num_bikes_available": 4,
                "num_docks_available": 0,
                "region_id": "463",
                "rental_uris": {
                    "android": "https://app.nextbike.net/station?id=6260330",
                    "ios": "https://app.nextbike.net/station?id=6260330",
                    "web": "https://nxtb.it/p/6260330"
                },
                "short_name": "8007",
                "station_id": "6260330",
                "vehicle_types_available": [
                    {
                        "count": 3,
                        "vehicle_type_id": "150"
                    },
                    {
                        "count": 1,
                        "vehicle_type_id": "196"
                    }
                ]
            },
            "type": "Feature"
        },
        {
            "geometry": {
                "coordinates": [
                    8.317696,
                    47.043015
                ],
                "type": "Point"
            },
            "properties": {
                "is_installed": true,
                "is_renting": true,
                "is_returning": true,
                "is_virtual_station": false,
                "last_reported": 1789324623,
                "name": "VBL / Tribschengasse",
                "num_bikes_available": 3,
                "num_docks_available": 0,
                "region_id": "126",
                "rental_uris": {
                    "android": "https://app.nextbike.net/station?id=63219588",
                    "ios": "https://app.nextbike.net/station?id=63219588",
                    "web": "https://nxtb.it/p/63219588"
                },
                "short_name": "7899",
                "station_id": "63219588",
                "vehicle_types_available": [
                    {
                        "count": 2,
                        "vehicle_type_id": "196"
                    },
                    {
                        "count": 1,
                        "vehicle_type_id": "150"
                    }
                ]
            },
            "type": "Feature"
        },
        {
            "geometry": {
                "coordinates": [
                    8.339267,
                    46.956809
                ],
                "type": "Point"
            },
            "properties": {
                "is_installed": true,
                "is_renting": true,
                "is_returning": true,
                "is_virtual_station": false,
                "last_reported": 1789324623,
                "name": "Gemeindehaus / Stanserstrasse 2",
                "num_bikes_available": 0,
                "num_docks_available": 0,
                "region_id": "483",
                "rental_uris": {
                    "android": "https://app.nextbike.net/station?id=6419568",
                    "ios": "https://app.nextbike.net/station?id=6419568",
                    "web": "https://nxtb.it/p/6419568"
                },
                "short_name": "8180",
                "station_id": "6419568",
                "vehicle_types_available": []
            },
            "type": "Feature"
        },
        {
            "geometry": {
                "coordinates": [
                    8.306946,
                    46.934378
                ],
                "type": "Point"
            },
            "properties": {
                "is_installed": true,
                "is_renting": true,
                "is_returning": true,
                "is_virtual_station": false,
                "last_reported": 1789324623,
                "name": "St. Jakob / Stanserstrasse  ",
                "num_bikes_available": 2,
                "num_docks_available": 0,
                "region_id": "483",
                "rental_uris": {
                    "android": "https://app.nextbike.net/station?id=6419588",
                    "ios": "https://app.nextbike.net/station?id=6419588",
                    "web": "https://nxtb.it/p/6419588"
                },
                "short_name": "8181",
                "station_id": "6419588",
                "vehicle_types_available": [
                    {
                        "count": 1,
                        "vehicle_type_id": "196"
                    },
                    {
                        "count": 1,
                        "vehicle_type_id": "150"
                    }
                ]
            },
            "type": "Feature"
        },
        {
            "geometry": {
                "coordinates": [
                    8.298749,
                    47.051335
                ],
                "type": "Point"
            },
            "properties": {
                "is_installed": true,
                "is_renting": true,
                "is_returning": true,
                "is_virtual_station": false,
                "last_reported": 1789324623,
                "name": "Bruchstrasse 4",
                "num_bikes_available": 3,
                "num_docks_available": 0,
                "region_id": "126",
                "rental_uris": {
                    "android": "https://app.nextbike.net/station?id=64404",
                    "ios": "https://app.nextbike.net/station?id=64404",
                    "web": "https://nxtb.it/p/64404"
                },
                "short_name": "8069",
                "station_id": "64404",
                "vehicle_types_available": [
                    {
                        "count": 2,
                        "vehicle_type_id": "150"
                    },
                    {
                        "count": 1,
                        "vehicle_type_id": "196"
                    }
                ]
            },
            "type": "Feature"
        },
        {
            "geometry": {
                "coordinates": [
                    8.313528,
                    47.054726
                ],
                "type": "Point"
            },
            "properties": {
                "is_installed": true,
                "is_renting": true,
                "is_returning": true,
                "is_virtual_station": false,
                "last_reported": 1789324623,
                "name": "Kurplatz / Haldenstrasse 1",
                "num_bikes_available": 8,
                "num_docks_available": 0,
                "region_id": "126",
                "rental_uris": {
                    "android": "https://app.nextbike.net/station?id=65653",
                    "ios": "https://app.nextbike.net/station?id=65653",
                    "web": "https://nxtb.it/p/65653"
                },
                "short_name": "8062",
                "station_id": "65653",
                "vehicle_types_available": [
                    {
                        "count": 5,
                        "vehicle_type_id": "196"
                    },
                    {
                        "count": 3,
                        "vehicle_type_id": "150"
                    }
                ]
            },
            "type": "Feature"
        },
        {
            "geometry": {
                "coordinates": [
                    8.308523,
                    47.052724
                ],
                "type": "Point"
            },
            "properties": {
                "is_installed": true,
                "is_renting": true,
                "is_returning": true,
                "is_virtual_station": false,
                "last_reported": 1789324623,
                "name": "CBN - Schwanenplatz",
                "num_bikes_available": 0,
                "num_docks_available": 0,
                "region_id": "126",
                "rental_uris": {
                    "android": "https://app.nextbike.net/station?id=65654",
                    "ios": "https://app.nextbike.net/station?id=65654",
                    "web": "https://nxtb.it/p/65654"
                },
                "short_name": "8109",
                "station_id": "65654",
                "vehicle_types_available": []
            },
            "type": "Feature"
        },
        {
            "geometry": {
                "coordinates": [
                    8.310348,
                    47.057149
                ],
                "type": "Point"
            },
            "properties": {
                "is_installed": true,
                "is_renting": true,
                "is_returning": true,
                "is_virtual_station": false,
                "last_reported": 1789324623,
                "name": "L\u00f6wenplatz / Z\u00fcrichstrasse 12",
                "num_bikes_available": 4,
                "num_docks_available": 0,
                "region_id": "126",
                "rental_uris": {
                    "android": "https://app.nextbike.net/station?id=65655",
                    "ios": "https://app.nextbike.net/station?id=65655",
                    "web": "https://nxtb.it/p/65655"
                },
                "short_name": "8048",
                "station_id": "65655",
                "vehicle_types_available": [
                    {
                        "count": 3,
                        "vehicle_type_id": "150"
                    },
                    {
                        "count": 1,
                        "vehicle_type_id": "183"
                    }
                ]
            },
            "type": "Feature"
        },
        {
            "geometry": {
                "coordinates": [
                    8.284587,
                    47.065025
                ],
                "type": "Point"
            },
            "properties": {
                "is_installed": true,
                "is_renting": true,
                "is_returning": true,
                "is_virtual_station": false,
                "last_reported": 1789324623,
                "name": "Nordpol / Reusszopfweg",
                "num_bikes_available": 4,
                "num_docks_available": 0,
                "region_id": "126",
                "rental_uris": {
                    "android": "https://app.nextbike.net/station?id=6637808",
                    "ios": "https://app.nextbike.net/station?id=6637808",
                    "web": "https://nxtb.it/p/6637808"
                },
                "short_name": "8126",
                "station_id": "6637808",
                "vehicle_types_available": [
                    {
                        "count": 1,
                        "vehicle_type_id": "150"
                    },
                    {
                        "count": 3,
                        "vehicle_type_id": "196"
                    }
                ]
            },
            "type": "Feature"
        },
        {
            "geometry": {
                "coordinates": [
                    8.293578,
                    47.054825
                ],
                "type": "Point"
            },
            "properties": {
                "is_installed": true,
                "is_renting": true,
                "is_returning": true,
                "is_virtual_station": false,
                "last_reported": 1789324623,
                "name": "Reussf\u00e4hre / Sentimattstrasse 10",
                "num_bikes_available": 18,
                "num_docks_available": 0,
                "region_id": "126",
                "rental_uris": {
                    "android": "https://app.nextbike.net/station?id=6637830",
                    "ios": "https://app.nextbike.net/station?id=6637830",
                    "web": "https://nxtb.it/p/6637830"
                },
                "short_name": "8125",
                "station_id": "6637830",
                "vehicle_types_available": [
                    {
                        "count": 6,
                        "vehicle_type_id": "150"
                    },
                    {
                        "count": 12,
                        "vehicle_type_id": "196"
                    }
                ]
            },
            "type": "Feature"
        },
        {
            "geometry": {
                "coordinates": [
                    8.324654,
                    47.039747
                ],
                "type": "Point"
            },
            "properties": {
                "is_installed": true,
                "is_renting": true,
                "is_returning": true,
                "is_virtual_station": false,
                "last_reported": 1789324623,
                "name": "Warteggstrasse 5",
                "num_bikes_available": 4,
                "num_docks_available": 0,
                "region_id": "126",
                "rental_uris": {
                    "android": "https://app.nextbike.net/station?id=6637861",
                    "ios": "https://app.nextbike.net/station?id=6637861",
                    "web": "https://nxtb.it/p/6637861"
                },
                "short_name": "8127",
                "station_id": "6637861",
                "vehicle_types_available": [
                    {
                        "count": 3,
                        "vehicle_type_id": "196"
                    },
                    {
                        "count": 1,
                        "vehicle_type_id": "150"
                    }
                ]
            },
            "type": "Feature"
        },
        {
            "geometry": {
                "coordinates": [
                    8.303803,
                    47.050081
                ],
                "type": "Point"
            },
            "properties": {
                "is_installed": true,
                "is_renting": true,
                "is_returning": true,
                "is_virtual_station": false,
                "last_reported": 1789324623,
                "name": "Franziskanerplatz",
                "num_bikes_available": 1,
                "num_docks_available": 0,
                "region_id": "126",
                "rental_uris": {
                    "android": "https://app.nextbike.net/station?id=7080435",
                    "ios": "https://app.nextbike.net/station?id=7080435",
                    "web": "https://nxtb.it/p/7080435"
                },
                "short_name": "8128",
                "station_id": "7080435",
                "vehicle_types_available": []
            },
            "type": "Feature"
        },
        {
            "geometry": {
                "coordinates": [
                    8.297328,
                    47.033674
                ],
                "type": "Point"
            },
            "properties": {
                "is_installed": true,
                "is_renting": true,
                "is_returning": true,
                "is_virtual_station": false,
                "last_reported": 1789324623,
                "name": "S\u00fcdpol / Arsenalstrasse 28",
                "num_bikes_available": 1,
                "num_docks_available": 0,
                "region_id": "126",
                "rental_uris": {
                    "android": "https://app.nextbike.net/station?id=70900",
                    "ios": "https://app.nextbike.net/station?id=70900",
                    "web": "https://nxtb.it/p/70900"
                },
                "short_name": "8015",
                "station_id": "70900",
                "vehicle_types_available": [
                    {
                        "count": 1,
                        "vehicle_type_id": "196"
                    }
                ]
            },
            "type": "Feature"
        },
        {
            "geometry": {
                "coordinates": [
                    8.311924,
                    46.993463
                ],
                "type": "Point"
            },
            "properties": {
                "is_installed": true,
                "is_renting": true,
                "is_returning": true,
                "is_virtual_station": false,
                "last_reported": 1789324623,
                "name": "Schulhaus Matt",
                "num_bikes_available": 1,
                "num_docks_available": 0,
                "region_id": "323",
                "rental_uris": {
                    "android": "https://app.nextbike.net/station?id=715786",
                    "ios": "https://app.nextbike.net/station?id=715786",
                    "web": "https://nxtb.it/p/715786"
                },
                "short_name": "9051",
                "station_id": "715786",
                "vehicle_types_available": [
                    {
                        "count": 1,
                        "vehicle_type_id": "150"
                    }
                ]
            },
            "type": "Feature"
        },
        {
            "geometry": {
                "coordinates": [
                    8.311581,
                    46.990565
                ],
                "type": "Point"
            },
            "properties": {
                "is_installed": true,
                "is_renting": true,
                "is_returning": true,
                "is_virtual_station": false,
                "last_reported": 1789324623,
                "name": "Schulhaus Grossmatt",
                "num_bikes_available": 0,
                "num_docks_available": 0,
                "region_id": "323",
                "rental_uris": {
                    "android": "https://app.nextbike.net/station?id=715792",
                    "ios": "https://app.nextbike.net/station?id=715792",
                    "web": "https://nxtb.it/p/715792"
                },
                "short_name": "9053",
                "station_id": "715792",
                "vehicle_types_available": []
            },
            "type": "Feature"
        },
        {
            "geometry": {
                "coordinates": [
                    8.306592,
                    46.986247
                ],
                "type": "Point"
            },
            "properties": {
                "is_installed": true,
                "is_renting": true,
                "is_returning": true,
                "is_virtual_station": false,
                "last_reported": 1789324623,
                "name": "Hotel Roggerli",
                "num_bikes_available": 0,
                "num_docks_available": 0,
                "region_id": "323",
                "rental_uris": {
                    "android": "https://app.nextbike.net/station?id=715794",
                    "ios": "https://app.nextbike.net/station?id=715794",
                    "web": "https://nxtb.it/p/715794"
                },
                "short_name": "9054",
                "station_id": "715794",
                "vehicle_types_available": []
            },
            "type": "Feature"
        },
        {
            "geometry": {
                "coordinates": [
                    8.311812,
                    46.984278
                ],
                "type": "Point"
            },
            "properties": {
                "is_installed": true,
                "is_renting": true,
                "is_returning": true,
                "is_virtual_station": false,
                "last_reported": 1789324623,
                "name": "Schiffstation",
                "num_bikes_available": 0,
                "num_docks_available": 0,
                "region_id": "323",
                "rental_uris": {
                    "android": "https://app.nextbike.net/station?id=715798",
                    "ios": "https://app.nextbike.net/station?id=715798",
                    "web": "https://nxtb.it/p/715798"
                },
                "short_name": "9056",
                "station_id": "715798",
                "vehicle_types_available": []
            },
            "type": "Feature"
        },
        {
            "geometry": {
                "coordinates": [
                    8.310173,
                    46.982852
                ],
                "type": "Point"
            },
            "properties": {
                "is_installed": true,
                "is_renting": true,
                "is_returning": true,
                "is_virtual_station": false,
                "last_reported": 1789324623,
                "name": "Bahnhof Hergiswil Dorf",
                "num_bikes_available": 1,
                "num_docks_available": 0,
                "region_id": "323",
                "rental_uris": {
                    "android": "https://app.nextbike.net/station?id=715800",
                    "ios": "https://app.nextbike.net/station?id=715800",
                    "web": "https://nxtb.it/p/715800"
                },
                "short_name": "9057",
                "station_id": "715800",
                "vehicle_types_available": [
                    {
                        "count": 1,
                        "vehicle_type_id": "196"
                    }
                ]
            },
            "type": "Feature"
        },
        {
            "geometry": {
                "coordinates": [
                    8.3115,
                    46.981338
                ],
                "type": "Point"
            },
            "properties": {
                "is_installed": true,
                "is_renting": true,
                "is_returning": true,
                "is_virtual_station": false,
                "last_reported": 1789324623,
                "name": "Glasi-Restaurant Adler",
                "num_bikes_available": 7,
                "num_docks_available": 0,
                "region_id": "323",
                "rental_uris": {
                    "android": "https://app.nextbike.net/station?id=715802",
                    "ios": "https://app.nextbike.net/station?id=715802",
                    "web": "https://nxtb.it/p/715802"
                },
                "short_name": "9058",
                "station_id": "715802",
                "vehicle_types_available": [
                    {
                        "count": 3,
                        "vehicle_type_id": "196"
                    },
                    {
                        "count": 4,
                        "vehicle_type_id": "150"
                    }
                ]
            },
            "type": "Feature"
        },
        {
            "geometry": {
                "coordinates": [
                    8.314767,
                    46.989233
                ],
                "type": "Point"
            },
            "properties": {
                "is_installed": true,
                "is_renting": true,
                "is_returning": true,
                "is_virtual_station": false,
                "last_reported": 1789324623,
                "name": "Gemeindehaus",
                "num_bikes_available": 4,
                "num_docks_available": 0,
                "region_id": "323",
                "rental_uris": {
                    "android": "https://app.nextbike.net/station?id=715804",
                    "ios": "https://app.nextbike.net/station?id=715804",
                    "web": "https://nxtb.it/p/715804"
                },
                "short_name": "9059",
                "station_id": "715804",
                "vehicle_types_available": [
                    {
                        "count": 2,
                        "vehicle_type_id": "150"
                    },
                    {
                        "count": 2,
                        "vehicle_type_id": "196"
                    }
                ]
            },
            "type": "Feature"
        },
        {
            "geometry": {
                "coordinates": [
                    8.302864,
                    47.046832
                ],
                "type": "Point"
            },
            "properties": {
                "is_installed": true,
                "is_renting": true,
                "is_returning": true,
                "is_virtual_station": false,
                "last_reported": 1789324623,
                "name": "Schulhaus S\u00e4li / Bruchstrasse",
                "num_bikes_available": 6,
                "num_docks_available": 0,
                "region_id": "126",
                "rental_uris": {
                    "android": "https://app.nextbike.net/station?id=7259920",
                    "ios": "https://app.nextbike.net/station?id=7259920",
                    "web": "https://nxtb.it/p/7259920"
                },
                "short_name": "8130",
                "station_id": "7259920",
                "vehicle_types_available": [
                    {
                        "count": 4,
                        "vehicle_type_id": "150"
                    },
                    {
                        "count": 2,
                        "vehicle_type_id": "196"
                    }
                ]
            },
            "type": "Feature"
        },
        {
            "geometry": {
                "coordinates": [
                    8.391865,
                    46.932997
                ],
                "type": "Point"
            },
            "properties": {
                "is_installed": true,
                "is_renting": true,
                "is_returning": true,
                "is_virtual_station": false,
                "last_reported": 1789324623,
                "name": "Bahnhof Dallenwil",
                "num_bikes_available": 0,
                "num_docks_available": 0,
                "region_id": "465",
                "rental_uris": {
                    "android": "https://app.nextbike.net/station?id=7441762",
                    "ios": "https://app.nextbike.net/station?id=7441762",
                    "web": "https://nxtb.it/p/7441762"
                },
                "short_name": "8078",
                "station_id": "7441762",
                "vehicle_types_available": []
            },
            "type": "Feature"
        },
        {
            "geometry": {
                "coordinates": [
                    8.311372,
                    47.050253
                ],
                "type": "Point"
            },
            "properties": {
                "is_installed": true,
                "is_renting": true,
                "is_returning": true,
                "is_virtual_station": false,
                "last_reported": 1789324623,
                "name": "CBN - KKL / Bahnhofplatz",
                "num_bikes_available": 0,
                "num_docks_available": 0,
                "region_id": "126",
                "rental_uris": {
                    "android": "https://app.nextbike.net/station?id=762893",
                    "ios": "https://app.nextbike.net/station?id=762893",
                    "web": "https://nxtb.it/p/762893"
                },
                "short_name": "8112",
                "station_id": "762893",
                "vehicle_types_available": []
            },
            "type": "Feature"
        },
        {
            "geometry": {
                "coordinates": [
                    8.308821,
                    47.06294
                ],
                "type": "Point"
            },
            "properties": {
                "is_installed": true,
                "is_renting": true,
                "is_returning": true,
                "is_virtual_station": false,
                "last_reported": 1789324623,
                "name": "MaiHof / Weggismattstrasse",
                "num_bikes_available": 5,
                "num_docks_available": 0,
                "region_id": "126",
                "rental_uris": {
                    "android": "https://app.nextbike.net/station?id=767279",
                    "ios": "https://app.nextbike.net/station?id=767279",
                    "web": "https://nxtb.it/p/767279"
                },
                "short_name": "8113",
                "station_id": "767279",
                "vehicle_types_available": [
                    {
                        "count": 3,
                        "vehicle_type_id": "196"
                    },
                    {
                        "count": 2,
                        "vehicle_type_id": "150"
                    }
                ]
            },
            "type": "Feature"
        },
        {
            "geometry": {
                "coordinates": [
                    8.342936,
                    47.047479
                ],
                "type": "Point"
            },
            "properties": {
                "is_installed": true,
                "is_renting": true,
                "is_returning": true,
                "is_virtual_station": false,
                "last_reported": 1789324623,
                "name": "Churchill Quai / Seeburgstrasse",
                "num_bikes_available": 17,
                "num_docks_available": 0,
                "region_id": "126",
                "rental_uris": {
                    "android": "https://app.nextbike.net/station?id=77717",
                    "ios": "https://app.nextbike.net/station?id=77717",
                    "web": "https://nxtb.it/p/77717"
                },
                "short_name": "8039",
                "station_id": "77717",
                "vehicle_types_available": [
                    {
                        "count": 10,
                        "vehicle_type_id": "150"
                    },
                    {
                        "count": 1,
                        "vehicle_type_id": "183"
                    },
                    {
                        "count": 6,
                        "vehicle_type_id": "196"
                    }
                ]
            },
            "type": "Feature"
        },
        {
            "geometry": {
                "coordinates": [
                    8.268961,
                    47.07592
                ],
                "type": "Point"
            },
            "properties": {
                "is_installed": true,
                "is_renting": true,
                "is_returning": true,
                "is_virtual_station": false,
                "last_reported": 1789324623,
                "name": "Alp Betagtenzentrum",
                "num_bikes_available": 0,
                "num_docks_available": 0,
                "region_id": "857",
                "rental_uris": {
                    "android": "https://app.nextbike.net/station?id=7823012",
                    "ios": "https://app.nextbike.net/station?id=7823012",
                    "web": "https://nxtb.it/p/7823012"
                },
                "short_name": "8182",
                "station_id": "7823012",
                "vehicle_types_available": []
            },
            "type": "Feature"
        },
        {
            "geometry": {
                "coordinates": [
                    8.282018,
                    47.065701
                ],
                "type": "Point"
            },
            "properties": {
                "is_installed": true,
                "is_renting": true,
                "is_returning": true,
                "is_virtual_station": false,
                "last_reported": 1789324623,
                "name": "Molki / Reussb\u00fchl",
                "num_bikes_available": 4,
                "num_docks_available": 0,
                "region_id": "126",
                "rental_uris": {
                    "android": "https://app.nextbike.net/station?id=7823049",
                    "ios": "https://app.nextbike.net/station?id=7823049",
                    "web": "https://nxtb.it/p/7823049"
                },
                "short_name": "8179",
                "station_id": "7823049",
                "vehicle_types_available": [
                    {
                        "count": 2,
                        "vehicle_type_id": "196"
                    },
                    {
                        "count": 2,
                        "vehicle_type_id": "150"
                    }
                ]
            },
            "type": "Feature"
        },
        {
            "geometry": {
                "coordinates": [
                    8.280333,
                    47.065481
                ],
                "type": "Point"
            },
            "properties": {
                "is_installed": true,
                "is_renting": true,
                "is_returning": true,
                "is_virtual_station": false,
                "last_reported": 1789324623,
                "name": "CKW / Reussb\u00fchl",
                "num_bikes_available": 3,
                "num_docks_available": 0,
                "region_id": "126",
                "rental_uris": {
                    "android": "https://app.nextbike.net/station?id=7850156",
                    "ios": "https://app.nextbike.net/station?id=7850156",
                    "web": "https://nxtb.it/p/7850156"
                },
                "short_name": "8178",
                "station_id": "7850156",
                "vehicle_types_available": [
                    {
                        "count": 1,
                        "vehicle_type_id": "150"
                    },
                    {
                        "count": 2,
                        "vehicle_type_id": "196"
                    }
                ]
            },
            "type": "Feature"
        },
        {
            "geometry": {
                "coordinates": [
                    8.298401,
                    47.080592
                ],
                "type": "Point"
            },
            "properties": {
                "is_installed": true,
                "is_renting": true,
                "is_returning": true,
                "is_virtual_station": false,
                "last_reported": 1789324623,
                "name": "Emmenfeld Betagtenzentrum",
                "num_bikes_available": 12,
                "num_docks_available": 0,
                "region_id": "857",
                "rental_uris": {
                    "android": "https://app.nextbike.net/station?id=7850234",
                    "ios": "https://app.nextbike.net/station?id=7850234",
                    "web": "https://nxtb.it/p/7850234"
                },
                "short_name": "8185",
                "station_id": "7850234",
                "vehicle_types_available": [
                    {
                        "count": 5,
                        "vehicle_type_id": "150"
                    },
                    {
                        "count": 7,
                        "vehicle_type_id": "196"
                    }
                ]
            },
            "type": "Feature"
        },
        {
            "geometry": {
                "coordinates": [
                    8.234108,
                    47.04969
                ],
                "type": "Point"
            },
            "properties": {
                "is_installed": true,
                "is_renting": true,
                "is_returning": true,
                "is_virtual_station": false,
                "last_reported": 1789324623,
                "name": "L\u00f6tscher Plus Gruppe",
                "num_bikes_available": 4,
                "num_docks_available": 0,
                "region_id": "126",
                "rental_uris": {
                    "android": "https://app.nextbike.net/station?id=7850312",
                    "ios": "https://app.nextbike.net/station?id=7850312",
                    "web": "https://nxtb.it/p/7850312"
                },
                "short_name": "8183",
                "station_id": "7850312",
                "vehicle_types_available": [
                    {
                        "count": 3,
                        "vehicle_type_id": "150"
                    },
                    {
                        "count": 1,
                        "vehicle_type_id": "196"
                    }
                ]
            },
            "type": "Feature"
        },
        {
            "geometry": {
                "coordinates": [
                    8.275468,
                    47.077221
                ],
                "type": "Point"
            },
            "properties": {
                "is_installed": true,
                "is_renting": true,
                "is_returning": true,
                "is_virtual_station": false,
                "last_reported": 1789324623,
                "name": "Sonnenplatz, Emmenbr\u00fccke",
                "num_bikes_available": 0,
                "num_docks_available": 0,
                "region_id": "857",
                "rental_uris": {
                    "android": "https://app.nextbike.net/station?id=7850383",
                    "ios": "https://app.nextbike.net/station?id=7850383",
                    "web": "https://nxtb.it/p/7850383"
                },
                "short_name": "8184",
                "station_id": "7850383",
                "vehicle_types_available": []
            },
            "type": "Feature"
        },
        {
            "geometry": {
                "coordinates": [
                    8.267314,
                    47.048645
                ],
                "type": "Point"
            },
            "properties": {
                "is_installed": true,
                "is_renting": true,
                "is_returning": true,
                "is_virtual_station": false,
                "last_reported": 1789324623,
                "name": "Grossmatte Ost 10",
                "num_bikes_available": 0,
                "num_docks_available": 0,
                "region_id": "126",
                "rental_uris": {
                    "android": "https://app.nextbike.net/station?id=88648703",
                    "ios": "https://app.nextbike.net/station?id=88648703",
                    "web": "https://nxtb.it/p/88648703"
                },
                "short_name": "8186",
                "station_id": "88648703",
                "vehicle_types_available": []
            },
            "type": "Feature"
        },
        {
            "geometry": {
                "coordinates": [
                    8.298824,
                    47.06531
                ],
                "type": "Point"
            },
            "properties": {
                "is_installed": true,
                "is_renting": true,
                "is_returning": true,
                "is_virtual_station": false,
                "last_reported": 1789324623,
                "name": "Sedel / Sedelhof 2",
                "num_bikes_available": 0,
                "num_docks_available": 0,
                "region_id": "126",
                "rental_uris": {
                    "android": "https://app.nextbike.net/station?id=9407263",
                    "ios": "https://app.nextbike.net/station?id=9407263",
                    "web": "https://nxtb.it/p/9407263"
                },
                "short_name": "7955",
                "station_id": "9407263",
                "vehicle_types_available": []
            },
            "type": "Feature"
        },
        {
            "geometry": {
                "coordinates": [
                    8.323034,
                    47.055399
                ],
                "type": "Point"
            },
            "properties": {
                "is_installed": true,
                "is_renting": true,
                "is_returning": true,
                "is_virtual_station": false,
                "last_reported": 1789324623,
                "name": "Carl-Spitteler-Quai / Haldenstrasse",
                "num_bikes_available": 9,
                "num_docks_available": 0,
                "region_id": "126",
                "rental_uris": {
                    "android": "https://app.nextbike.net/station?id=9407440",
                    "ios": "https://app.nextbike.net/station?id=9407440",
                    "web": "https://nxtb.it/p/9407440"
                },
                "short_name": "7952",
                "station_id": "9407440",
                "vehicle_types_available": [
                    {
                        "count": 4,
                        "vehicle_type_id": "196"
                    },
                    {
                        "count": 5,
                        "vehicle_type_id": "150"
                    }
                ]
            },
            "type": "Feature"
        },
        {
            "geometry": {
                "coordinates": [
                    8.382912,
                    46.964399
                ],
                "type": "Point"
            },
            "properties": {
                "is_installed": true,
                "is_renting": true,
                "is_returning": true,
                "is_virtual_station": false,
                "last_reported": 1789324623,
                "name": "Riedenmatt 1 / Raiffeisen",
                "num_bikes_available": 7,
                "num_docks_available": 0,
                "region_id": "383",
                "rental_uris": {
                    "android": "https://app.nextbike.net/station?id=9927403",
                    "ios": "https://app.nextbike.net/station?id=9927403",
                    "web": "https://nxtb.it/p/9927403"
                },
                "short_name": "8165",
                "station_id": "9927403",
                "vehicle_types_available": [
                    {
                        "count": 4,
                        "vehicle_type_id": "196"
                    },
                    {
                        "count": 3,
                        "vehicle_type_id": "150"
                    }
                ]
            },
            "type": "Feature"
        }
    ],
    "gbfs": {
        "station_information": {
            "last_updated": 1789324623,
            "ttl": 60,
            "version": "2.3"
        },
        "station_status": {
            "last_updated": 1789324623,
            "ttl": 60,
            "version": "2.3"
        }
    },
    "type": "FeatureCollection"
}