{
    "features": [
        {
            "geometry": {
                "coordinates": [
                    4.988778,
                    51.168778
                ],
                "type": "Point"
            },
            "properties": {
                "capacity": 26,
                "is_installed": true,
                "is_renting": true,
                "is_returning": true,
                "last_reported": 1694516036,
                "name": "Geel Station",
                "num_bikes_available": 22,
                "num_docks_available": 26,
                "station_id": "103",
                "vehicle_types_available": [
                    {
                        "count": 22,
                        "vehicle_type_id": "1"
                    }
                ]
            },
            "type": "Feature"
        },
        {
            "geometry": {
                "coordinates": [
                    3.57475,
                    51.180972
                ],
                "type": "Point"
            },
            "properties": {
                "capacity": 16,
                "is_installed": true,
                "is_renting": true,
                "is_returning": true,
                "last_reported": 1724048522,
                "name": "Eeklo Station",
                "num_bikes_available": 11,
                "num_docks_available": 16,
                "station_id": "104",
                "vehicle_types_available": [
                    {
                        "count": 11,
                        "vehicle_type_id": "1"
                    }
                ]
            },
            "type": "Feature"
        },
        {
            "geometry": {
                "coordinates": [
                    4.026167,
                    50.839306
                ],
                "type": "Point"
            },
            "properties": {
                "capacity": 15,
                "is_installed": true,
                "is_renting": true,
                "is_returning": true,
                "last_reported": 1725080423,
                "name": "Ninove Station",
                "num_bikes_available": 8,
                "num_docks_available": 15,
                "station_id": "105",
                "vehicle_types_available": [
                    {
                        "count": 8,
                        "vehicle_type_id": "1"
                    }
                ]
            },
            "type": "Feature"
        },
        {
            "geometry": {
                "coordinates": [
                    4.582861,
                    51.128389
                ],
                "type": "Point"
            },
            "properties": {
                "capacity": 5,
                "is_installed": true,
                "is_renting": true,
                "is_returning": true,
                "last_reported": 1725080602,
                "name": "Lier Veemarkt",
                "num_bikes_available": 5,
                "num_docks_available": 5,
                "station_id": "108",
                "vehicle_types_available": [
                    {
                        "count": 5,
                        "vehicle_type_id": "1"
                    }
                ]
            },
            "type": "Feature"
        },
        {
            "geometry": {
                "coordinates": [
                    4.5735,
                    51.125194
                ],
                "type": "Point"
            },
            "properties": {
                "capacity": 8,
                "is_installed": true,
                "is_renting": true,
                "is_returning": true,
                "last_reported": 1725080659,
                "name": "Lier Parking De Mol",
                "num_bikes_available": 8,
                "num_docks_available": 8,
                "station_id": "109",
                "vehicle_types_available": [
                    {
                        "count": 8,
                        "vehicle_type_id": "1"
                    }
                ]
            },
            "type": "Feature"
        },
        {
            "geometry": {
                "coordinates": [
                    4.708583,
                    51.074167
                ],
                "type": "Point"
            },
            "properties": {
                "capacity": 13,
                "is_installed": true,
                "is_renting": true,
                "is_returning": true,
                "last_reported": 1725080478,
                "name": "Heist-op-den-Berg Station",
                "num_bikes_available": 12,
                "num_docks_available": 13,
                "station_id": "111",
                "vehicle_types_available": [
                    {
                        "count": 12,
                        "vehicle_type_id": "1"
                    }
                ]
            },
            "type": "Feature"
        },
        {
            "geometry": {
                "coordinates": [
                    4.48975,
                    51.030222
                ],
                "type": "Point"
            },
            "properties": {
                "capacity": 14,
                "is_installed": true,
                "is_renting": true,
                "is_returning": true,
                "last_reported": 1725080537,
                "name": "Mechelen-Nekkerspoel Station",
                "num_bikes_available": 11,
                "num_docks_available": 14,
                "station_id": "112",
                "vehicle_types_available": [
                    {
                        "count": 11,
                        "vehicle_type_id": "1"
                    }
                ]
            },
            "type": "Feature"
        },
        {
            "geometry": {
                "coordinates": [
                    3.602,
                    50.851333
                ],
                "type": "Point"
            },
            "properties": {
                "capacity": 9,
                "is_installed": true,
                "is_renting": true,
                "is_returning": true,
                "last_reported": 1698742922,
                "name": "Oudenaarde Station",
                "num_bikes_available": 6,
                "num_docks_available": 9,
                "station_id": "113",
                "vehicle_types_available": [
                    {
                        "count": 6,
                        "vehicle_type_id": "1"
                    }
                ]
            },
            "type": "Feature"
        },
        {
            "geometry": {
                "coordinates": [
                    3.872528,
                    50.770528
                ],
                "type": "Point"
            },
            "properties": {
                "capacity": 10,
                "is_installed": true,
                "is_renting": true,
                "is_returning": true,
                "last_reported": 1725080657,
                "name": "Geraardsbergen Station",
                "num_bikes_available": 9,
                "num_docks_available": 10,
                "station_id": "114",
                "vehicle_types_available": [
                    {
                        "count": 9,
                        "vehicle_type_id": "1"
                    }
                ]
            },
            "type": "Feature"
        },
        {
            "geometry": {
                "coordinates": [
                    5.473444,
                    50.784111
                ],
                "type": "Point"
            },
            "properties": {
                "capacity": 10,
                "is_installed": true,
                "is_renting": true,
                "is_returning": true,
                "last_reported": 1719567831,
                "name": "Tongeren Station",
                "num_bikes_available": 9,
                "num_docks_available": 10,
                "station_id": "115",
                "vehicle_types_available": [
                    {
                        "count": 9,
                        "vehicle_type_id": "1"
                    }
                ]
            },
            "type": "Feature"
        },
        {
            "geometry": {
                "coordinates": [
                    3.448564491566,
                    51.092584156128
                ],
                "type": "Point"
            },
            "properties": {
                "capacity": 11,
                "is_installed": true,
                "is_renting": true,
                "is_returning": true,
                "last_reported": 1721830821,
                "name": "Aalter Station",
                "num_bikes_available": 10,
                "num_docks_available": 11,
                "station_id": "117",
                "vehicle_types_available": [
                    {
                        "count": 10,
                        "vehicle_type_id": "1"
                    }
                ]
            },
            "type": "Feature"
        },
        {
            "geometry": {
                "coordinates": [
                    3.525778,
                    50.982417
                ],
                "type": "Point"
            },
            "properties": {
                "capacity": 12,
                "is_installed": true,
                "is_renting": true,
                "is_returning": true,
                "last_reported": 1721830744,
                "name": "Deinze Parking Leiespiegel",
                "num_bikes_available": 12,
                "num_docks_available": 12,
                "station_id": "118",
                "vehicle_types_available": [
                    {
                        "count": 12,
                        "vehicle_type_id": "1"
                    }
                ]
            },
            "type": "Feature"
        },
        {
            "geometry": {
                "coordinates": [
                    3.4267829,
                    50.8822069
                ],
                "type": "Point"
            },
            "properties": {
                "capacity": 3,
                "is_installed": true,
                "is_renting": true,
                "is_returning": true,
                "last_reported": 1716462305,
                "name": "Waregem Parking Expo",
                "num_bikes_available": 3,
                "num_docks_available": 3,
                "station_id": "119",
                "vehicle_types_available": [
                    {
                        "count": 3,
                        "vehicle_type_id": "1"
                    }
                ]
            },
            "type": "Feature"
        },
        {
            "geometry": {
                "coordinates": [
                    4.925639,
                    50.808222
                ],
                "type": "Point"
            },
            "properties": {
                "capacity": 18,
                "is_installed": true,
                "is_renting": true,
                "is_returning": true,
                "last_reported": 1702904038,
                "name": "Tienen Station",
                "num_bikes_available": 16,
                "num_docks_available": 18,
                "station_id": "120",
                "vehicle_types_available": [
                    {
                        "count": 16,
                        "vehicle_type_id": "1"
                    }
                ]
            },
            "type": "Feature"
        },
        {
            "geometry": {
                "coordinates": [
                    2.735738,
                    50.854554
                ],
                "type": "Point"
            },
            "properties": {
                "capacity": 2,
                "is_installed": true,
                "is_renting": true,
                "is_returning": true,
                "last_reported": 1719567457,
                "name": "Poperinge Station",
                "num_bikes_available": 2,
                "num_docks_available": 2,
                "station_id": "122",
                "vehicle_types_available": [
                    {
                        "count": 2,
                        "vehicle_type_id": "1"
                    }
                ]
            },
            "type": "Feature"
        },
        {
            "geometry": {
                "coordinates": [
                    4.632333,
                    51.357028
                ],
                "type": "Point"
            },
            "properties": {
                "capacity": 8,
                "is_installed": true,
                "is_renting": true,
                "is_returning": true,
                "last_reported": 1725080598,
                "name": "Brecht Station Noorderkempen",
                "num_bikes_available": 8,
                "num_docks_available": 8,
                "station_id": "123",
                "vehicle_types_available": [
                    {
                        "count": 8,
                        "vehicle_type_id": "1"
                    }
                ]
            },
            "type": "Feature"
        },
        {
            "geometry": {
                "coordinates": [
                    4.484311,
                    51.029332
                ],
                "type": "Point"
            },
            "properties": {
                "capacity": 7,
                "is_installed": true,
                "is_renting": true,
                "is_returning": true,
                "last_reported": 1725080704,
                "name": "Mechelen Veemarkt",
                "num_bikes_available": 7,
                "num_docks_available": 7,
                "station_id": "124",
                "vehicle_types_available": [
                    {
                        "count": 7,
                        "vehicle_type_id": "1"
                    }
                ]
            },
            "type": "Feature"
        },
        {
            "geometry": {
                "coordinates": [
                    4.460556,
                    51.365056
                ],
                "type": "Point"
            },
            "properties": {
                "capacity": 14,
                "is_installed": true,
                "is_renting": true,
                "is_returning": true,
                "last_reported": 1725080438,
                "name": "Heide Station",
                "num_bikes_available": 12,
                "num_docks_available": 14,
                "station_id": "125",
                "vehicle_types_available": [
                    {
                        "count": 12,
                        "vehicle_type_id": "1"
                    }
                ]
            },
            "type": "Feature"
        },
        {
            "geometry": {
                "coordinates": [
                    4.477306559712,
                    51.133717247906
                ],
                "type": "Point"
            },
            "properties": {
                "capacity": 7,
                "is_installed": true,
                "is_renting": true,
                "is_returning": true,
                "last_reported": 1700817111,
                "name": "Kontich-Lint Station",
                "num_bikes_available": 7,
                "num_docks_available": 7,
                "station_id": "127",
                "vehicle_types_available": [
                    {
                        "count": 7,
                        "vehicle_type_id": "1"
                    }
                ]
            },
            "type": "Feature"
        },
        {
            "geometry": {
                "coordinates": [
                    3.329817,
                    50.990612
                ],
                "type": "Point"
            },
            "properties": {
                "capacity": 7,
                "is_installed": true,
                "is_renting": true,
                "is_returning": true,
                "last_reported": 1719567505,
                "name": "Tielt Station",
                "num_bikes_available": 7,
                "num_docks_available": 7,
                "station_id": "128",
                "vehicle_types_available": [
                    {
                        "count": 7,
                        "vehicle_type_id": "1"
                    }
                ]
            },
            "type": "Feature"
        },
        {
            "geometry": {
                "coordinates": [
                    4.470866,
                    50.885208
                ],
                "type": "Point"
            },
            "properties": {
                "capacity": 5,
                "is_installed": true,
                "is_renting": true,
                "is_returning": true,
                "last_reported": 1725080657,
                "name": "Zaventem Station",
                "num_bikes_available": 5,
                "num_docks_available": 5,
                "station_id": "129",
                "vehicle_types_available": [
                    {
                        "count": 5,
                        "vehicle_type_id": "1"
                    }
                ]
            },
            "type": "Feature"
        },
        {
            "geometry": {
                "coordinates": [
                    4.390815,
                    51.197956
                ],
                "type": "Point"
            },
            "properties": {
                "capacity": 22,
                "is_installed": true,
                "is_renting": true,
                "is_returning": true,
                "last_reported": 1692283460,
                "name": "Antwerpen-Zuid Station",
                "num_bikes_available": 19,
                "num_docks_available": 22,
                "station_id": "130",
                "vehicle_types_available": [
                    {
                        "count": 19,
                        "vehicle_type_id": "1"
                    }
                ]
            },
            "type": "Feature"
        },
        {
            "geometry": {
                "coordinates": [
                    4.716641,
                    50.88249
                ],
                "type": "Point"
            },
            "properties": {
                "capacity": 24,
                "is_installed": true,
                "is_renting": true,
                "is_returning": true,
                "last_reported": 1725080473,
                "name": "Leuven Station Kop van Kessel-Lo",
                "num_bikes_available": 22,
                "num_docks_available": 24,
                "station_id": "131",
                "vehicle_types_available": [
                    {
                        "count": 22,
                        "vehicle_type_id": "1"
                    }
                ]
            },
            "type": "Feature"
        },
        {
            "geometry": {
                "coordinates": [
                    3.214821,
                    50.920906
                ],
                "type": "Point"
            },
            "properties": {
                "capacity": 12,
                "is_installed": true,
                "is_renting": true,
                "is_returning": true,
                "last_reported": 1725080538,
                "name": "Izegem Station",
                "num_bikes_available": 11,
                "num_docks_available": 12,
                "station_id": "132",
                "vehicle_types_available": [
                    {
                        "count": 11,
                        "vehicle_type_id": "1"
                    }
                ]
            },
            "type": "Feature"
        },
        {
            "geometry": {
                "coordinates": [
                    3.711892073826,
                    51.035976907399
                ],
                "type": "Point"
            },
            "properties": {
                "capacity": 72,
                "is_installed": true,
                "is_renting": true,
                "is_returning": true,
                "last_reported": 1725080602,
                "name": "Gent-Sint-Pieters Station Hendrika",
                "num_bikes_available": 61,
                "num_docks_available": 72,
                "station_id": "133",
                "vehicle_types_available": [
                    {
                        "count": 61,
                        "vehicle_type_id": "1"
                    }
                ]
            },
            "type": "Feature"
        },
        {
            "geometry": {
                "coordinates": [
                    3.2160801,
                    51.1967719
                ],
                "type": "Point"
            },
            "properties": {
                "capacity": 20,
                "is_installed": true,
                "is_renting": true,
                "is_returning": true,
                "last_reported": 1725080573,
                "name": "Brugge Station Kamgebouw",
                "num_bikes_available": 17,
                "num_docks_available": 20,
                "station_id": "135",
                "vehicle_types_available": [
                    {
                        "count": 17,
                        "vehicle_type_id": "1"
                    }
                ]
            },
            "type": "Feature"
        },
        {
            "geometry": {
                "coordinates": [
                    4.260263,
                    51.208483
                ],
                "type": "Point"
            },
            "properties": {
                "capacity": 14,
                "is_installed": true,
                "is_renting": true,
                "is_returning": true,
                "last_reported": 1725080481,
                "name": "Beveren-Waas Station",
                "num_bikes_available": 14,
                "num_docks_available": 14,
                "station_id": "136",
                "vehicle_types_available": [
                    {
                        "count": 14,
                        "vehicle_type_id": "1"
                    }
                ]
            },
            "type": "Feature"
        },
        {
            "geometry": {
                "coordinates": [
                    4.695441,
                    50.862615
                ],
                "type": "Point"
            },
            "properties": {
                "capacity": 12,
                "is_installed": true,
                "is_renting": true,
                "is_returning": true,
                "last_reported": 1725080708,
                "name": "Heverlee Station",
                "num_bikes_available": 11,
                "num_docks_available": 12,
                "station_id": "137",
                "vehicle_types_available": [
                    {
                        "count": 11,
                        "vehicle_type_id": "1"
                    }
                ]
            },
            "type": "Feature"
        },
        {
            "geometry": {
                "coordinates": [
                    3.640126,
                    50.929443
                ],
                "type": "Point"
            },
            "properties": {
                "capacity": 11,
                "is_installed": true,
                "is_renting": true,
                "is_returning": true,
                "last_reported": 1724842344,
                "name": "Gavere-Asper Station",
                "num_bikes_available": 11,
                "num_docks_available": 11,
                "station_id": "139",
                "vehicle_types_available": [
                    {
                        "count": 11,
                        "vehicle_type_id": "1"
                    }
                ]
            },
            "type": "Feature"
        },
        {
            "geometry": {
                "coordinates": [
                    3.654694,
                    50.930522
                ],
                "type": "Point"
            },
            "properties": {
                "capacity": 4,
                "is_installed": true,
                "is_renting": true,
                "is_returning": true,
                "last_reported": 1719566761,
                "name": "Gavere Brandweerstraat",
                "num_bikes_available": 4,
                "num_docks_available": 4,
                "station_id": "140",
                "vehicle_types_available": [
                    {
                        "count": 4,
                        "vehicle_type_id": "1"
                    }
                ]
            },
            "type": "Feature"
        },
        {
            "geometry": {
                "coordinates": [
                    3.313743,
                    50.855703
                ],
                "type": "Point"
            },
            "properties": {
                "capacity": 12,
                "is_installed": true,
                "is_renting": true,
                "is_returning": true,
                "last_reported": 1725080477,
                "name": "Harelbeke Station",
                "num_bikes_available": 10,
                "num_docks_available": 12,
                "station_id": "141",
                "vehicle_types_available": [
                    {
                        "count": 10,
                        "vehicle_type_id": "1"
                    }
                ]
            },
            "type": "Feature"
        },
        {
            "geometry": {
                "coordinates": [
                    5.112421,
                    51.18119
                ],
                "type": "Point"
            },
            "properties": {
                "capacity": 8,
                "is_installed": true,
                "is_renting": true,
                "is_returning": true,
                "last_reported": 1719410633,
                "name": "Mol Parking De Nete",
                "num_bikes_available": 5,
                "num_docks_available": 8,
                "station_id": "142",
                "vehicle_types_available": [
                    {
                        "count": 5,
                        "vehicle_type_id": "1"
                    }
                ]
            },
            "type": "Feature"
        },
        {
            "geometry": {
                "coordinates": [
                    4.424388,
                    51.245426
                ],
                "type": "Point"
            },
            "properties": {
                "capacity": 5,
                "is_installed": true,
                "is_renting": true,
                "is_returning": true,
                "last_reported": 1725080717,
                "name": "Antwerpen-Luchtbal Station",
                "num_bikes_available": 5,
                "num_docks_available": 5,
                "station_id": "144",
                "vehicle_types_available": [
                    {
                        "count": 5,
                        "vehicle_type_id": "1"
                    }
                ]
            },
            "type": "Feature"
        },
        {
            "geometry": {
                "coordinates": [
                    4.42791,
                    51.26164
                ],
                "type": "Point"
            },
            "properties": {
                "capacity": 8,
                "is_installed": true,
                "is_renting": true,
                "is_returning": true,
                "last_reported": 1725080717,
                "name": "Antwerpen-Noorderdokken Station",
                "num_bikes_available": 8,
                "num_docks_available": 8,
                "station_id": "145",
                "vehicle_types_available": [
                    {
                        "count": 8,
                        "vehicle_type_id": "1"
                    }
                ]
            },
            "type": "Feature"
        },
        {
            "geometry": {
                "coordinates": [
                    4.435012,
                    51.284248
                ],
                "type": "Point"
            },
            "properties": {
                "capacity": 3,
                "is_installed": true,
                "is_renting": true,
                "is_returning": true,
                "last_reported": 1725080717,
                "name": "Ekeren Station Perron 1",
                "num_bikes_available": 3,
                "num_docks_available": 3,
                "station_id": "146",
                "vehicle_types_available": [
                    {
                        "count": 3,
                        "vehicle_type_id": "1"
                    }
                ]
            },
            "type": "Feature"
        },
        {
            "geometry": {
                "coordinates": [
                    4.434365,
                    51.28143
                ],
                "type": "Point"
            },
            "properties": {
                "capacity": 10,
                "is_installed": true,
                "is_renting": true,
                "is_returning": true,
                "last_reported": 1725080717,
                "name": "Ekeren Station Perron 2",
                "num_bikes_available": 10,
                "num_docks_available": 10,
                "station_id": "147",
                "vehicle_types_available": [
                    {
                        "count": 10,
                        "vehicle_type_id": "1"
                    }
                ]
            },
            "type": "Feature"
        },
        {
            "geometry": {
                "coordinates": [
                    4.447706,
                    50.889126
                ],
                "type": "Point"
            },
            "properties": {
                "capacity": 2,
                "is_installed": true,
                "is_renting": true,
                "is_returning": true,
                "last_reported": 1725080717,
                "name": "Diegem Station",
                "num_bikes_available": 2,
                "num_docks_available": 2,
                "station_id": "148",
                "vehicle_types_available": [
                    {
                        "count": 2,
                        "vehicle_type_id": "1"
                    }
                ]
            },
            "type": "Feature"
        },
        {
            "geometry": {
                "coordinates": [
                    4.745181,
                    51.165488
                ],
                "type": "Point"
            },
            "properties": {
                "capacity": 5,
                "is_installed": true,
                "is_renting": true,
                "is_returning": true,
                "last_reported": 1725080717,
                "name": "Bouwel Station",
                "num_bikes_available": 5,
                "num_docks_available": 5,
                "station_id": "151",
                "vehicle_types_available": [
                    {
                        "count": 5,
                        "vehicle_type_id": "1"
                    }
                ]
            },
            "type": "Feature"
        },
        {
            "geometry": {
                "coordinates": [
                    4.613315,
                    50.966578
                ],
                "type": "Point"
            },
            "properties": {
                "capacity": 9,
                "is_installed": true,
                "is_renting": true,
                "is_returning": true,
                "last_reported": 1725080717,
                "name": "Haacht Station",
                "num_bikes_available": 9,
                "num_docks_available": 9,
                "station_id": "152",
                "vehicle_types_available": [
                    {
                        "count": 9,
                        "vehicle_type_id": "1"
                    }
                ]
            },
            "type": "Feature"
        },
        {
            "geometry": {
                "coordinates": [
                    5.281699,
                    51.03833
                ],
                "type": "Point"
            },
            "properties": {
                "capacity": 6,
                "is_installed": true,
                "is_renting": true,
                "is_returning": true,
                "last_reported": 1725080717,
                "name": "Heusden Station",
                "num_bikes_available": 6,
                "num_docks_available": 6,
                "station_id": "153",
                "vehicle_types_available": [
                    {
                        "count": 6,
                        "vehicle_type_id": "1"
                    }
                ]
            },
            "type": "Feature"
        },
        {
            "geometry": {
                "coordinates": [
                    5.312579,
                    51.21177
                ],
                "type": "Point"
            },
            "properties": {
                "capacity": 9,
                "is_installed": true,
                "is_renting": true,
                "is_returning": true,
                "last_reported": 1725080717,
                "name": "Lommel Station",
                "num_bikes_available": 8,
                "num_docks_available": 9,
                "station_id": "154",
                "vehicle_types_available": [
                    {
                        "count": 8,
                        "vehicle_type_id": "1"
                    }
                ]
            },
            "type": "Feature"
        },
        {
            "geometry": {
                "coordinates": [
                    5.329922,
                    51.033617
                ],
                "type": "Point"
            },
            "properties": {
                "capacity": 7,
                "is_installed": true,
                "is_renting": true,
                "is_returning": true,
                "last_reported": 1725080717,
                "name": "Zolder Station",
                "num_bikes_available": 7,
                "num_docks_available": 7,
                "station_id": "155",
                "vehicle_types_available": [
                    {
                        "count": 7,
                        "vehicle_type_id": "1"
                    }
                ]
            },
            "type": "Feature"
        },
        {
            "geometry": {
                "coordinates": [
                    4.451532,
                    51.462176
                ],
                "type": "Point"
            },
            "properties": {
                "capacity": 6,
                "is_installed": true,
                "is_renting": true,
                "is_returning": true,
                "last_reported": 1725080717,
                "name": "Essen Station",
                "num_bikes_available": 3,
                "num_docks_available": 6,
                "station_id": "156",
                "vehicle_types_available": [
                    {
                        "count": 3,
                        "vehicle_type_id": "1"
                    }
                ]
            },
            "type": "Feature"
        },
        {
            "geometry": {
                "coordinates": [
                    3.575647,
                    51.064208
                ],
                "type": "Point"
            },
            "properties": {
                "capacity": 9,
                "is_installed": true,
                "is_renting": true,
                "is_returning": true,
                "last_reported": 1725080717,
                "name": "Landegem Station",
                "num_bikes_available": 8,
                "num_docks_available": 9,
                "station_id": "157",
                "vehicle_types_available": [
                    {
                        "count": 8,
                        "vehicle_type_id": "1"
                    }
                ]
            },
            "type": "Feature"
        },
        {
            "geometry": {
                "coordinates": [
                    4.221439,
                    51.126318
                ],
                "type": "Point"
            },
            "properties": {
                "capacity": 4,
                "is_installed": true,
                "is_renting": true,
                "is_returning": true,
                "last_reported": 1725080717,
                "name": "Temse Station",
                "num_bikes_available": 3,
                "num_docks_available": 4,
                "station_id": "158",
                "vehicle_types_available": [
                    {
                        "count": 3,
                        "vehicle_type_id": "1"
                    }
                ]
            },
            "type": "Feature"
        },
        {
            "geometry": {
                "coordinates": [
                    3.182521,
                    50.810926
                ],
                "type": "Point"
            },
            "properties": {
                "capacity": 6,
                "is_installed": true,
                "is_renting": true,
                "is_returning": true,
                "last_reported": 1725080717,
                "name": "Wevelgem Station",
                "num_bikes_available": 5,
                "num_docks_available": 6,
                "station_id": "159",
                "vehicle_types_available": [
                    {
                        "count": 5,
                        "vehicle_type_id": "1"
                    }
                ]
            },
            "type": "Feature"
        },
        {
            "geometry": {
                "coordinates": [
                    4.041885,
                    51.073108
                ],
                "type": "Point"
            },
            "properties": {
                "capacity": 11,
                "is_installed": true,
                "is_renting": true,
                "is_returning": true,
                "last_reported": 1725080717,
                "name": "Zele Station",
                "num_bikes_available": 5,
                "num_docks_available": 11,
                "station_id": "160",
                "vehicle_types_available": [
                    {
                        "count": 5,
                        "vehicle_type_id": "1"
                    }
                ]
            },
            "type": "Feature"
        },
        {
            "geometry": {
                "coordinates": [
                    3.814341,
                    50.86948
                ],
                "type": "Point"
            },
            "properties": {
                "capacity": 11,
                "is_installed": true,
                "is_renting": true,
                "is_returning": true,
                "last_reported": 1725080717,
                "name": "Zottegem Station",
                "num_bikes_available": 11,
                "num_docks_available": 11,
                "station_id": "161",
                "vehicle_types_available": [
                    {
                        "count": 11,
                        "vehicle_type_id": "1"
                    }
                ]
            },
            "type": "Feature"
        },
        {
            "geometry": {
                "coordinates": [
                    4.464733,
                    51.1541195
                ],
                "type": "Point"
            },
            "properties": {
                "capacity": 7,
                "is_installed": true,
                "is_renting": true,
                "is_returning": true,
                "last_reported": 1725080717,
                "name": "Hove Station",
                "num_bikes_available": 7,
                "num_docks_available": 7,
                "station_id": "162",
                "vehicle_types_available": [
                    {
                        "count": 7,
                        "vehicle_type_id": "1"
                    }
                ]
            },
            "type": "Feature"
        },
        {
            "geometry": {
                "coordinates": [
                    5.079402,
                    50.74829
                ],
                "type": "Point"
            },
            "properties": {
                "capacity": 5,
                "is_installed": true,
                "is_renting": true,
                "is_returning": true,
                "last_reported": 1725080717,
                "name": "Landen Station",
                "num_bikes_available": 3,
                "num_docks_available": 5,
                "station_id": "163",
                "vehicle_types_available": [
                    {
                        "count": 3,
                        "vehicle_type_id": "1"
                    }
                ]
            },
            "type": "Feature"
        },
        {
            "geometry": {
                "coordinates": [
                    4.4143659,
                    50.9230133
                ],
                "type": "Point"
            },
            "properties": {
                "capacity": 6,
                "is_installed": true,
                "is_renting": true,
                "is_returning": true,
                "last_reported": 1725080717,
                "name": "Vilvoorde  Kassei",
                "num_bikes_available": 6,
                "num_docks_available": 6,
                "station_id": "164",
                "vehicle_types_available": [
                    {
                        "count": 6,
                        "vehicle_type_id": "1"
                    }
                ]
            },
            "type": "Feature"
        },
        {
            "geometry": {
                "coordinates": [
                    4.361626,
                    50.747786
                ],
                "type": "Point"
            },
            "properties": {
                "capacity": 3,
                "is_installed": true,
                "is_renting": true,
                "is_returning": true,
                "last_reported": 1725080717,
                "name": "Sint-Genesius-Rode Station",
                "num_bikes_available": 3,
                "num_docks_available": 3,
                "station_id": "165",
                "vehicle_types_available": [
                    {
                        "count": 3,
                        "vehicle_type_id": "1"
                    }
                ]
            },
            "type": "Feature"
        },
        {
            "geometry": {
                "coordinates": [
                    3.133492657838,
                    51.311869371282
                ],
                "type": "Point"
            },
            "properties": {
                "capacity": 11,
                "is_installed": true,
                "is_renting": true,
                "is_returning": true,
                "last_reported": 1725080717,
                "name": "Blankenberge Station",
                "num_bikes_available": 11,
                "num_docks_available": 11,
                "station_id": "166",
                "vehicle_types_available": [
                    {
                        "count": 11,
                        "vehicle_type_id": "1"
                    }
                ]
            },
            "type": "Feature"
        },
        {
            "geometry": {
                "coordinates": [
                    2.601611,
                    51.077376
                ],
                "type": "Point"
            },
            "properties": {
                "capacity": 4,
                "is_installed": true,
                "is_renting": true,
                "is_returning": true,
                "last_reported": 1725080717,
                "name": "De Panne Station",
                "num_bikes_available": 2,
                "num_docks_available": 4,
                "station_id": "167",
                "vehicle_types_available": [
                    {
                        "count": 2,
                        "vehicle_type_id": "1"
                    }
                ]
            },
            "type": "Feature"
        },
        {
            "geometry": {
                "coordinates": [
                    3.239668,
                    51.334168
                ],
                "type": "Point"
            },
            "properties": {
                "capacity": 11,
                "is_installed": true,
                "is_renting": true,
                "is_returning": true,
                "last_reported": 1725080717,
                "name": "Heist Station",
                "num_bikes_available": 9,
                "num_docks_available": 11,
                "station_id": "168",
                "vehicle_types_available": [
                    {
                        "count": 9,
                        "vehicle_type_id": "1"
                    }
                ]
            },
            "type": "Feature"
        },
        {
            "geometry": {
                "coordinates": [
                    3.28454,
                    51.34018
                ],
                "type": "Point"
            },
            "properties": {
                "capacity": 1,
                "is_installed": true,
                "is_renting": true,
                "is_returning": true,
                "last_reported": 1725080717,
                "name": "Knokke Station",
                "num_bikes_available": 0,
                "num_docks_available": 1,
                "station_id": "169",
                "vehicle_types_available": [
                    {
                        "count": 0,
                        "vehicle_type_id": "1"
                    }
                ]
            },
            "type": "Feature"
        },
        {
            "geometry": {
                "coordinates": [
                    3.195476,
                    51.32651
                ],
                "type": "Point"
            },
            "properties": {
                "capacity": 5,
                "is_installed": true,
                "is_renting": true,
                "is_returning": true,
                "last_reported": 1725080717,
                "name": "Zeebrugge-Dorp Station",
                "num_bikes_available": 5,
                "num_docks_available": 5,
                "station_id": "170",
                "vehicle_types_available": [
                    {
                        "count": 5,
                        "vehicle_type_id": "1"
                    }
                ]
            },
            "type": "Feature"
        },
        {
            "geometry": {
                "coordinates": [
                    4.3328062,
                    50.8354941
                ],
                "type": "Point"
            },
            "properties": {
                "capacity": 9,
                "is_installed": true,
                "is_renting": true,
                "is_returning": true,
                "last_reported": 1725080717,
                "name": "Brussel-Zuid/Bruxelles-Midi",
                "num_bikes_available": 2,
                "num_docks_available": 9,
                "station_id": "173",
                "vehicle_types_available": [
                    {
                        "count": 2,
                        "vehicle_type_id": "1"
                    }
                ]
            },
            "type": "Feature"
        },
        {
            "geometry": {
                "coordinates": [
                    3.764767,
                    51.019906
                ],
                "type": "Point"
            },
            "properties": {
                "capacity": 19,
                "is_installed": true,
                "is_renting": true,
                "is_returning": true,
                "last_reported": 1724663438,
                "name": "Merelbeke Station",
                "num_bikes_available": 19,
                "num_docks_available": 19,
                "station_id": "175",
                "vehicle_types_available": [
                    {
                        "count": 19,
                        "vehicle_type_id": "1"
                    }
                ]
            },
            "type": "Feature"
        },
        {
            "geometry": {
                "coordinates": [
                    3.654975,
                    51.047438
                ],
                "type": "Point"
            },
            "properties": {
                "capacity": 15,
                "is_installed": true,
                "is_renting": true,
                "is_returning": true,
                "last_reported": 1721830919,
                "name": "Drongen Station",
                "num_bikes_available": 15,
                "num_docks_available": 15,
                "station_id": "176",
                "vehicle_types_available": [
                    {
                        "count": 15,
                        "vehicle_type_id": "1"
                    }
                ]
            },
            "type": "Feature"
        },
        {
            "geometry": {
                "coordinates": [
                    3.719586,
                    51.089503
                ],
                "type": "Point"
            },
            "properties": {
                "capacity": 16,
                "is_installed": true,
                "is_renting": true,
                "is_returning": true,
                "last_reported": 1724656714,
                "name": "Wondelgem Station",
                "num_bikes_available": 15,
                "num_docks_available": 16,
                "station_id": "178",
                "vehicle_types_available": [
                    {
                        "count": 15,
                        "vehicle_type_id": "1"
                    }
                ]
            },
            "type": "Feature"
        },
        {
            "geometry": {
                "coordinates": [
                    4.747323,
                    50.956061
                ],
                "type": "Point"
            },
            "properties": {
                "capacity": 4,
                "is_installed": true,
                "is_renting": true,
                "is_returning": true,
                "last_reported": 1725080717,
                "name": "Wezemaal Station",
                "num_bikes_available": 4,
                "num_docks_available": 4,
                "station_id": "179",
                "vehicle_types_available": [
                    {
                        "count": 4,
                        "vehicle_type_id": "1"
                    }
                ]
            },
            "type": "Feature"
        },
        {
            "geometry": {
                "coordinates": [
                    4.432225,
                    50.878262
                ],
                "type": "Point"
            },
            "properties": {
                "capacity": 3,
                "is_installed": true,
                "is_renting": true,
                "is_returning": true,
                "last_reported": 1725080717,
                "name": "Brussel Bourget/Bruxelles Bourget",
                "num_bikes_available": 3,
                "num_docks_available": 3,
                "station_id": "180",
                "vehicle_types_available": [
                    {
                        "count": 3,
                        "vehicle_type_id": "1"
                    }
                ]
            },
            "type": "Feature"
        },
        {
            "geometry": {
                "coordinates": [
                    3.183928,
                    51.329778
                ],
                "type": "Point"
            },
            "properties": {
                "capacity": 6,
                "is_installed": true,
                "is_renting": true,
                "is_returning": true,
                "last_reported": 1725080717,
                "name": "Zeebrugge-Strand Station",
                "num_bikes_available": 6,
                "num_docks_available": 6,
                "station_id": "181",
                "vehicle_types_available": [
                    {
                        "count": 6,
                        "vehicle_type_id": "1"
                    }
                ]
            },
            "type": "Feature"
        },
        {
            "geometry": {
                "coordinates": [
                    4.466811,
                    51.390916
                ],
                "type": "Point"
            },
            "properties": {
                "capacity": 6,
                "is_installed": true,
                "is_renting": true,
                "is_returning": true,
                "last_reported": 1725080717,
                "name": "Kalmthout Station",
                "num_bikes_available": 6,
                "num_docks_available": 6,
                "station_id": "182",
                "vehicle_types_available": [
                    {
                        "count": 6,
                        "vehicle_type_id": "1"
                    }
                ]
            },
            "type": "Feature"
        },
        {
            "geometry": {
                "coordinates": [
                    5.087257,
                    50.754831
                ],
                "type": "Point"
            },
            "properties": {
                "capacity": 2,
                "is_installed": true,
                "is_renting": true,
                "is_returning": true,
                "last_reported": 1725080717,
                "name": "Landen E\u00e9nmeilaan",
                "num_bikes_available": 2,
                "num_docks_available": 2,
                "station_id": "187",
                "vehicle_types_available": [
                    {
                        "count": 2,
                        "vehicle_type_id": "1"
                    }
                ]
            },
            "type": "Feature"
        },
        {
            "geometry": {
                "coordinates": [
                    4.495192546475,
                    51.163288567851
                ],
                "type": "Point"
            },
            "properties": {
                "capacity": 6,
                "is_installed": true,
                "is_renting": true,
                "is_returning": true,
                "last_reported": 1725080717,
                "name": "Boechout Station",
                "num_bikes_available": 6,
                "num_docks_available": 6,
                "station_id": "190",
                "vehicle_types_available": [
                    {
                        "count": 6,
                        "vehicle_type_id": "1"
                    }
                ]
            },
            "type": "Feature"
        },
        {
            "geometry": {
                "coordinates": [
                    4.483694,
                    51.016184
                ],
                "type": "Point"
            },
            "properties": {
                "capacity": 35,
                "is_installed": true,
                "is_renting": true,
                "is_returning": true,
                "last_reported": 1725080717,
                "name": "Mechelen Station Arsenaal",
                "num_bikes_available": 31,
                "num_docks_available": 35,
                "station_id": "194",
                "vehicle_types_available": [
                    {
                        "count": 31,
                        "vehicle_type_id": "1"
                    }
                ]
            },
            "type": "Feature"
        },
        {
            "geometry": {
                "coordinates": [
                    4.432695,
                    51.200465
                ],
                "type": "Point"
            },
            "properties": {
                "capacity": 15,
                "is_installed": true,
                "is_renting": true,
                "is_returning": true,
                "last_reported": 1725080717,
                "name": "Antwerpen-Berchem Stationsplein",
                "num_bikes_available": 13,
                "num_docks_available": 15,
                "station_id": "195",
                "vehicle_types_available": [
                    {
                        "count": 13,
                        "vehicle_type_id": "1"
                    }
                ]
            },
            "type": "Feature"
        },
        {
            "geometry": {
                "coordinates": [
                    4.224162,
                    50.953699
                ],
                "type": "Point"
            },
            "properties": {
                "capacity": 6,
                "is_installed": true,
                "is_renting": true,
                "is_returning": true,
                "last_reported": 1725080717,
                "name": "Merchtem Station",
                "num_bikes_available": 6,
                "num_docks_available": 6,
                "station_id": "196",
                "vehicle_types_available": [
                    {
                        "count": 6,
                        "vehicle_type_id": "1"
                    }
                ]
            },
            "type": "Feature"
        },
        {
            "geometry": {
                "coordinates": [
                    2.876980599065,
                    50.84765976853
                ],
                "type": "Point"
            },
            "properties": {
                "capacity": 11,
                "is_installed": true,
                "is_renting": true,
                "is_returning": true,
                "last_reported": 1725080717,
                "name": "Ieper Station",
                "num_bikes_available": 7,
                "num_docks_available": 11,
                "station_id": "197",
                "vehicle_types_available": [
                    {
                        "count": 7,
                        "vehicle_type_id": "1"
                    }
                ]
            },
            "type": "Feature"
        },
        {
            "geometry": {
                "coordinates": [
                    4.715984036443,
                    50.879676846275
                ],
                "type": "Point"
            },
            "properties": {
                "capacity": 34,
                "is_installed": true,
                "is_renting": true,
                "is_returning": true,
                "last_reported": 1725080565,
                "name": "Leuven Station Tiensevest 2",
                "num_bikes_available": 27,
                "num_docks_available": 34,
                "station_id": "198",
                "vehicle_types_available": [
                    {
                        "count": 27,
                        "vehicle_type_id": "1"
                    }
                ]
            },
            "type": "Feature"
        },
        {
            "geometry": {
                "coordinates": [
                    3.218736,
                    51.197024
                ],
                "type": "Point"
            },
            "properties": {
                "capacity": 23,
                "is_installed": true,
                "is_renting": true,
                "is_returning": true,
                "last_reported": 1724894643,
                "name": "Brugge Station  2",
                "num_bikes_available": 20,
                "num_docks_available": 23,
                "station_id": "199",
                "vehicle_types_available": [
                    {
                        "count": 20,
                        "vehicle_type_id": "1"
                    }
                ]
            },
            "type": "Feature"
        },
        {
            "geometry": {
                "coordinates": [
                    3.265369112466,
                    50.824540397245
                ],
                "type": "Point"
            },
            "properties": {
                "capacity": 19,
                "is_installed": true,
                "is_renting": true,
                "is_returning": true,
                "last_reported": 1725080717,
                "name": "Kortrijk Station Spoor 1",
                "num_bikes_available": 18,
                "num_docks_available": 19,
                "station_id": "200",
                "vehicle_types_available": [
                    {
                        "count": 18,
                        "vehicle_type_id": "1"
                    }
                ]
            },
            "type": "Feature"
        },
        {
            "geometry": {
                "coordinates": [
                    4.240497785442,
                    50.733824473455
                ],
                "type": "Point"
            },
            "properties": {
                "capacity": 20,
                "is_installed": true,
                "is_renting": true,
                "is_returning": true,
                "last_reported": 1725080717,
                "name": "Halle Station",
                "num_bikes_available": 18,
                "num_docks_available": 20,
                "station_id": "201",
                "vehicle_types_available": [
                    {
                        "count": 18,
                        "vehicle_type_id": "1"
                    }
                ]
            },
            "type": "Feature"
        },
        {
            "geometry": {
                "coordinates": [
                    5.000893,
                    51.159152
                ],
                "type": "Point"
            },
            "properties": {
                "capacity": 5,
                "is_installed": true,
                "is_renting": true,
                "is_returning": true,
                "last_reported": 1725080717,
                "name": "Geel Ziekenhuis",
                "num_bikes_available": 5,
                "num_docks_available": 5,
                "station_id": "202",
                "vehicle_types_available": [
                    {
                        "count": 5,
                        "vehicle_type_id": "1"
                    }
                ]
            },
            "type": "Feature"
        },
        {
            "geometry": {
                "coordinates": [
                    4.963743,
                    51.160474
                ],
                "type": "Point"
            },
            "properties": {
                "capacity": 3,
                "is_installed": true,
                "is_renting": true,
                "is_returning": true,
                "last_reported": 1725080717,
                "name": "Geel Thomas More",
                "num_bikes_available": 3,
                "num_docks_available": 3,
                "station_id": "203",
                "vehicle_types_available": [
                    {
                        "count": 3,
                        "vehicle_type_id": "1"
                    }
                ]
            },
            "type": "Feature"
        },
        {
            "geometry": {
                "coordinates": [
                    4.973593,
                    51.15248
                ],
                "type": "Point"
            },
            "properties": {
                "capacity": 6,
                "is_installed": true,
                "is_renting": true,
                "is_returning": true,
                "last_reported": 1725080717,
                "name": "Geel IOK",
                "num_bikes_available": 6,
                "num_docks_available": 6,
                "station_id": "204",
                "vehicle_types_available": [
                    {
                        "count": 6,
                        "vehicle_type_id": "1"
                    }
                ]
            },
            "type": "Feature"
        },
        {
            "geometry": {
                "coordinates": [
                    4.994066,
                    51.152541
                ],
                "type": "Point"
            },
            "properties": {
                "capacity": 7,
                "is_installed": true,
                "is_renting": true,
                "is_returning": true,
                "last_reported": 1725080717,
                "name": "Geel\u00a0Brukel",
                "num_bikes_available": 7,
                "num_docks_available": 7,
                "station_id": "205",
                "vehicle_types_available": [
                    {
                        "count": 7,
                        "vehicle_type_id": "1"
                    }
                ]
            },
            "type": "Feature"
        },
        {
            "geometry": {
                "coordinates": [
                    4.990259,
                    51.16381
                ],
                "type": "Point"
            },
            "properties": {
                "capacity": 6,
                "is_installed": true,
                "is_renting": true,
                "is_returning": true,
                "last_reported": 1725080717,
                "name": "Geel Muziekacademie",
                "num_bikes_available": 5,
                "num_docks_available": 6,
                "station_id": "206",
                "vehicle_types_available": [
                    {
                        "count": 5,
                        "vehicle_type_id": "1"
                    }
                ]
            },
            "type": "Feature"
        },
        {
            "geometry": {
                "coordinates": [
                    4.993752,
                    51.162513
                ],
                "type": "Point"
            },
            "properties": {
                "capacity": 9,
                "is_installed": true,
                "is_renting": true,
                "is_returning": true,
                "last_reported": 1725080717,
                "name": "Geel Nieuwstraat",
                "num_bikes_available": 9,
                "num_docks_available": 9,
                "station_id": "207",
                "vehicle_types_available": [
                    {
                        "count": 9,
                        "vehicle_type_id": "1"
                    }
                ]
            },
            "type": "Feature"
        },
        {
            "geometry": {
                "coordinates": [
                    4.986057,
                    51.161924
                ],
                "type": "Point"
            },
            "properties": {
                "capacity": 6,
                "is_installed": true,
                "is_renting": true,
                "is_returning": true,
                "last_reported": 1725080717,
                "name": "Geel cc de Werft",
                "num_bikes_available": 4,
                "num_docks_available": 6,
                "station_id": "208",
                "vehicle_types_available": [
                    {
                        "count": 4,
                        "vehicle_type_id": "1"
                    }
                ]
            },
            "type": "Feature"
        },
        {
            "geometry": {
                "coordinates": [
                    4.990618,
                    51.160629
                ],
                "type": "Point"
            },
            "properties": {
                "capacity": 6,
                "is_installed": true,
                "is_renting": true,
                "is_returning": true,
                "last_reported": 1725080717,
                "name": "Geel Markt",
                "num_bikes_available": 4,
                "num_docks_available": 6,
                "station_id": "209",
                "vehicle_types_available": [
                    {
                        "count": 4,
                        "vehicle_type_id": "1"
                    }
                ]
            },
            "type": "Feature"
        },
        {
            "geometry": {
                "coordinates": [
                    4.990675035533,
                    51.157730306409
                ],
                "type": "Point"
            },
            "properties": {
                "capacity": 8,
                "is_installed": true,
                "is_renting": true,
                "is_returning": true,
                "last_reported": 1725080717,
                "name": "Geel Zwembad",
                "num_bikes_available": 8,
                "num_docks_available": 8,
                "station_id": "210",
                "vehicle_types_available": [
                    {
                        "count": 8,
                        "vehicle_type_id": "1"
                    }
                ]
            },
            "type": "Feature"
        },
        {
            "geometry": {
                "coordinates": [
                    4.993667,
                    51.156226
                ],
                "type": "Point"
            },
            "properties": {
                "capacity": 9,
                "is_installed": true,
                "is_renting": true,
                "is_returning": true,
                "last_reported": 1725080717,
                "name": "Geel De Bogaard",
                "num_bikes_available": 9,
                "num_docks_available": 9,
                "station_id": "211",
                "vehicle_types_available": [
                    {
                        "count": 9,
                        "vehicle_type_id": "1"
                    }
                ]
            },
            "type": "Feature"
        },
        {
            "geometry": {
                "coordinates": [
                    4.979247,
                    51.154333
                ],
                "type": "Point"
            },
            "properties": {
                "capacity": 9,
                "is_installed": true,
                "is_renting": true,
                "is_returning": true,
                "last_reported": 1725080717,
                "name": "Geel OPZ",
                "num_bikes_available": 9,
                "num_docks_available": 9,
                "station_id": "212",
                "vehicle_types_available": [
                    {
                        "count": 9,
                        "vehicle_type_id": "1"
                    }
                ]
            },
            "type": "Feature"
        },
        {
            "geometry": {
                "coordinates": [
                    3.883493542184,
                    51.001895061931
                ],
                "type": "Point"
            },
            "properties": {
                "capacity": 3,
                "is_installed": true,
                "is_renting": true,
                "is_returning": true,
                "last_reported": 1725080717,
                "name": "Wetteren Station",
                "num_bikes_available": 0,
                "num_docks_available": 3,
                "station_id": "213",
                "vehicle_types_available": [
                    {
                        "count": 0,
                        "vehicle_type_id": "1"
                    }
                ]
            },
            "type": "Feature"
        },
        {
            "geometry": {
                "coordinates": [
                    4.0404428,
                    50.9429846
                ],
                "type": "Point"
            },
            "properties": {
                "capacity": 7,
                "is_installed": true,
                "is_renting": true,
                "is_returning": true,
                "last_reported": 1725080717,
                "name": "Aalst Station Denderzijde",
                "num_bikes_available": 7,
                "num_docks_available": 7,
                "station_id": "214",
                "vehicle_types_available": [
                    {
                        "count": 7,
                        "vehicle_type_id": "1"
                    }
                ]
            },
            "type": "Feature"
        },
        {
            "geometry": {
                "coordinates": [
                    3.601553543358,
                    50.742041263865
                ],
                "type": "Point"
            },
            "properties": {
                "capacity": 6,
                "is_installed": true,
                "is_renting": true,
                "is_returning": true,
                "last_reported": 1725080717,
                "name": "Ronse Station",
                "num_bikes_available": 4,
                "num_docks_available": 6,
                "station_id": "215",
                "vehicle_types_available": [
                    {
                        "count": 4,
                        "vehicle_type_id": "1"
                    }
                ]
            },
            "type": "Feature"
        },
        {
            "geometry": {
                "coordinates": [
                    4.715749763989,
                    50.880168897542
                ],
                "type": "Point"
            },
            "properties": {
                "capacity": 33,
                "is_installed": true,
                "is_renting": true,
                "is_returning": true,
                "last_reported": 1725080717,
                "name": "Leuven Station Tiensevest e-bike",
                "num_bikes_available": 26,
                "num_docks_available": 33,
                "station_id": "216",
                "vehicle_types_available": [
                    {
                        "count": 26,
                        "vehicle_type_id": "1"
                    }
                ]
            },
            "type": "Feature"
        },
        {
            "geometry": {
                "coordinates": [
                    4.973275273255,
                    51.15310558692
                ],
                "type": "Point"
            },
            "properties": {
                "capacity": 2,
                "is_installed": true,
                "is_renting": true,
                "is_returning": true,
                "last_reported": 1725080717,
                "name": "IOK - Testlocatie VVR KEMPEN",
                "num_bikes_available": 2,
                "num_docks_available": 2,
                "station_id": "219",
                "vehicle_types_available": [
                    {
                        "count": 2,
                        "vehicle_type_id": "1"
                    }
                ]
            },
            "type": "Feature"
        },
        {
            "geometry": {
                "coordinates": [
                    4.605512,
                    50.71627
                ],
                "type": "Point"
            },
            "properties": {
                "capacity": 5,
                "is_installed": true,
                "is_renting": true,
                "is_returning": true,
                "last_reported": 1725080717,
                "name": "Gare de Wavre",
                "num_bikes_available": 4,
                "num_docks_available": 5,
                "station_id": "220",
                "vehicle_types_available": [
                    {
                        "count": 4,
                        "vehicle_type_id": "1"
                    }
                ]
            },
            "type": "Feature"
        },
        {
            "geometry": {
                "coordinates": [
                    4.702245929102,
                    50.92240026664
                ],
                "type": "Point"
            },
            "properties": {
                "capacity": 8,
                "is_installed": true,
                "is_renting": true,
                "is_returning": true,
                "last_reported": 1725080717,
                "name": "Wijgmaal Station",
                "num_bikes_available": 8,
                "num_docks_available": 8,
                "station_id": "221",
                "vehicle_types_available": [
                    {
                        "count": 8,
                        "vehicle_type_id": "1"
                    }
                ]
            },
            "type": "Feature"
        },
        {
            "geometry": {
                "coordinates": [
                    4.929759,
                    50.812339
                ],
                "type": "Point"
            },
            "properties": {
                "capacity": 1,
                "is_installed": true,
                "is_renting": true,
                "is_returning": true,
                "last_reported": 1725080717,
                "name": "Tienen Albertvest",
                "num_bikes_available": 1,
                "num_docks_available": 1,
                "station_id": "223",
                "vehicle_types_available": [
                    {
                        "count": 1,
                        "vehicle_type_id": "1"
                    }
                ]
            },
            "type": "Feature"
        },
        {
            "geometry": {
                "coordinates": [
                    4.941302437264,
                    50.812658318885
                ],
                "type": "Point"
            },
            "properties": {
                "capacity": 7,
                "is_installed": true,
                "is_renting": true,
                "is_returning": true,
                "last_reported": 1725080717,
                "name": "Tienen Kabbeekvest",
                "num_bikes_available": 7,
                "num_docks_available": 7,
                "station_id": "224",
                "vehicle_types_available": [
                    {
                        "count": 7,
                        "vehicle_type_id": "1"
                    }
                ]
            },
            "type": "Feature"
        },
        {
            "geometry": {
                "coordinates": [
                    3.7567759236,
                    51.038335465844
                ],
                "type": "Point"
            },
            "properties": {
                "capacity": 17,
                "is_installed": true,
                "is_renting": true,
                "is_returning": true,
                "last_reported": 1725080717,
                "name": "Gentbrugge Station",
                "num_bikes_available": 17,
                "num_docks_available": 17,
                "station_id": "225",
                "vehicle_types_available": [
                    {
                        "count": 17,
                        "vehicle_type_id": "1"
                    }
                ]
            },
            "type": "Feature"
        },
        {
            "geometry": {
                "coordinates": [
                    3.797324466232,
                    51.002858686061
                ],
                "type": "Point"
            },
            "properties": {
                "capacity": 11,
                "is_installed": true,
                "is_renting": true,
                "is_returning": true,
                "last_reported": 1725080717,
                "name": "Melle Station",
                "num_bikes_available": 11,
                "num_docks_available": 11,
                "station_id": "226",
                "vehicle_types_available": [
                    {
                        "count": 11,
                        "vehicle_type_id": "1"
                    }
                ]
            },
            "type": "Feature"
        },
        {
            "geometry": {
                "coordinates": [
                    3.702074217862,
                    51.107377130562
                ],
                "type": "Point"
            },
            "properties": {
                "capacity": 8,
                "is_installed": true,
                "is_renting": true,
                "is_returning": true,
                "last_reported": 1725080717,
                "name": "Evergem Station",
                "num_bikes_available": 8,
                "num_docks_available": 8,
                "station_id": "227",
                "vehicle_types_available": [
                    {
                        "count": 8,
                        "vehicle_type_id": "1"
                    }
                ]
            },
            "type": "Feature"
        },
        {
            "geometry": {
                "coordinates": [
                    3.650869190346,
                    50.99695354669
                ],
                "type": "Point"
            },
            "properties": {
                "capacity": 8,
                "is_installed": true,
                "is_renting": true,
                "is_returning": true,
                "last_reported": 1725080717,
                "name": "De Pinte Station",
                "num_bikes_available": 7,
                "num_docks_available": 8,
                "station_id": "228",
                "vehicle_types_available": [
                    {
                        "count": 7,
                        "vehicle_type_id": "1"
                    }
                ]
            },
            "type": "Feature"
        },
        {
            "geometry": {
                "coordinates": [
                    3.62780262296,
                    50.960650673799
                ],
                "type": "Point"
            },
            "properties": {
                "capacity": 7,
                "is_installed": true,
                "is_renting": true,
                "is_returning": true,
                "last_reported": 1725080717,
                "name": "Eke-Nazareth Station",
                "num_bikes_available": 6,
                "num_docks_available": 7,
                "station_id": "229",
                "vehicle_types_available": [
                    {
                        "count": 6,
                        "vehicle_type_id": "1"
                    }
                ]
            },
            "type": "Feature"
        },
        {
            "geometry": {
                "coordinates": [
                    3.535374024207,
                    51.073442512658
                ],
                "type": "Point"
            },
            "properties": {
                "capacity": 5,
                "is_installed": true,
                "is_renting": true,
                "is_returning": true,
                "last_reported": 1725080717,
                "name": "Hansbeke Station",
                "num_bikes_available": 3,
                "num_docks_available": 5,
                "station_id": "230",
                "vehicle_types_available": [
                    {
                        "count": 3,
                        "vehicle_type_id": "1"
                    }
                ]
            },
            "type": "Feature"
        },
        {
            "geometry": {
                "coordinates": [
                    5.437139091188,
                    51.221950672255
                ],
                "type": "Point"
            },
            "properties": {
                "capacity": 9,
                "is_installed": true,
                "is_renting": true,
                "is_returning": true,
                "last_reported": 1725080717,
                "name": "Neerpelt Station",
                "num_bikes_available": 8,
                "num_docks_available": 9,
                "station_id": "232",
                "vehicle_types_available": [
                    {
                        "count": 8,
                        "vehicle_type_id": "1"
                    }
                ]
            },
            "type": "Feature"
        },
        {
            "geometry": {
                "coordinates": [
                    5.458611512191,
                    51.131037871099
                ],
                "type": "Point"
            },
            "properties": {
                "capacity": 7,
                "is_installed": true,
                "is_renting": true,
                "is_returning": true,
                "last_reported": 1725080717,
                "name": "Peer Pol Kip",
                "num_bikes_available": 7,
                "num_docks_available": 7,
                "station_id": "233",
                "vehicle_types_available": [
                    {
                        "count": 7,
                        "vehicle_type_id": "1"
                    }
                ]
            },
            "type": "Feature"
        },
        {
            "geometry": {
                "coordinates": [
                    5.728613238295,
                    51.034888930756
                ],
                "type": "Point"
            },
            "properties": {
                "capacity": 7,
                "is_installed": true,
                "is_renting": true,
                "is_returning": true,
                "last_reported": 1725080717,
                "name": "Dilsen Kruispunt",
                "num_bikes_available": 7,
                "num_docks_available": 7,
                "station_id": "234",
                "vehicle_types_available": [
                    {
                        "count": 7,
                        "vehicle_type_id": "1"
                    }
                ]
            },
            "type": "Feature"
        },
        {
            "geometry": {
                "coordinates": [
                    5.788496212626,
                    51.099636433947
                ],
                "type": "Point"
            },
            "properties": {
                "capacity": 9,
                "is_installed": true,
                "is_renting": true,
                "is_returning": true,
                "last_reported": 1725080717,
                "name": "Maaseik Van Eycklaan",
                "num_bikes_available": 8,
                "num_docks_available": 9,
                "station_id": "235",
                "vehicle_types_available": [
                    {
                        "count": 8,
                        "vehicle_type_id": "1"
                    }
                ]
            },
            "type": "Feature"
        },
        {
            "geometry": {
                "coordinates": [
                    5.655727988739,
                    50.889202302788
                ],
                "type": "Point"
            },
            "properties": {
                "capacity": 8,
                "is_installed": true,
                "is_renting": true,
                "is_returning": true,
                "last_reported": 1725080717,
                "name": "Lanaken Cultureel Centrum",
                "num_bikes_available": 7,
                "num_docks_available": 8,
                "station_id": "236",
                "vehicle_types_available": [
                    {
                        "count": 7,
                        "vehicle_type_id": "1"
                    }
                ]
            },
            "type": "Feature"
        },
        {
            "geometry": {
                "coordinates": [
                    5.509494621219,
                    50.868755177715
                ],
                "type": "Point"
            },
            "properties": {
                "capacity": 8,
                "is_installed": true,
                "is_renting": true,
                "is_returning": true,
                "last_reported": 1725080717,
                "name": "Bilzen Station",
                "num_bikes_available": 8,
                "num_docks_available": 8,
                "station_id": "237",
                "vehicle_types_available": [
                    {
                        "count": 8,
                        "vehicle_type_id": "1"
                    }
                ]
            },
            "type": "Feature"
        },
        {
            "geometry": {
                "coordinates": [
                    5.235509458943,
                    51.050405141494
                ],
                "type": "Point"
            },
            "properties": {
                "capacity": 9,
                "is_installed": true,
                "is_renting": true,
                "is_returning": true,
                "last_reported": 1725080717,
                "name": "Beringen Station",
                "num_bikes_available": 9,
                "num_docks_available": 9,
                "station_id": "238",
                "vehicle_types_available": [
                    {
                        "count": 9,
                        "vehicle_type_id": "1"
                    }
                ]
            },
            "type": "Feature"
        },
        {
            "geometry": {
                "coordinates": [
                    5.123713447686,
                    51.088408392433
                ],
                "type": "Point"
            },
            "properties": {
                "capacity": 6,
                "is_installed": true,
                "is_renting": true,
                "is_returning": true,
                "last_reported": 1725080717,
                "name": "Kwaadmechelen Autosnelweg",
                "num_bikes_available": 6,
                "num_docks_available": 6,
                "station_id": "239",
                "vehicle_types_available": [
                    {
                        "count": 6,
                        "vehicle_type_id": "1"
                    }
                ]
            },
            "type": "Feature"
        },
        {
            "geometry": {
                "coordinates": [
                    5.127574481286,
                    51.06922400222
                ],
                "type": "Point"
            },
            "properties": {
                "capacity": 8,
                "is_installed": true,
                "is_renting": true,
                "is_returning": true,
                "last_reported": 1725080717,
                "name": "Tessenderlo Hulst Kerk",
                "num_bikes_available": 7,
                "num_docks_available": 8,
                "station_id": "241",
                "vehicle_types_available": [
                    {
                        "count": 7,
                        "vehicle_type_id": "1"
                    }
                ]
            },
            "type": "Feature"
        },
        {
            "geometry": {
                "coordinates": [
                    5.258396333694,
                    51.116656384627
                ],
                "type": "Point"
            },
            "properties": {
                "capacity": 7,
                "is_installed": true,
                "is_renting": true,
                "is_returning": true,
                "last_reported": 1725080717,
                "name": "Leopoldsburg Station",
                "num_bikes_available": 4,
                "num_docks_available": 7,
                "station_id": "242",
                "vehicle_types_available": [
                    {
                        "count": 4,
                        "vehicle_type_id": "1"
                    }
                ]
            },
            "type": "Feature"
        },
        {
            "geometry": {
                "coordinates": [
                    5.557384130048,
                    51.035708391295
                ],
                "type": "Point"
            },
            "properties": {
                "capacity": 8,
                "is_installed": true,
                "is_renting": true,
                "is_returning": true,
                "last_reported": 1725080717,
                "name": "Oudsbergen Industrieweg",
                "num_bikes_available": 8,
                "num_docks_available": 8,
                "station_id": "243",
                "vehicle_types_available": [
                    {
                        "count": 8,
                        "vehicle_type_id": "1"
                    }
                ]
            },
            "type": "Feature"
        },
        {
            "geometry": {
                "coordinates": [
                    5.695946482087,
                    50.963124292488
                ],
                "type": "Point"
            },
            "properties": {
                "capacity": 8,
                "is_installed": true,
                "is_renting": true,
                "is_returning": true,
                "last_reported": 1725080717,
                "name": "Maasmechelen Gemeenteplein",
                "num_bikes_available": 7,
                "num_docks_available": 8,
                "station_id": "244",
                "vehicle_types_available": [
                    {
                        "count": 7,
                        "vehicle_type_id": "1"
                    }
                ]
            },
            "type": "Feature"
        },
        {
            "geometry": {
                "coordinates": [
                    5.343521881801,
                    50.932809505342
                ],
                "type": "Point"
            },
            "properties": {
                "capacity": 3,
                "is_installed": true,
                "is_renting": true,
                "is_returning": true,
                "last_reported": 1725080717,
                "name": "Hasselt Dusartplein 1",
                "num_bikes_available": 2,
                "num_docks_available": 3,
                "station_id": "245",
                "vehicle_types_available": [
                    {
                        "count": 2,
                        "vehicle_type_id": "1"
                    }
                ]
            },
            "type": "Feature"
        },
        {
            "geometry": {
                "coordinates": [
                    5.342383000823,
                    50.932581548638
                ],
                "type": "Point"
            },
            "properties": {
                "capacity": 7,
                "is_installed": true,
                "is_renting": true,
                "is_returning": true,
                "last_reported": 1725080717,
                "name": "Hasselt Dusartplein 2",
                "num_bikes_available": 6,
                "num_docks_available": 7,
                "station_id": "246",
                "vehicle_types_available": [
                    {
                        "count": 6,
                        "vehicle_type_id": "1"
                    }
                ]
            },
            "type": "Feature"
        },
        {
            "geometry": {
                "coordinates": [
                    5.379580698261,
                    49.920025911132
                ],
                "type": "Point"
            },
            "properties": {
                "capacity": 5,
                "is_installed": true,
                "is_renting": true,
                "is_returning": true,
                "last_reported": 1725080717,
                "name": "Gare de Libramont",
                "num_bikes_available": 4,
                "num_docks_available": 5,
                "station_id": "248",
                "vehicle_types_available": [
                    {
                        "count": 4,
                        "vehicle_type_id": "1"
                    }
                ]
            },
            "type": "Feature"
        },
        {
            "geometry": {
                "coordinates": [
                    3.879766937203,
                    51.087018042066
                ],
                "type": "Point"
            },
            "properties": {
                "capacity": 6,
                "is_installed": true,
                "is_renting": true,
                "is_returning": true,
                "last_reported": 1725080717,
                "name": "Beervelde Station",
                "num_bikes_available": 6,
                "num_docks_available": 6,
                "station_id": "249",
                "vehicle_types_available": [
                    {
                        "count": 6,
                        "vehicle_type_id": "1"
                    }
                ]
            },
            "type": "Feature"
        },
        {
            "geometry": {
                "coordinates": [
                    3.488049780647,
                    51.0838030188
                ],
                "type": "Point"
            },
            "properties": {
                "capacity": 7,
                "is_installed": true,
                "is_renting": true,
                "is_returning": true,
                "last_reported": 1725080717,
                "name": "Bellem Station",
                "num_bikes_available": 7,
                "num_docks_available": 7,
                "station_id": "250",
                "vehicle_types_available": [
                    {
                        "count": 7,
                        "vehicle_type_id": "1"
                    }
                ]
            },
            "type": "Feature"
        },
        {
            "geometry": {
                "coordinates": [
                    3.80160068966,
                    50.979753408575
                ],
                "type": "Point"
            },
            "properties": {
                "capacity": 10,
                "is_installed": true,
                "is_renting": true,
                "is_returning": true,
                "last_reported": 1725080717,
                "name": "Gontrode Station",
                "num_bikes_available": 10,
                "num_docks_available": 10,
                "station_id": "251",
                "vehicle_types_available": [
                    {
                        "count": 10,
                        "vehicle_type_id": "1"
                    }
                ]
            },
            "type": "Feature"
        },
        {
            "geometry": {
                "coordinates": [
                    3.829288943894,
                    50.991798311666
                ],
                "type": "Point"
            },
            "properties": {
                "capacity": 8,
                "is_installed": true,
                "is_renting": true,
                "is_returning": true,
                "last_reported": 1725080717,
                "name": "Kwatrecht Station",
                "num_bikes_available": 8,
                "num_docks_available": 8,
                "station_id": "252",
                "vehicle_types_available": [
                    {
                        "count": 8,
                        "vehicle_type_id": "1"
                    }
                ]
            },
            "type": "Feature"
        },
        {
            "geometry": {
                "coordinates": [
                    3.387225057671,
                    51.107192661425
                ],
                "type": "Point"
            },
            "properties": {
                "capacity": 10,
                "is_installed": true,
                "is_renting": true,
                "is_returning": true,
                "last_reported": 1725080717,
                "name": "Sint-Maria-Aalter Station",
                "num_bikes_available": 10,
                "num_docks_available": 10,
                "station_id": "253",
                "vehicle_types_available": [
                    {
                        "count": 10,
                        "vehicle_type_id": "1"
                    }
                ]
            },
            "type": "Feature"
        },
        {
            "geometry": {
                "coordinates": [
                    3.667720255517,
                    51.126226322366
                ],
                "type": "Point"
            },
            "properties": {
                "capacity": 8,
                "is_installed": true,
                "is_renting": true,
                "is_returning": true,
                "last_reported": 1725080717,
                "name": "Sleidinge Station",
                "num_bikes_available": 8,
                "num_docks_available": 8,
                "station_id": "254",
                "vehicle_types_available": [
                    {
                        "count": 8,
                        "vehicle_type_id": "1"
                    }
                ]
            },
            "type": "Feature"
        },
        {
            "geometry": {
                "coordinates": [
                    3.614484075042,
                    51.154654547882
                ],
                "type": "Point"
            },
            "properties": {
                "capacity": 6,
                "is_installed": true,
                "is_renting": true,
                "is_returning": true,
                "last_reported": 1725080717,
                "name": "Waarschoot Station",
                "num_bikes_available": 6,
                "num_docks_available": 6,
                "station_id": "255",
                "vehicle_types_available": [
                    {
                        "count": 6,
                        "vehicle_type_id": "1"
                    }
                ]
            },
            "type": "Feature"
        },
        {
            "geometry": {
                "coordinates": [
                    3.882198043526,
                    51.001480076922
                ],
                "type": "Point"
            },
            "properties": {
                "capacity": 12,
                "is_installed": true,
                "is_renting": true,
                "is_returning": true,
                "last_reported": 1725080717,
                "name": "Wetteren Station Spoor 2",
                "num_bikes_available": 12,
                "num_docks_available": 12,
                "station_id": "256",
                "vehicle_types_available": [
                    {
                        "count": 12,
                        "vehicle_type_id": "1"
                    }
                ]
            },
            "type": "Feature"
        },
        {
            "geometry": {
                "coordinates": [
                    5.039108661981,
                    50.988092146488
                ],
                "type": "Point"
            },
            "properties": {
                "capacity": 8,
                "is_installed": true,
                "is_renting": true,
                "is_returning": true,
                "last_reported": 1725080717,
                "name": "Diest Den Amer",
                "num_bikes_available": 8,
                "num_docks_available": 8,
                "station_id": "257",
                "vehicle_types_available": [
                    {
                        "count": 8,
                        "vehicle_type_id": "1"
                    }
                ]
            },
            "type": "Feature"
        },
        {
            "geometry": {
                "coordinates": [
                    4.734606,
                    50.85021
                ],
                "type": "Point"
            },
            "properties": {
                "capacity": 6,
                "is_installed": true,
                "is_renting": true,
                "is_returning": true,
                "last_reported": 1725080717,
                "name": "Heverlee Researchpark Haasrode II",
                "num_bikes_available": 5,
                "num_docks_available": 6,
                "station_id": "258",
                "vehicle_types_available": [
                    {
                        "count": 5,
                        "vehicle_type_id": "1"
                    }
                ]
            },
            "type": "Feature"
        },
        {
            "geometry": {
                "coordinates": [
                    4.72696,
                    50.849162
                ],
                "type": "Point"
            },
            "properties": {
                "capacity": 5,
                "is_installed": true,
                "is_renting": true,
                "is_returning": true,
                "last_reported": 1725080717,
                "name": "Heverlee Haasrode UCLL",
                "num_bikes_available": 5,
                "num_docks_available": 5,
                "station_id": "259",
                "vehicle_types_available": [
                    {
                        "count": 5,
                        "vehicle_type_id": "1"
                    }
                ]
            },
            "type": "Feature"
        },
        {
            "geometry": {
                "coordinates": [
                    4.701977,
                    50.8793701
                ],
                "type": "Point"
            },
            "properties": {
                "capacity": 5,
                "is_installed": true,
                "is_renting": true,
                "is_returning": true,
                "last_reported": 1725080717,
                "name": "Leuven Rector de Somerplein ",
                "num_bikes_available": 4,
                "num_docks_available": 5,
                "station_id": "260",
                "vehicle_types_available": [
                    {
                        "count": 4,
                        "vehicle_type_id": "1"
                    }
                ]
            },
            "type": "Feature"
        },
        {
            "geometry": {
                "coordinates": [
                    4.702151249113,
                    50.888667280554
                ],
                "type": "Point"
            },
            "properties": {
                "capacity": 9,
                "is_installed": true,
                "is_renting": true,
                "is_returning": true,
                "last_reported": 1725080717,
                "name": "Leuven Parking Vaartkom",
                "num_bikes_available": 8,
                "num_docks_available": 9,
                "station_id": "261",
                "vehicle_types_available": [
                    {
                        "count": 8,
                        "vehicle_type_id": "1"
                    }
                ]
            },
            "type": "Feature"
        },
        {
            "geometry": {
                "coordinates": [
                    4.679869,
                    50.864881
                ],
                "type": "Point"
            },
            "properties": {
                "capacity": 6,
                "is_installed": true,
                "is_renting": true,
                "is_returning": true,
                "last_reported": 1725080717,
                "name": "Heverlee Kapeldreef",
                "num_bikes_available": 5,
                "num_docks_available": 6,
                "station_id": "262",
                "vehicle_types_available": [
                    {
                        "count": 5,
                        "vehicle_type_id": "1"
                    }
                ]
            },
            "type": "Feature"
        },
        {
            "geometry": {
                "coordinates": [
                    4.670279,
                    50.865801
                ],
                "type": "Point"
            },
            "properties": {
                "capacity": 6,
                "is_installed": true,
                "is_renting": true,
                "is_returning": true,
                "last_reported": 1725080717,
                "name": "Heverlee Wetenschapspark",
                "num_bikes_available": 6,
                "num_docks_available": 6,
                "station_id": "263",
                "vehicle_types_available": [
                    {
                        "count": 6,
                        "vehicle_type_id": "1"
                    }
                ]
            },
            "type": "Feature"
        },
        {
            "geometry": {
                "coordinates": [
                    4.421,
                    51.217611
                ],
                "type": "Point"
            },
            "properties": {
                "capacity": 54,
                "is_installed": true,
                "is_renting": true,
                "is_returning": true,
                "last_reported": 1725080599,
                "name": "Antwerpen-Centraal Station",
                "num_bikes_available": 49,
                "num_docks_available": 54,
                "station_id": "48",
                "vehicle_types_available": [
                    {
                        "count": 49,
                        "vehicle_type_id": "1"
                    }
                ]
            },
            "type": "Feature"
        },
        {
            "geometry": {
                "coordinates": [
                    4.355861,
                    50.844833
                ],
                "type": "Point"
            },
            "properties": {
                "capacity": 11,
                "is_installed": true,
                "is_renting": true,
                "is_returning": true,
                "last_reported": 1725080661,
                "name": "Brussel-Centraal/Bruxelles-Central",
                "num_bikes_available": 10,
                "num_docks_available": 11,
                "station_id": "49",
                "vehicle_types_available": [
                    {
                        "count": 10,
                        "vehicle_type_id": "1"
                    }
                ]
            },
            "type": "Feature"
        },
        {
            "geometry": {
                "coordinates": [
                    4.715940450995,
                    50.879795310054
                ],
                "type": "Point"
            },
            "properties": {
                "capacity": 76,
                "is_installed": true,
                "is_renting": true,
                "is_returning": true,
                "last_reported": 1725080421,
                "name": "Leuven Station Tiensevest 1",
                "num_bikes_available": 65,
                "num_docks_available": 76,
                "station_id": "50",
                "vehicle_types_available": [
                    {
                        "count": 65,
                        "vehicle_type_id": "1"
                    }
                ]
            },
            "type": "Feature"
        },
        {
            "geometry": {
                "coordinates": [
                    4.823778,
                    50.983778
                ],
                "type": "Point"
            },
            "properties": {
                "capacity": 15,
                "is_installed": true,
                "is_renting": true,
                "is_returning": true,
                "last_reported": 1725080485,
                "name": "Aarschot Station",
                "num_bikes_available": 14,
                "num_docks_available": 15,
                "station_id": "51",
                "vehicle_types_available": [
                    {
                        "count": 14,
                        "vehicle_type_id": "1"
                    }
                ]
            },
            "type": "Feature"
        },
        {
            "geometry": {
                "coordinates": [
                    5.176167,
                    50.817222
                ],
                "type": "Point"
            },
            "properties": {
                "capacity": 16,
                "is_installed": true,
                "is_renting": true,
                "is_returning": true,
                "last_reported": 1725080535,
                "name": "Sint-Truiden Station",
                "num_bikes_available": 15,
                "num_docks_available": 16,
                "station_id": "52",
                "vehicle_types_available": [
                    {
                        "count": 15,
                        "vehicle_type_id": "1"
                    }
                ]
            },
            "type": "Feature"
        },
        {
            "geometry": {
                "coordinates": [
                    5.325782305716,
                    50.931729799041
                ],
                "type": "Point"
            },
            "properties": {
                "capacity": 69,
                "is_installed": true,
                "is_renting": true,
                "is_returning": true,
                "last_reported": 1725080598,
                "name": "Hasselt Station",
                "num_bikes_available": 61,
                "num_docks_available": 69,
                "station_id": "53",
                "vehicle_types_available": [
                    {
                        "count": 61,
                        "vehicle_type_id": "1"
                    }
                ]
            },
            "type": "Feature"
        },
        {
            "geometry": {
                "coordinates": [
                    5.115389,
                    51.190639
                ],
                "type": "Point"
            },
            "properties": {
                "capacity": 30,
                "is_installed": true,
                "is_renting": true,
                "is_returning": true,
                "last_reported": 1725080663,
                "name": "Mol Station",
                "num_bikes_available": 25,
                "num_docks_available": 30,
                "station_id": "54",
                "vehicle_types_available": [
                    {
                        "count": 25,
                        "vehicle_type_id": "1"
                    }
                ]
            },
            "type": "Feature"
        },
        {
            "geometry": {
                "coordinates": [
                    4.360294493166,
                    50.860113236898
                ],
                "type": "Point"
            },
            "properties": {
                "capacity": 19,
                "is_installed": true,
                "is_renting": true,
                "is_returning": true,
                "last_reported": 1725080417,
                "name": "Brussel-Noord/Bruxelles-Nord",
                "num_bikes_available": 16,
                "num_docks_available": 19,
                "station_id": "55",
                "vehicle_types_available": [
                    {
                        "count": 16,
                        "vehicle_type_id": "1"
                    }
                ]
            },
            "type": "Feature"
        },
        {
            "geometry": {
                "coordinates": [
                    4.861944,
                    50.468556
                ],
                "type": "Point"
            },
            "properties": {
                "capacity": 7,
                "is_installed": true,
                "is_renting": true,
                "is_returning": true,
                "last_reported": 1722589912,
                "name": "Gare de Namur",
                "num_bikes_available": 6,
                "num_docks_available": 7,
                "station_id": "59",
                "vehicle_types_available": [
                    {
                        "count": 6,
                        "vehicle_type_id": "1"
                    }
                ]
            },
            "type": "Feature"
        },
        {
            "geometry": {
                "coordinates": [
                    3.262944,
                    50.823667
                ],
                "type": "Point"
            },
            "properties": {
                "capacity": 61,
                "is_installed": true,
                "is_renting": true,
                "is_returning": true,
                "last_reported": 1725080452,
                "name": "Kortrijk Station",
                "num_bikes_available": 55,
                "num_docks_available": 61,
                "station_id": "60",
                "vehicle_types_available": [
                    {
                        "count": 55,
                        "vehicle_type_id": "1"
                    }
                ]
            },
            "type": "Feature"
        },
        {
            "geometry": {
                "coordinates": [
                    3.533754064401,
                    50.978222034157
                ],
                "type": "Point"
            },
            "properties": {
                "capacity": 163,
                "is_installed": true,
                "is_renting": true,
                "is_returning": true,
                "last_reported": 1721830853,
                "name": "Deinze Station",
                "num_bikes_available": 135,
                "num_docks_available": 163,
                "station_id": "61",
                "vehicle_types_available": [
                    {
                        "count": 135,
                        "vehicle_type_id": "1"
                    }
                ]
            },
            "type": "Feature"
        },
        {
            "geometry": {
                "coordinates": [
                    3.424889,
                    50.891917
                ],
                "type": "Point"
            },
            "properties": {
                "capacity": 13,
                "is_installed": true,
                "is_renting": true,
                "is_returning": true,
                "last_reported": 1725080528,
                "name": "Waregem Station",
                "num_bikes_available": 11,
                "num_docks_available": 13,
                "station_id": "62",
                "vehicle_types_available": [
                    {
                        "count": 11,
                        "vehicle_type_id": "1"
                    }
                ]
            },
            "type": "Feature"
        },
        {
            "geometry": {
                "coordinates": [
                    5.565919081371,
                    50.625693232971
                ],
                "type": "Point"
            },
            "properties": {
                "capacity": 12,
                "is_installed": true,
                "is_renting": true,
                "is_returning": true,
                "last_reported": 1701852527,
                "name": "Gare de Li\u00e8ge-Guillemins",
                "num_bikes_available": 9,
                "num_docks_available": 12,
                "station_id": "63",
                "vehicle_types_available": [
                    {
                        "count": 9,
                        "vehicle_type_id": "1"
                    }
                ]
            },
            "type": "Feature"
        },
        {
            "geometry": {
                "coordinates": [
                    3.218624,
                    51.196991
                ],
                "type": "Point"
            },
            "properties": {
                "capacity": 82,
                "is_installed": true,
                "is_renting": true,
                "is_returning": true,
                "last_reported": 1725080660,
                "name": "Brugge Station 1",
                "num_bikes_available": 74,
                "num_docks_available": 82,
                "station_id": "64",
                "vehicle_types_available": [
                    {
                        "count": 74,
                        "vehicle_type_id": "1"
                    }
                ]
            },
            "type": "Feature"
        },
        {
            "geometry": {
                "coordinates": [
                    2.925639,
                    51.228306
                ],
                "type": "Point"
            },
            "properties": {
                "capacity": 71,
                "is_installed": true,
                "is_renting": true,
                "is_returning": true,
                "last_reported": 1725080695,
                "name": "Oostende Station",
                "num_bikes_available": 56,
                "num_docks_available": 71,
                "station_id": "65",
                "vehicle_types_available": [
                    {
                        "count": 56,
                        "vehicle_type_id": "1"
                    }
                ]
            },
            "type": "Feature"
        },
        {
            "geometry": {
                "coordinates": [
                    3.105611,
                    51.065083
                ],
                "type": "Point"
            },
            "properties": {
                "capacity": 6,
                "is_installed": true,
                "is_renting": true,
                "is_returning": true,
                "last_reported": 1725080502,
                "name": "Torhout Station",
                "num_bikes_available": 6,
                "num_docks_available": 6,
                "station_id": "66",
                "vehicle_types_available": [
                    {
                        "count": 6,
                        "vehicle_type_id": "1"
                    }
                ]
            },
            "type": "Feature"
        },
        {
            "geometry": {
                "coordinates": [
                    3.130573800179,
                    50.949507276125
                ],
                "type": "Point"
            },
            "properties": {
                "capacity": 33,
                "is_installed": true,
                "is_renting": true,
                "is_returning": true,
                "last_reported": 1725080596,
                "name": "Roeselare Station",
                "num_bikes_available": 29,
                "num_docks_available": 33,
                "station_id": "68",
                "vehicle_types_available": [
                    {
                        "count": 29,
                        "vehicle_type_id": "1"
                    }
                ]
            },
            "type": "Feature"
        },
        {
            "geometry": {
                "coordinates": [
                    4.143528,
                    51.171444
                ],
                "type": "Point"
            },
            "properties": {
                "capacity": 44,
                "is_installed": true,
                "is_renting": true,
                "is_returning": true,
                "last_reported": 1725080652,
                "name": "Sint-Niklaas Station",
                "num_bikes_available": 37,
                "num_docks_available": 44,
                "station_id": "69",
                "vehicle_types_available": [
                    {
                        "count": 37,
                        "vehicle_type_id": "1"
                    }
                ]
            },
            "type": "Feature"
        },
        {
            "geometry": {
                "coordinates": [
                    3.986722,
                    51.107444
                ],
                "type": "Point"
            },
            "properties": {
                "capacity": 20,
                "is_installed": true,
                "is_renting": true,
                "is_returning": true,
                "last_reported": 1725080713,
                "name": "Lokeren Station",
                "num_bikes_available": 20,
                "num_docks_available": 20,
                "station_id": "70",
                "vehicle_types_available": [
                    {
                        "count": 20,
                        "vehicle_type_id": "1"
                    }
                ]
            },
            "type": "Feature"
        },
        {
            "geometry": {
                "coordinates": [
                    3.944177,
                    50.455693
                ],
                "type": "Point"
            },
            "properties": {
                "capacity": 4,
                "is_installed": true,
                "is_renting": true,
                "is_returning": true,
                "last_reported": 1713360925,
                "name": "Gare de Mons",
                "num_bikes_available": 4,
                "num_docks_available": 4,
                "station_id": "71",
                "vehicle_types_available": [
                    {
                        "count": 4,
                        "vehicle_type_id": "1"
                    }
                ]
            },
            "type": "Feature"
        },
        {
            "geometry": {
                "coordinates": [
                    3.740194,
                    51.056083
                ],
                "type": "Point"
            },
            "properties": {
                "capacity": 89,
                "is_installed": true,
                "is_renting": true,
                "is_returning": true,
                "last_reported": 1725080539,
                "name": "Gent-Dampoort Station",
                "num_bikes_available": 76,
                "num_docks_available": 89,
                "station_id": "72",
                "vehicle_types_available": [
                    {
                        "count": 76,
                        "vehicle_type_id": "1"
                    }
                ]
            },
            "type": "Feature"
        },
        {
            "geometry": {
                "coordinates": [
                    3.709667,
                    51.034889
                ],
                "type": "Point"
            },
            "properties": {
                "capacity": 79,
                "is_installed": true,
                "is_renting": true,
                "is_returning": true,
                "last_reported": 1725080599,
                "name": "Gent-Sint-Pieters Station St-Denijs",
                "num_bikes_available": 62,
                "num_docks_available": 79,
                "station_id": "73",
                "vehicle_types_available": [
                    {
                        "count": 62,
                        "vehicle_type_id": "1"
                    }
                ]
            },
            "type": "Feature"
        },
        {
            "geometry": {
                "coordinates": [
                    4.48232,
                    51.01744
                ],
                "type": "Point"
            },
            "properties": {
                "capacity": 73,
                "is_installed": true,
                "is_renting": true,
                "is_returning": true,
                "last_reported": 1725080658,
                "name": "Mechelen Station ",
                "num_bikes_available": 57,
                "num_docks_available": 73,
                "station_id": "74",
                "vehicle_types_available": [
                    {
                        "count": 57,
                        "vehicle_type_id": "1"
                    }
                ]
            },
            "type": "Feature"
        },
        {
            "geometry": {
                "coordinates": [
                    4.432208,
                    50.923887
                ],
                "type": "Point"
            },
            "properties": {
                "capacity": 39,
                "is_installed": true,
                "is_renting": true,
                "is_returning": true,
                "last_reported": 1725080654,
                "name": "Vilvoorde Station",
                "num_bikes_available": 35,
                "num_docks_available": 39,
                "station_id": "75",
                "vehicle_types_available": [
                    {
                        "count": 35,
                        "vehicle_type_id": "1"
                    }
                ]
            },
            "type": "Feature"
        },
        {
            "geometry": {
                "coordinates": [
                    4.431682,
                    51.199503
                ],
                "type": "Point"
            },
            "properties": {
                "capacity": 73,
                "is_installed": true,
                "is_renting": true,
                "is_returning": true,
                "last_reported": 1725080674,
                "name": "Antwerpen-Berchem Station",
                "num_bikes_available": 64,
                "num_docks_available": 73,
                "station_id": "76",
                "vehicle_types_available": [
                    {
                        "count": 64,
                        "vehicle_type_id": "1"
                    }
                ]
            },
            "type": "Feature"
        },
        {
            "geometry": {
                "coordinates": [
                    4.5615,
                    51.135778
                ],
                "type": "Point"
            },
            "properties": {
                "capacity": 29,
                "is_installed": true,
                "is_renting": true,
                "is_returning": true,
                "last_reported": 1725080535,
                "name": "Lier Station",
                "num_bikes_available": 26,
                "num_docks_available": 29,
                "station_id": "77",
                "vehicle_types_available": [
                    {
                        "count": 26,
                        "vehicle_type_id": "1"
                    }
                ]
            },
            "type": "Feature"
        },
        {
            "geometry": {
                "coordinates": [
                    4.455944,
                    51.171222
                ],
                "type": "Point"
            },
            "properties": {
                "capacity": 13,
                "is_installed": true,
                "is_renting": true,
                "is_returning": true,
                "last_reported": 1725080593,
                "name": "Mortsel-Oude-God Station",
                "num_bikes_available": 13,
                "num_docks_available": 13,
                "station_id": "78",
                "vehicle_types_available": [
                    {
                        "count": 13,
                        "vehicle_type_id": "1"
                    }
                ]
            },
            "type": "Feature"
        },
        {
            "geometry": {
                "coordinates": [
                    4.829278,
                    51.181139
                ],
                "type": "Point"
            },
            "properties": {
                "capacity": 24,
                "is_installed": true,
                "is_renting": true,
                "is_returning": true,
                "last_reported": 1725080594,
                "name": "Herentals Station",
                "num_bikes_available": 19,
                "num_docks_available": 24,
                "station_id": "79",
                "vehicle_types_available": [
                    {
                        "count": 19,
                        "vehicle_type_id": "1"
                    }
                ]
            },
            "type": "Feature"
        },
        {
            "geometry": {
                "coordinates": [
                    4.937611,
                    51.321944
                ],
                "type": "Point"
            },
            "properties": {
                "capacity": 17,
                "is_installed": true,
                "is_renting": true,
                "is_returning": true,
                "last_reported": 1725080472,
                "name": "Turnhout Station",
                "num_bikes_available": 12,
                "num_docks_available": 17,
                "station_id": "80",
                "vehicle_types_available": [
                    {
                        "count": 12,
                        "vehicle_type_id": "1"
                    }
                ]
            },
            "type": "Feature"
        },
        {
            "geometry": {
                "coordinates": [
                    4.038623,
                    50.942944
                ],
                "type": "Point"
            },
            "properties": {
                "capacity": 13,
                "is_installed": true,
                "is_renting": true,
                "is_returning": true,
                "last_reported": 1725080481,
                "name": "Aalst Station",
                "num_bikes_available": 12,
                "num_docks_available": 13,
                "station_id": "81",
                "vehicle_types_available": [
                    {
                        "count": 12,
                        "vehicle_type_id": "1"
                    }
                ]
            },
            "type": "Feature"
        },
        {
            "geometry": {
                "coordinates": [
                    4.101778,
                    51.023444
                ],
                "type": "Point"
            },
            "properties": {
                "capacity": 22,
                "is_installed": true,
                "is_renting": true,
                "is_returning": true,
                "last_reported": 1725080663,
                "name": "Dendermonde Station",
                "num_bikes_available": 20,
                "num_docks_available": 22,
                "station_id": "89",
                "vehicle_types_available": [
                    {
                        "count": 20,
                        "vehicle_type_id": "1"
                    }
                ]
            },
            "type": "Feature"
        },
        {
            "geometry": {
                "coordinates": [
                    4.372889,
                    50.838194
                ],
                "type": "Point"
            },
            "properties": {
                "capacity": 7,
                "is_installed": true,
                "is_renting": true,
                "is_returning": true,
                "last_reported": 1719566246,
                "name": "Brussel-Luxemburg/Bruxelles-Luxembourg",
                "num_bikes_available": 4,
                "num_docks_available": 7,
                "station_id": "90",
                "vehicle_types_available": [
                    {
                        "count": 4,
                        "vehicle_type_id": "1"
                    }
                ]
            },
            "type": "Feature"
        },
        {
            "geometry": {
                "coordinates": [
                    4.207806,
                    50.906306
                ],
                "type": "Point"
            },
            "properties": {
                "capacity": 13,
                "is_installed": true,
                "is_renting": true,
                "is_returning": true,
                "last_reported": 1725080481,
                "name": "Asse Station",
                "num_bikes_available": 10,
                "num_docks_available": 13,
                "station_id": "91",
                "vehicle_types_available": [
                    {
                        "count": 10,
                        "vehicle_type_id": "1"
                    }
                ]
            },
            "type": "Feature"
        },
        {
            "geometry": {
                "coordinates": [
                    5.0516811,
                    50.9928071
                ],
                "type": "Point"
            },
            "properties": {
                "capacity": 23,
                "is_installed": true,
                "is_renting": true,
                "is_returning": true,
                "last_reported": 1725080557,
                "name": "Diest Station",
                "num_bikes_available": 20,
                "num_docks_available": 23,
                "station_id": "92",
                "vehicle_types_available": [
                    {
                        "count": 20,
                        "vehicle_type_id": "1"
                    }
                ]
            },
            "type": "Feature"
        },
        {
            "geometry": {
                "coordinates": [
                    5.497111,
                    50.967
                ],
                "type": "Point"
            },
            "properties": {
                "capacity": 16,
                "is_installed": true,
                "is_renting": true,
                "is_returning": true,
                "last_reported": 1725080622,
                "name": "Genk Station",
                "num_bikes_available": 16,
                "num_docks_available": 16,
                "station_id": "93",
                "vehicle_types_available": [
                    {
                        "count": 16,
                        "vehicle_type_id": "1"
                    }
                ]
            },
            "type": "Feature"
        }
    ],
    "type": "FeatureCollection"
}