{
    "features": [
        {
            "geometry": {
                "coordinates": [
                    4.904869,
                    45.780403
                ],
                "type": "Point"
            },
            "properties": {
                "address": "",
                "available_bike_stands": 3,
                "available_bikes": 0,
                "banking": false,
                "bike_stands": 3,
                "bonus": false,
                "contract_name": "lyon",
                "last_update": 1789282024000,
                "name": "0-555 - ATELIER V\u00c9LO'V",
                "number": 555,
                "status": "OPEN"
            },
            "type": "Feature"
        },
        {
            "geometry": {
                "coordinates": [
                    4.832114,
                    45.767736
                ],
                "type": "Point"
            },
            "properties": {
                "address": "Angle rue d'Alg\u00e9rie",
                "available_bike_stands": 16,
                "available_bikes": 0,
                "banking": true,
                "bike_stands": 16,
                "bonus": false,
                "contract_name": "lyon",
                "last_update": 1789282042000,
                "name": "1001 - TERREAUX / TERME",
                "number": 1001,
                "status": "OPEN"
            },
            "type": "Feature"
        },
        {
            "geometry": {
                "coordinates": [
                    4.836619,
                    45.767611
                ],
                "type": "Point"
            },
            "properties": {
                "address": "Angle rue Serlin - Angle place de la com\u00e9die",
                "available_bike_stands": 33,
                "available_bikes": 0,
                "banking": true,
                "bike_stands": 41,
                "bonus": false,
                "contract_name": "lyon",
                "last_update": 1789281974000,
                "name": "1002 - OP\u00c9RA",
                "number": 1002,
                "status": "OPEN"
            },
            "type": "Feature"
        },
        {
            "geometry": {
                "coordinates": [
                    4.830127,
                    45.769289
                ],
                "type": "Point"
            },
            "properties": {
                "address": "6 PLACE SATHONAY",
                "available_bike_stands": 22,
                "available_bikes": 0,
                "banking": true,
                "bike_stands": 22,
                "bonus": false,
                "contract_name": "lyon",
                "last_update": 1789281985000,
                "name": "1003 - PLACE SATHONAY",
                "number": 1003,
                "status": "OPEN"
            },
            "type": "Feature"
        },
        {
            "geometry": {
                "coordinates": [
                    4.832849,
                    45.766073
                ],
                "type": "Point"
            },
            "properties": {
                "address": "Place Meissonier - Angle Sud-Est de la place",
                "available_bike_stands": 15,
                "available_bikes": 0,
                "banking": false,
                "bike_stands": 16,
                "bonus": false,
                "contract_name": "lyon",
                "last_update": 1789282095000,
                "name": "1005 - MEISSONNIER",
                "number": 1005,
                "status": "OPEN"
            },
            "type": "Feature"
        },
        {
            "geometry": {
                "coordinates": [
                    4.819872,
                    45.767912
                ],
                "type": "Point"
            },
            "properties": {
                "address": "12 QUAI ST VINCENT",
                "available_bike_stands": 20,
                "available_bikes": 1,
                "banking": false,
                "bike_stands": 22,
                "bonus": false,
                "contract_name": "lyon",
                "last_update": 1789282092000,
                "name": "1006 - SUBSISTANCES",
                "number": 1006,
                "status": "OPEN"
            },
            "type": "Feature"
        },
        {
            "geometry": {
                "coordinates": [
                    4.836906,
                    45.765789
                ],
                "type": "Point"
            },
            "properties": {
                "address": "Rue de la Bourse - Long du Coll\u00e8ge-Lyc\u00e9e Amp\u00e8re",
                "available_bike_stands": 22,
                "available_bikes": 0,
                "banking": true,
                "bike_stands": 26,
                "bonus": false,
                "contract_name": "lyon",
                "last_update": 1789282052000,
                "name": "1012 - AMP\u00c8RE / BOURSE",
                "number": 1012,
                "status": "OPEN"
            },
            "type": "Feature"
        },
        {
            "geometry": {
                "coordinates": [
                    4.827533,
                    45.768223
                ],
                "type": "Point"
            },
            "properties": {
                "address": "Rue de la Martini\u00e8re",
                "available_bike_stands": 7,
                "available_bikes": 1,
                "banking": false,
                "bike_stands": 11,
                "bonus": false,
                "contract_name": "lyon",
                "last_update": 1789282105000,
                "name": "1013 - MARTINI\u00c8RE",
                "number": 1013,
                "status": "OPEN"
            },
            "type": "Feature"
        },
        {
            "geometry": {
                "coordinates": [
                    4.831089,
                    45.765944
                ],
                "type": "Point"
            },
            "properties": {
                "address": "Rue de la Plati\u00e8re - Angle quai de la P\u00eacherie",
                "available_bike_stands": 15,
                "available_bikes": 0,
                "banking": false,
                "bike_stands": 17,
                "bonus": false,
                "contract_name": "lyon",
                "last_update": 1789282087000,
                "name": "1016 - P\u00caCHERIE",
                "number": 1016,
                "status": "OPEN"
            },
            "type": "Feature"
        },
        {
            "geometry": {
                "coordinates": [
                    4.832942,
                    45.766763
                ],
                "type": "Point"
            },
            "properties": {
                "address": "Rue Chenavard - C\u00f4t\u00e9 place des Terreaux",
                "available_bike_stands": 18,
                "available_bikes": 0,
                "banking": true,
                "bike_stands": 18,
                "bonus": false,
                "contract_name": "lyon",
                "last_update": 1789281964000,
                "name": "1020 - TERREAUX / CHENAVARD",
                "number": 1020,
                "status": "OPEN"
            },
            "type": "Feature"
        },
        {
            "geometry": {
                "coordinates": [
                    4.834294,
                    45.767062
                ],
                "type": "Point"
            },
            "properties": {
                "address": "Rue Herriot - Devant Mus\u00e9e des Beaux Arts",
                "available_bike_stands": 9,
                "available_bikes": 0,
                "banking": true,
                "bike_stands": 11,
                "bonus": false,
                "contract_name": "lyon",
                "last_update": 1789282071000,
                "name": "1021 - TERREAUX / BEAUX ARTS",
                "number": 1021,
                "status": "OPEN"
            },
            "type": "Feature"
        },
        {
            "geometry": {
                "coordinates": [
                    4.837495,
                    45.769508
                ],
                "type": "Point"
            },
            "properties": {
                "address": "Place Tolozan - Angle nord-est de la place",
                "available_bike_stands": 31,
                "available_bikes": 0,
                "banking": false,
                "bike_stands": 36,
                "bonus": false,
                "contract_name": "lyon",
                "last_update": 1789281981000,
                "name": "1022 - PLACE TOLOZAN",
                "number": 1022,
                "status": "OPEN"
            },
            "type": "Feature"
        },
        {
            "geometry": {
                "coordinates": [
                    4.819389,
                    45.772229
                ],
                "type": "Point"
            },
            "properties": {
                "address": "16 BVD DE LA CROIX-ROUSSE",
                "available_bike_stands": 16,
                "available_bikes": 0,
                "banking": false,
                "bike_stands": 20,
                "bonus": false,
                "contract_name": "lyon",
                "last_update": 1789281996000,
                "name": "1023 - CROIX ROUSSE / PERFETTI",
                "number": 1023,
                "status": "OPEN"
            },
            "type": "Feature"
        },
        {
            "geometry": {
                "coordinates": [
                    4.824607,
                    45.769684
                ],
                "type": "Point"
            },
            "properties": {
                "address": "PLACE ROUVILLE",
                "available_bike_stands": 17,
                "available_bikes": 0,
                "banking": false,
                "bike_stands": 17,
                "bonus": false,
                "contract_name": "lyon",
                "last_update": 1789282040000,
                "name": "1024 - ROUVILLE",
                "number": 1024,
                "status": "OPEN"
            },
            "type": "Feature"
        },
        {
            "geometry": {
                "coordinates": [
                    4.831733,
                    45.768023
                ],
                "type": "Point"
            },
            "properties": {
                "address": "Place de la Paix - En face de La Poste",
                "available_bike_stands": 19,
                "available_bikes": 0,
                "banking": true,
                "bike_stands": 20,
                "bonus": false,
                "contract_name": "lyon",
                "last_update": 1789282107000,
                "name": "1031 - PLACE DE LA PAIX",
                "number": 1031,
                "status": "OPEN"
            },
            "type": "Feature"
        },
        {
            "geometry": {
                "coordinates": [
                    4.836334,
                    45.767165
                ],
                "type": "Point"
            },
            "properties": {
                "address": "17 RUE PIZAY",
                "available_bike_stands": 21,
                "available_bikes": 0,
                "banking": true,
                "bike_stands": 22,
                "bonus": false,
                "contract_name": "lyon",
                "last_update": 1789281968000,
                "name": "1032 - PIZAY",
                "number": 1032,
                "status": "OPEN"
            },
            "type": "Feature"
        },
        {
            "geometry": {
                "coordinates": [
                    4.829274,
                    45.770006
                ],
                "type": "Point"
            },
            "properties": {
                "address": "30 MONTEE DES CARMELITES",
                "available_bike_stands": 16,
                "available_bikes": 0,
                "banking": false,
                "bike_stands": 16,
                "bonus": false,
                "contract_name": "lyon",
                "last_update": 1789282044000,
                "name": "1034 - CARM\u00c9LITES",
                "number": 1034,
                "status": "OPEN"
            },
            "type": "Feature"
        },
        {
            "geometry": {
                "coordinates": [
                    4.837917,
                    45.772191
                ],
                "type": "Point"
            },
            "properties": {
                "address": "3 QUAI ANDRE LASSAGNE",
                "available_bike_stands": 16,
                "available_bikes": 0,
                "banking": true,
                "bike_stands": 16,
                "bonus": false,
                "contract_name": "lyon",
                "last_update": 1789282084000,
                "name": "1035 - QUAI LASSAGNE",
                "number": 1035,
                "status": "OPEN"
            },
            "type": "Feature"
        },
        {
            "geometry": {
                "coordinates": [
                    4.832716,
                    45.774366
                ],
                "type": "Point"
            },
            "properties": {
                "address": "158 BVD DE LA CROIX-ROUSSE",
                "available_bike_stands": 12,
                "available_bikes": 4,
                "banking": true,
                "bike_stands": 17,
                "bonus": false,
                "contract_name": "lyon",
                "last_update": 1789281986000,
                "name": "1036 - AVEYRON",
                "number": 1036,
                "status": "OPEN"
            },
            "type": "Feature"
        },
        {
            "geometry": {
                "coordinates": [
                    4.837315,
                    45.77291
                ],
                "type": "Point"
            },
            "properties": {
                "address": "",
                "available_bike_stands": 14,
                "available_bikes": 1,
                "banking": false,
                "bike_stands": 20,
                "bonus": false,
                "contract_name": "lyon",
                "last_update": 1789282081000,
                "name": "1037 - CHAZETTE LASSAGNE",
                "number": 1037,
                "status": "OPEN"
            },
            "type": "Feature"
        },
        {
            "geometry": {
                "coordinates": [
                    4.834594,
                    45.758
                ],
                "type": "Point"
            },
            "properties": {
                "address": "Angle R\u00e9publique / rue de la Barre",
                "available_bike_stands": 12,
                "available_bikes": 6,
                "banking": true,
                "bike_stands": 18,
                "bonus": false,
                "contract_name": "lyon",
                "last_update": 1789282106000,
                "name": "2001 - BELLECOUR / R\u00c9PUBLIQUE",
                "number": 2001,
                "status": "OPEN"
            },
            "type": "Feature"
        },
        {
            "geometry": {
                "coordinates": [
                    4.830428,
                    45.758149
                ],
                "type": "Point"
            },
            "properties": {
                "address": "PLACE BELLECOUR C\u00f4t\u00e9 rue Lintier",
                "available_bike_stands": 34,
                "available_bikes": 6,
                "banking": true,
                "bike_stands": 40,
                "bonus": false,
                "contract_name": "lyon",
                "last_update": 1789281989000,
                "name": "2002 - BELLECOUR / ST EXUP\u00c9RY",
                "number": 2002,
                "status": "OPEN"
            },
            "type": "Feature"
        },
        {
            "geometry": {
                "coordinates": [
                    4.828297,
                    45.753049
                ],
                "type": "Point"
            },
            "properties": {
                "address": "Angle Henry IV",
                "available_bike_stands": 8,
                "available_bikes": 2,
                "banking": false,
                "bike_stands": 10,
                "bonus": false,
                "contract_name": "lyon",
                "last_update": 1789282090000,
                "name": "2003 - PLACE AMP\u00c8RE",
                "number": 2003,
                "status": "OPEN"
            },
            "type": "Feature"
        },
        {
            "geometry": {
                "coordinates": [
                    4.82801,
                    45.750116
                ],
                "type": "Point"
            },
            "properties": {
                "address": "16 PLACE CARNOT",
                "available_bike_stands": 14,
                "available_bikes": 4,
                "banking": true,
                "bike_stands": 18,
                "bonus": false,
                "contract_name": "lyon",
                "last_update": 1789282097000,
                "name": "2004 - PERRACHE / CARNOT",
                "number": 2004,
                "status": "OPEN"
            },
            "type": "Feature"
        },
        {
            "geometry": {
                "coordinates": [
                    4.819284,
                    45.740675
                ],
                "type": "Point"
            },
            "properties": {
                "address": "101 cours Charlemagne Lyon 2 direction centre ville. Devant l'h\u00f4tel de R\u00e9gion",
                "available_bike_stands": 23,
                "available_bikes": 3,
                "banking": true,
                "bike_stands": 28,
                "bonus": false,
                "contract_name": "lyon",
                "last_update": 1789282021000,
                "name": "2005 - CONFLUENCE H\u00d4TEL DE R\u00c9GION",
                "number": 2005,
                "status": "OPEN"
            },
            "type": "Feature"
        },
        {
            "geometry": {
                "coordinates": [
                    4.82359,
                    45.745528
                ],
                "type": "Point"
            },
            "properties": {
                "address": "Angle cours Charlemagne",
                "available_bike_stands": 17,
                "available_bikes": 7,
                "banking": true,
                "bike_stands": 24,
                "bonus": false,
                "contract_name": "lyon",
                "last_update": 1789282045000,
                "name": "2006 - PLACE DE L'HIPPODROME",
                "number": 2006,
                "status": "OPEN"
            },
            "type": "Feature"
        },
        {
            "geometry": {
                "coordinates": [
                    4.820464,
                    45.742617
                ],
                "type": "Point"
            },
            "properties": {
                "address": "Angle rue Casimir P\u00e9rier",
                "available_bike_stands": 36,
                "available_bikes": 1,
                "banking": true,
                "bike_stands": 37,
                "bonus": false,
                "contract_name": "lyon",
                "last_update": 1789282087000,
                "name": "2007 - PATINOIRE CHARLEMAGNE",
                "number": 2007,
                "status": "OPEN"
            },
            "type": "Feature"
        },
        {
            "geometry": {
                "coordinates": [
                    4.833917,
                    45.756775
                ],
                "type": "Point"
            },
            "properties": {
                "address": "C\u00f4t\u00e9 rue des Marroniers",
                "available_bike_stands": 34,
                "available_bikes": 4,
                "banking": true,
                "bike_stands": 40,
                "bonus": false,
                "contract_name": "lyon",
                "last_update": 1789282029000,
                "name": "2008 - PLACE ANTONIN PONCET",
                "number": 2008,
                "status": "OPEN"
            },
            "type": "Feature"
        },
        {
            "geometry": {
                "coordinates": [
                    4.81508703623842,
                    45.7394828741593
                ],
                "type": "Point"
            },
            "properties": {
                "address": "Sur l'esplanade entre la rue Hrant Dink et le 40 quai Rambaud",
                "available_bike_stands": 25,
                "available_bikes": 1,
                "banking": true,
                "bike_stands": 26,
                "bonus": false,
                "contract_name": "lyon",
                "last_update": 1789281992000,
                "name": "2009 - CONFLUENCE / DOCKS",
                "number": 2009,
                "status": "OPEN"
            },
            "type": "Feature"
        },
        {
            "geometry": {
                "coordinates": [
                    4.815747,
                    45.743317
                ],
                "type": "Point"
            },
            "properties": {
                "address": "ANGLE ALLEE ANDRE MURE ET QUAI ANTOINE RIBOUD",
                "available_bike_stands": 21,
                "available_bikes": 1,
                "banking": true,
                "bike_stands": 22,
                "bonus": false,
                "contract_name": "lyon",
                "last_update": 1789282094000,
                "name": "2010 - CONFLUENCE / DARSE",
                "number": 2010,
                "status": "OPEN"
            },
            "type": "Feature"
        },
        {
            "geometry": {
                "coordinates": [
                    4.828342,
                    45.756813
                ],
                "type": "Point"
            },
            "properties": {
                "address": "Face \u00e0 la facult\u00e9 catholique",
                "available_bike_stands": 13,
                "available_bikes": 1,
                "banking": false,
                "bike_stands": 14,
                "bonus": false,
                "contract_name": "lyon",
                "last_update": 1789282067000,
                "name": "2011 - SALA / RUE DU PLAT",
                "number": 2011,
                "status": "OPEN"
            },
            "type": "Feature"
        },
        {
            "geometry": {
                "coordinates": [
                    4.833367,
                    45.753455
                ],
                "type": "Point"
            },
            "properties": {
                "address": "3 PLACE GAILLETON",
                "available_bike_stands": 11,
                "available_bikes": 5,
                "banking": false,
                "bike_stands": 16,
                "bonus": false,
                "contract_name": "lyon",
                "last_update": 1789282045000,
                "name": "2012 - GAILLETON",
                "number": 2012,
                "status": "OPEN"
            },
            "type": "Feature"
        },
        {
            "geometry": {
                "coordinates": [
                    4.832111,
                    45.759932
                ],
                "type": "Point"
            },
            "properties": {
                "address": "C\u00f4t\u00e9 nord de la place, vers l'ascenseur",
                "available_bike_stands": 21,
                "available_bikes": 1,
                "banking": false,
                "bike_stands": 22,
                "bonus": false,
                "contract_name": "lyon",
                "last_update": 1789282095000,
                "name": "2013 - C\u00c9LESTINS",
                "number": 2013,
                "status": "OPEN"
            },
            "type": "Feature"
        },
        {
            "geometry": {
                "coordinates": [
                    4.834305,
                    45.760762
                ],
                "type": "Point"
            },
            "properties": {
                "address": "3 RUE JEAN DE TOURNES",
                "available_bike_stands": 24,
                "available_bikes": 1,
                "banking": false,
                "bike_stands": 26,
                "bonus": false,
                "contract_name": "lyon",
                "last_update": 1789281965000,
                "name": "2014 - JACOBINS",
                "number": 2014,
                "status": "OPEN"
            },
            "type": "Feature"
        },
        {
            "geometry": {
                "coordinates": [
                    4.836279,
                    45.760698
                ],
                "type": "Point"
            },
            "properties": {
                "address": "C\u00f4t\u00e9 est de la place",
                "available_bike_stands": 23,
                "available_bikes": 2,
                "banking": true,
                "bike_stands": 27,
                "bonus": false,
                "contract_name": "lyon",
                "last_update": 1789281555000,
                "name": "2015 - R\u00c9PUBLIQUE / STELLA",
                "number": 2015,
                "status": "OPEN"
            },
            "type": "Feature"
        },
        {
            "geometry": {
                "coordinates": [
                    4.83425,
                    45.763065
                ],
                "type": "Point"
            },
            "properties": {
                "address": "Angle rue Tupin / rue Herriot",
                "available_bike_stands": 11,
                "available_bikes": 1,
                "banking": true,
                "bike_stands": 12,
                "bonus": false,
                "contract_name": "lyon",
                "last_update": 1789282091000,
                "name": "2016 - PLACE REGAUD",
                "number": 2016,
                "status": "OPEN"
            },
            "type": "Feature"
        },
        {
            "geometry": {
                "coordinates": [
                    4.836023,
                    45.762184
                ],
                "type": "Point"
            },
            "properties": {
                "address": "Rue de la R\u00e9publique",
                "available_bike_stands": 21,
                "available_bikes": 3,
                "banking": true,
                "bike_stands": 25,
                "bonus": false,
                "contract_name": "lyon",
                "last_update": 1789282100000,
                "name": "2017 - R\u00c9PUBLIQUE / FERRANDI\u00c8RE",
                "number": 2017,
                "status": "OPEN"
            },
            "type": "Feature"
        },
        {
            "geometry": {
                "coordinates": [
                    4.837183,
                    45.757571
                ],
                "type": "Point"
            },
            "properties": {
                "address": "",
                "available_bike_stands": 48,
                "available_bikes": 2,
                "banking": true,
                "bike_stands": 50,
                "bonus": false,
                "contract_name": "lyon",
                "last_update": 1789282094000,
                "name": "2018 - HOTEL DIEU / PONT DE LA GUILLOTIERE",
                "number": 2018,
                "status": "OPEN"
            },
            "type": "Feature"
        },
        {
            "geometry": {
                "coordinates": [
                    4.815348,
                    45.736216
                ],
                "type": "Point"
            },
            "properties": {
                "address": "",
                "available_bike_stands": 18,
                "available_bikes": 1,
                "banking": true,
                "bike_stands": 20,
                "bonus": false,
                "contract_name": "lyon",
                "last_update": 1789281662000,
                "name": "2019 - SUCRIERE",
                "number": 2019,
                "status": "OPEN"
            },
            "type": "Feature"
        },
        {
            "geometry": {
                "coordinates": [
                    4.818954,
                    45.733388
                ],
                "type": "Point"
            },
            "properties": {
                "address": "Parvis du mus\u00e9e des confluences",
                "available_bike_stands": 18,
                "available_bikes": 0,
                "banking": true,
                "bike_stands": 20,
                "bonus": false,
                "contract_name": "lyon",
                "last_update": 1789281999000,
                "name": "2020 - MUS\u00c9E DES CONFLUENCES",
                "number": 2020,
                "status": "OPEN"
            },
            "type": "Feature"
        },
        {
            "geometry": {
                "coordinates": [
                    4.817176,
                    45.745824
                ],
                "type": "Point"
            },
            "properties": {
                "address": "",
                "available_bike_stands": 29,
                "available_bikes": 0,
                "banking": false,
                "bike_stands": 30,
                "bonus": false,
                "contract_name": "lyon",
                "last_update": 1789282081000,
                "name": "2021 - RAMBAUD / ECOLE DU CIN\u00c9MA",
                "number": 2021,
                "status": "OPEN"
            },
            "type": "Feature"
        },
        {
            "geometry": {
                "coordinates": [
                    4.82688,
                    45.751233
                ],
                "type": "Point"
            },
            "properties": {
                "address": "Angle rue Plessier",
                "available_bike_stands": 22,
                "available_bikes": 5,
                "banking": false,
                "bike_stands": 30,
                "bonus": false,
                "contract_name": "lyon",
                "last_update": 1789282034000,
                "name": "2022 - PLACE CARNOT",
                "number": 2022,
                "status": "OPEN"
            },
            "type": "Feature"
        },
        {
            "geometry": {
                "coordinates": [
                    4.82671963006449,
                    45.7444746076792
                ],
                "type": "Point"
            },
            "properties": {
                "address": "Entre rue Victor Hugo et rue d'Auvergne",
                "available_bike_stands": 17,
                "available_bikes": 1,
                "banking": false,
                "bike_stands": 18,
                "bonus": false,
                "contract_name": "lyon",
                "last_update": 1789281981000,
                "name": "2023 -  PERRACHE / PETIT",
                "number": 2023,
                "status": "OPEN"
            },
            "type": "Feature"
        },
        {
            "geometry": {
                "coordinates": [
                    4.83390624960752,
                    45.7590315857425
                ],
                "type": "Point"
            },
            "properties": {
                "address": "Entre Herriot et R\u00e9publique",
                "available_bike_stands": 23,
                "available_bikes": 0,
                "banking": false,
                "bike_stands": 24,
                "bonus": false,
                "contract_name": "lyon",
                "last_update": 1789282028000,
                "name": "2024 - HERRIOT / MAUPIN",
                "number": 2024,
                "status": "OPEN"
            },
            "type": "Feature"
        },
        {
            "geometry": {
                "coordinates": [
                    4.83352677899819,
                    45.7620636678572
                ],
                "type": "Point"
            },
            "properties": {
                "address": "Entre rue de Brest et rue Merci\u00e8re",
                "available_bike_stands": 17,
                "available_bikes": 1,
                "banking": false,
                "bike_stands": 18,
                "bonus": false,
                "contract_name": "lyon",
                "last_update": 1789282094000,
                "name": "2025 - MERCI\u00c8RE / FERRANDI\u00c8RE",
                "number": 2025,
                "status": "OPEN"
            },
            "type": "Feature"
        },
        {
            "geometry": {
                "coordinates": [
                    4.835414,
                    45.759379
                ],
                "type": "Point"
            },
            "properties": {
                "address": "Angle rue de la R\u00e9publique",
                "available_bike_stands": 26,
                "available_bikes": 1,
                "banking": false,
                "bike_stands": 28,
                "bonus": false,
                "contract_name": "lyon",
                "last_update": 1789282115000,
                "name": "2026 - R\u00c9PUBLIQUE / PAUFIQUE",
                "number": 2026,
                "status": "OPEN"
            },
            "type": "Feature"
        },
        {
            "geometry": {
                "coordinates": [
                    4.82548,
                    45.746163
                ],
                "type": "Point"
            },
            "properties": {
                "address": "",
                "available_bike_stands": 15,
                "available_bikes": 3,
                "banking": false,
                "bike_stands": 20,
                "bonus": false,
                "contract_name": "lyon",
                "last_update": 1789281952000,
                "name": "2027 - PERRACHE EST",
                "number": 2027,
                "status": "OPEN"
            },
            "type": "Feature"
        },
        {
            "geometry": {
                "coordinates": [
                    4.822152,
                    45.744438
                ],
                "type": "Point"
            },
            "properties": {
                "address": "Face station tram Ste Blandine",
                "available_bike_stands": 15,
                "available_bikes": 0,
                "banking": false,
                "bike_stands": 16,
                "bonus": false,
                "contract_name": "lyon",
                "last_update": 1789282106000,
                "name": "2028 - SAINTE-BLANDINE",
                "number": 2028,
                "status": "OPEN"
            },
            "type": "Feature"
        },
        {
            "geometry": {
                "coordinates": [
                    4.822521,
                    45.739497
                ],
                "type": "Point"
            },
            "properties": {
                "address": "54 quai Perrache 69002 Lyon",
                "available_bike_stands": 18,
                "available_bikes": 0,
                "banking": false,
                "bike_stands": 18,
                "bonus": false,
                "contract_name": "lyon",
                "last_update": 1789281952000,
                "name": "2029 - PERRACHE / DE PURY",
                "number": 2029,
                "status": "OPEN"
            },
            "type": "Feature"
        },
        {
            "geometry": {
                "coordinates": [
                    4.835554,
                    45.764079
                ],
                "type": "Point"
            },
            "properties": {
                "address": "Angle Poulaillerie / R\u00e9publique",
                "available_bike_stands": 28,
                "available_bikes": 1,
                "banking": true,
                "bike_stands": 32,
                "bonus": false,
                "contract_name": "lyon",
                "last_update": 1789282052000,
                "name": "2030 - R\u00c9PUBLIQUE / POULAILLERIE",
                "number": 2030,
                "status": "OPEN"
            },
            "type": "Feature"
        },
        {
            "geometry": {
                "coordinates": [
                    4.835776,
                    45.759842
                ],
                "type": "Point"
            },
            "properties": {
                "address": "",
                "available_bike_stands": 22,
                "available_bikes": 1,
                "banking": true,
                "bike_stands": 23,
                "bonus": false,
                "contract_name": "lyon",
                "last_update": 1789282086000,
                "name": "2035 - CHILDEBERT / RIVI\u00c8RE",
                "number": 2035,
                "status": "OPEN"
            },
            "type": "Feature"
        },
        {
            "geometry": {
                "coordinates": [
                    4.830161,
                    45.759494
                ],
                "type": "Point"
            },
            "properties": {
                "address": "11 PLACE ANTONIN GOURJU",
                "available_bike_stands": 26,
                "available_bikes": 4,
                "banking": true,
                "bike_stands": 30,
                "bonus": false,
                "contract_name": "lyon",
                "last_update": 1789282049000,
                "name": "2036 - PLACE ANTONIN GOURJU",
                "number": 2036,
                "status": "OPEN"
            },
            "type": "Feature"
        },
        {
            "geometry": {
                "coordinates": [
                    4.824898,
                    45.747956
                ],
                "type": "Point"
            },
            "properties": {
                "address": "12 COURS CHARLEMAGNE",
                "available_bike_stands": 31,
                "available_bikes": 8,
                "banking": false,
                "bike_stands": 40,
                "bonus": false,
                "contract_name": "lyon",
                "last_update": 1789282099000,
                "name": "2037 - PLACE DES ARCHIVES",
                "number": 2037,
                "status": "OPEN"
            },
            "type": "Feature"
        },
        {
            "geometry": {
                "coordinates": [
                    4.829706,
                    45.753077
                ],
                "type": "Point"
            },
            "properties": {
                "address": "16 RUE DES REMPARTS D'AINAY",
                "available_bike_stands": 20,
                "available_bikes": 2,
                "banking": false,
                "bike_stands": 24,
                "bonus": false,
                "contract_name": "lyon",
                "last_update": 1789282093000,
                "name": "2038 - REMPARTS D'AINAY",
                "number": 2038,
                "status": "OPEN"
            },
            "type": "Feature"
        },
        {
            "geometry": {
                "coordinates": [
                    4.83212534541183,
                    45.7633761875017
                ],
                "type": "Point"
            },
            "properties": {
                "address": "12 QUAI ST AINTOINE",
                "available_bike_stands": 22,
                "available_bikes": 0,
                "banking": false,
                "bike_stands": 23,
                "bonus": false,
                "contract_name": "lyon",
                "last_update": 1789282076000,
                "name": "2040 - ST ANTOINE / GRENETTE",
                "number": 2040,
                "status": "OPEN"
            },
            "type": "Feature"
        },
        {
            "geometry": {
                "coordinates": [
                    4.833041,
                    45.754468
                ],
                "type": "Point"
            },
            "properties": {
                "address": "44 RUE SALA",
                "available_bike_stands": 18,
                "available_bikes": 2,
                "banking": false,
                "bike_stands": 21,
                "bonus": false,
                "contract_name": "lyon",
                "last_update": 1789281546000,
                "name": "2041 - SALA / CHARIT\u00c9",
                "number": 2041,
                "status": "OPEN"
            },
            "type": "Feature"
        },
        {
            "geometry": {
                "coordinates": [
                    4.824763,
                    45.751873
                ],
                "type": "Point"
            },
            "properties": {
                "address": "43 RUE VAUBECOUR",
                "available_bike_stands": 8,
                "available_bikes": 10,
                "banking": false,
                "bike_stands": 20,
                "bonus": false,
                "contract_name": "lyon",
                "last_update": 1789282085000,
                "name": "2042 - JOFFRE / VAUBECOUR",
                "number": 2042,
                "status": "OPEN"
            },
            "type": "Feature"
        },
        {
            "geometry": {
                "coordinates": [
                    4.855071,
                    45.762974
                ],
                "type": "Point"
            },
            "properties": {
                "address": "Face rue Massena, entr\u00e9e centre commercial",
                "available_bike_stands": 29,
                "available_bikes": 0,
                "banking": true,
                "bike_stands": 30,
                "bonus": false,
                "contract_name": "lyon",
                "last_update": 1789281960000,
                "name": "3003 - PART-DIEU / DERUELLE",
                "number": 3003,
                "status": "OPEN"
            },
            "type": "Feature"
        },
        {
            "geometry": {
                "coordinates": [
                    4.848139,
                    45.759648
                ],
                "type": "Point"
            },
            "properties": {
                "address": "Angle rue Moncey / Part-Dieu",
                "available_bike_stands": 23,
                "available_bikes": 3,
                "banking": true,
                "bike_stands": 27,
                "bonus": false,
                "contract_name": "lyon",
                "last_update": 1789282100000,
                "name": "3004 - BOURSE DU TRAVAIL",
                "number": 3004,
                "status": "OPEN"
            },
            "type": "Feature"
        },
        {
            "geometry": {
                "coordinates": [
                    4.848043,
                    45.75377
                ],
                "type": "Point"
            },
            "properties": {
                "address": "Place Victor Basch",
                "available_bike_stands": 23,
                "available_bikes": 3,
                "banking": true,
                "bike_stands": 26,
                "bonus": false,
                "contract_name": "lyon",
                "last_update": 1789282110000,
                "name": "3005 - SAXE / GAMBETTA",
                "number": 3005,
                "status": "OPEN"
            },
            "type": "Feature"
        },
        {
            "geometry": {
                "coordinates": [
                    4.862249,
                    45.762876
                ],
                "type": "Point"
            },
            "properties": {
                "address": "",
                "available_bike_stands": 3,
                "available_bikes": 18,
                "banking": true,
                "bike_stands": 23,
                "bonus": false,
                "contract_name": "lyon",
                "last_update": 1789282015000,
                "name": "3006 - VILLETTE / SAINT-ANTOINE",
                "number": 3006,
                "status": "OPEN"
            },
            "type": "Feature"
        },
        {
            "geometry": {
                "coordinates": [
                    4.87897,
                    45.743396
                ],
                "type": "Point"
            },
            "properties": {
                "address": "A c\u00f4t\u00e9 du stand de fleurs",
                "available_bike_stands": 12,
                "available_bikes": 19,
                "banking": true,
                "bike_stands": 32,
                "bonus": false,
                "contract_name": "lyon",
                "last_update": 1789282099000,
                "name": "3007 - PLACE D'ARSONVAL",
                "number": 3007,
                "status": "OPEN"
            },
            "type": "Feature"
        },
        {
            "geometry": {
                "coordinates": [
                    4.870631,
                    45.745828
                ],
                "type": "Point"
            },
            "properties": {
                "address": "105 COURS ALBERT THOMAS",
                "available_bike_stands": 11,
                "available_bikes": 6,
                "banking": true,
                "bike_stands": 18,
                "bonus": false,
                "contract_name": "lyon",
                "last_update": 1789282116000,
                "name": "3008 - INSTITUT LUMIERE",
                "number": 3008,
                "status": "OPEN"
            },
            "type": "Feature"
        },
        {
            "geometry": {
                "coordinates": [
                    4.857919,
                    45.750251
                ],
                "type": "Point"
            },
            "properties": {
                "address": "133 COURS GAMBETTA",
                "available_bike_stands": 8,
                "available_bikes": 11,
                "banking": false,
                "bike_stands": 22,
                "bonus": false,
                "contract_name": "lyon",
                "last_update": 1789281991000,
                "name": "3009 - MUSEE AFRICAIN",
                "number": 3009,
                "status": "OPEN"
            },
            "type": "Feature"
        },
        {
            "geometry": {
                "coordinates": [
                    4.85624511710564,
                    45.7589457457871
                ],
                "type": "Point"
            },
            "properties": {
                "address": "Rue des Cuirassiers Lyon 3",
                "available_bike_stands": 29,
                "available_bikes": 3,
                "banking": true,
                "bike_stands": 34,
                "bonus": false,
                "contract_name": "lyon",
                "last_update": 1789282104000,
                "name": "3010 - PART-DIEU / CUIRASSIERS (FAR)",
                "number": 3010,
                "status": "OPEN"
            },
            "type": "Feature"
        },
        {
            "geometry": {
                "coordinates": [
                    4.857555,
                    45.75991
                ],
                "type": "Point"
            },
            "properties": {
                "address": "",
                "available_bike_stands": 24,
                "available_bikes": 13,
                "banking": true,
                "bike_stands": 40,
                "bonus": false,
                "contract_name": "lyon",
                "last_update": 1789282112000,
                "name": "3011 - PART-DIEU / CUIRASSIERS",
                "number": 3011,
                "status": "OPEN"
            },
            "type": "Feature"
        },
        {
            "geometry": {
                "coordinates": [
                    4.887311,
                    45.749565
                ],
                "type": "Point"
            },
            "properties": {
                "address": "A c\u00f4t\u00e9 de l'\u00e9glise",
                "available_bike_stands": 4,
                "available_bikes": 20,
                "banking": false,
                "bike_stands": 25,
                "bonus": false,
                "contract_name": "lyon",
                "last_update": 1789282052000,
                "name": "3012 - PLACE DU CH\u00c2TEAU",
                "number": 3012,
                "status": "OPEN"
            },
            "type": "Feature"
        },
        {
            "geometry": {
                "coordinates": [
                    4.889285,
                    45.753683
                ],
                "type": "Point"
            },
            "properties": {
                "address": "Place Antoinette",
                "available_bike_stands": 15,
                "available_bikes": 4,
                "banking": false,
                "bike_stands": 21,
                "bonus": false,
                "contract_name": "lyon",
                "last_update": 1789282082000,
                "name": "3013 - PLACE ANTOINETTE",
                "number": 3013,
                "status": "OPEN"
            },
            "type": "Feature"
        },
        {
            "geometry": {
                "coordinates": [
                    4.86009777897893,
                    45.758925382147
                ],
                "type": "Point"
            },
            "properties": {
                "address": "Sous le pont rail avenue Pompidou",
                "available_bike_stands": 13,
                "available_bikes": 22,
                "banking": true,
                "bike_stands": 40,
                "bonus": false,
                "contract_name": "lyon",
                "last_update": 1789282108000,
                "name": "3014 - PART-DIEU/POMPIDOU",
                "number": 3014,
                "status": "OPEN"
            },
            "type": "Feature"
        },
        {
            "geometry": {
                "coordinates": [
                    4.85276,
                    45.760779
                ],
                "type": "Point"
            },
            "properties": {
                "address": "Angle rue Garibaldi",
                "available_bike_stands": 31,
                "available_bikes": 0,
                "banking": false,
                "bike_stands": 32,
                "bonus": false,
                "contract_name": "lyon",
                "last_update": 1789281959000,
                "name": "3015 - SERVIENT / GARIBALDI",
                "number": 3015,
                "status": "OPEN"
            },
            "type": "Feature"
        },
        {
            "geometry": {
                "coordinates": [
                    4.842308,
                    45.759361
                ],
                "type": "Point"
            },
            "properties": {
                "address": "Angle rue de la Part-Dieu",
                "available_bike_stands": 7,
                "available_bikes": 0,
                "banking": true,
                "bike_stands": 9,
                "bonus": false,
                "contract_name": "lyon",
                "last_update": 1789282037000,
                "name": "3016 - LIBERT\u00c9 / PART-DIEU",
                "number": 3016,
                "status": "OPEN"
            },
            "type": "Feature"
        },
        {
            "geometry": {
                "coordinates": [
                    4.845291,
                    45.760912
                ],
                "type": "Point"
            },
            "properties": {
                "address": "",
                "available_bike_stands": 35,
                "available_bikes": 1,
                "banking": true,
                "bike_stands": 37,
                "bonus": false,
                "contract_name": "lyon",
                "last_update": 1789281526000,
                "name": "3017 - SAXE / DUNOIR",
                "number": 3017,
                "status": "OPEN"
            },
            "type": "Feature"
        },
        {
            "geometry": {
                "coordinates": [
                    4.848442,
                    45.756596
                ],
                "type": "Point"
            },
            "properties": {
                "address": "Angle rue Paul Bert",
                "available_bike_stands": 26,
                "available_bikes": 1,
                "banking": true,
                "bike_stands": 30,
                "bonus": false,
                "contract_name": "lyon",
                "last_update": 1789282026000,
                "name": "3018 - CR\u00c9QUI / VOLTAIRE",
                "number": 3018,
                "status": "OPEN"
            },
            "type": "Feature"
        },
        {
            "geometry": {
                "coordinates": [
                    4.85749,
                    45.76326
                ],
                "type": "Point"
            },
            "properties": {
                "address": "Intersection Bd Vivier Merle - Rue Eug\u00e8ne Deruelle Lyon 3",
                "available_bike_stands": 10,
                "available_bikes": 28,
                "banking": true,
                "bike_stands": 39,
                "bonus": false,
                "contract_name": "lyon",
                "last_update": 1789282093000,
                "name": "3019 - PART-DIEU / DERUELLE",
                "number": 3019,
                "status": "OPEN"
            },
            "type": "Feature"
        },
        {
            "geometry": {
                "coordinates": [
                    4.869346,
                    45.759488
                ],
                "type": "Point"
            },
            "properties": {
                "address": "Intersection Ferrandi\u00e8re/Jasseron",
                "available_bike_stands": 6,
                "available_bikes": 12,
                "banking": false,
                "bike_stands": 20,
                "bonus": false,
                "contract_name": "lyon",
                "last_update": 1789282062000,
                "name": "3021 - PLACE DE LA FERRANDI\u00c8RE",
                "number": 3021,
                "status": "OPEN"
            },
            "type": "Feature"
        },
        {
            "geometry": {
                "coordinates": [
                    4.885538,
                    45.741336
                ],
                "type": "Point"
            },
            "properties": {
                "address": "Intersection Rockefeller / Esquirol",
                "available_bike_stands": 17,
                "available_bikes": 3,
                "banking": false,
                "bike_stands": 21,
                "bonus": false,
                "contract_name": "lyon",
                "last_update": 1789282001000,
                "name": "3024 - ROCKEFELLER / ESQUIROL",
                "number": 3024,
                "status": "OPEN"
            },
            "type": "Feature"
        },
        {
            "geometry": {
                "coordinates": [
                    4.850271,
                    45.752967
                ],
                "type": "Point"
            },
            "properties": {
                "address": "Angle Gambetta",
                "available_bike_stands": 33,
                "available_bikes": 5,
                "banking": true,
                "bike_stands": 38,
                "bonus": false,
                "contract_name": "lyon",
                "last_update": 1789282093000,
                "name": "3029 - PLACE ARISTIDE BRIAND",
                "number": 3029,
                "status": "OPEN"
            },
            "type": "Feature"
        },
        {
            "geometry": {
                "coordinates": [
                    4.844511,
                    45.759906
                ],
                "type": "Point"
            },
            "properties": {
                "address": "Angle rue Servient",
                "available_bike_stands": 12,
                "available_bikes": 1,
                "banking": false,
                "bike_stands": 13,
                "bonus": false,
                "contract_name": "lyon",
                "last_update": 1789282030000,
                "name": "3031 - CORNEILLE / SERVIENT",
                "number": 3031,
                "status": "OPEN"
            },
            "type": "Feature"
        },
        {
            "geometry": {
                "coordinates": [
                    4.85346,
                    45.754727
                ],
                "type": "Point"
            },
            "properties": {
                "address": "",
                "available_bike_stands": 17,
                "available_bikes": 13,
                "banking": true,
                "bike_stands": 30,
                "bonus": false,
                "contract_name": "lyon",
                "last_update": 1789282056000,
                "name": "3034 - GARIBALDI / PENSIONNAT",
                "number": 3034,
                "status": "OPEN"
            },
            "type": "Feature"
        },
        {
            "geometry": {
                "coordinates": [
                    4.859795,
                    45.75381
                ],
                "type": "Point"
            },
            "properties": {
                "address": "AVENUE FELIX FAURE ANGLE VIVIER MERLE. 10M AVANT VIVIER MERLE EN DIRECTION DU RHONE",
                "available_bike_stands": 31,
                "available_bikes": 3,
                "banking": false,
                "bike_stands": 34,
                "bonus": false,
                "contract_name": "lyon",
                "last_update": 1789281981000,
                "name": "3036 - FELIX FAURE / VIVIER MERLE",
                "number": 3036,
                "status": "OPEN"
            },
            "type": "Feature"
        },
        {
            "geometry": {
                "coordinates": [
                    4.853405,
                    45.757112
                ],
                "type": "Point"
            },
            "properties": {
                "address": "Rue Paul Bert",
                "available_bike_stands": 19,
                "available_bikes": 2,
                "banking": true,
                "bike_stands": 21,
                "bonus": false,
                "contract_name": "lyon",
                "last_update": 1789282116000,
                "name": "3037 - PAUL BERT / GARIBALDI",
                "number": 3037,
                "status": "OPEN"
            },
            "type": "Feature"
        },
        {
            "geometry": {
                "coordinates": [
                    4.858975,
                    45.757147
                ],
                "type": "Point"
            },
            "properties": {
                "address": "Devant le b\u00e2timent du Klesia",
                "available_bike_stands": 13,
                "available_bikes": 5,
                "banking": true,
                "bike_stands": 20,
                "bonus": false,
                "contract_name": "lyon",
                "last_update": 1789281977000,
                "name": "3038 - VIVIER MERLE / PAUL BERT EST",
                "number": 3038,
                "status": "OPEN"
            },
            "type": "Feature"
        },
        {
            "geometry": {
                "coordinates": [
                    4.855756,
                    45.752553
                ],
                "type": "Point"
            },
            "properties": {
                "address": "Au niveau de la rue Duvivier",
                "available_bike_stands": 9,
                "available_bikes": 10,
                "banking": false,
                "bike_stands": 19,
                "bonus": false,
                "contract_name": "lyon",
                "last_update": 1789282011000,
                "name": "3039 - PLACE BIR-HAKEIM",
                "number": 3039,
                "status": "OPEN"
            },
            "type": "Feature"
        },
        {
            "geometry": {
                "coordinates": [
                    4.857784,
                    45.753528
                ],
                "type": "Point"
            },
            "properties": {
                "address": "",
                "available_bike_stands": 15,
                "available_bikes": 9,
                "banking": false,
                "bike_stands": 25,
                "bonus": false,
                "contract_name": "lyon",
                "last_update": 1789282107000,
                "name": "3040 - FAURE / DANTON",
                "number": 3040,
                "status": "OPEN"
            },
            "type": "Feature"
        },
        {
            "geometry": {
                "coordinates": [
                    4.867336,
                    45.753975
                ],
                "type": "Point"
            },
            "properties": {
                "address": "Avenue Lacassagne",
                "available_bike_stands": 4,
                "available_bikes": 11,
                "banking": true,
                "bike_stands": 16,
                "bonus": false,
                "contract_name": "lyon",
                "last_update": 1789281818000,
                "name": "3043 - PLACE ROUGET DE L'ISLE",
                "number": 3043,
                "status": "OPEN"
            },
            "type": "Feature"
        },
        {
            "geometry": {
                "coordinates": [
                    4.841053,
                    45.762023
                ],
                "type": "Point"
            },
            "properties": {
                "address": "Entre rue de Bonnel et rue Rabelais",
                "available_bike_stands": 18,
                "available_bikes": 0,
                "banking": false,
                "bike_stands": 19,
                "bonus": false,
                "contract_name": "lyon",
                "last_update": 1789281972000,
                "name": "3044 - QUAI AUGAGNEUR",
                "number": 3044,
                "status": "OPEN"
            },
            "type": "Feature"
        },
        {
            "geometry": {
                "coordinates": [
                    4.875955,
                    45.748346
                ],
                "type": "Point"
            },
            "properties": {
                "address": "5 rue F\u00e9lix Rollet 69003 Lyon",
                "available_bike_stands": 3,
                "available_bikes": 16,
                "banking": false,
                "bike_stands": 20,
                "bonus": false,
                "contract_name": "lyon",
                "last_update": 1789282076000,
                "name": "3050 - FRICHE RVI",
                "number": 3050,
                "status": "OPEN"
            },
            "type": "Feature"
        },
        {
            "geometry": {
                "coordinates": [
                    4.880641,
                    45.748193
                ],
                "type": "Point"
            },
            "properties": {
                "address": "Angle rue Docteur Long/av. Lacassagne",
                "available_bike_stands": 4,
                "available_bikes": 9,
                "banking": false,
                "bike_stands": 13,
                "bonus": false,
                "contract_name": "lyon",
                "last_update": 1789281552000,
                "name": "3051 - PLACE HENRI",
                "number": 3051,
                "status": "OPEN"
            },
            "type": "Feature"
        },
        {
            "geometry": {
                "coordinates": [
                    4.855604,
                    45.751123
                ],
                "type": "Point"
            },
            "properties": {
                "address": "Angle cours Gambetta",
                "available_bike_stands": 2,
                "available_bikes": 10,
                "banking": true,
                "bike_stands": 13,
                "bonus": false,
                "contract_name": "lyon",
                "last_update": 1789282066000,
                "name": "3053 - GAMBETTA / JUSSERAND",
                "number": 3053,
                "status": "OPEN"
            },
            "type": "Feature"
        },
        {
            "geometry": {
                "coordinates": [
                    4.853599,
                    45.758974
                ],
                "type": "Point"
            },
            "properties": {
                "address": "Face \u00e0 la poste",
                "available_bike_stands": 13,
                "available_bikes": 6,
                "banking": false,
                "bike_stands": 19,
                "bonus": false,
                "contract_name": "lyon",
                "last_update": 1789282081000,
                "name": "3058 - PLACE DU LAC",
                "number": 3058,
                "status": "OPEN"
            },
            "type": "Feature"
        },
        {
            "geometry": {
                "coordinates": [
                    4.86359,
                    45.754296
                ],
                "type": "Point"
            },
            "properties": {
                "address": "139 AV. FELIX FAURE",
                "available_bike_stands": 4,
                "available_bikes": 15,
                "banking": false,
                "bike_stands": 19,
                "bonus": false,
                "contract_name": "lyon",
                "last_update": 1789281978000,
                "name": "3066 - KIMMERLING / FAURE",
                "number": 3066,
                "status": "OPEN"
            },
            "type": "Feature"
        },
        {
            "geometry": {
                "coordinates": [
                    4.863923,
                    45.752907
                ],
                "type": "Point"
            },
            "properties": {
                "address": "6 RUE JEAN RENOIR",
                "available_bike_stands": 2,
                "available_bikes": 12,
                "banking": false,
                "bike_stands": 15,
                "bonus": false,
                "contract_name": "lyon",
                "last_update": 1789282033000,
                "name": "3067 - HACHETTE",
                "number": 3067,
                "status": "OPEN"
            },
            "type": "Feature"
        },
        {
            "geometry": {
                "coordinates": [
                    4.871457,
                    45.755068
                ],
                "type": "Point"
            },
            "properties": {
                "address": "",
                "available_bike_stands": 5,
                "available_bikes": 24,
                "banking": false,
                "bike_stands": 30,
                "bonus": false,
                "contract_name": "lyon",
                "last_update": 1789282077000,
                "name": "3068 - FAURE / MEYNIS",
                "number": 3068,
                "status": "OPEN"
            },
            "type": "Feature"
        },
        {
            "geometry": {
                "coordinates": [
                    4.864587,
                    45.750002
                ],
                "type": "Point"
            },
            "properties": {
                "address": "",
                "available_bike_stands": 5,
                "available_bikes": 23,
                "banking": false,
                "bike_stands": 30,
                "bonus": false,
                "contract_name": "lyon",
                "last_update": 1789281991000,
                "name": "3069 - DAUPHIN\u00c9 / SAINT-MAXIMIN",
                "number": 3069,
                "status": "OPEN"
            },
            "type": "Feature"
        },
        {
            "geometry": {
                "coordinates": [
                    4.872261,
                    45.747835
                ],
                "type": "Point"
            },
            "properties": {
                "address": "",
                "available_bike_stands": 9,
                "available_bikes": 21,
                "banking": false,
                "bike_stands": 30,
                "bonus": false,
                "contract_name": "lyon",
                "last_update": 1789282070000,
                "name": "3070 - REBATEL / SAINT-MAXIMIN",
                "number": 3070,
                "status": "OPEN"
            },
            "type": "Feature"
        },
        {
            "geometry": {
                "coordinates": [
                    4.888084,
                    45.740492
                ],
                "type": "Point"
            },
            "properties": {
                "address": "angle ave Rockfeller / cours Eug\u00e9nie face au Bioparc",
                "available_bike_stands": 17,
                "available_bikes": 5,
                "banking": false,
                "bike_stands": 23,
                "bonus": false,
                "contract_name": "lyon",
                "last_update": 1789281847000,
                "name": "3071 - BIOPARC",
                "number": 3071,
                "status": "OPEN"
            },
            "type": "Feature"
        },
        {
            "geometry": {
                "coordinates": [
                    4.884795,
                    45.75118
                ],
                "type": "Point"
            },
            "properties": {
                "address": "4 PLACE LOUISE",
                "available_bike_stands": 4,
                "available_bikes": 10,
                "banking": false,
                "bike_stands": 16,
                "bonus": false,
                "contract_name": "lyon",
                "last_update": 1789282116000,
                "name": "3079 - PLACE LOUISE",
                "number": 3079,
                "status": "OPEN"
            },
            "type": "Feature"
        },
        {
            "geometry": {
                "coordinates": [
                    4.861734,
                    45.760042
                ],
                "type": "Point"
            },
            "properties": {
                "address": "55 RUE DE LA VILLETTE",
                "available_bike_stands": 5,
                "available_bikes": 23,
                "banking": true,
                "bike_stands": 30,
                "bonus": false,
                "contract_name": "lyon",
                "last_update": 1789282063000,
                "name": "3080 - PART-DIEU / VILLETTE",
                "number": 3080,
                "status": "OPEN"
            },
            "type": "Feature"
        },
        {
            "geometry": {
                "coordinates": [
                    4.863069,
                    45.760689
                ],
                "type": "Point"
            },
            "properties": {
                "address": "44 RUE MAURICE FLANDIN 69003 LYON",
                "available_bike_stands": 1,
                "available_bikes": 26,
                "banking": true,
                "bike_stands": 28,
                "bonus": false,
                "contract_name": "lyon",
                "last_update": 1789282066000,
                "name": "3081 - PART-DIEU / FRANCFORT",
                "number": 3081,
                "status": "OPEN"
            },
            "type": "Feature"
        },
        {
            "geometry": {
                "coordinates": [
                    4.846117,
                    45.757578
                ],
                "type": "Point"
            },
            "properties": {
                "address": "33 RUE MONCEY",
                "available_bike_stands": 26,
                "available_bikes": 0,
                "banking": false,
                "bike_stands": 28,
                "bonus": false,
                "contract_name": "lyon",
                "last_update": 1789282104000,
                "name": "3082 - SAXE / MONCEY",
                "number": 3082,
                "status": "OPEN"
            },
            "type": "Feature"
        },
        {
            "geometry": {
                "coordinates": [
                    4.850477,
                    45.761595
                ],
                "type": "Point"
            },
            "properties": {
                "address": "118 RUE MONCEY",
                "available_bike_stands": 15,
                "available_bikes": 2,
                "banking": false,
                "bike_stands": 18,
                "bonus": false,
                "contract_name": "lyon",
                "last_update": 1789282056000,
                "name": "3083 - LES HALLES",
                "number": 3083,
                "status": "OPEN"
            },
            "type": "Feature"
        },
        {
            "geometry": {
                "coordinates": [
                    4.855193,
                    45.757268
                ],
                "type": "Point"
            },
            "properties": {
                "address": "143 RUE PAUL BERT",
                "available_bike_stands": 25,
                "available_bikes": 3,
                "banking": false,
                "bike_stands": 28,
                "bonus": false,
                "contract_name": "lyon",
                "last_update": 1789282024000,
                "name": "3084 - DESAIX",
                "number": 3084,
                "status": "OPEN"
            },
            "type": "Feature"
        },
        {
            "geometry": {
                "coordinates": [
                    4.868337,
                    45.757864
                ],
                "type": "Point"
            },
            "properties": {
                "address": "66 RUE ANTOINE CHARIAL",
                "available_bike_stands": 4,
                "available_bikes": 11,
                "banking": true,
                "bike_stands": 16,
                "bonus": false,
                "contract_name": "lyon",
                "last_update": 1789281893000,
                "name": "3085 - SACRE COEUR",
                "number": 3085,
                "status": "OPEN"
            },
            "type": "Feature"
        },
        {
            "geometry": {
                "coordinates": [
                    4.875934,
                    45.749563
                ],
                "type": "Point"
            },
            "properties": {
                "address": "76 AV. LACASSAGNE",
                "available_bike_stands": 8,
                "available_bikes": 7,
                "banking": true,
                "bike_stands": 16,
                "bonus": false,
                "contract_name": "lyon",
                "last_update": 1789282076000,
                "name": "3086 - FEUILLAT / LACASSAGNE",
                "number": 3086,
                "status": "OPEN"
            },
            "type": "Feature"
        },
        {
            "geometry": {
                "coordinates": [
                    4.852563,
                    45.762768
                ],
                "type": "Point"
            },
            "properties": {
                "address": "4 BVD EUGENE DERUELLE",
                "available_bike_stands": 13,
                "available_bikes": 6,
                "banking": false,
                "bike_stands": 20,
                "bonus": false,
                "contract_name": "lyon",
                "last_update": 1789282048000,
                "name": "3087 - PART-DIEU / GARIBALDI",
                "number": 3087,
                "status": "OPEN"
            },
            "type": "Feature"
        },
        {
            "geometry": {
                "coordinates": [
                    4.846453,
                    45.75882
                ],
                "type": "Point"
            },
            "properties": {
                "address": "65 RUE MAZENOD",
                "available_bike_stands": 15,
                "available_bikes": 1,
                "banking": false,
                "bike_stands": 16,
                "bonus": false,
                "contract_name": "lyon",
                "last_update": 1789282083000,
                "name": "3088 - PLACE GUICHARD",
                "number": 3088,
                "status": "OPEN"
            },
            "type": "Feature"
        },
        {
            "geometry": {
                "coordinates": [
                    4.888964,
                    45.745304
                ],
                "type": "Point"
            },
            "properties": {
                "address": "221 AV. LACASSAGNE",
                "available_bike_stands": 10,
                "available_bikes": 12,
                "banking": false,
                "bike_stands": 24,
                "bonus": false,
                "contract_name": "lyon",
                "last_update": 1789282057000,
                "name": "3089 - TRARIEUX / LACASSAGNE",
                "number": 3089,
                "status": "OPEN"
            },
            "type": "Feature"
        },
        {
            "geometry": {
                "coordinates": [
                    4.894068,
                    45.741922
                ],
                "type": "Point"
            },
            "properties": {
                "address": "",
                "available_bike_stands": 10,
                "available_bikes": 8,
                "banking": true,
                "bike_stands": 20,
                "bonus": false,
                "contract_name": "lyon",
                "last_update": 1789282053000,
                "name": "3090 - VINATIER",
                "number": 3090,
                "status": "OPEN"
            },
            "type": "Feature"
        },
        {
            "geometry": {
                "coordinates": [
                    4.896975,
                    45.748286
                ],
                "type": "Point"
            },
            "properties": {
                "address": "54 BVD PINEL",
                "available_bike_stands": 8,
                "available_bikes": 9,
                "banking": false,
                "bike_stands": 19,
                "bonus": false,
                "contract_name": "lyon",
                "last_update": 1789281708000,
                "name": "3091 - HOPITAL NEUROLOGIQUE",
                "number": 3091,
                "status": "OPEN"
            },
            "type": "Feature"
        },
        {
            "geometry": {
                "coordinates": [
                    4.861512,
                    45.757808
                ],
                "type": "Point"
            },
            "properties": {
                "address": "74 RUE DE LA VILLETTE",
                "available_bike_stands": 20,
                "available_bikes": 16,
                "banking": true,
                "bike_stands": 38,
                "bonus": false,
                "contract_name": "lyon",
                "last_update": 1789281990000,
                "name": "3094 - VILLETTE",
                "number": 3094,
                "status": "OPEN"
            },
            "type": "Feature"
        },
        {
            "geometry": {
                "coordinates": [
                    4.8404787,
                    45.7566535
                ],
                "type": "Point"
            },
            "properties": {
                "address": "28 QUAI VICTOR AUGAGNEUR",
                "available_bike_stands": 37,
                "available_bikes": 1,
                "banking": false,
                "bike_stands": 40,
                "bonus": false,
                "contract_name": "lyon",
                "last_update": 1789282098000,
                "name": "3097 - AUGAGNEUR / FOSSE AUX OURS",
                "number": 3097,
                "status": "OPEN"
            },
            "type": "Feature"
        },
        {
            "geometry": {
                "coordinates": [
                    4.86532,
                    45.757042
                ],
                "type": "Point"
            },
            "properties": {
                "address": "10 PLACE SAINTE ANNE",
                "available_bike_stands": 1,
                "available_bikes": 16,
                "banking": true,
                "bike_stands": 18,
                "bonus": false,
                "contract_name": "lyon",
                "last_update": 1789282053000,
                "name": "3099 - PLACE SAINTE ANNE",
                "number": 3099,
                "status": "OPEN"
            },
            "type": "Feature"
        },
        {
            "geometry": {
                "coordinates": [
                    4.8687553636982,
                    45.7524835251712
                ],
                "type": "Point"
            },
            "properties": {
                "address": "61 RUE DU DAUPHINE",
                "available_bike_stands": 7,
                "available_bikes": 9,
                "banking": true,
                "bike_stands": 17,
                "bonus": false,
                "contract_name": "lyon",
                "last_update": 1789282104000,
                "name": "3100 - SISLEY / DAUPHINE",
                "number": 3100,
                "status": "OPEN"
            },
            "type": "Feature"
        },
        {
            "geometry": {
                "coordinates": [
                    4.868486,
                    45.762055
                ],
                "type": "Point"
            },
            "properties": {
                "address": "55 RUE DE BARABAN",
                "available_bike_stands": 4,
                "available_bikes": 15,
                "banking": true,
                "bike_stands": 20,
                "bonus": false,
                "contract_name": "lyon",
                "last_update": 1789282095000,
                "name": "3101 - PATINOIRE BARABAN",
                "number": 3101,
                "status": "OPEN"
            },
            "type": "Feature"
        },
        {
            "geometry": {
                "coordinates": [
                    4.894272,
                    45.75254
                ],
                "type": "Point"
            },
            "properties": {
                "address": "135 COURS DOCTEUR LONG",
                "available_bike_stands": 2,
                "available_bikes": 14,
                "banking": false,
                "bike_stands": 16,
                "bonus": false,
                "contract_name": "lyon",
                "last_update": 1789282104000,
                "name": "3102 - DOCTEUR LONG / CAILLE",
                "number": 3102,
                "status": "OPEN"
            },
            "type": "Feature"
        },
        {
            "geometry": {
                "coordinates": [
                    4.85748756866509,
                    45.7548502313005
                ],
                "type": "Point"
            },
            "properties": {
                "address": "3 PLACE DANTON",
                "available_bike_stands": 17,
                "available_bikes": 1,
                "banking": true,
                "bike_stands": 18,
                "bonus": false,
                "contract_name": "lyon",
                "last_update": 1789282053000,
                "name": "3103 - PLACE DANTON",
                "number": 3103,
                "status": "OPEN"
            },
            "type": "Feature"
        },
        {
            "geometry": {
                "coordinates": [
                    4.858386,
                    45.757484
                ],
                "type": "Point"
            },
            "properties": {
                "address": "Devant l'h\u00f4tel IBIS",
                "available_bike_stands": 16,
                "available_bikes": 1,
                "banking": false,
                "bike_stands": 19,
                "bonus": false,
                "contract_name": "lyon",
                "last_update": 1789282024000,
                "name": "3138 - VIVIER MERLE / PAUL BERT OUEST",
                "number": 3138,
                "status": "OPEN"
            },
            "type": "Feature"
        },
        {
            "geometry": {
                "coordinates": [
                    4.814254,
                    45.770392
                ],
                "type": "Point"
            },
            "properties": {
                "address": "",
                "available_bike_stands": 22,
                "available_bikes": 0,
                "banking": false,
                "bike_stands": 22,
                "bonus": false,
                "contract_name": "lyon",
                "last_update": 1789282096000,
                "name": "4001 - LYON(01) - CONSERVATOIRE BIS",
                "number": 4001,
                "status": "OPEN"
            },
            "type": "Feature"
        },
        {
            "geometry": {
                "coordinates": [
                    4.827743,
                    45.774193
                ],
                "type": "Point"
            },
            "properties": {
                "address": "Devant la mairie du 4\u00b0",
                "available_bike_stands": 20,
                "available_bikes": 0,
                "banking": true,
                "bike_stands": 20,
                "bonus": false,
                "contract_name": "lyon",
                "last_update": 1789281590000,
                "name": "4002 - MAIRIE DU 4E",
                "number": 4002,
                "status": "OPEN"
            },
            "type": "Feature"
        },
        {
            "geometry": {
                "coordinates": [
                    4.834708,
                    45.779731
                ],
                "type": "Point"
            },
            "properties": {
                "address": "Angle rue de Belfort",
                "available_bike_stands": 10,
                "available_bikes": 0,
                "banking": false,
                "bike_stands": 17,
                "bonus": false,
                "contract_name": "lyon",
                "last_update": 1789282092000,
                "name": "4003 - PLACE COMMANDANT  ARNAUD",
                "number": 4003,
                "status": "OPEN"
            },
            "type": "Feature"
        },
        {
            "geometry": {
                "coordinates": [
                    4.827635,
                    45.779786
                ],
                "type": "Point"
            },
            "properties": {
                "address": "Angle rue H\u00e9non",
                "available_bike_stands": 19,
                "available_bikes": 0,
                "banking": true,
                "bike_stands": 22,
                "bonus": false,
                "contract_name": "lyon",
                "last_update": 1789282100000,
                "name": "4004 - H\u00c9NON",
                "number": 4004,
                "status": "OPEN"
            },
            "type": "Feature"
        },
        {
            "geometry": {
                "coordinates": [
                    4.83453,
                    45.77762
                ],
                "type": "Point"
            },
            "properties": {
                "address": "Rue du Chariot d'Or",
                "available_bike_stands": 9,
                "available_bikes": 0,
                "banking": false,
                "bike_stands": 12,
                "bonus": false,
                "contract_name": "lyon",
                "last_update": 1789281992000,
                "name": "4005 - PLACE BERTONE",
                "number": 4005,
                "status": "OPEN"
            },
            "type": "Feature"
        },
        {
            "geometry": {
                "coordinates": [
                    4.821234,
                    45.773358
                ],
                "type": "Point"
            },
            "properties": {
                "address": "Angle rue Anselme, face \u00e0 l'IUFM",
                "available_bike_stands": 20,
                "available_bikes": 0,
                "banking": false,
                "bike_stands": 23,
                "bonus": false,
                "contract_name": "lyon",
                "last_update": 1789282058000,
                "name": "4006 - PHILIPPE DE LASSALLE",
                "number": 4006,
                "status": "OPEN"
            },
            "type": "Feature"
        },
        {
            "geometry": {
                "coordinates": [
                    4.820259,
                    45.779332
                ],
                "type": "Point"
            },
            "properties": {
                "address": "C\u00f4t\u00e9 Rue Philippe de Lassalle",
                "available_bike_stands": 4,
                "available_bikes": 13,
                "banking": false,
                "bike_stands": 18,
                "bonus": false,
                "contract_name": "lyon",
                "last_update": 1789282071000,
                "name": "4007 - PLACE FLAMMARION",
                "number": 4007,
                "status": "OPEN"
            },
            "type": "Feature"
        },
        {
            "geometry": {
                "coordinates": [
                    4.825576,
                    45.782631
                ],
                "type": "Point"
            },
            "properties": {
                "address": "",
                "available_bike_stands": 16,
                "available_bikes": 2,
                "banking": false,
                "bike_stands": 20,
                "bonus": false,
                "contract_name": "lyon",
                "last_update": 1789282008000,
                "name": "4008 - CLOS SAVARON",
                "number": 4008,
                "status": "OPEN"
            },
            "type": "Feature"
        },
        {
            "geometry": {
                "coordinates": [
                    4.825394,
                    45.77591
                ],
                "type": "Point"
            },
            "properties": {
                "address": "Rue Denfert-Rochereau / Angle rue Jacquart",
                "available_bike_stands": 13,
                "available_bikes": 0,
                "banking": false,
                "bike_stands": 14,
                "bonus": false,
                "contract_name": "lyon",
                "last_update": 1789282084000,
                "name": "4009 - JACQUARD / DENFERT-ROCHEREAU",
                "number": 4009,
                "status": "OPEN"
            },
            "type": "Feature"
        },
        {
            "geometry": {
                "coordinates": [
                    4.832866,
                    45.781574
                ],
                "type": "Point"
            },
            "properties": {
                "address": "Place Jean Ambre",
                "available_bike_stands": 14,
                "available_bikes": 3,
                "banking": true,
                "bike_stands": 20,
                "bonus": false,
                "contract_name": "lyon",
                "last_update": 1789282099000,
                "name": "4011 - PLACE JOANN\u00c8S AMBRE",
                "number": 4011,
                "status": "OPEN"
            },
            "type": "Feature"
        },
        {
            "geometry": {
                "coordinates": [
                    4.841109,
                    45.778767
                ],
                "type": "Point"
            },
            "properties": {
                "address": "Angle mont\u00e9e de la Boucle",
                "available_bike_stands": 9,
                "available_bikes": 21,
                "banking": true,
                "bike_stands": 30,
                "bonus": false,
                "contract_name": "lyon",
                "last_update": 1789282042000,
                "name": "4012 - PLACE ADRIEN GODIEN",
                "number": 4012,
                "status": "OPEN"
            },
            "type": "Feature"
        },
        {
            "geometry": {
                "coordinates": [
                    4.820526,
                    45.777431
                ],
                "type": "Point"
            },
            "properties": {
                "address": "Angle rue Pillement",
                "available_bike_stands": 3,
                "available_bikes": 10,
                "banking": false,
                "bike_stands": 13,
                "bonus": false,
                "contract_name": "lyon",
                "last_update": 1789282060000,
                "name": "4014 - PHILIPPE DE LASSALLE / PILLEMENT",
                "number": 4014,
                "status": "OPEN"
            },
            "type": "Feature"
        },
        {
            "geometry": {
                "coordinates": [
                    4.829628,
                    45.776002
                ],
                "type": "Point"
            },
            "properties": {
                "address": "Angle Bvd de la Croix-Rousse",
                "available_bike_stands": 17,
                "available_bikes": 0,
                "banking": false,
                "bike_stands": 17,
                "bonus": false,
                "contract_name": "lyon",
                "last_update": 1789281530000,
                "name": "4017 - PLACE DES TAPIS",
                "number": 4017,
                "status": "OPEN"
            },
            "type": "Feature"
        },
        {
            "geometry": {
                "coordinates": [
                    4.82516,
                    45.774061
                ],
                "type": "Point"
            },
            "properties": {
                "address": "Angle Bvd de la Croix-Rousse",
                "available_bike_stands": 9,
                "available_bikes": 1,
                "banking": false,
                "bike_stands": 10,
                "bonus": false,
                "contract_name": "lyon",
                "last_update": 1789282014000,
                "name": "4021 - TABAREAU",
                "number": 4021,
                "status": "OPEN"
            },
            "type": "Feature"
        },
        {
            "geometry": {
                "coordinates": [
                    4.832543,
                    45.77608
                ],
                "type": "Point"
            },
            "properties": {
                "address": "Prox. Grande rue de la Croix-Rousse",
                "available_bike_stands": 18,
                "available_bikes": 0,
                "banking": false,
                "bike_stands": 21,
                "bonus": false,
                "contract_name": "lyon",
                "last_update": 1789282049000,
                "name": "4022 - PLACE DE LA CROIX-ROUSSE",
                "number": 4022,
                "status": "OPEN"
            },
            "type": "Feature"
        },
        {
            "geometry": {
                "coordinates": [
                    4.810716,
                    45.778175
                ],
                "type": "Point"
            },
            "properties": {
                "address": "Face au 45 quai Gillet",
                "available_bike_stands": 10,
                "available_bikes": 11,
                "banking": true,
                "bike_stands": 22,
                "bonus": false,
                "contract_name": "lyon",
                "last_update": 1789282096000,
                "name": "4023 - PONT MASARYK",
                "number": 4023,
                "status": "OPEN"
            },
            "type": "Feature"
        },
        {
            "geometry": {
                "coordinates": [
                    4.818572,
                    45.788204
                ],
                "type": "Point"
            },
            "properties": {
                "address": "FACE AU 81 QUAI JOSEPH GILLET",
                "available_bike_stands": 3,
                "available_bikes": 21,
                "banking": true,
                "bike_stands": 25,
                "bonus": false,
                "contract_name": "lyon",
                "last_update": 1789282071000,
                "name": "4024 - LYON METROPOLE",
                "number": 4024,
                "status": "OPEN"
            },
            "type": "Feature"
        },
        {
            "geometry": {
                "coordinates": [
                    4.817888,
                    45.775425
                ],
                "type": "Point"
            },
            "properties": {
                "address": "29 RUE CHAZIERE",
                "available_bike_stands": 9,
                "available_bikes": 11,
                "banking": false,
                "bike_stands": 20,
                "bonus": false,
                "contract_name": "lyon",
                "last_update": 1789281973000,
                "name": "4025 - CHAZI\u00c8RE",
                "number": 4025,
                "status": "OPEN"
            },
            "type": "Feature"
        },
        {
            "geometry": {
                "coordinates": [
                    4.813425,
                    45.774632
                ],
                "type": "Point"
            },
            "properties": {
                "address": "Avenue Birmingham, sortie tunnel mode doux c\u00f4t\u00e9 Sa\u00f6ne - 69000 Lyon",
                "available_bike_stands": 13,
                "available_bikes": 6,
                "banking": true,
                "bike_stands": 20,
                "bonus": false,
                "contract_name": "lyon",
                "last_update": 1789282101000,
                "name": "4026 - BIRMINGHAM",
                "number": 4026,
                "status": "OPEN"
            },
            "type": "Feature"
        },
        {
            "geometry": {
                "coordinates": [
                    4.83549930268728,
                    45.775070841112
                ],
                "type": "Point"
            },
            "properties": {
                "address": "25 RUE D'AUSTERLITZ",
                "available_bike_stands": 15,
                "available_bikes": 1,
                "banking": false,
                "bike_stands": 18,
                "bonus": false,
                "contract_name": "lyon",
                "last_update": 1789282029000,
                "name": "4041 - BOUSSANGES / AUSTERLITZ",
                "number": 4041,
                "status": "OPEN"
            },
            "type": "Feature"
        },
        {
            "geometry": {
                "coordinates": [
                    4.820596,
                    45.781699
                ],
                "type": "Point"
            },
            "properties": {
                "address": "94 RUE PHILIPPE DE LASALLE",
                "available_bike_stands": 6,
                "available_bikes": 9,
                "banking": false,
                "bike_stands": 16,
                "bonus": false,
                "contract_name": "lyon",
                "last_update": 1789282043000,
                "name": "4042 - GREGORY COUPET",
                "number": 4042,
                "status": "OPEN"
            },
            "type": "Feature"
        },
        {
            "geometry": {
                "coordinates": [
                    4.815064,
                    45.757319
                ],
                "type": "Point"
            },
            "properties": {
                "address": "Devant le n\u00b063 rue de Trion",
                "available_bike_stands": 22,
                "available_bikes": 1,
                "banking": true,
                "bike_stands": 23,
                "bonus": false,
                "contract_name": "lyon",
                "last_update": 1789281867000,
                "name": "5001 - PLACE VARILLON (FUNICULAIRE ST JUST)",
                "number": 5001,
                "status": "OPEN"
            },
            "type": "Feature"
        },
        {
            "geometry": {
                "coordinates": [
                    4.796616,
                    45.756535
                ],
                "type": "Point"
            },
            "properties": {
                "address": "Angle rue des Aqueducs",
                "available_bike_stands": 14,
                "available_bikes": 3,
                "banking": false,
                "bike_stands": 18,
                "bonus": false,
                "contract_name": "lyon",
                "last_update": 1789281997000,
                "name": "5002 - PLACE DES COMPAGNONS DE LA CHANSON",
                "number": 5002,
                "status": "OPEN"
            },
            "type": "Feature"
        },
        {
            "geometry": {
                "coordinates": [
                    4.826548,
                    45.760468
                ],
                "type": "Point"
            },
            "properties": {
                "address": "Entre la cath\u00e9drale et le funiculaire",
                "available_bike_stands": 27,
                "available_bikes": 11,
                "banking": true,
                "bike_stands": 39,
                "bonus": false,
                "contract_name": "lyon",
                "last_update": 1789282116000,
                "name": "5004 - SAINT-JEAN",
                "number": 5004,
                "status": "OPEN"
            },
            "type": "Feature"
        },
        {
            "geometry": {
                "coordinates": [
                    4.827425,
                    45.766278
                ],
                "type": "Point"
            },
            "properties": {
                "address": "Pr\u00e8s de la gare de St Paul",
                "available_bike_stands": 21,
                "available_bikes": 1,
                "banking": true,
                "bike_stands": 23,
                "bonus": false,
                "contract_name": "lyon",
                "last_update": 1789281531000,
                "name": "5005 - SAINT-PAUL",
                "number": 5005,
                "status": "OPEN"
            },
            "type": "Feature"
        },
        {
            "geometry": {
                "coordinates": [
                    4.82872732991442,
                    45.7620452080746
                ],
                "type": "Point"
            },
            "properties": {
                "address": "Face ancien Palais de Justice",
                "available_bike_stands": 14,
                "available_bikes": 0,
                "banking": true,
                "bike_stands": 17,
                "bonus": false,
                "contract_name": "lyon",
                "last_update": 1789282047000,
                "name": "5006 - QUAI ROMAIN ROLLAND",
                "number": 5006,
                "status": "OPEN"
            },
            "type": "Feature"
        },
        {
            "geometry": {
                "coordinates": [
                    4.81317,
                    45.757916
                ],
                "type": "Point"
            },
            "properties": {
                "address": "Place de Trion",
                "available_bike_stands": 10,
                "available_bikes": 2,
                "banking": false,
                "bike_stands": 16,
                "bonus": false,
                "contract_name": "lyon",
                "last_update": 1789282102000,
                "name": "5007 - PLACE DE TRION",
                "number": 5007,
                "status": "OPEN"
            },
            "type": "Feature"
        },
        {
            "geometry": {
                "coordinates": [
                    4.812427,
                    45.754978
                ],
                "type": "Point"
            },
            "properties": {
                "address": "Place Sainte Ir\u00e9n\u00e9e",
                "available_bike_stands": 17,
                "available_bikes": 1,
                "banking": false,
                "bike_stands": 20,
                "bonus": false,
                "contract_name": "lyon",
                "last_update": 1789282106000,
                "name": "5008 - SAINTE-IR\u00c9N\u00c9E",
                "number": 5008,
                "status": "OPEN"
            },
            "type": "Feature"
        },
        {
            "geometry": {
                "coordinates": [
                    4.828969,
                    45.764695
                ],
                "type": "Point"
            },
            "properties": {
                "address": "angle quai de Bondy",
                "available_bike_stands": 15,
                "available_bikes": 0,
                "banking": true,
                "bike_stands": 16,
                "bonus": false,
                "contract_name": "lyon",
                "last_update": 1789281983000,
                "name": "5009 - PLACE ENNEMOND FOUSSERET",
                "number": 5009,
                "status": "OPEN"
            },
            "type": "Feature"
        },
        {
            "geometry": {
                "coordinates": [
                    4.821662,
                    45.75197
                ],
                "type": "Point"
            },
            "properties": {
                "address": "Devant le n\u00b041 rue de la Quarantaine",
                "available_bike_stands": 15,
                "available_bikes": 4,
                "banking": true,
                "bike_stands": 19,
                "bonus": false,
                "contract_name": "lyon",
                "last_update": 1789281804000,
                "name": "5015 - FULCHIRON",
                "number": 5015,
                "status": "OPEN"
            },
            "type": "Feature"
        },
        {
            "geometry": {
                "coordinates": [
                    4.802727,
                    45.756204
                ],
                "type": "Point"
            },
            "properties": {
                "address": "Devant la mairie du 5\u00b0",
                "available_bike_stands": 7,
                "available_bikes": 6,
                "banking": false,
                "bike_stands": 13,
                "bonus": false,
                "contract_name": "lyon",
                "last_update": 1789282103000,
                "name": "5016 - POINT DU JOUR / GRANGES",
                "number": 5016,
                "status": "OPEN"
            },
            "type": "Feature"
        },
        {
            "geometry": {
                "coordinates": [
                    4.829024,
                    45.763383
                ],
                "type": "Point"
            },
            "properties": {
                "address": "Angle quai Romain Rolland",
                "available_bike_stands": 13,
                "available_bikes": 0,
                "banking": false,
                "bike_stands": 14,
                "bonus": false,
                "contract_name": "lyon",
                "last_update": 1789282107000,
                "name": "5026 - RUE DE LA BALEINE",
                "number": 5026,
                "status": "OPEN"
            },
            "type": "Feature"
        },
        {
            "geometry": {
                "coordinates": [
                    4.827014,
                    45.767057
                ],
                "type": "Point"
            },
            "properties": {
                "address": "Prox. Quai Pierre Scize",
                "available_bike_stands": 19,
                "available_bikes": 0,
                "banking": false,
                "bike_stands": 20,
                "bonus": false,
                "contract_name": "lyon",
                "last_update": 1789282045000,
                "name": "5029 - PLACE GERSON",
                "number": 5029,
                "status": "OPEN"
            },
            "type": "Feature"
        },
        {
            "geometry": {
                "coordinates": [
                    4.807811,
                    45.755054
                ],
                "type": "Point"
            },
            "properties": {
                "address": "Angle rue du fort Ste Ir\u00e9n\u00e9e / Charcot",
                "available_bike_stands": 32,
                "available_bikes": 0,
                "banking": true,
                "bike_stands": 32,
                "bonus": false,
                "contract_name": "lyon",
                "last_update": 1789282085000,
                "name": "5030 - CHARCOT / R\u00c9SIDENCE UNIVERSITAIRE",
                "number": 5030,
                "status": "OPEN"
            },
            "type": "Feature"
        },
        {
            "geometry": {
                "coordinates": [
                    4.78821,
                    45.754654
                ],
                "type": "Point"
            },
            "properties": {
                "address": "49 RUE JOLIOT CURIE",
                "available_bike_stands": 17,
                "available_bikes": 3,
                "banking": false,
                "bike_stands": 20,
                "bonus": false,
                "contract_name": "lyon",
                "last_update": 1789282085000,
                "name": "5031 - M\u00c9NIVAL / JOLIOT CURIE",
                "number": 5031,
                "status": "OPEN"
            },
            "type": "Feature"
        },
        {
            "geometry": {
                "coordinates": [
                    4.783206,
                    45.756757
                ],
                "type": "Point"
            },
            "properties": {
                "address": "",
                "available_bike_stands": 7,
                "available_bikes": 3,
                "banking": false,
                "bike_stands": 12,
                "bonus": false,
                "contract_name": "lyon",
                "last_update": 1789282046000,
                "name": "5032 - M\u00c9NIVAL / EISENHOWER",
                "number": 5032,
                "status": "OPEN"
            },
            "type": "Feature"
        },
        {
            "geometry": {
                "coordinates": [
                    4.795546,
                    45.749627
                ],
                "type": "Point"
            },
            "properties": {
                "address": "104 RUE DU COMMANDANT CHARCOT",
                "available_bike_stands": 11,
                "available_bikes": 4,
                "banking": false,
                "bike_stands": 15,
                "bonus": false,
                "contract_name": "lyon",
                "last_update": 1789281969000,
                "name": "5036 - LA SALETTE",
                "number": 5036,
                "status": "OPEN"
            },
            "type": "Feature"
        },
        {
            "geometry": {
                "coordinates": [
                    4.826103,
                    45.757847
                ],
                "type": "Point"
            },
            "properties": {
                "address": "7 PLACE BENOIT CREPU",
                "available_bike_stands": 13,
                "available_bikes": 5,
                "banking": true,
                "bike_stands": 20,
                "bonus": false,
                "contract_name": "lyon",
                "last_update": 1789282030000,
                "name": "5040 - PLACE CR\u00c9PU",
                "number": 5040,
                "status": "OPEN"
            },
            "type": "Feature"
        },
        {
            "geometry": {
                "coordinates": [
                    4.820214,
                    45.766576
                ],
                "type": "Point"
            },
            "properties": {
                "address": "55 QUAI PIERRE SCIZE",
                "available_bike_stands": 17,
                "available_bikes": 2,
                "banking": true,
                "bike_stands": 21,
                "bonus": false,
                "contract_name": "lyon",
                "last_update": 1789282100000,
                "name": "5041 - L'HOMME DE LA ROCHE",
                "number": 5041,
                "status": "OPEN"
            },
            "type": "Feature"
        },
        {
            "geometry": {
                "coordinates": [
                    4.798366,
                    45.760056
                ],
                "type": "Point"
            },
            "properties": {
                "address": "87 RUE DOCTEUR EDMOND LOCARD",
                "available_bike_stands": 14,
                "available_bikes": 1,
                "banking": true,
                "bike_stands": 15,
                "bonus": false,
                "contract_name": "lyon",
                "last_update": 1789281971000,
                "name": "5044 - CHAMPVERT",
                "number": 5044,
                "status": "OPEN"
            },
            "type": "Feature"
        },
        {
            "geometry": {
                "coordinates": [
                    4.788819,
                    45.750497
                ],
                "type": "Point"
            },
            "properties": {
                "address": "Face au 1 Rue Jeunet",
                "available_bike_stands": 14,
                "available_bikes": 3,
                "banking": true,
                "bike_stands": 18,
                "bonus": false,
                "contract_name": "lyon",
                "last_update": 1789282078000,
                "name": "5045 - VALDO / RIVET",
                "number": 5045,
                "status": "OPEN"
            },
            "type": "Feature"
        },
        {
            "geometry": {
                "coordinates": [
                    4.7853899838837,
                    45.7500589708131
                ],
                "type": "Point"
            },
            "properties": {
                "address": "",
                "available_bike_stands": 8,
                "available_bikes": 7,
                "banking": false,
                "bike_stands": 15,
                "bonus": false,
                "contract_name": "lyon",
                "last_update": 1789282075000,
                "name": "5046 - WITKOWSKI/VALDO",
                "number": 5046,
                "status": "OPEN"
            },
            "type": "Feature"
        },
        {
            "geometry": {
                "coordinates": [
                    4.804401,
                    45.753452
                ],
                "type": "Point"
            },
            "properties": {
                "address": "2B RUE DR. ALBERIC PONT",
                "available_bike_stands": 15,
                "available_bikes": 1,
                "banking": false,
                "bike_stands": 16,
                "bonus": false,
                "contract_name": "lyon",
                "last_update": 1789281823000,
                "name": "5047 - ALB\u00c9RIC PONT",
                "number": 5047,
                "status": "OPEN"
            },
            "type": "Feature"
        },
        {
            "geometry": {
                "coordinates": [
                    4.81961724654947,
                    45.760580697583
                ],
                "type": "Point"
            },
            "properties": {
                "address": "",
                "available_bike_stands": 9,
                "available_bikes": 6,
                "banking": true,
                "bike_stands": 15,
                "bonus": false,
                "contract_name": "lyon",
                "last_update": 1789282101000,
                "name": "5051 - LUGDUNUM - RADISSON",
                "number": 5051,
                "status": "OPEN"
            },
            "type": "Feature"
        },
        {
            "geometry": {
                "coordinates": [
                    4.82137274495589,
                    45.7619914010048
                ],
                "type": "Point"
            },
            "properties": {
                "address": "2 RUE ROGER RADISSON\nLyon 5",
                "available_bike_stands": 13,
                "available_bikes": 1,
                "banking": true,
                "bike_stands": 15,
                "bonus": false,
                "contract_name": "lyon",
                "last_update": 1789282016000,
                "name": "5052 - FOURVIERE",
                "number": 5052,
                "status": "OPEN"
            },
            "type": "Feature"
        },
        {
            "geometry": {
                "coordinates": [
                    4.818904,
                    45.75597
                ],
                "type": "Point"
            },
            "properties": {
                "address": "1 PLACE DE L'ABBE LARUE",
                "available_bike_stands": 15,
                "available_bikes": 1,
                "banking": false,
                "bike_stands": 18,
                "bonus": false,
                "contract_name": "lyon",
                "last_update": 1789282087000,
                "name": "5053 - SAINT-JUST",
                "number": 5053,
                "status": "OPEN"
            },
            "type": "Feature"
        },
        {
            "geometry": {
                "coordinates": [
                    4.792643,
                    45.763906
                ],
                "type": "Point"
            },
            "properties": {
                "address": "192 AV. BARTHELEMY BUYER",
                "available_bike_stands": 8,
                "available_bikes": 10,
                "banking": false,
                "bike_stands": 19,
                "bonus": false,
                "contract_name": "lyon",
                "last_update": 1789281547000,
                "name": "5054 - CHAMPVERT",
                "number": 5054,
                "status": "OPEN"
            },
            "type": "Feature"
        },
        {
            "geometry": {
                "coordinates": [
                    4.802751,
                    45.762013
                ],
                "type": "Point"
            },
            "properties": {
                "address": "101 AV. BARTHELEMY BUYER",
                "available_bike_stands": 19,
                "available_bikes": 1,
                "banking": false,
                "bike_stands": 20,
                "bonus": false,
                "contract_name": "lyon",
                "last_update": 1789281960000,
                "name": "5055 - BUYER / APOLLINAIRE",
                "number": 5055,
                "status": "OPEN"
            },
            "type": "Feature"
        },
        {
            "geometry": {
                "coordinates": [
                    4.79115229365725,
                    45.7595193684889
                ],
                "type": "Point"
            },
            "properties": {
                "address": "RUE DE LA GARDE INTERSECTION RUE DES ACQUEDUCS\nLyon 5",
                "available_bike_stands": 14,
                "available_bikes": 1,
                "banking": true,
                "bike_stands": 15,
                "bonus": false,
                "contract_name": "lyon",
                "last_update": 1789282021000,
                "name": "5056 - GARDE / AQUEDUCS",
                "number": 5056,
                "status": "OPEN"
            },
            "type": "Feature"
        },
        {
            "geometry": {
                "coordinates": [
                    4.858922,
                    45.766893
                ],
                "type": "Point"
            },
            "properties": {
                "address": "Place Jules Ferry angle rue G\u00e9n\u00e9ral Brosset face \u00e0 la gare des Brotteaux",
                "available_bike_stands": 12,
                "available_bikes": 4,
                "banking": true,
                "bike_stands": 16,
                "bonus": false,
                "contract_name": "lyon",
                "last_update": 1789282108000,
                "name": "6001 - GARE DES BROTTEAUX",
                "number": 6001,
                "status": "OPEN"
            },
            "type": "Feature"
        },
        {
            "geometry": {
                "coordinates": [
                    4.844922,
                    45.777521
                ],
                "type": "Point"
            },
            "properties": {
                "address": "Le long des grilles, c\u00f4t\u00e9 ouest de la porte",
                "available_bike_stands": 30,
                "available_bikes": 6,
                "banking": true,
                "bike_stands": 40,
                "bonus": false,
                "contract_name": "lyon",
                "last_update": 1789281989000,
                "name": "6002 - PORTE DES ENFANTS DU RH\u00d4NE",
                "number": 6002,
                "status": "OPEN"
            },
            "type": "Feature"
        },
        {
            "geometry": {
                "coordinates": [
                    4.856274,
                    45.772846
                ],
                "type": "Point"
            },
            "properties": {
                "address": "Devant l'entr\u00e9e du parc",
                "available_bike_stands": 15,
                "available_bikes": 4,
                "banking": true,
                "bike_stands": 20,
                "bonus": false,
                "contract_name": "lyon",
                "last_update": 1789282021000,
                "name": "6003 - AVENUE VERGUIN",
                "number": 6003,
                "status": "OPEN"
            },
            "type": "Feature"
        },
        {
            "geometry": {
                "coordinates": [
                    4.844845,
                    45.768896
                ],
                "type": "Point"
            },
            "properties": {
                "address": "Angle rue Vend\u00f4me",
                "available_bike_stands": 18,
                "available_bikes": 0,
                "banking": false,
                "bike_stands": 20,
                "bonus": false,
                "contract_name": "lyon",
                "last_update": 1789282112000,
                "name": "6004 - FOCH",
                "number": 6004,
                "status": "OPEN"
            },
            "type": "Feature"
        },
        {
            "geometry": {
                "coordinates": [
                    4.84464740710266,
                    45.7655026124931
                ],
                "type": "Point"
            },
            "properties": {
                "address": "Devant le lyc\u00e9e",
                "available_bike_stands": 22,
                "available_bikes": 0,
                "banking": false,
                "bike_stands": 23,
                "bonus": false,
                "contract_name": "lyon",
                "last_update": 1789282002000,
                "name": "6005 - PLACE EDGAR QUINET",
                "number": 6005,
                "status": "OPEN"
            },
            "type": "Feature"
        },
        {
            "geometry": {
                "coordinates": [
                    4.852001,
                    45.773304
                ],
                "type": "Point"
            },
            "properties": {
                "address": "Boulevard des Belges - Angle rue Duquesne",
                "available_bike_stands": 11,
                "available_bikes": 3,
                "banking": true,
                "bike_stands": 15,
                "bonus": false,
                "contract_name": "lyon",
                "last_update": 1789282032000,
                "name": "6006 - BOULEVARD DES BELGES",
                "number": 6006,
                "status": "OPEN"
            },
            "type": "Feature"
        },
        {
            "geometry": {
                "coordinates": [
                    4.852366,
                    45.769654
                ],
                "type": "Point"
            },
            "properties": {
                "address": "Angle Cours Vitton",
                "available_bike_stands": 26,
                "available_bikes": 0,
                "banking": true,
                "bike_stands": 27,
                "bonus": false,
                "contract_name": "lyon",
                "last_update": 1789282104000,
                "name": "6007 - MASS\u00c9NA",
                "number": 6007,
                "status": "OPEN"
            },
            "type": "Feature"
        },
        {
            "geometry": {
                "coordinates": [
                    4.858972,
                    45.7684
                ],
                "type": "Point"
            },
            "properties": {
                "address": "17 PLACE JULES FERRY",
                "available_bike_stands": 19,
                "available_bikes": 0,
                "banking": true,
                "bike_stands": 20,
                "bonus": false,
                "contract_name": "lyon",
                "last_update": 1789281969000,
                "name": "6008 - PLACE JULES FERRY",
                "number": 6008,
                "status": "OPEN"
            },
            "type": "Feature"
        },
        {
            "geometry": {
                "coordinates": [
                    4.849402,
                    45.768395
                ],
                "type": "Point"
            },
            "properties": {
                "address": "Angle rue Boileau",
                "available_bike_stands": 22,
                "available_bikes": 1,
                "banking": false,
                "bike_stands": 23,
                "bonus": false,
                "contract_name": "lyon",
                "last_update": 1789282090000,
                "name": "6011 - MAIRIE DU 6E",
                "number": 6011,
                "status": "OPEN"
            },
            "type": "Feature"
        },
        {
            "geometry": {
                "coordinates": [
                    4.84459,
                    45.771794
                ],
                "type": "Point"
            },
            "properties": {
                "address": "Angle rue Vend\u00f4me",
                "available_bike_stands": 7,
                "available_bikes": 3,
                "banking": false,
                "bike_stands": 10,
                "bonus": false,
                "contract_name": "lyon",
                "last_update": 1789282106000,
                "name": "6012 - PLACE PUVIS DE CHAVANNES",
                "number": 6012,
                "status": "OPEN"
            },
            "type": "Feature"
        },
        {
            "geometry": {
                "coordinates": [
                    4.862063,
                    45.766032
                ],
                "type": "Point"
            },
            "properties": {
                "address": "Angle avenue Thiers",
                "available_bike_stands": 16,
                "available_bikes": 0,
                "banking": false,
                "bike_stands": 16,
                "bonus": false,
                "contract_name": "lyon",
                "last_update": 1789281963000,
                "name": "6016 - VIABERT / THIERS",
                "number": 6016,
                "status": "OPEN"
            },
            "type": "Feature"
        },
        {
            "geometry": {
                "coordinates": [
                    4.865802,
                    45.764062
                ],
                "type": "Point"
            },
            "properties": {
                "address": "",
                "available_bike_stands": 3,
                "available_bikes": 26,
                "banking": true,
                "bike_stands": 30,
                "bonus": false,
                "contract_name": "lyon",
                "last_update": 1789282050000,
                "name": "6017 - LAFAYETTE / INKERMANN",
                "number": 6017,
                "status": "OPEN"
            },
            "type": "Feature"
        },
        {
            "geometry": {
                "coordinates": [
                    4.848443,
                    45.774526
                ],
                "type": "Point"
            },
            "properties": {
                "address": "Angle rue Morellet",
                "available_bike_stands": 8,
                "available_bikes": 5,
                "banking": true,
                "bike_stands": 15,
                "bonus": false,
                "contract_name": "lyon",
                "last_update": 1789281523000,
                "name": "6020 - MUS\u00c9E GUIMET",
                "number": 6020,
                "status": "OPEN"
            },
            "type": "Feature"
        },
        {
            "geometry": {
                "coordinates": [
                    4.849946,
                    45.770664
                ],
                "type": "Point"
            },
            "properties": {
                "address": "Entre rue Crillon et rue Sully",
                "available_bike_stands": 11,
                "available_bikes": 0,
                "banking": false,
                "bike_stands": 11,
                "bonus": false,
                "contract_name": "lyon",
                "last_update": 1789281982000,
                "name": "6021 - GARIBALDI",
                "number": 6021,
                "status": "OPEN"
            },
            "type": "Feature"
        },
        {
            "geometry": {
                "coordinates": [
                    4.842364,
                    45.769383
                ],
                "type": "Point"
            },
            "properties": {
                "address": "Pierre Corneille/cours Franklin Roosevelt",
                "available_bike_stands": 16,
                "available_bikes": 1,
                "banking": true,
                "bike_stands": 20,
                "bonus": false,
                "contract_name": "lyon",
                "last_update": 1789282053000,
                "name": "6022 - PLACE MAR\u00c9CHAL LYAUTEY",
                "number": 6022,
                "status": "OPEN"
            },
            "type": "Feature"
        },
        {
            "geometry": {
                "coordinates": [
                    4.841095,
                    45.766821
                ],
                "type": "Point"
            },
            "properties": {
                "address": "Niveau rue de S\u00e8ze",
                "available_bike_stands": 13,
                "available_bikes": 0,
                "banking": false,
                "bike_stands": 14,
                "bonus": false,
                "contract_name": "lyon",
                "last_update": 1789282105000,
                "name": "6023 - QUAI SARRAIL",
                "number": 6023,
                "status": "OPEN"
            },
            "type": "Feature"
        },
        {
            "geometry": {
                "coordinates": [
                    4.856713,
                    45.770743
                ],
                "type": "Point"
            },
            "properties": {
                "address": "Angle bvd Anatole France",
                "available_bike_stands": 6,
                "available_bikes": 4,
                "banking": false,
                "bike_stands": 10,
                "bonus": false,
                "contract_name": "lyon",
                "last_update": 1789282031000,
                "name": "6024 - TRONCHET / ANATOLE FRANCE",
                "number": 6024,
                "status": "OPEN"
            },
            "type": "Feature"
        },
        {
            "geometry": {
                "coordinates": [
                    4.8419204597179,
                    45.7734836039974
                ],
                "type": "Point"
            },
            "properties": {
                "address": "",
                "available_bike_stands": 29,
                "available_bikes": 0,
                "banking": true,
                "bike_stands": 30,
                "bonus": false,
                "contract_name": "lyon",
                "last_update": 1789282034000,
                "name": "6025 - PLACE D'HELV\u00c9TIE",
                "number": 6025,
                "status": "OPEN"
            },
            "type": "Feature"
        },
        {
            "geometry": {
                "coordinates": [
                    4.853492,
                    45.764345
                ],
                "type": "Point"
            },
            "properties": {
                "address": "Angle rue T\u00eate d'Or",
                "available_bike_stands": 16,
                "available_bikes": 0,
                "banking": false,
                "bike_stands": 16,
                "bonus": false,
                "contract_name": "lyon",
                "last_update": 1789282097000,
                "name": "6028 - R\u00c9CAMIER / T\u00caTE D'OR",
                "number": 6028,
                "status": "OPEN"
            },
            "type": "Feature"
        },
        {
            "geometry": {
                "coordinates": [
                    4.843791,
                    45.763717
                ],
                "type": "Point"
            },
            "properties": {
                "address": "Angle cours Lafayette",
                "available_bike_stands": 11,
                "available_bikes": 0,
                "banking": true,
                "bike_stands": 13,
                "bonus": false,
                "contract_name": "lyon",
                "last_update": 1789281986000,
                "name": "6031 - LAFAYETTE / CORNEILLE",
                "number": 6031,
                "status": "OPEN"
            },
            "type": "Feature"
        },
        {
            "geometry": {
                "coordinates": [
                    4.841567,
                    45.764821
                ],
                "type": "Point"
            },
            "properties": {
                "address": "Angle rue Vauban",
                "available_bike_stands": 17,
                "available_bikes": 0,
                "banking": true,
                "bike_stands": 20,
                "bonus": false,
                "contract_name": "lyon",
                "last_update": 1789282048000,
                "name": "6032 - PR\u00c9FECTURE / SARRAIL",
                "number": 6032,
                "status": "OPEN"
            },
            "type": "Feature"
        },
        {
            "geometry": {
                "coordinates": [
                    4.847082,
                    45.763755
                ],
                "type": "Point"
            },
            "properties": {
                "address": "153 RUE CREQUI",
                "available_bike_stands": 13,
                "available_bikes": 1,
                "banking": false,
                "bike_stands": 15,
                "bonus": false,
                "contract_name": "lyon",
                "last_update": 1789282110000,
                "name": "6033 - CR\u00c9QUI / LAFAYETTE",
                "number": 6033,
                "status": "OPEN"
            },
            "type": "Feature"
        },
        {
            "geometry": {
                "coordinates": [
                    4.854085,
                    45.785456
                ],
                "type": "Point"
            },
            "properties": {
                "address": "Face parvis du palais des congr\u00e8s",
                "available_bike_stands": 21,
                "available_bikes": 0,
                "banking": false,
                "bike_stands": 21,
                "bonus": false,
                "contract_name": "lyon",
                "last_update": 1789281975000,
                "name": "6035 - CIT\u00c9 INTERNATIONALE",
                "number": 6035,
                "status": "OPEN"
            },
            "type": "Feature"
        },
        {
            "geometry": {
                "coordinates": [
                    4.852156,
                    45.783885
                ],
                "type": "Point"
            },
            "properties": {
                "address": "All\u00e9e A. Lignon",
                "available_bike_stands": 22,
                "available_bikes": 1,
                "banking": true,
                "bike_stands": 23,
                "bonus": false,
                "contract_name": "lyon",
                "last_update": 1789282024000,
                "name": "6036 - MUS\u00c9E D'ART CONTEMPORAIN",
                "number": 6036,
                "status": "OPEN"
            },
            "type": "Feature"
        },
        {
            "geometry": {
                "coordinates": [
                    4.849378,
                    45.782287
                ],
                "type": "Point"
            },
            "properties": {
                "address": "All\u00e9e A. Lignon",
                "available_bike_stands": 27,
                "available_bikes": 0,
                "banking": true,
                "bike_stands": 27,
                "bonus": false,
                "contract_name": "lyon",
                "last_update": 1789281522000,
                "name": "6037 - CIT\u00c9 INTERNATIONALE / INTERPOL",
                "number": 6037,
                "status": "OPEN"
            },
            "type": "Feature"
        },
        {
            "geometry": {
                "coordinates": [
                    4.852073,
                    45.766708
                ],
                "type": "Point"
            },
            "properties": {
                "address": "",
                "available_bike_stands": 16,
                "available_bikes": 3,
                "banking": true,
                "bike_stands": 20,
                "bonus": false,
                "contract_name": "lyon",
                "last_update": 1789281973000,
                "name": "6039 - GARIBALDI / BUGEAUD",
                "number": 6039,
                "status": "OPEN"
            },
            "type": "Feature"
        },
        {
            "geometry": {
                "coordinates": [
                    4.849933,
                    45.764013
                ],
                "type": "Point"
            },
            "properties": {
                "address": "71 COURS LAFAYETTE",
                "available_bike_stands": 15,
                "available_bikes": 0,
                "banking": true,
                "bike_stands": 15,
                "bonus": false,
                "contract_name": "lyon",
                "last_update": 1789282031000,
                "name": "6040 - LES HALLES",
                "number": 6040,
                "status": "OPEN"
            },
            "type": "Feature"
        },
        {
            "geometry": {
                "coordinates": [
                    4.86007632824893,
                    45.7844917233207
                ],
                "type": "Point"
            },
            "properties": {
                "address": "50 QUAI ACHILLE LIGNON",
                "available_bike_stands": 22,
                "available_bikes": 3,
                "banking": false,
                "bike_stands": 25,
                "bonus": false,
                "contract_name": "lyon",
                "last_update": 1789282103000,
                "name": "6041 - VILLEURBANNE - TRANSBORDEUR",
                "number": 6041,
                "status": "OPEN"
            },
            "type": "Feature"
        },
        {
            "geometry": {
                "coordinates": [
                    4.856432,
                    45.784812
                ],
                "type": "Point"
            },
            "properties": {
                "address": "devant la r\u00e9sidence h\u00f4teli\u00e8re \u00e0 l'ouest de la place publique",
                "available_bike_stands": 24,
                "available_bikes": 2,
                "banking": true,
                "bike_stands": 28,
                "bonus": false,
                "contract_name": "lyon",
                "last_update": 1789281961000,
                "name": "6042 - CIT\u00c9 INTERNATIONALE / R\u00c9SIDENCE H\u00d4TELI\u00c8RE",
                "number": 6042,
                "status": "OPEN"
            },
            "type": "Feature"
        },
        {
            "geometry": {
                "coordinates": [
                    4.851896,
                    45.784698
                ],
                "type": "Point"
            },
            "properties": {
                "address": "80 QUAI CHARLES DE GAULLE",
                "available_bike_stands": 31,
                "available_bikes": 0,
                "banking": false,
                "bike_stands": 32,
                "bonus": false,
                "contract_name": "lyon",
                "last_update": 1789282023000,
                "name": "6043 - CIT\u00c9 INTERNATIONALE / CIN\u00c9MA",
                "number": 6043,
                "status": "OPEN"
            },
            "type": "Feature"
        },
        {
            "geometry": {
                "coordinates": [
                    4.865058,
                    45.766372
                ],
                "type": "Point"
            },
            "properties": {
                "address": "23 RUE DE LA VIABERT",
                "available_bike_stands": 9,
                "available_bikes": 12,
                "banking": true,
                "bike_stands": 21,
                "bonus": false,
                "contract_name": "lyon",
                "last_update": 1789281798000,
                "name": "6044 - CHARMETTES / BELLECOMBE",
                "number": 6044,
                "status": "OPEN"
            },
            "type": "Feature"
        },
        {
            "geometry": {
                "coordinates": [
                    4.856848,
                    45.766284
                ],
                "type": "Point"
            },
            "properties": {
                "address": "44 BVD DES BROTTEAUX",
                "available_bike_stands": 13,
                "available_bikes": 2,
                "banking": true,
                "bike_stands": 15,
                "bonus": false,
                "contract_name": "lyon",
                "last_update": 1789282032000,
                "name": "6045 - BROTTEAUX / VAUBAN",
                "number": 6045,
                "status": "OPEN"
            },
            "type": "Feature"
        },
        {
            "geometry": {
                "coordinates": [
                    4.84393624921001,
                    45.7550229384571
                ],
                "type": "Point"
            },
            "properties": {
                "address": "Place Gabriel P\u00e9ri",
                "available_bike_stands": 22,
                "available_bikes": 1,
                "banking": true,
                "bike_stands": 24,
                "bonus": false,
                "contract_name": "lyon",
                "last_update": 1789282101000,
                "name": "7001 - LYON 03 - PLACE GABRIEL P\u00c9RI",
                "number": 7001,
                "status": "OPEN"
            },
            "type": "Feature"
        },
        {
            "geometry": {
                "coordinates": [
                    4.83615396294288,
                    45.7511023770123
                ],
                "type": "Point"
            },
            "properties": {
                "address": "Quai Claude Bernard",
                "available_bike_stands": 35,
                "available_bikes": 3,
                "banking": true,
                "bike_stands": 39,
                "bonus": false,
                "contract_name": "lyon",
                "last_update": 1789282087000,
                "name": "7002 - UNIVERSIT\u00c9S LYON III / LYON II",
                "number": 7002,
                "status": "OPEN"
            },
            "type": "Feature"
        },
        {
            "geometry": {
                "coordinates": [
                    4.8526,
                    45.751827
                ],
                "type": "Point"
            },
            "properties": {
                "address": "Cours Gambette - Prolongement rue Rachais",
                "available_bike_stands": 10,
                "available_bikes": 27,
                "banking": true,
                "bike_stands": 40,
                "bonus": false,
                "contract_name": "lyon",
                "last_update": 1789282000000,
                "name": "7003 - GAMBETTA / GARIBALDI",
                "number": 7003,
                "status": "OPEN"
            },
            "type": "Feature"
        },
        {
            "geometry": {
                "coordinates": [
                    4.842265,
                    45.74656
                ],
                "type": "Point"
            },
            "properties": {
                "address": "Place Jean Mac\u00e9 - Face \u00e0 la mairie",
                "available_bike_stands": 7,
                "available_bikes": 22,
                "banking": true,
                "bike_stands": 30,
                "bonus": false,
                "contract_name": "lyon",
                "last_update": 1789282039000,
                "name": "7004 - MAIRIE DU 7E",
                "number": 7004,
                "status": "OPEN"
            },
            "type": "Feature"
        },
        {
            "geometry": {
                "coordinates": [
                    4.833996,
                    45.73182
                ],
                "type": "Point"
            },
            "properties": {
                "address": "Avenue Debourg - Angle avenue Jean Jaur\u00e8s",
                "available_bike_stands": 10,
                "available_bikes": 10,
                "banking": true,
                "bike_stands": 20,
                "bonus": false,
                "contract_name": "lyon",
                "last_update": 1789282019000,
                "name": "7005 - DEBOURG",
                "number": 7005,
                "status": "OPEN"
            },
            "type": "Feature"
        },
        {
            "geometry": {
                "coordinates": [
                    4.831145,
                    45.727494
                ],
                "type": "Point"
            },
            "properties": {
                "address": "Avenue Jean Jaur\u00e8s - Au niveau du square Galtier",
                "available_bike_stands": 26,
                "available_bikes": 12,
                "banking": true,
                "bike_stands": 40,
                "bonus": false,
                "contract_name": "lyon",
                "last_update": 1789281993000,
                "name": "7006 - GERLAND",
                "number": 7006,
                "status": "OPEN"
            },
            "type": "Feature"
        },
        {
            "geometry": {
                "coordinates": [
                    4.827725,
                    45.735741
                ],
                "type": "Point"
            },
            "properties": {
                "address": "Angle Bld Y. Farge / rue Commandant Ayasse",
                "available_bike_stands": 7,
                "available_bikes": 12,
                "banking": false,
                "bike_stands": 20,
                "bonus": false,
                "contract_name": "lyon",
                "last_update": 1789282052000,
                "name": "7007 - FARGE / AYASSE",
                "number": 7007,
                "status": "OPEN"
            },
            "type": "Feature"
        },
        {
            "geometry": {
                "coordinates": [
                    4.846278,
                    45.75251
                ],
                "type": "Point"
            },
            "properties": {
                "address": "Avenue Jean Jaur\u00e8s - Angle rue de la Guilloti\u00e8re",
                "available_bike_stands": 0,
                "available_bikes": 9,
                "banking": true,
                "bike_stands": 10,
                "bonus": false,
                "contract_name": "lyon",
                "last_update": 1789282107000,
                "name": "7008 - JEAN JAUR\u00c8S / GUILLOTI\u00c8RE",
                "number": 7008,
                "status": "OPEN"
            },
            "type": "Feature"
        },
        {
            "geometry": {
                "coordinates": [
                    4.837484,
                    45.737503
                ],
                "type": "Point"
            },
            "properties": {
                "address": "174\u2013180 Avenue Jean Jaur\u00e8s 69007 Lyon",
                "available_bike_stands": 8,
                "available_bikes": 7,
                "banking": false,
                "bike_stands": 16,
                "bonus": false,
                "contract_name": "lyon",
                "last_update": 1789282013000,
                "name": "7009 - JEAN JAUR\u00c8S",
                "number": 7009,
                "status": "OPEN"
            },
            "type": "Feature"
        },
        {
            "geometry": {
                "coordinates": [
                    4.836009,
                    45.747358
                ],
                "type": "Point"
            },
            "properties": {
                "address": "Rue Pasteur - Angle avenue Berthelot",
                "available_bike_stands": 6,
                "available_bikes": 10,
                "banking": true,
                "bike_stands": 19,
                "bonus": false,
                "contract_name": "lyon",
                "last_update": 1789282054000,
                "name": "7010 - CENTRE BERTHELOT",
                "number": 7010,
                "status": "OPEN"
            },
            "type": "Feature"
        },
        {
            "geometry": {
                "coordinates": [
                    4.847406,
                    45.743756
                ],
                "type": "Point"
            },
            "properties": {
                "address": "Rue Garibaldi - Angle avenue Berthelot",
                "available_bike_stands": 13,
                "available_bikes": 2,
                "banking": true,
                "bike_stands": 15,
                "bonus": false,
                "contract_name": "lyon",
                "last_update": 1789281558000,
                "name": "7011 - BERTHELOT / GARIBALDI",
                "number": 7011,
                "status": "OPEN"
            },
            "type": "Feature"
        },
        {
            "geometry": {
                "coordinates": [
                    4.8301170098658,
                    45.7291359373026
                ],
                "type": "Point"
            },
            "properties": {
                "address": "246 RUE MARCEL MERIEUX",
                "available_bike_stands": 16,
                "available_bikes": 0,
                "banking": false,
                "bike_stands": 16,
                "bonus": false,
                "contract_name": "lyon",
                "last_update": 1789282067000,
                "name": "7012 - MERIEUX / PAVILLONS",
                "number": 7012,
                "status": "OPEN"
            },
            "type": "Feature"
        },
        {
            "geometry": {
                "coordinates": [
                    4.823733,
                    45.730786
                ],
                "type": "Point"
            },
            "properties": {
                "address": "93\u2013131 Avenue Tony Garnier 69007 Lyon",
                "available_bike_stands": 16,
                "available_bikes": 2,
                "banking": true,
                "bike_stands": 20,
                "bonus": false,
                "contract_name": "lyon",
                "last_update": 1789282048000,
                "name": "7013 - HALLE TONY GARNIER",
                "number": 7013,
                "status": "OPEN"
            },
            "type": "Feature"
        },
        {
            "geometry": {
                "coordinates": [
                    4.841417,
                    45.752989
                ],
                "type": "Point"
            },
            "properties": {
                "address": "Rue Felissent, angle rue de Marseille",
                "available_bike_stands": 29,
                "available_bikes": 1,
                "banking": true,
                "bike_stands": 30,
                "bonus": false,
                "contract_name": "lyon",
                "last_update": 1789282099000,
                "name": "7014 - MARSEILLE / F\u00c9LISSENT",
                "number": 7014,
                "status": "OPEN"
            },
            "type": "Feature"
        },
        {
            "geometry": {
                "coordinates": [
                    4.842706,
                    45.7228
                ],
                "type": "Point"
            },
            "properties": {
                "address": "Rue professeur Jean Bernard angle Boulevard Chambaud de la Bruy\u00e8re Lyon 7",
                "available_bike_stands": 12,
                "available_bikes": 0,
                "banking": false,
                "bike_stands": 12,
                "bonus": false,
                "contract_name": "lyon",
                "last_update": 1789281958000,
                "name": "7015 - TECHSUD",
                "number": 7015,
                "status": "OPEN"
            },
            "type": "Feature"
        },
        {
            "geometry": {
                "coordinates": [
                    4.847714,
                    45.748925
                ],
                "type": "Point"
            },
            "properties": {
                "address": "Rue de la Madeleine - Angle rue St Lazarre",
                "available_bike_stands": 3,
                "available_bikes": 11,
                "banking": false,
                "bike_stands": 15,
                "bonus": false,
                "contract_name": "lyon",
                "last_update": 1789282067000,
                "name": "7016 - PLACE SAINT LOUIS",
                "number": 7016,
                "status": "OPEN"
            },
            "type": "Feature"
        },
        {
            "geometry": {
                "coordinates": [
                    4.834106,
                    45.73674
                ],
                "type": "Point"
            },
            "properties": {
                "address": "",
                "available_bike_stands": 4,
                "available_bikes": 14,
                "banking": false,
                "bike_stands": 20,
                "bonus": false,
                "contract_name": "lyon",
                "last_update": 1789281554000,
                "name": "7017 - BEAUVOIR / MAROT",
                "number": 7017,
                "status": "OPEN"
            },
            "type": "Feature"
        },
        {
            "geometry": {
                "coordinates": [
                    4.832061,
                    45.740279
                ],
                "type": "Point"
            },
            "properties": {
                "address": "2 Rue Cr\u00e9pet 69007 Lyon",
                "available_bike_stands": 0,
                "available_bikes": 20,
                "banking": false,
                "bike_stands": 20,
                "bonus": false,
                "contract_name": "lyon",
                "last_update": 1789282108000,
                "name": "7018 - LYCEE LOUISE LABE",
                "number": 7018,
                "status": "OPEN"
            },
            "type": "Feature"
        },
        {
            "geometry": {
                "coordinates": [
                    4.841079,
                    45.736722
                ],
                "type": "Point"
            },
            "properties": {
                "address": "",
                "available_bike_stands": 31,
                "available_bikes": 1,
                "banking": false,
                "bike_stands": 32,
                "bonus": false,
                "contract_name": "lyon",
                "last_update": 1789282020000,
                "name": "7019 - CROIX BARRET / BOURDEIX",
                "number": 7019,
                "status": "OPEN"
            },
            "type": "Feature"
        },
        {
            "geometry": {
                "coordinates": [
                    4.826821,
                    45.724352
                ],
                "type": "Point"
            },
            "properties": {
                "address": "All\u00e9e Pierre de Coubertin",
                "available_bike_stands": 1,
                "available_bikes": 24,
                "banking": true,
                "bike_stands": 26,
                "bonus": false,
                "contract_name": "lyon",
                "last_update": 1789281892000,
                "name": "7020 - PARC DE GERLAND",
                "number": 7020,
                "status": "OPEN"
            },
            "type": "Feature"
        },
        {
            "geometry": {
                "coordinates": [
                    4.838138,
                    45.729791
                ],
                "type": "Point"
            },
            "properties": {
                "address": "176\u2013180 Rue de Gerland 69007 Lyon",
                "available_bike_stands": 7,
                "available_bikes": 5,
                "banking": false,
                "bike_stands": 12,
                "bonus": false,
                "contract_name": "lyon",
                "last_update": 1789281971000,
                "name": "7021 - CHALLEMEL LACOUR / GERLAND",
                "number": 7021,
                "status": "OPEN"
            },
            "type": "Feature"
        },
        {
            "geometry": {
                "coordinates": [
                    4.841463,
                    45.743975
                ],
                "type": "Point"
            },
            "properties": {
                "address": "16 Impasse du Pr\u00e9 Gaudry 69007 Lyon",
                "available_bike_stands": 18,
                "available_bikes": 9,
                "banking": true,
                "bike_stands": 30,
                "bonus": false,
                "contract_name": "lyon",
                "last_update": 1789282042000,
                "name": "7022 - JAUR\u00c8S / LAGRANGE",
                "number": 7022,
                "status": "OPEN"
            },
            "type": "Feature"
        },
        {
            "geometry": {
                "coordinates": [
                    4.850538,
                    45.742639
                ],
                "type": "Point"
            },
            "properties": {
                "address": "Route de Vienne - Angle avenue Berthelot",
                "available_bike_stands": 10,
                "available_bikes": 2,
                "banking": true,
                "bike_stands": 15,
                "bonus": false,
                "contract_name": "lyon",
                "last_update": 1789281824000,
                "name": "7023 - BERTHELOT / ROUTE DE VIENNE",
                "number": 7023,
                "status": "OPEN"
            },
            "type": "Feature"
        },
        {
            "geometry": {
                "coordinates": [
                    4.840505,
                    45.748504
                ],
                "type": "Point"
            },
            "properties": {
                "address": "6 RUE BANCEL",
                "available_bike_stands": 19,
                "available_bikes": 0,
                "banking": true,
                "bike_stands": 21,
                "bonus": false,
                "contract_name": "lyon",
                "last_update": 1789282092000,
                "name": "7024 - BANCEL / CHEVREUL",
                "number": 7024,
                "status": "OPEN"
            },
            "type": "Feature"
        },
        {
            "geometry": {
                "coordinates": [
                    4.844228,
                    45.729454
                ],
                "type": "Point"
            },
            "properties": {
                "address": "",
                "available_bike_stands": 9,
                "available_bikes": 10,
                "banking": true,
                "bike_stands": 20,
                "bonus": false,
                "contract_name": "lyon",
                "last_update": 1789282043000,
                "name": "7025 - LACOUR / ARTILLERIE",
                "number": 7025,
                "status": "OPEN"
            },
            "type": "Feature"
        },
        {
            "geometry": {
                "coordinates": [
                    4.837392,
                    45.727691
                ],
                "type": "Point"
            },
            "properties": {
                "address": "",
                "available_bike_stands": 17,
                "available_bikes": 3,
                "banking": false,
                "bike_stands": 20,
                "bonus": false,
                "contract_name": "lyon",
                "last_update": 1789282089000,
                "name": "7026 - BALDASSINI / GERLAND",
                "number": 7026,
                "status": "OPEN"
            },
            "type": "Feature"
        },
        {
            "geometry": {
                "coordinates": [
                    4.83981,
                    45.73409
                ],
                "type": "Point"
            },
            "properties": {
                "address": "Rue Jean-Fran\u00e7ois Raclet angle rue de Gerland Lyon 7",
                "available_bike_stands": 5,
                "available_bikes": 10,
                "banking": false,
                "bike_stands": 15,
                "bonus": false,
                "contract_name": "lyon",
                "last_update": 1789281975000,
                "name": "7027 - RACLET / GERLAND",
                "number": 7027,
                "status": "OPEN"
            },
            "type": "Feature"
        },
        {
            "geometry": {
                "coordinates": [
                    4.834165,
                    45.743163
                ],
                "type": "Point"
            },
            "properties": {
                "address": "33 Boulevard Yves Farge 69007 Lyon",
                "available_bike_stands": 1,
                "available_bikes": 28,
                "banking": false,
                "bike_stands": 30,
                "bonus": false,
                "contract_name": "lyon",
                "last_update": 1789282052000,
                "name": "7030 - QUARTIER GENERAL FRERE",
                "number": 7030,
                "status": "OPEN"
            },
            "type": "Feature"
        },
        {
            "geometry": {
                "coordinates": [
                    4.840308,
                    45.739827
                ],
                "type": "Point"
            },
            "properties": {
                "address": "42 Rue de Gerland 69007 Lyon",
                "available_bike_stands": 19,
                "available_bikes": 0,
                "banking": false,
                "bike_stands": 20,
                "bonus": false,
                "contract_name": "lyon",
                "last_update": 1789281751000,
                "name": "7031 - JAUR\u00c8S / GERLAND",
                "number": 7031,
                "status": "OPEN"
            },
            "type": "Feature"
        },
        {
            "geometry": {
                "coordinates": [
                    4.834816,
                    45.749431
                ],
                "type": "Point"
            },
            "properties": {
                "address": "Sur le quai haut",
                "available_bike_stands": 25,
                "available_bikes": 7,
                "banking": true,
                "bike_stands": 33,
                "bonus": false,
                "contract_name": "lyon",
                "last_update": 1789281987000,
                "name": "7033 - SAINT-LUC / SAINT-JOSEPH",
                "number": 7033,
                "status": "OPEN"
            },
            "type": "Feature"
        },
        {
            "geometry": {
                "coordinates": [
                    4.838283,
                    45.753705
                ],
                "type": "Point"
            },
            "properties": {
                "address": "Sur le quai devant l'entr\u00e9e de la piscine",
                "available_bike_stands": 30,
                "available_bikes": 0,
                "banking": true,
                "bike_stands": 31,
                "bonus": false,
                "contract_name": "lyon",
                "last_update": 1789281664000,
                "name": "7034 - PISCINE DU RH\u00d4NE",
                "number": 7034,
                "status": "OPEN"
            },
            "type": "Feature"
        },
        {
            "geometry": {
                "coordinates": [
                    4.83927,
                    45.750945
                ],
                "type": "Point"
            },
            "properties": {
                "address": "Angle rue de Marseille",
                "available_bike_stands": 36,
                "available_bikes": 0,
                "banking": true,
                "bike_stands": 40,
                "bonus": false,
                "contract_name": "lyon",
                "last_update": 1789281828000,
                "name": "7035 - MARSEILLE / UNIVERSIT\u00c9",
                "number": 7035,
                "status": "OPEN"
            },
            "type": "Feature"
        },
        {
            "geometry": {
                "coordinates": [
                    4.843812,
                    45.751902
                ],
                "type": "Point"
            },
            "properties": {
                "address": "",
                "available_bike_stands": 22,
                "available_bikes": 3,
                "banking": true,
                "bike_stands": 25,
                "bonus": false,
                "contract_name": "lyon",
                "last_update": 1789282033000,
                "name": "7036 - GRYPHE / MONTESQUIEU",
                "number": 7036,
                "status": "OPEN"
            },
            "type": "Feature"
        },
        {
            "geometry": {
                "coordinates": [
                    4.85334548365564,
                    45.7497163259285
                ],
                "type": "Point"
            },
            "properties": {
                "address": "Angle Rue de la Guillotiere",
                "available_bike_stands": 8,
                "available_bikes": 9,
                "banking": false,
                "bike_stands": 18,
                "bonus": false,
                "contract_name": "lyon",
                "last_update": 1789282051000,
                "name": "7038 - PLACE STALINGRAD",
                "number": 7038,
                "status": "OPEN"
            },
            "type": "Feature"
        },
        {
            "geometry": {
                "coordinates": [
                    4.848018,
                    45.751073
                ],
                "type": "Point"
            },
            "properties": {
                "address": "Angle rue de la Madeleine",
                "available_bike_stands": 0,
                "available_bikes": 10,
                "banking": false,
                "bike_stands": 10,
                "bonus": false,
                "contract_name": "lyon",
                "last_update": 1789282068000,
                "name": "7039 - GUILLOTI\u00c8RE / MADELEINE",
                "number": 7039,
                "status": "OPEN"
            },
            "type": "Feature"
        },
        {
            "geometry": {
                "coordinates": [
                    4.844455,
                    45.746681
                ],
                "type": "Point"
            },
            "properties": {
                "address": "Rue Domer/angle rue Chevreul",
                "available_bike_stands": 3,
                "available_bikes": 8,
                "banking": false,
                "bike_stands": 12,
                "bonus": false,
                "contract_name": "lyon",
                "last_update": 1789282000000,
                "name": "7041 - DOMER / CHEVREUL",
                "number": 7041,
                "status": "OPEN"
            },
            "type": "Feature"
        },
        {
            "geometry": {
                "coordinates": [
                    4.824495,
                    45.737745
                ],
                "type": "Point"
            },
            "properties": {
                "address": "40 AV. LECLERC",
                "available_bike_stands": 5,
                "available_bikes": 18,
                "banking": true,
                "bike_stands": 25,
                "bonus": false,
                "contract_name": "lyon",
                "last_update": 1789282099000,
                "name": "7045 - PARC DES BERGES",
                "number": 7045,
                "status": "OPEN"
            },
            "type": "Feature"
        },
        {
            "geometry": {
                "coordinates": [
                    4.82781,
                    45.730083
                ],
                "type": "Point"
            },
            "properties": {
                "address": "Angle rue de St Cloud",
                "available_bike_stands": 25,
                "available_bikes": 3,
                "banking": false,
                "bike_stands": 28,
                "bonus": false,
                "contract_name": "lyon",
                "last_update": 1789282094000,
                "name": "7046 - PLACE DE L'ECOLE",
                "number": 7046,
                "status": "OPEN"
            },
            "type": "Feature"
        },
        {
            "geometry": {
                "coordinates": [
                    4.823563,
                    45.727951
                ],
                "type": "Point"
            },
            "properties": {
                "address": "27\u201333 Rue Alexander Fleming 69007 Lyon",
                "available_bike_stands": 21,
                "available_bikes": 4,
                "banking": false,
                "bike_stands": 25,
                "bonus": false,
                "contract_name": "lyon",
                "last_update": 1789281954000,
                "name": "7049 - CIT\u00c9 SCOLAIRE INTERNATIONALE",
                "number": 7049,
                "status": "OPEN"
            },
            "type": "Feature"
        },
        {
            "geometry": {
                "coordinates": [
                    4.85803,
                    45.74545
                ],
                "type": "Point"
            },
            "properties": {
                "address": "Rue Veyron / Bd des Tchekoslovaques Lyon 3",
                "available_bike_stands": 5,
                "available_bikes": 10,
                "banking": false,
                "bike_stands": 15,
                "bonus": false,
                "contract_name": "lyon",
                "last_update": 1789282041000,
                "name": "7050 - VEYRON / TCHEKOSLOVAQUES",
                "number": 7050,
                "status": "OPEN"
            },
            "type": "Feature"
        },
        {
            "geometry": {
                "coordinates": [
                    4.856358,
                    45.747933
                ],
                "type": "Point"
            },
            "properties": {
                "address": "",
                "available_bike_stands": 6,
                "available_bikes": 23,
                "banking": false,
                "bike_stands": 30,
                "bonus": false,
                "contract_name": "lyon",
                "last_update": 1789281924000,
                "name": "7051 - GUILLOTIERE / NICOLA\u00cf",
                "number": 7051,
                "status": "OPEN"
            },
            "type": "Feature"
        },
        {
            "geometry": {
                "coordinates": [
                    4.851214,
                    45.745939
                ],
                "type": "Point"
            },
            "properties": {
                "address": "Rue de l'Epargne",
                "available_bike_stands": 4,
                "available_bikes": 19,
                "banking": false,
                "bike_stands": 25,
                "bonus": false,
                "contract_name": "lyon",
                "last_update": 1789282019000,
                "name": "7052 - PARC BLANDAN",
                "number": 7052,
                "status": "OPEN"
            },
            "type": "Feature"
        },
        {
            "geometry": {
                "coordinates": [
                    4.845048,
                    45.750344
                ],
                "type": "Point"
            },
            "properties": {
                "address": "26 RUE DE LA THIBAUDIERE",
                "available_bike_stands": 0,
                "available_bikes": 0,
                "banking": false,
                "bike_stands": 28,
                "bonus": false,
                "contract_name": "lyon",
                "last_update": 1789282012000,
                "name": "7053 - JAUR\u00c8S / THIBAUDI\u00c8RE",
                "number": 7053,
                "status": "CLOSED"
            },
            "type": "Feature"
        },
        {
            "geometry": {
                "coordinates": [
                    4.842051,
                    45.746779
                ],
                "type": "Point"
            },
            "properties": {
                "address": "23 RUE RENAN",
                "available_bike_stands": 15,
                "available_bikes": 1,
                "banking": false,
                "bike_stands": 16,
                "bonus": false,
                "contract_name": "lyon",
                "last_update": 1789281531000,
                "name": "7055 - SERVANT / JABOULAY",
                "number": 7055,
                "status": "OPEN"
            },
            "type": "Feature"
        },
        {
            "geometry": {
                "coordinates": [
                    4.840745,
                    45.755783
                ],
                "type": "Point"
            },
            "properties": {
                "address": "4 PLACE RASPAIL",
                "available_bike_stands": 22,
                "available_bikes": 0,
                "banking": true,
                "bike_stands": 22,
                "bonus": false,
                "contract_name": "lyon",
                "last_update": 1789282003000,
                "name": "7056 - PLACE RASPAIL",
                "number": 7056,
                "status": "OPEN"
            },
            "type": "Feature"
        },
        {
            "geometry": {
                "coordinates": [
                    4.835486,
                    45.734712
                ],
                "type": "Point"
            },
            "properties": {
                "address": "217b\u2013221 Avenue Jean Jaur\u00e8s 69007 Lyon",
                "available_bike_stands": 10,
                "available_bikes": 24,
                "banking": true,
                "bike_stands": 34,
                "bonus": false,
                "contract_name": "lyon",
                "last_update": 1789282067000,
                "name": "7057 - JAURES / BOLLIER",
                "number": 7057,
                "status": "OPEN"
            },
            "type": "Feature"
        },
        {
            "geometry": {
                "coordinates": [
                    4.84314703564899,
                    45.7484781394435
                ],
                "type": "Point"
            },
            "properties": {
                "address": "64 AV. JEAN JAURES",
                "available_bike_stands": 22,
                "available_bikes": 2,
                "banking": false,
                "bike_stands": 25,
                "bonus": false,
                "contract_name": "lyon",
                "last_update": 1789281924000,
                "name": "7061 - JAURES / UNIVERSITE",
                "number": 7061,
                "status": "OPEN"
            },
            "type": "Feature"
        },
        {
            "geometry": {
                "coordinates": [
                    4.85162,
                    45.747735
                ],
                "type": "Point"
            },
            "properties": {
                "address": "51 RUE DOMER",
                "available_bike_stands": 4,
                "available_bikes": 14,
                "banking": true,
                "bike_stands": 19,
                "bonus": false,
                "contract_name": "lyon",
                "last_update": 1789282043000,
                "name": "7062 - GARIBALDI / DOMER",
                "number": 7062,
                "status": "OPEN"
            },
            "type": "Feature"
        },
        {
            "geometry": {
                "coordinates": [
                    4.847843,
                    45.74541
                ],
                "type": "Point"
            },
            "properties": {
                "address": "96 RUE CHEVREUL",
                "available_bike_stands": 4,
                "available_bikes": 12,
                "banking": false,
                "bike_stands": 17,
                "bonus": false,
                "contract_name": "lyon",
                "last_update": 1789282114000,
                "name": "7064 - CROUS",
                "number": 7064,
                "status": "OPEN"
            },
            "type": "Feature"
        },
        {
            "geometry": {
                "coordinates": [
                    4.861533,
                    45.748535
                ],
                "type": "Point"
            },
            "properties": {
                "address": "Devant entr\u00e9e principale de l'universit\u00e9",
                "available_bike_stands": 22,
                "available_bikes": 13,
                "banking": true,
                "bike_stands": 36,
                "bonus": false,
                "contract_name": "lyon",
                "last_update": 1789282090000,
                "name": "8001 - UNIVERSIT\u00c9 LYON III",
                "number": 8001,
                "status": "OPEN"
            },
            "type": "Feature"
        },
        {
            "geometry": {
                "coordinates": [
                    4.871604,
                    45.745296
                ],
                "type": "Point"
            },
            "properties": {
                "address": "Face au cours Albert Thomas",
                "available_bike_stands": 6,
                "available_bikes": 8,
                "banking": true,
                "bike_stands": 20,
                "bonus": false,
                "contract_name": "lyon",
                "last_update": 1789282015000,
                "name": "8002 - PLACE AMBROISE COURTOIS",
                "number": 8002,
                "status": "OPEN"
            },
            "type": "Feature"
        },
        {
            "geometry": {
                "coordinates": [
                    4.886885,
                    45.738135
                ],
                "type": "Point"
            },
            "properties": {
                "address": "Devant entr\u00e9e de la fac",
                "available_bike_stands": 5,
                "available_bikes": 9,
                "banking": false,
                "bike_stands": 16,
                "bonus": false,
                "contract_name": "lyon",
                "last_update": 1789282061000,
                "name": "8003 - CLAUDE BERNARD LYON I",
                "number": 8003,
                "status": "OPEN"
            },
            "type": "Feature"
        },
        {
            "geometry": {
                "coordinates": [
                    4.872803,
                    45.735158
                ],
                "type": "Point"
            },
            "properties": {
                "address": "Devant la mairie du 8e",
                "available_bike_stands": 5,
                "available_bikes": 15,
                "banking": false,
                "bike_stands": 21,
                "bonus": false,
                "contract_name": "lyon",
                "last_update": 1789281745000,
                "name": "8004 - MAIRIE DU 8E",
                "number": 8004,
                "status": "OPEN"
            },
            "type": "Feature"
        },
        {
            "geometry": {
                "coordinates": [
                    4.868157,
                    45.729771
                ],
                "type": "Point"
            },
            "properties": {
                "address": "Rue Professeur Beauvisage/Angle bd des Etats-Unis",
                "available_bike_stands": 3,
                "available_bikes": 16,
                "banking": false,
                "bike_stands": 20,
                "bonus": false,
                "contract_name": "lyon",
                "last_update": 1789282022000,
                "name": "8006 - PLACE DU 8 MAI 1945",
                "number": 8006,
                "status": "OPEN"
            },
            "type": "Feature"
        },
        {
            "geometry": {
                "coordinates": [
                    4.866424,
                    45.745018
                ],
                "type": "Point"
            },
            "properties": {
                "address": "Angle rue Villon",
                "available_bike_stands": 1,
                "available_bikes": 19,
                "banking": false,
                "bike_stands": 20,
                "bonus": false,
                "contract_name": "lyon",
                "last_update": 1789282056000,
                "name": "8007 - FR\u00c8RES LUMI\u00c8RE",
                "number": 8007,
                "status": "OPEN"
            },
            "type": "Feature"
        },
        {
            "geometry": {
                "coordinates": [
                    4.86355,
                    45.727881
                ],
                "type": "Point"
            },
            "properties": {
                "address": "Rue du Professeur Beauvisage",
                "available_bike_stands": 3,
                "available_bikes": 14,
                "banking": false,
                "bike_stands": 17,
                "bonus": false,
                "contract_name": "lyon",
                "last_update": 1789282097000,
                "name": "8008 - BEAUVISAGE / PRESSENS\u00c9",
                "number": 8008,
                "status": "OPEN"
            },
            "type": "Feature"
        },
        {
            "geometry": {
                "coordinates": [
                    4.869789,
                    45.73648
                ],
                "type": "Point"
            },
            "properties": {
                "address": "Boulevard Jean XXIII - Angle de la rue Mermoz",
                "available_bike_stands": 3,
                "available_bikes": 10,
                "banking": true,
                "bike_stands": 20,
                "bonus": false,
                "contract_name": "lyon",
                "last_update": 1789282075000,
                "name": "8009 - JEAN XXIII / MERMOZ",
                "number": 8009,
                "status": "OPEN"
            },
            "type": "Feature"
        },
        {
            "geometry": {
                "coordinates": [
                    4.85941,
                    45.740052
                ],
                "type": "Point"
            },
            "properties": {
                "address": "95 AV. DE L'EUROPE",
                "available_bike_stands": 3,
                "available_bikes": 16,
                "banking": true,
                "bike_stands": 20,
                "bonus": false,
                "contract_name": "lyon",
                "last_update": 1789282058000,
                "name": "8010 - PLACE MEND\u00c8S FRANCE",
                "number": 8010,
                "status": "OPEN"
            },
            "type": "Feature"
        },
        {
            "geometry": {
                "coordinates": [
                    4.853042,
                    45.735653
                ],
                "type": "Point"
            },
            "properties": {
                "address": "C\u00f4t\u00e9 route de Vienne",
                "available_bike_stands": 6,
                "available_bikes": 7,
                "banking": false,
                "bike_stands": 14,
                "bonus": false,
                "contract_name": "lyon",
                "last_update": 1789282101000,
                "name": "8011 - PLACE LEBRET",
                "number": 8011,
                "status": "OPEN"
            },
            "type": "Feature"
        },
        {
            "geometry": {
                "coordinates": [
                    4.874192,
                    45.740324
                ],
                "type": "Point"
            },
            "properties": {
                "address": "RUE MARYSE BASTIE",
                "available_bike_stands": 4,
                "available_bikes": 11,
                "banking": false,
                "bike_stands": 16,
                "bonus": false,
                "contract_name": "lyon",
                "last_update": 1789282103000,
                "name": "8015 - JEAN XXIII",
                "number": 8015,
                "status": "OPEN"
            },
            "type": "Feature"
        },
        {
            "geometry": {
                "coordinates": [
                    4.854338,
                    45.729714
                ],
                "type": "Point"
            },
            "properties": {
                "address": "",
                "available_bike_stands": 6,
                "available_bikes": 16,
                "banking": true,
                "bike_stands": 22,
                "bonus": false,
                "contract_name": "lyon",
                "last_update": 1789282078000,
                "name": "8020 - VENISSIEUX - MOULIN A VENT",
                "number": 8020,
                "status": "OPEN"
            },
            "type": "Feature"
        },
        {
            "geometry": {
                "coordinates": [
                    4.877279,
                    45.728542
                ],
                "type": "Point"
            },
            "properties": {
                "address": "Place G\u00e9n\u00e9ral Andr\u00e9 - Face au 126 avenue Paul Santy",
                "available_bike_stands": 0,
                "available_bikes": 11,
                "banking": false,
                "bike_stands": 16,
                "bonus": false,
                "contract_name": "lyon",
                "last_update": 1789281987000,
                "name": "8021 - PAUL SANTY",
                "number": 8021,
                "status": "OPEN"
            },
            "type": "Feature"
        },
        {
            "geometry": {
                "coordinates": [
                    4.887513,
                    45.730788
                ],
                "type": "Point"
            },
            "properties": {
                "address": "",
                "available_bike_stands": 0,
                "available_bikes": 23,
                "banking": true,
                "bike_stands": 23,
                "bonus": false,
                "contract_name": "lyon",
                "last_update": 1789282034000,
                "name": "8023 - MERMOZ / PINEL",
                "number": 8023,
                "status": "OPEN"
            },
            "type": "Feature"
        },
        {
            "geometry": {
                "coordinates": [
                    4.878607,
                    45.733317
                ],
                "type": "Point"
            },
            "properties": {
                "address": "Angle av Michelet",
                "available_bike_stands": 1,
                "available_bikes": 8,
                "banking": false,
                "bike_stands": 12,
                "bonus": false,
                "contract_name": "lyon",
                "last_update": 1789282069000,
                "name": "8024 - MERMOZ / MICHELET",
                "number": 8024,
                "status": "OPEN"
            },
            "type": "Feature"
        },
        {
            "geometry": {
                "coordinates": [
                    4.860889,
                    45.744447
                ],
                "type": "Point"
            },
            "properties": {
                "address": "12 RUE SANTOS DUMONT",
                "available_bike_stands": 6,
                "available_bikes": 10,
                "banking": false,
                "bike_stands": 17,
                "bonus": false,
                "contract_name": "lyon",
                "last_update": 1789281973000,
                "name": "8025 - DUMONT / JOUVET",
                "number": 8025,
                "status": "OPEN"
            },
            "type": "Feature"
        },
        {
            "geometry": {
                "coordinates": [
                    4.865101,
                    45.732366
                ],
                "type": "Point"
            },
            "properties": {
                "address": "81 BVD DES Etats-Unis",
                "available_bike_stands": 5,
                "available_bikes": 17,
                "banking": false,
                "bike_stands": 22,
                "bonus": false,
                "contract_name": "lyon",
                "last_update": 1789282066000,
                "name": "8029 - ETATS-UNIS / L\u00c9VIGNE",
                "number": 8029,
                "status": "OPEN"
            },
            "type": "Feature"
        },
        {
            "geometry": {
                "coordinates": [
                    4.879733,
                    45.741425
                ],
                "type": "Point"
            },
            "properties": {
                "address": "Angle rue Nungesser et Coli",
                "available_bike_stands": 4,
                "available_bikes": 12,
                "banking": false,
                "bike_stands": 16,
                "bonus": false,
                "contract_name": "lyon",
                "last_update": 1789282047000,
                "name": "8030 - LA\u00cbNNEC",
                "number": 8030,
                "status": "OPEN"
            },
            "type": "Feature"
        },
        {
            "geometry": {
                "coordinates": [
                    4.865503,
                    45.737481
                ],
                "type": "Point"
            },
            "properties": {
                "address": "",
                "available_bike_stands": 0,
                "available_bikes": 18,
                "banking": false,
                "bike_stands": 20,
                "bonus": false,
                "contract_name": "lyon",
                "last_update": 1789282023000,
                "name": "8033 - BERTHELOT / CAZENEUVE",
                "number": 8033,
                "status": "OPEN"
            },
            "type": "Feature"
        },
        {
            "geometry": {
                "coordinates": [
                    4.862727,
                    45.738301
                ],
                "type": "Point"
            },
            "properties": {
                "address": "Angle avenue Berthelot",
                "available_bike_stands": 1,
                "available_bikes": 10,
                "banking": false,
                "bike_stands": 13,
                "bonus": false,
                "contract_name": "lyon",
                "last_update": 1789282034000,
                "name": "8034 - BERTHELOT / VILLON",
                "number": 8034,
                "status": "OPEN"
            },
            "type": "Feature"
        },
        {
            "geometry": {
                "coordinates": [
                    4.865386,
                    45.747251
                ],
                "type": "Point"
            },
            "properties": {
                "address": "54 COURS ALBERT THOMAS",
                "available_bike_stands": 3,
                "available_bikes": 16,
                "banking": true,
                "bike_stands": 20,
                "bonus": false,
                "contract_name": "lyon",
                "last_update": 1789282049000,
                "name": "8035 - SANS SOUCI",
                "number": 8035,
                "status": "OPEN"
            },
            "type": "Feature"
        },
        {
            "geometry": {
                "coordinates": [
                    4.862906,
                    45.734027
                ],
                "type": "Point"
            },
            "properties": {
                "address": "Rue Paul Cazeneuve - Angle du boulevard des Etats-Unis",
                "available_bike_stands": 1,
                "available_bikes": 16,
                "banking": true,
                "bike_stands": 19,
                "bonus": false,
                "contract_name": "lyon",
                "last_update": 1789281582000,
                "name": "8037 - CAZENEUVE",
                "number": 8037,
                "status": "OPEN"
            },
            "type": "Feature"
        },
        {
            "geometry": {
                "coordinates": [
                    4.867501,
                    45.746691
                ],
                "type": "Point"
            },
            "properties": {
                "address": "Angle rue Villon",
                "available_bike_stands": 10,
                "available_bikes": 7,
                "banking": false,
                "bike_stands": 20,
                "bonus": false,
                "contract_name": "lyon",
                "last_update": 1789281990000,
                "name": "8038 - ALBERT THOMAS / VILLON",
                "number": 8038,
                "status": "OPEN"
            },
            "type": "Feature"
        },
        {
            "geometry": {
                "coordinates": [
                    4.852412,
                    45.738617
                ],
                "type": "Point"
            },
            "properties": {
                "address": "97 ROUTE DE VIENNE",
                "available_bike_stands": 13,
                "available_bikes": 6,
                "banking": true,
                "bike_stands": 20,
                "bonus": false,
                "contract_name": "lyon",
                "last_update": 1789281534000,
                "name": "8039 - PIERRE DELORE",
                "number": 8039,
                "status": "OPEN"
            },
            "type": "Feature"
        },
        {
            "geometry": {
                "coordinates": [
                    4.883667,
                    45.736289
                ],
                "type": "Point"
            },
            "properties": {
                "address": "Face au 54 Boulevard Ambroise Par\u00e9",
                "available_bike_stands": 0,
                "available_bikes": 13,
                "banking": false,
                "bike_stands": 24,
                "bonus": false,
                "contract_name": "lyon",
                "last_update": 1789282096000,
                "name": "8040 - AMBROISE PAR\u00c9",
                "number": 8040,
                "status": "OPEN"
            },
            "type": "Feature"
        },
        {
            "geometry": {
                "coordinates": [
                    4.87077617837306,
                    45.7249987647013
                ],
                "type": "Point"
            },
            "properties": {
                "address": "170 Boulevard des Etats-Unis, Angle Avenue Viviani, direction Venissieux",
                "available_bike_stands": 9,
                "available_bikes": 9,
                "banking": false,
                "bike_stands": 20,
                "bonus": false,
                "contract_name": "lyon",
                "last_update": 1789282019000,
                "name": "8041 - ETATS-UNIS / VIVIANI",
                "number": 8041,
                "status": "OPEN"
            },
            "type": "Feature"
        },
        {
            "geometry": {
                "coordinates": [
                    4.860139,
                    45.731361
                ],
                "type": "Point"
            },
            "properties": {
                "address": "73 RUE CAZENEUVE",
                "available_bike_stands": 10,
                "available_bikes": 10,
                "banking": false,
                "bike_stands": 22,
                "bonus": false,
                "contract_name": "lyon",
                "last_update": 1789282047000,
                "name": "8042 - FRANCIS DE PRESSENS\u00c9",
                "number": 8042,
                "status": "OPEN"
            },
            "type": "Feature"
        },
        {
            "geometry": {
                "coordinates": [
                    4.879855,
                    45.736219
                ],
                "type": "Point"
            },
            "properties": {
                "address": "",
                "available_bike_stands": 5,
                "available_bikes": 13,
                "banking": false,
                "bike_stands": 18,
                "bonus": false,
                "contract_name": "lyon",
                "last_update": 1789282073000,
                "name": "8050 - BATAILLE / KR\u00dcGER",
                "number": 8050,
                "status": "OPEN"
            },
            "type": "Feature"
        },
        {
            "geometry": {
                "coordinates": [
                    4.854165,
                    45.724172
                ],
                "type": "Point"
            },
            "properties": {
                "address": "303 ROUTE DE VIENNE (VENISSIEUX)",
                "available_bike_stands": 5,
                "available_bikes": 15,
                "banking": false,
                "bike_stands": 20,
                "bonus": false,
                "contract_name": "lyon",
                "last_update": 1789282019000,
                "name": "8051 - VENISSIEUX - H\u00d4PITAL SAINT-JEAN DE DIEU",
                "number": 8051,
                "status": "OPEN"
            },
            "type": "Feature"
        },
        {
            "geometry": {
                "coordinates": [
                    4.860196,
                    45.747091
                ],
                "type": "Point"
            },
            "properties": {
                "address": "2 AV. DES FRERES LUMIERE",
                "available_bike_stands": 7,
                "available_bikes": 8,
                "banking": false,
                "bike_stands": 16,
                "bonus": false,
                "contract_name": "lyon",
                "last_update": 1789282029000,
                "name": "8052 - CLINIQUE MONPLAISIR",
                "number": 8052,
                "status": "OPEN"
            },
            "type": "Feature"
        },
        {
            "geometry": {
                "coordinates": [
                    4.870083,
                    45.743569
                ],
                "type": "Point"
            },
            "properties": {
                "address": "6 RUE ANTOINE LUMIERE",
                "available_bike_stands": 2,
                "available_bikes": 12,
                "banking": false,
                "bike_stands": 16,
                "bonus": false,
                "contract_name": "lyon",
                "last_update": 1789282112000,
                "name": "8053 - LUMIERE / TROUILHET",
                "number": 8053,
                "status": "OPEN"
            },
            "type": "Feature"
        },
        {
            "geometry": {
                "coordinates": [
                    4.868244,
                    45.740865
                ],
                "type": "Point"
            },
            "properties": {
                "address": "34 RUE ANTOINE LUMIERE",
                "available_bike_stands": 1,
                "available_bikes": 18,
                "banking": true,
                "bike_stands": 20,
                "bonus": false,
                "contract_name": "lyon",
                "last_update": 1789282012000,
                "name": "8054 - MARTINI\u00c8RE / MONPLAISIR",
                "number": 8054,
                "status": "OPEN"
            },
            "type": "Feature"
        },
        {
            "geometry": {
                "coordinates": [
                    4.860219,
                    45.74222
                ],
                "type": "Point"
            },
            "properties": {
                "address": "",
                "available_bike_stands": 1,
                "available_bikes": 15,
                "banking": true,
                "bike_stands": 20,
                "bonus": false,
                "contract_name": "lyon",
                "last_update": 1789282066000,
                "name": "8055 - SAINT-ROMAIN / BERLIET",
                "number": 8055,
                "status": "OPEN"
            },
            "type": "Feature"
        },
        {
            "geometry": {
                "coordinates": [
                    4.856888,
                    45.73586
                ],
                "type": "Point"
            },
            "properties": {
                "address": "69 RUE AUDIBERT ET LAVIROTTE",
                "available_bike_stands": 8,
                "available_bikes": 8,
                "banking": false,
                "bike_stands": 18,
                "bonus": false,
                "contract_name": "lyon",
                "last_update": 1789281546000,
                "name": "8056 - DELORE / AUDIBERT ET LAVIROTTE",
                "number": 8056,
                "status": "OPEN"
            },
            "type": "Feature"
        },
        {
            "geometry": {
                "coordinates": [
                    4.853406,
                    45.732483
                ],
                "type": "Point"
            },
            "properties": {
                "address": "184 ROUTE DE VIENNE",
                "available_bike_stands": 10,
                "available_bikes": 8,
                "banking": false,
                "bike_stands": 20,
                "bonus": false,
                "contract_name": "lyon",
                "last_update": 1789282092000,
                "name": "8057 - VIENNE / MONTAGNY",
                "number": 8057,
                "status": "OPEN"
            },
            "type": "Feature"
        },
        {
            "geometry": {
                "coordinates": [
                    4.878117,
                    45.738671
                ],
                "type": "Point"
            },
            "properties": {
                "address": "10 RUE PDT P. KRUGER",
                "available_bike_stands": 7,
                "available_bikes": 8,
                "banking": false,
                "bike_stands": 16,
                "bonus": false,
                "contract_name": "lyon",
                "last_update": 1789281996000,
                "name": "8058 - LONGEFER / KRUGER",
                "number": 8058,
                "status": "OPEN"
            },
            "type": "Feature"
        },
        {
            "geometry": {
                "coordinates": [
                    4.88954,
                    45.735375
                ],
                "type": "Point"
            },
            "properties": {
                "address": "173 BVD PINEL (BRON)",
                "available_bike_stands": 0,
                "available_bikes": 15,
                "banking": false,
                "bike_stands": 15,
                "bonus": false,
                "contract_name": "lyon",
                "last_update": 1789282070000,
                "name": "8059 - LAENNEC / PINEL",
                "number": 8059,
                "status": "OPEN"
            },
            "type": "Feature"
        },
        {
            "geometry": {
                "coordinates": [
                    4.874205,
                    45.731708
                ],
                "type": "Point"
            },
            "properties": {
                "address": "",
                "available_bike_stands": 1,
                "available_bikes": 16,
                "banking": false,
                "bike_stands": 17,
                "bonus": false,
                "contract_name": "lyon",
                "last_update": 1789282030000,
                "name": "8060 - SANTY / BEAUVISAGE",
                "number": 8060,
                "status": "OPEN"
            },
            "type": "Feature"
        },
        {
            "geometry": {
                "coordinates": [
                    4.881292,
                    45.725403
                ],
                "type": "Point"
            },
            "properties": {
                "address": "164 AV. PAUL SANTY",
                "available_bike_stands": 0,
                "available_bikes": 18,
                "banking": true,
                "bike_stands": 18,
                "bonus": false,
                "contract_name": "lyon",
                "last_update": 1789282076000,
                "name": "8061 - STADE VUILLERMET",
                "number": 8061,
                "status": "OPEN"
            },
            "type": "Feature"
        },
        {
            "geometry": {
                "coordinates": [
                    4.805676,
                    45.774241
                ],
                "type": "Point"
            },
            "properties": {
                "address": "Prox. m\u00e9tro Valmy",
                "available_bike_stands": 15,
                "available_bikes": 12,
                "banking": true,
                "bike_stands": 27,
                "bonus": false,
                "contract_name": "lyon",
                "last_update": 1789281776000,
                "name": "9002 - MAIRIE DU 9E",
                "number": 9002,
                "status": "OPEN"
            },
            "type": "Feature"
        },
        {
            "geometry": {
                "coordinates": [
                    4.805314,
                    45.775679
                ],
                "type": "Point"
            },
            "properties": {
                "address": "Rue Roquette / angle rue de Bourgogne",
                "available_bike_stands": 7,
                "available_bikes": 9,
                "banking": false,
                "bike_stands": 16,
                "bonus": false,
                "contract_name": "lyon",
                "last_update": 1789281997000,
                "name": "9003 - PLACE VALMY",
                "number": 9003,
                "status": "OPEN"
            },
            "type": "Feature"
        },
        {
            "geometry": {
                "coordinates": [
                    4.804666,
                    45.779786
                ],
                "type": "Point"
            },
            "properties": {
                "address": "Face entr\u00e9e de la gare",
                "available_bike_stands": 13,
                "available_bikes": 7,
                "banking": true,
                "bike_stands": 22,
                "bonus": false,
                "contract_name": "lyon",
                "last_update": 1789282052000,
                "name": "9004 - GARE DE VAISE",
                "number": 9004,
                "status": "OPEN"
            },
            "type": "Feature"
        },
        {
            "geometry": {
                "coordinates": [
                    4.803297,
                    45.777287
                ],
                "type": "Point"
            },
            "properties": {
                "address": "Rue Tissot / angle rue de Bourgogne",
                "available_bike_stands": 5,
                "available_bikes": 9,
                "banking": true,
                "bike_stands": 16,
                "bonus": false,
                "contract_name": "lyon",
                "last_update": 1789281878000,
                "name": "9006 - TH\u00c9\u00c2TRE NOUVELLE G\u00c9N\u00c9RATION",
                "number": 9006,
                "status": "OPEN"
            },
            "type": "Feature"
        },
        {
            "geometry": {
                "coordinates": [
                    4.829038,
                    45.797415
                ],
                "type": "Point"
            },
            "properties": {
                "address": "3 QUAI PAUL SEDAILLAN",
                "available_bike_stands": 0,
                "available_bikes": 14,
                "banking": true,
                "bike_stands": 16,
                "bonus": false,
                "contract_name": "lyon",
                "last_update": 1789282024000,
                "name": "9008 - L'ILE BARBE",
                "number": 9008,
                "status": "OPEN"
            },
            "type": "Feature"
        },
        {
            "geometry": {
                "coordinates": [
                    4.825451,
                    45.801192
                ],
                "type": "Point"
            },
            "properties": {
                "address": "",
                "available_bike_stands": 2,
                "available_bikes": 13,
                "banking": false,
                "bike_stands": 15,
                "bonus": false,
                "contract_name": "lyon",
                "last_update": 1789282058000,
                "name": "9009 - BERLIOZ / CHALINEL",
                "number": 9009,
                "status": "OPEN"
            },
            "type": "Feature"
        },
        {
            "geometry": {
                "coordinates": [
                    4.79644,
                    45.771034
                ],
                "type": "Point"
            },
            "properties": {
                "address": "37 AV. SIDOINE APOLLINAIRE",
                "available_bike_stands": 13,
                "available_bikes": 5,
                "banking": false,
                "bike_stands": 19,
                "bonus": false,
                "contract_name": "lyon",
                "last_update": 1789282097000,
                "name": "9010 - PISCINE DE VAISE",
                "number": 9010,
                "status": "OPEN"
            },
            "type": "Feature"
        },
        {
            "geometry": {
                "coordinates": [
                    4.812681,
                    45.769803
                ],
                "type": "Point"
            },
            "properties": {
                "address": "Quai Chauveau / angle Pont Koenig",
                "available_bike_stands": 17,
                "available_bikes": 1,
                "banking": false,
                "bike_stands": 19,
                "bonus": false,
                "contract_name": "lyon",
                "last_update": 1789282022000,
                "name": "9011 - CONSERVATOIRE",
                "number": 9011,
                "status": "OPEN"
            },
            "type": "Feature"
        },
        {
            "geometry": {
                "coordinates": [
                    4.814418,
                    45.787522
                ],
                "type": "Point"
            },
            "properties": {
                "address": "Angle rue de la Navigation",
                "available_bike_stands": 16,
                "available_bikes": 3,
                "banking": false,
                "bike_stands": 20,
                "bonus": false,
                "contract_name": "lyon",
                "last_update": 1789282077000,
                "name": "9013 - QUAI PAUL S\u00c9DALLIAN",
                "number": 9013,
                "status": "OPEN"
            },
            "type": "Feature"
        },
        {
            "geometry": {
                "coordinates": [
                    4.81043960203213,
                    45.7820006188352
                ],
                "type": "Point"
            },
            "properties": {
                "address": "Angle rue Emile Duport",
                "available_bike_stands": 15,
                "available_bikes": 12,
                "banking": true,
                "bike_stands": 30,
                "bonus": false,
                "contract_name": "lyon",
                "last_update": 1789282081000,
                "name": "9014 - QUAI DU COMMERCE",
                "number": 9014,
                "status": "OPEN"
            },
            "type": "Feature"
        },
        {
            "geometry": {
                "coordinates": [
                    4.807288,
                    45.782855
                ],
                "type": "Point"
            },
            "properties": {
                "address": "",
                "available_bike_stands": 23,
                "available_bikes": 6,
                "banking": false,
                "bike_stands": 30,
                "bonus": false,
                "contract_name": "lyon",
                "last_update": 1789282001000,
                "name": "9015 - SAINT-CYR",
                "number": 9015,
                "status": "OPEN"
            },
            "type": "Feature"
        },
        {
            "geometry": {
                "coordinates": [
                    4.800286,
                    45.773468
                ],
                "type": "Point"
            },
            "properties": {
                "address": "Angle rue Horand / rue Masset",
                "available_bike_stands": 12,
                "available_bikes": 0,
                "banking": false,
                "bike_stands": 12,
                "bonus": false,
                "contract_name": "lyon",
                "last_update": 1789282033000,
                "name": "9020 - BOURBONNAIS",
                "number": 9020,
                "status": "OPEN"
            },
            "type": "Feature"
        },
        {
            "geometry": {
                "coordinates": [
                    4.8071,
                    45.778639
                ],
                "type": "Point"
            },
            "properties": {
                "address": "Angle rue Chinard/rue St Cyr",
                "available_bike_stands": 8,
                "available_bikes": 5,
                "banking": false,
                "bike_stands": 13,
                "bonus": false,
                "contract_name": "lyon",
                "last_update": 1789282109000,
                "name": "9022 - MASARYK / SAINT-CYR",
                "number": 9022,
                "status": "OPEN"
            },
            "type": "Feature"
        },
        {
            "geometry": {
                "coordinates": [
                    4.807831,
                    45.773125
                ],
                "type": "Point"
            },
            "properties": {
                "address": "Place Vanderpol/Angle St Pierre de Vaise",
                "available_bike_stands": 2,
                "available_bikes": 11,
                "banking": false,
                "bike_stands": 15,
                "bonus": false,
                "contract_name": "lyon",
                "last_update": 1789282004000,
                "name": "9029 - SAINT PIERRE DE VAISE",
                "number": 9029,
                "status": "OPEN"
            },
            "type": "Feature"
        },
        {
            "geometry": {
                "coordinates": [
                    4.809566,
                    45.773815
                ],
                "type": "Point"
            },
            "properties": {
                "address": "Quai Arloing, C\u00f4t\u00e9 Sa\u00f4ne",
                "available_bike_stands": 8,
                "available_bikes": 10,
                "banking": false,
                "bike_stands": 18,
                "bonus": false,
                "contract_name": "lyon",
                "last_update": 1789282033000,
                "name": "9032 - PLACE DU PORT MOUTON",
                "number": 9032,
                "status": "OPEN"
            },
            "type": "Feature"
        },
        {
            "geometry": {
                "coordinates": [
                    4.805626,
                    45.767484
                ],
                "type": "Point"
            },
            "properties": {
                "address": "49 RUE SGT BERTHET",
                "available_bike_stands": 38,
                "available_bikes": 2,
                "banking": true,
                "bike_stands": 40,
                "bonus": false,
                "contract_name": "lyon",
                "last_update": 1789282091000,
                "name": "9033 - GORGE DE LOUP",
                "number": 9033,
                "status": "OPEN"
            },
            "type": "Feature"
        },
        {
            "geometry": {
                "coordinates": [
                    4.80949942466585,
                    45.7679269029011
                ],
                "type": "Point"
            },
            "properties": {
                "address": "72 mont\u00e9e de l'observance Lyon 9",
                "available_bike_stands": 2,
                "available_bikes": 12,
                "banking": false,
                "bike_stands": 15,
                "bonus": false,
                "contract_name": "lyon",
                "last_update": 1789282072000,
                "name": "9034 - MONTEE DE L'OBSERVANCE",
                "number": 9034,
                "status": "OPEN"
            },
            "type": "Feature"
        },
        {
            "geometry": {
                "coordinates": [
                    4.807578,
                    45.770991
                ],
                "type": "Point"
            },
            "properties": {
                "address": "1 PLACE DE LA RHODIACETA",
                "available_bike_stands": 4,
                "available_bikes": 6,
                "banking": false,
                "bike_stands": 12,
                "bonus": false,
                "contract_name": "lyon",
                "last_update": 1789282056000,
                "name": "9040 - PLACE RHODIACETA",
                "number": 9040,
                "status": "OPEN"
            },
            "type": "Feature"
        },
        {
            "geometry": {
                "coordinates": [
                    4.820567,
                    45.792478
                ],
                "type": "Point"
            },
            "properties": {
                "address": "10 QUAI PAUL SEDAILLAN",
                "available_bike_stands": 0,
                "available_bikes": 18,
                "banking": false,
                "bike_stands": 18,
                "bonus": false,
                "contract_name": "lyon",
                "last_update": 1789282076000,
                "name": "9041 - CARRET / S\u00c9DALLIAN",
                "number": 9041,
                "status": "OPEN"
            },
            "type": "Feature"
        },
        {
            "geometry": {
                "coordinates": [
                    4.811446,
                    45.786533
                ],
                "type": "Point"
            },
            "properties": {
                "address": "39 rue des Docks Lyon 9",
                "available_bike_stands": 9,
                "available_bikes": 4,
                "banking": false,
                "bike_stands": 19,
                "bonus": false,
                "contract_name": "lyon",
                "last_update": 1789282048000,
                "name": "9042 - VAISE DOCKS",
                "number": 9042,
                "status": "OPEN"
            },
            "type": "Feature"
        },
        {
            "geometry": {
                "coordinates": [
                    4.799725,
                    45.776087
                ],
                "type": "Point"
            },
            "properties": {
                "address": "",
                "available_bike_stands": 8,
                "available_bikes": 12,
                "banking": false,
                "bike_stands": 20,
                "bonus": false,
                "contract_name": "lyon",
                "last_update": 1789282058000,
                "name": "9043 - MARIETTON OUEST",
                "number": 9043,
                "status": "OPEN"
            },
            "type": "Feature"
        },
        {
            "geometry": {
                "coordinates": [
                    4.800869,
                    45.770508
                ],
                "type": "Point"
            },
            "properties": {
                "address": "20 AV. JOANNES MASSET",
                "available_bike_stands": 14,
                "available_bikes": 0,
                "banking": false,
                "bike_stands": 16,
                "bonus": false,
                "contract_name": "lyon",
                "last_update": 1789281786000,
                "name": "9044 - MASSET / SAINT-PIERRE DE VAISE",
                "number": 9044,
                "status": "OPEN"
            },
            "type": "Feature"
        },
        {
            "geometry": {
                "coordinates": [
                    4.816359,
                    45.790414
                ],
                "type": "Point"
            },
            "properties": {
                "address": "",
                "available_bike_stands": 13,
                "available_bikes": 11,
                "banking": true,
                "bike_stands": 24,
                "bonus": false,
                "contract_name": "lyon",
                "last_update": 1789282071000,
                "name": "9046 - MANGINI",
                "number": 9046,
                "status": "OPEN"
            },
            "type": "Feature"
        },
        {
            "geometry": {
                "coordinates": [
                    4.80516,
                    45.770136
                ],
                "type": "Point"
            },
            "properties": {
                "address": "23 RUE GORGE DE LOUP",
                "available_bike_stands": 10,
                "available_bikes": 6,
                "banking": false,
                "bike_stands": 16,
                "bonus": false,
                "contract_name": "lyon",
                "last_update": 1789282093000,
                "name": "9049 - SERGENT BERTHET / GORGE DE LOUP",
                "number": 9049,
                "status": "OPEN"
            },
            "type": "Feature"
        },
        {
            "geometry": {
                "coordinates": [
                    4.794485,
                    45.783698
                ],
                "type": "Point"
            },
            "properties": {
                "address": "AVENUE DU PLATEAU",
                "available_bike_stands": 12,
                "available_bikes": 0,
                "banking": false,
                "bike_stands": 12,
                "bonus": false,
                "contract_name": "lyon",
                "last_update": 1789282015000,
                "name": "9050 - ALLEE DE L'EUROPE",
                "number": 9050,
                "status": "OPEN"
            },
            "type": "Feature"
        },
        {
            "geometry": {
                "coordinates": [
                    4.797107,
                    45.786546
                ],
                "type": "Point"
            },
            "properties": {
                "address": "373 AV. ANDREI SAKHAROV",
                "available_bike_stands": 11,
                "available_bikes": 1,
                "banking": true,
                "bike_stands": 12,
                "bonus": false,
                "contract_name": "lyon",
                "last_update": 1789282025000,
                "name": "9051 - ANDREI SAKHAROV",
                "number": 9051,
                "status": "OPEN"
            },
            "type": "Feature"
        },
        {
            "geometry": {
                "coordinates": [
                    4.799308,
                    45.789194
                ],
                "type": "Point"
            },
            "properties": {
                "address": "360 BVD DE BALMONT",
                "available_bike_stands": 7,
                "available_bikes": 5,
                "banking": false,
                "bike_stands": 12,
                "bonus": false,
                "contract_name": "lyon",
                "last_update": 1789282107000,
                "name": "9052 - BALMONT",
                "number": 9052,
                "status": "OPEN"
            },
            "type": "Feature"
        },
        {
            "geometry": {
                "coordinates": [
                    4.79010128725966,
                    45.7866144625086
                ],
                "type": "Point"
            },
            "properties": {
                "address": "27 AVENUE ROSA PARKS\n69009 lyon",
                "available_bike_stands": 8,
                "available_bikes": 7,
                "banking": false,
                "bike_stands": 15,
                "bonus": false,
                "contract_name": "lyon",
                "last_update": 1789282046000,
                "name": "9053 - ROSA PARKS",
                "number": 9053,
                "status": "OPEN"
            },
            "type": "Feature"
        },
        {
            "geometry": {
                "coordinates": [
                    4.882366,
                    45.785632
                ],
                "type": "Point"
            },
            "properties": {
                "address": "rue de la Technologie",
                "available_bike_stands": 12,
                "available_bikes": 17,
                "banking": false,
                "bike_stands": 30,
                "bonus": false,
                "contract_name": "lyon",
                "last_update": 1789282080000,
                "name": "10001 - IUT / FEYSSINE",
                "number": 10001,
                "status": "OPEN"
            },
            "type": "Feature"
        },
        {
            "geometry": {
                "coordinates": [
                    4.876951,
                    45.782222
                ],
                "type": "Point"
            },
            "properties": {
                "address": "Avenue Albert Einstein au niveau du virage",
                "available_bike_stands": 23,
                "available_bikes": 30,
                "banking": true,
                "bike_stands": 55,
                "bonus": false,
                "contract_name": "lyon",
                "last_update": 1789281994000,
                "name": "10002 - INSA",
                "number": 10002,
                "status": "OPEN"
            },
            "type": "Feature"
        },
        {
            "geometry": {
                "coordinates": [
                    4.862636,
                    45.776217
                ],
                "type": "Point"
            },
            "properties": {
                "address": "Rue Salvador Allende / Angle promenade du Lys",
                "available_bike_stands": 6,
                "available_bikes": 4,
                "banking": false,
                "bike_stands": 10,
                "bonus": false,
                "contract_name": "lyon",
                "last_update": 1789282089000,
                "name": "10004 - TONKIN",
                "number": 10004,
                "status": "OPEN"
            },
            "type": "Feature"
        },
        {
            "geometry": {
                "coordinates": [
                    4.860029,
                    45.779702
                ],
                "type": "Point"
            },
            "properties": {
                "address": "Face Entr\u00e9e du Parc de la T\u00eate d'Or**",
                "available_bike_stands": 26,
                "available_bikes": 7,
                "banking": true,
                "bike_stands": 35,
                "bonus": false,
                "contract_name": "lyon",
                "last_update": 1789282043000,
                "name": "10005 - 11 NOVEMBRE",
                "number": 10005,
                "status": "OPEN"
            },
            "type": "Feature"
        },
        {
            "geometry": {
                "coordinates": [
                    4.863102,
                    45.770225
                ],
                "type": "Point"
            },
            "properties": {
                "address": "Place Charles Hernu / c\u00f4t\u00e9 sud",
                "available_bike_stands": 29,
                "available_bikes": 17,
                "banking": true,
                "bike_stands": 46,
                "bonus": false,
                "contract_name": "lyon",
                "last_update": 1789282103000,
                "name": "10006 - CHARPENNES",
                "number": 10006,
                "status": "OPEN"
            },
            "type": "Feature"
        },
        {
            "geometry": {
                "coordinates": [
                    4.867512,
                    45.774204
                ],
                "type": "Point"
            },
            "properties": {
                "address": "Av Piaton / angle Condorcet",
                "available_bike_stands": 6,
                "available_bikes": 13,
                "banking": false,
                "bike_stands": 20,
                "bonus": false,
                "contract_name": "lyon",
                "last_update": 1789281994000,
                "name": "10007 - PIATON / CONDORCET",
                "number": 10007,
                "status": "OPEN"
            },
            "type": "Feature"
        },
        {
            "geometry": {
                "coordinates": [
                    4.879673,
                    45.778385
                ],
                "type": "Point"
            },
            "properties": {
                "address": "Rue Roger Salengro - Angle rue Vaillant",
                "available_bike_stands": 5,
                "available_bikes": 19,
                "banking": false,
                "bike_stands": 24,
                "bonus": false,
                "contract_name": "lyon",
                "last_update": 1789282077000,
                "name": "10008 - SALENGRO / VAILLANT",
                "number": 10008,
                "status": "OPEN"
            },
            "type": "Feature"
        },
        {
            "geometry": {
                "coordinates": [
                    4.90512854660767,
                    45.7651045967603
                ],
                "type": "Point"
            },
            "properties": {
                "address": "12 rue baudin\nVilleurbanne",
                "available_bike_stands": 6,
                "available_bikes": 10,
                "banking": false,
                "bike_stands": 16,
                "bonus": false,
                "contract_name": "lyon",
                "last_update": 1789281527000,
                "name": "10010 - BAUDIN / ZOLA",
                "number": 10010,
                "status": "OPEN"
            },
            "type": "Feature"
        },
        {
            "geometry": {
                "coordinates": [
                    4.880491,
                    45.769226
                ],
                "type": "Point"
            },
            "properties": {
                "address": "174 COURS EMILE ZOLA",
                "available_bike_stands": 3,
                "available_bikes": 13,
                "banking": true,
                "bike_stands": 16,
                "bonus": false,
                "contract_name": "lyon",
                "last_update": 1789282108000,
                "name": "10011 - GRATTE-CIEL",
                "number": 10011,
                "status": "OPEN"
            },
            "type": "Feature"
        },
        {
            "geometry": {
                "coordinates": [
                    4.887232,
                    45.767957
                ],
                "type": "Point"
            },
            "properties": {
                "address": "Rue de France/Angle Cours Emile Zola",
                "available_bike_stands": 3,
                "available_bikes": 11,
                "banking": false,
                "bike_stands": 16,
                "bonus": false,
                "contract_name": "lyon",
                "last_update": 1789282106000,
                "name": "10012 - ZOLA / FRANCE",
                "number": 10012,
                "status": "OPEN"
            },
            "type": "Feature"
        },
        {
            "geometry": {
                "coordinates": [
                    4.901018,
                    45.764961
                ],
                "type": "Point"
            },
            "properties": {
                "address": "103 RUE PIERRE VOYANT (VILLEURBANNE)",
                "available_bike_stands": 5,
                "available_bikes": 10,
                "banking": false,
                "bike_stands": 20,
                "bonus": false,
                "contract_name": "lyon",
                "last_update": 1789281889000,
                "name": "10013 - CUSSET",
                "number": 10013,
                "status": "OPEN"
            },
            "type": "Feature"
        },
        {
            "geometry": {
                "coordinates": [
                    4.909808,
                    45.765214
                ],
                "type": "Point"
            },
            "properties": {
                "address": "64 AV. MARCEL CERDAN",
                "available_bike_stands": 20,
                "available_bikes": 4,
                "banking": false,
                "bike_stands": 28,
                "bonus": false,
                "contract_name": "lyon",
                "last_update": 1789281999000,
                "name": "10014 - LAURENT BONNEVAY / ASTROBALLE",
                "number": 10014,
                "status": "OPEN"
            },
            "type": "Feature"
        },
        {
            "geometry": {
                "coordinates": [
                    4.921156,
                    45.757936
                ],
                "type": "Point"
            },
            "properties": {
                "address": "",
                "available_bike_stands": 15,
                "available_bikes": 1,
                "banking": false,
                "bike_stands": 18,
                "bonus": false,
                "contract_name": "lyon",
                "last_update": 1789282030000,
                "name": "10015 - POUDRETTE / MUSSET",
                "number": 10015,
                "status": "OPEN"
            },
            "type": "Feature"
        },
        {
            "geometry": {
                "coordinates": [
                    4.91466,
                    45.752074
                ],
                "type": "Point"
            },
            "properties": {
                "address": "10 PLACE DE LA PAIX (VILLEURBANNE)",
                "available_bike_stands": 2,
                "available_bikes": 15,
                "banking": false,
                "bike_stands": 17,
                "bonus": false,
                "contract_name": "lyon",
                "last_update": 1789282110000,
                "name": "10016 - PLACE DE LA PAIX",
                "number": 10016,
                "status": "OPEN"
            },
            "type": "Feature"
        },
        {
            "geometry": {
                "coordinates": [
                    4.91089205208249,
                    45.7531881747603
                ],
                "type": "Point"
            },
            "properties": {
                "address": "169 RUE JEAN VOILLOT\n69100 villeurbanne",
                "available_bike_stands": 9,
                "available_bikes": 5,
                "banking": false,
                "bike_stands": 15,
                "bonus": false,
                "contract_name": "lyon",
                "last_update": 1789281991000,
                "name": "10017 - VOILLOT / GARNIER",
                "number": 10017,
                "status": "OPEN"
            },
            "type": "Feature"
        },
        {
            "geometry": {
                "coordinates": [
                    4.88106205566506,
                    45.7618786774588
                ],
                "type": "Point"
            },
            "properties": {
                "address": "118 COURS TOLSTOI\n69100 VILLEURBANNE",
                "available_bike_stands": 6,
                "available_bikes": 17,
                "banking": true,
                "bike_stands": 24,
                "bonus": false,
                "contract_name": "lyon",
                "last_update": 1789282075000,
                "name": "10018 - TOLSTO\u00cf / FLORIAN",
                "number": 10018,
                "status": "OPEN"
            },
            "type": "Feature"
        },
        {
            "geometry": {
                "coordinates": [
                    4.877894,
                    45.764489
                ],
                "type": "Point"
            },
            "properties": {
                "address": "",
                "available_bike_stands": 0,
                "available_bikes": 0,
                "banking": false,
                "bike_stands": 30,
                "bonus": false,
                "contract_name": "lyon",
                "last_update": 1789281522000,
                "name": "10019 - 4 AOUT / RACINE",
                "number": 10019,
                "status": "CLOSED"
            },
            "type": "Feature"
        },
        {
            "geometry": {
                "coordinates": [
                    4.889938,
                    45.759743
                ],
                "type": "Point"
            },
            "properties": {
                "address": "Angle cours Tolsto\u00ef",
                "available_bike_stands": 9,
                "available_bikes": 8,
                "banking": true,
                "bike_stands": 19,
                "bonus": false,
                "contract_name": "lyon",
                "last_update": 1789282075000,
                "name": "10021 - GRANDCL\u00c9MENT",
                "number": 10021,
                "status": "OPEN"
            },
            "type": "Feature"
        },
        {
            "geometry": {
                "coordinates": [
                    4.89555484852135,
                    45.7581997221415
                ],
                "type": "Point"
            },
            "properties": {
                "address": "38 RUE ANTOINE PRIMAT\n69100 VILLEURBANNE",
                "available_bike_stands": 7,
                "available_bikes": 7,
                "banking": true,
                "bike_stands": 15,
                "bonus": false,
                "contract_name": "lyon",
                "last_update": 1789282021000,
                "name": "10022 - PRIMAT / DUCROIZE",
                "number": 10022,
                "status": "OPEN"
            },
            "type": "Feature"
        },
        {
            "geometry": {
                "coordinates": [
                    4.883377,
                    45.757646
                ],
                "type": "Point"
            },
            "properties": {
                "address": "",
                "available_bike_stands": 1,
                "available_bikes": 23,
                "banking": false,
                "bike_stands": 25,
                "bonus": false,
                "contract_name": "lyon",
                "last_update": 1789282082000,
                "name": "10023 - JAURES SAINT EXUPERY",
                "number": 10023,
                "status": "OPEN"
            },
            "type": "Feature"
        },
        {
            "geometry": {
                "coordinates": [
                    4.877409,
                    45.755988
                ],
                "type": "Point"
            },
            "properties": {
                "address": "Place des Maisons Neuves/C\u00f4t\u00e9 rue Jean Jaur\u00e8s",
                "available_bike_stands": 4,
                "available_bikes": 16,
                "banking": true,
                "bike_stands": 23,
                "bonus": false,
                "contract_name": "lyon",
                "last_update": 1789282021000,
                "name": "10024 - MAISONS NEUVES",
                "number": 10024,
                "status": "OPEN"
            },
            "type": "Feature"
        },
        {
            "geometry": {
                "coordinates": [
                    4.873158,
                    45.763652
                ],
                "type": "Point"
            },
            "properties": {
                "address": "",
                "available_bike_stands": 4,
                "available_bikes": 11,
                "banking": true,
                "bike_stands": 16,
                "bonus": false,
                "contract_name": "lyon",
                "last_update": 1789281949000,
                "name": "10025 - TOTEM",
                "number": 10025,
                "status": "OPEN"
            },
            "type": "Feature"
        },
        {
            "geometry": {
                "coordinates": [
                    4.880059,
                    45.766861
                ],
                "type": "Point"
            },
            "properties": {
                "address": "Avenue Aristide Briand, en face de la mairie",
                "available_bike_stands": 2,
                "available_bikes": 23,
                "banking": true,
                "bike_stands": 26,
                "bonus": false,
                "contract_name": "lyon",
                "last_update": 1789282086000,
                "name": "10027 - MAIRIE DE VILLEURBANNE",
                "number": 10027,
                "status": "OPEN"
            },
            "type": "Feature"
        },
        {
            "geometry": {
                "coordinates": [
                    4.874032,
                    45.767467
                ],
                "type": "Point"
            },
            "properties": {
                "address": "Cours de la R\u00e9publique/Angle Anatole France",
                "available_bike_stands": 10,
                "available_bikes": 14,
                "banking": true,
                "bike_stands": 24,
                "bonus": false,
                "contract_name": "lyon",
                "last_update": 1789282089000,
                "name": "10028 - ECOLE DE MUSIQUE",
                "number": 10028,
                "status": "OPEN"
            },
            "type": "Feature"
        },
        {
            "geometry": {
                "coordinates": [
                    4.893851,
                    45.773845
                ],
                "type": "Point"
            },
            "properties": {
                "address": "126 RUE DU 8 MAI 1945 (VILLEURBANNE)",
                "available_bike_stands": 9,
                "available_bikes": 8,
                "banking": false,
                "bike_stands": 18,
                "bonus": false,
                "contract_name": "lyon",
                "last_update": 1789282036000,
                "name": "10030 - GREUZE",
                "number": 10030,
                "status": "OPEN"
            },
            "type": "Feature"
        },
        {
            "geometry": {
                "coordinates": [
                    4.88356,
                    45.780679
                ],
                "type": "Point"
            },
            "properties": {
                "address": "sur la place Croix Luizet",
                "available_bike_stands": 4,
                "available_bikes": 18,
                "banking": false,
                "bike_stands": 22,
                "bonus": false,
                "contract_name": "lyon",
                "last_update": 1789281989000,
                "name": "10031 - CROIX LUIZET",
                "number": 10031,
                "status": "OPEN"
            },
            "type": "Feature"
        },
        {
            "geometry": {
                "coordinates": [
                    4.89998,
                    45.757173
                ],
                "type": "Point"
            },
            "properties": {
                "address": "Rue Antoine Primat/Angle rue Decorps",
                "available_bike_stands": 9,
                "available_bikes": 4,
                "banking": false,
                "bike_stands": 13,
                "bonus": false,
                "contract_name": "lyon",
                "last_update": 1789281962000,
                "name": "10032 - PRIMAT / DECORPS",
                "number": 10032,
                "status": "OPEN"
            },
            "type": "Feature"
        },
        {
            "geometry": {
                "coordinates": [
                    4.886156,
                    45.761825
                ],
                "type": "Point"
            },
            "properties": {
                "address": "Devant la MJC",
                "available_bike_stands": 0,
                "available_bikes": 0,
                "banking": false,
                "bike_stands": 18,
                "bonus": false,
                "contract_name": "lyon",
                "last_update": 1789282062000,
                "name": "10034 - DOCTEUR DAMIDOT",
                "number": 10034,
                "status": "OPEN"
            },
            "type": "Feature"
        },
        {
            "geometry": {
                "coordinates": [
                    4.900492,
                    45.763139
                ],
                "type": "Point"
            },
            "properties": {
                "address": "43 RUE PIERRE BARATIN (VILLEURBANNE)",
                "available_bike_stands": 6,
                "available_bikes": 8,
                "banking": false,
                "bike_stands": 16,
                "bonus": false,
                "contract_name": "lyon",
                "last_update": 1789282071000,
                "name": "10035 - BOIRON GRANGER",
                "number": 10035,
                "status": "OPEN"
            },
            "type": "Feature"
        },
        {
            "geometry": {
                "coordinates": [
                    4.859157,
                    45.77435
                ],
                "type": "Point"
            },
            "properties": {
                "address": "Boulevard Stalingrad/angle rue Charlie Chaplin",
                "available_bike_stands": 16,
                "available_bikes": 3,
                "banking": false,
                "bike_stands": 21,
                "bonus": false,
                "contract_name": "lyon",
                "last_update": 1789281996000,
                "name": "10036 - STALINGRAD",
                "number": 10036,
                "status": "OPEN"
            },
            "type": "Feature"
        },
        {
            "geometry": {
                "coordinates": [
                    4.89227468095863,
                    45.7760883668417
                ],
                "type": "Point"
            },
            "properties": {
                "address": "40 RUE MICHEL DUPEUBLE\n69100 VILLEURBANNE",
                "available_bike_stands": 1,
                "available_bikes": 11,
                "banking": false,
                "bike_stands": 15,
                "bonus": false,
                "contract_name": "lyon",
                "last_update": 1789282050000,
                "name": "10037 - DUPEUBLE / 8 MAI 1945",
                "number": 10037,
                "status": "OPEN"
            },
            "type": "Feature"
        },
        {
            "geometry": {
                "coordinates": [
                    4.866874,
                    45.779062
                ],
                "type": "Point"
            },
            "properties": {
                "address": "Bvd 11 Nov./prox. arret tram Condorcet",
                "available_bike_stands": 14,
                "available_bikes": 9,
                "banking": true,
                "bike_stands": 23,
                "bonus": false,
                "contract_name": "lyon",
                "last_update": 1789281948000,
                "name": "10038 - CONDORCET",
                "number": 10038,
                "status": "OPEN"
            },
            "type": "Feature"
        },
        {
            "geometry": {
                "coordinates": [
                    4.891692,
                    45.779487
                ],
                "type": "Point"
            },
            "properties": {
                "address": "Rue Professeur Bouvier/Angle rue du 8 mai 1945",
                "available_bike_stands": 5,
                "available_bikes": 10,
                "banking": false,
                "bike_stands": 16,
                "bonus": false,
                "contract_name": "lyon",
                "last_update": 1789282060000,
                "name": "10039 - BOUVIER",
                "number": 10039,
                "status": "OPEN"
            },
            "type": "Feature"
        },
        {
            "geometry": {
                "coordinates": [
                    4.898891,
                    45.752923
                ],
                "type": "Point"
            },
            "properties": {
                "address": "1 PLACE KIMMERLING (VILLEURBANNE)",
                "available_bike_stands": 4,
                "available_bikes": 12,
                "banking": false,
                "bike_stands": 16,
                "bonus": false,
                "contract_name": "lyon",
                "last_update": 1789281974000,
                "name": "10041 - KIMMERLING",
                "number": 10041,
                "status": "OPEN"
            },
            "type": "Feature"
        },
        {
            "geometry": {
                "coordinates": [
                    4.890614,
                    45.782994
                ],
                "type": "Point"
            },
            "properties": {
                "address": "RUE DE LA FEYSSINE (VILLEURBANNE)",
                "available_bike_stands": 9,
                "available_bikes": 9,
                "banking": false,
                "bike_stands": 20,
                "bonus": false,
                "contract_name": "lyon",
                "last_update": 1789282109000,
                "name": "10043 - SALENGRO / FEYSSINE",
                "number": 10043,
                "status": "OPEN"
            },
            "type": "Feature"
        },
        {
            "geometry": {
                "coordinates": [
                    4.88958755288143,
                    45.7809037283842
                ],
                "type": "Point"
            },
            "properties": {
                "address": "",
                "available_bike_stands": 1,
                "available_bikes": 21,
                "banking": false,
                "bike_stands": 25,
                "bonus": false,
                "contract_name": "lyon",
                "last_update": 1789282013000,
                "name": "10044 - ROCARD OCTAVIE",
                "number": 10044,
                "status": "OPEN"
            },
            "type": "Feature"
        },
        {
            "geometry": {
                "coordinates": [
                    4.870087,
                    45.766921
                ],
                "type": "Point"
            },
            "properties": {
                "address": "",
                "available_bike_stands": 5,
                "available_bikes": 14,
                "banking": false,
                "bike_stands": 20,
                "bonus": false,
                "contract_name": "lyon",
                "last_update": 1789282037000,
                "name": "10045 - ALSACE ANATOLE FRANCE",
                "number": 10045,
                "status": "OPEN"
            },
            "type": "Feature"
        },
        {
            "geometry": {
                "coordinates": [
                    4.867201,
                    45.770705
                ],
                "type": "Point"
            },
            "properties": {
                "address": "Rue des Charmettes/Angle Cours Emile Zola",
                "available_bike_stands": 15,
                "available_bikes": 8,
                "banking": false,
                "bike_stands": 23,
                "bonus": false,
                "contract_name": "lyon",
                "last_update": 1789282083000,
                "name": "10046 - CHARMETTES/ZOLA",
                "number": 10046,
                "status": "OPEN"
            },
            "type": "Feature"
        },
        {
            "geometry": {
                "coordinates": [
                    4.88504,
                    45.771143
                ],
                "type": "Point"
            },
            "properties": {
                "address": "Avenue du Cdt Lherminier/Angle rue F. de Pressens\u00e9",
                "available_bike_stands": 1,
                "available_bikes": 13,
                "banking": false,
                "bike_stands": 15,
                "bonus": false,
                "contract_name": "lyon",
                "last_update": 1789281986000,
                "name": "10047 - LHERMINIER / PRESSENS\u00c9",
                "number": 10047,
                "status": "OPEN"
            },
            "type": "Feature"
        },
        {
            "geometry": {
                "coordinates": [
                    4.875958,
                    45.759176
                ],
                "type": "Point"
            },
            "properties": {
                "address": "52 AV. MARC SANGNIER (VILLEURBANNE)",
                "available_bike_stands": 1,
                "available_bikes": 25,
                "banking": false,
                "bike_stands": 27,
                "bonus": false,
                "contract_name": "lyon",
                "last_update": 1789282111000,
                "name": "10048 - PLACE MARENGO",
                "number": 10048,
                "status": "OPEN"
            },
            "type": "Feature"
        },
        {
            "geometry": {
                "coordinates": [
                    4.863068,
                    45.77939
                ],
                "type": "Point"
            },
            "properties": {
                "address": "Bd du 11 novembre angle av. Claude Bernard",
                "available_bike_stands": 10,
                "available_bikes": 20,
                "banking": false,
                "bike_stands": 30,
                "bonus": false,
                "contract_name": "lyon",
                "last_update": 1789282038000,
                "name": "10053 - ROSSELINI / 11 NOVEMBRE",
                "number": 10053,
                "status": "OPEN"
            },
            "type": "Feature"
        },
        {
            "geometry": {
                "coordinates": [
                    4.859573,
                    45.776715
                ],
                "type": "Point"
            },
            "properties": {
                "address": "RUE GEORGES MELIES (VILLEURBANNE)",
                "available_bike_stands": 16,
                "available_bikes": 8,
                "banking": false,
                "bike_stands": 24,
                "bonus": false,
                "contract_name": "lyon",
                "last_update": 1789282024000,
                "name": "10054 - STALINGRAD / MELI\u00c8S",
                "number": 10054,
                "status": "OPEN"
            },
            "type": "Feature"
        },
        {
            "geometry": {
                "coordinates": [
                    4.866976,
                    45.776428
                ],
                "type": "Point"
            },
            "properties": {
                "address": "Avenue Galline/angle av. de Condorcet",
                "available_bike_stands": 9,
                "available_bikes": 6,
                "banking": false,
                "bike_stands": 15,
                "bonus": false,
                "contract_name": "lyon",
                "last_update": 1789281925000,
                "name": "10055 - CONDORCET / GALLINE",
                "number": 10055,
                "status": "OPEN"
            },
            "type": "Feature"
        },
        {
            "geometry": {
                "coordinates": [
                    4.871581,
                    45.779066
                ],
                "type": "Point"
            },
            "properties": {
                "address": "Avenue du 11 Nov./angle av Gaston Berger",
                "available_bike_stands": 14,
                "available_bikes": 21,
                "banking": false,
                "bike_stands": 35,
                "bonus": false,
                "contract_name": "lyon",
                "last_update": 1789282013000,
                "name": "10056 - 11 NOVEMBRE / GASTON BERGER",
                "number": 10056,
                "status": "OPEN"
            },
            "type": "Feature"
        },
        {
            "geometry": {
                "coordinates": [
                    4.892467,
                    45.767051
                ],
                "type": "Point"
            },
            "properties": {
                "address": "274 COURS EMILE ZOLA (VILLEURBANNE)",
                "available_bike_stands": 0,
                "available_bikes": 22,
                "banking": true,
                "bike_stands": 22,
                "bonus": false,
                "contract_name": "lyon",
                "last_update": 1789282081000,
                "name": "10058 - M\u00c9TRO FLACHET",
                "number": 10058,
                "status": "OPEN"
            },
            "type": "Feature"
        },
        {
            "geometry": {
                "coordinates": [
                    4.884276,
                    45.76884
                ],
                "type": "Point"
            },
            "properties": {
                "address": "Rue Anatole France",
                "available_bike_stands": 1,
                "available_bikes": 12,
                "banking": false,
                "bike_stands": 13,
                "bonus": false,
                "contract_name": "lyon",
                "last_update": 1789281691000,
                "name": "10059 - ANATOLE FRANCE / ZOLA",
                "number": 10059,
                "status": "OPEN"
            },
            "type": "Feature"
        },
        {
            "geometry": {
                "coordinates": [
                    4.878683,
                    45.758874
                ],
                "type": "Point"
            },
            "properties": {
                "address": "Avenue Antoine Saint Exupery",
                "available_bike_stands": 2,
                "available_bikes": 13,
                "banking": false,
                "bike_stands": 15,
                "bonus": false,
                "contract_name": "lyon",
                "last_update": 1789281971000,
                "name": "10060 - SAINT EXUP\u00c9RY",
                "number": 10060,
                "status": "OPEN"
            },
            "type": "Feature"
        },
        {
            "geometry": {
                "coordinates": [
                    4.8726116,
                    45.7708541
                ],
                "type": "Point"
            },
            "properties": {
                "address": "Cours Emile Zola/Angle cours de la R\u00e9publique",
                "available_bike_stands": 11,
                "available_bikes": 4,
                "banking": true,
                "bike_stands": 17,
                "bonus": false,
                "contract_name": "lyon",
                "last_update": 1789281595000,
                "name": "10061 - R\u00c9PUBLIQUE",
                "number": 10061,
                "status": "OPEN"
            },
            "type": "Feature"
        },
        {
            "geometry": {
                "coordinates": [
                    4.88526502910926,
                    45.7579236990649
                ],
                "type": "Point"
            },
            "properties": {
                "address": "Face au 24 rue Antonin Perrin (Villeurbanne)",
                "available_bike_stands": 13,
                "available_bikes": 21,
                "banking": false,
                "bike_stands": 34,
                "bonus": false,
                "contract_name": "lyon",
                "last_update": 1789282102000,
                "name": "10063 - PERRIN / JEAN JAUR\u00c8S",
                "number": 10063,
                "status": "OPEN"
            },
            "type": "Feature"
        },
        {
            "geometry": {
                "coordinates": [
                    4.884311,
                    45.764812
                ],
                "type": "Point"
            },
            "properties": {
                "address": "Angle Rue Rollet/Blanqui",
                "available_bike_stands": 3,
                "available_bikes": 11,
                "banking": false,
                "bike_stands": 15,
                "bonus": false,
                "contract_name": "lyon",
                "last_update": 1789282036000,
                "name": "10064 - 4 AO\u00dbT 1789",
                "number": 10064,
                "status": "OPEN"
            },
            "type": "Feature"
        },
        {
            "geometry": {
                "coordinates": [
                    4.895763,
                    45.761532
                ],
                "type": "Point"
            },
            "properties": {
                "address": "64 BVD EUGENE REGUILLON (VILLEURBANNE)",
                "available_bike_stands": 4,
                "available_bikes": 9,
                "banking": false,
                "bike_stands": 15,
                "bonus": false,
                "contract_name": "lyon",
                "last_update": 1789282068000,
                "name": "10071 - LYC\u00c9E MARIE CURIE",
                "number": 10071,
                "status": "OPEN"
            },
            "type": "Feature"
        },
        {
            "geometry": {
                "coordinates": [
                    4.864269,
                    45.774228
                ],
                "type": "Point"
            },
            "properties": {
                "address": "Rue Jacques Brel/angle rue Korel",
                "available_bike_stands": 11,
                "available_bikes": 12,
                "banking": false,
                "bike_stands": 23,
                "bonus": false,
                "contract_name": "lyon",
                "last_update": 1789281997000,
                "name": "10072 - JACQUES BREL",
                "number": 10072,
                "status": "OPEN"
            },
            "type": "Feature"
        },
        {
            "geometry": {
                "coordinates": [
                    4.872466,
                    45.761468
                ],
                "type": "Point"
            },
            "properties": {
                "address": "Rue Docteur Dolard / Angle rue 4 Septembre",
                "available_bike_stands": 3,
                "available_bikes": 20,
                "banking": false,
                "bike_stands": 25,
                "bonus": false,
                "contract_name": "lyon",
                "last_update": 1789282066000,
                "name": "10073 - INSTITUT D'ART CONTEMPORAIN",
                "number": 10073,
                "status": "OPEN"
            },
            "type": "Feature"
        },
        {
            "geometry": {
                "coordinates": [
                    4.876728,
                    45.770099
                ],
                "type": "Point"
            },
            "properties": {
                "address": "Cours E. Zola / Angle passage Rey",
                "available_bike_stands": 0,
                "available_bikes": 0,
                "banking": false,
                "bike_stands": 19,
                "bonus": false,
                "contract_name": "lyon",
                "last_update": 1787912497000,
                "name": "10074 - ZOLA / PASSAGE REY",
                "number": 10074,
                "status": "CLOSED"
            },
            "type": "Feature"
        },
        {
            "geometry": {
                "coordinates": [
                    4.86643464566435,
                    45.772324539694
                ],
                "type": "Point"
            },
            "properties": {
                "address": "32 cours Andr\u00e9 Philip Villeurbanne",
                "available_bike_stands": 14,
                "available_bikes": 9,
                "banking": false,
                "bike_stands": 23,
                "bonus": false,
                "contract_name": "lyon",
                "last_update": 1789282002000,
                "name": "10075 - GABRIEL P\u00c9RI",
                "number": 10075,
                "status": "OPEN"
            },
            "type": "Feature"
        },
        {
            "geometry": {
                "coordinates": [
                    4.880261,
                    45.775409
                ],
                "type": "Point"
            },
            "properties": {
                "address": "96 RUE ALEXIS PERRONCEL (VILLEURBANNE)",
                "available_bike_stands": 4,
                "available_bikes": 11,
                "banking": false,
                "bike_stands": 17,
                "bonus": false,
                "contract_name": "lyon",
                "last_update": 1789281535000,
                "name": "10080 - VAILLANT / PERRONCEL",
                "number": 10080,
                "status": "OPEN"
            },
            "type": "Feature"
        },
        {
            "geometry": {
                "coordinates": [
                    4.884238,
                    45.777873
                ],
                "type": "Point"
            },
            "properties": {
                "address": "2 RUE DES BIENVENUS",
                "available_bike_stands": 4,
                "available_bikes": 11,
                "banking": false,
                "bike_stands": 15,
                "bonus": false,
                "contract_name": "lyon",
                "last_update": 1789282049000,
                "name": "10083 - CHATEAU GAILLARD / BIENVENUS",
                "number": 10083,
                "status": "OPEN"
            },
            "type": "Feature"
        },
        {
            "geometry": {
                "coordinates": [
                    4.871294,
                    45.783533
                ],
                "type": "Point"
            },
            "properties": {
                "address": "84 avenue des Arts",
                "available_bike_stands": 6,
                "available_bikes": 24,
                "banking": true,
                "bike_stands": 30,
                "bonus": false,
                "contract_name": "lyon",
                "last_update": 1789282045000,
                "name": "10084 - DOUA / AVENUE DES ARTS",
                "number": 10084,
                "status": "OPEN"
            },
            "type": "Feature"
        },
        {
            "geometry": {
                "coordinates": [
                    4.889629,
                    45.769837
                ],
                "type": "Point"
            },
            "properties": {
                "address": "Angle Rue de Pr\u00e9ssens\u00e9 / Flachet",
                "available_bike_stands": 4,
                "available_bikes": 6,
                "banking": false,
                "bike_stands": 10,
                "bonus": false,
                "contract_name": "lyon",
                "last_update": 1789282096000,
                "name": "10086 - ANATOLE FRANCE",
                "number": 10086,
                "status": "OPEN"
            },
            "type": "Feature"
        },
        {
            "geometry": {
                "coordinates": [
                    4.900702,
                    45.760603
                ],
                "type": "Point"
            },
            "properties": {
                "address": "Face au 115 rue Pierre Baratin",
                "available_bike_stands": 8,
                "available_bikes": 1,
                "banking": true,
                "bike_stands": 12,
                "bonus": false,
                "contract_name": "lyon",
                "last_update": 1789282014000,
                "name": "10087 - BARATIN",
                "number": 10087,
                "status": "OPEN"
            },
            "type": "Feature"
        },
        {
            "geometry": {
                "coordinates": [
                    4.898539,
                    45.76611
                ],
                "type": "Point"
            },
            "properties": {
                "address": "COURS EMILE ZOLA (VILLEURBANNE)",
                "available_bike_stands": 1,
                "available_bikes": 18,
                "banking": true,
                "bike_stands": 19,
                "bonus": false,
                "contract_name": "lyon",
                "last_update": 1789282045000,
                "name": "10088 - 4 AO\u00dbT 1789 / PRESSENS\u00c9",
                "number": 10088,
                "status": "OPEN"
            },
            "type": "Feature"
        },
        {
            "geometry": {
                "coordinates": [
                    4.87406,
                    45.774581
                ],
                "type": "Point"
            },
            "properties": {
                "address": "Rue Colin - Angle rue Alexis Perroncel",
                "available_bike_stands": 1,
                "available_bikes": 14,
                "banking": false,
                "bike_stands": 15,
                "bonus": false,
                "contract_name": "lyon",
                "last_update": 1789281624000,
                "name": "10089 - COLIN / PERRONCEL",
                "number": 10089,
                "status": "OPEN"
            },
            "type": "Feature"
        },
        {
            "geometry": {
                "coordinates": [
                    4.887977,
                    45.774754
                ],
                "type": "Point"
            },
            "properties": {
                "address": "28 RUE DU CH\u00c2TEAU GAILLARD (VILLEURBANNE)",
                "available_bike_stands": 6,
                "available_bikes": 10,
                "banking": false,
                "bike_stands": 16,
                "bonus": false,
                "contract_name": "lyon",
                "last_update": 1789281621000,
                "name": "10091 - CH\u00c2TEAU GAILLARD / FORT",
                "number": 10091,
                "status": "OPEN"
            },
            "type": "Feature"
        },
        {
            "geometry": {
                "coordinates": [
                    4.890378,
                    45.771561
                ],
                "type": "Point"
            },
            "properties": {
                "address": "3 RUE DU CHAMP DE L'ORME (VILLEURBANNE)",
                "available_bike_stands": 3,
                "available_bikes": 11,
                "banking": false,
                "bike_stands": 17,
                "bonus": false,
                "contract_name": "lyon",
                "last_update": 1789282043000,
                "name": "10092 - MONTGOLFIER / CHATEAU GAILLARD",
                "number": 10092,
                "status": "OPEN"
            },
            "type": "Feature"
        },
        {
            "geometry": {
                "coordinates": [
                    4.873992,
                    45.779429
                ],
                "type": "Point"
            },
            "properties": {
                "address": "43 BVD DU 11 NOVEMBRE 1918 (VILLEURBANNE)",
                "available_bike_stands": 18,
                "available_bikes": 16,
                "banking": true,
                "bike_stands": 34,
                "bonus": false,
                "contract_name": "lyon",
                "last_update": 1789282031000,
                "name": "10101 - EINSTEIN / 11 NOVEMBRE 1918",
                "number": 10101,
                "status": "OPEN"
            },
            "type": "Feature"
        },
        {
            "geometry": {
                "coordinates": [
                    4.871219,
                    45.781008
                ],
                "type": "Point"
            },
            "properties": {
                "address": "ave G. Berger",
                "available_bike_stands": 27,
                "available_bikes": 3,
                "banking": false,
                "bike_stands": 30,
                "bonus": false,
                "contract_name": "lyon",
                "last_update": 1789282031000,
                "name": "10102 - DOUA / GASTON BERGER",
                "number": 10102,
                "status": "OPEN"
            },
            "type": "Feature"
        },
        {
            "geometry": {
                "coordinates": [
                    4.877482,
                    45.784526
                ],
                "type": "Point"
            },
            "properties": {
                "address": "103 ave des Arts / rue des Sports",
                "available_bike_stands": 20,
                "available_bikes": 10,
                "banking": false,
                "bike_stands": 30,
                "bonus": false,
                "contract_name": "lyon",
                "last_update": 1789282037000,
                "name": "10103 - DOUA / RUE DES SPORTS",
                "number": 10103,
                "status": "OPEN"
            },
            "type": "Feature"
        },
        {
            "geometry": {
                "coordinates": [
                    4.882739,
                    45.75958
                ],
                "type": "Point"
            },
            "properties": {
                "address": "20 RUE VALENTIN HAUY (VILLEURBANNE)",
                "available_bike_stands": 0,
                "available_bikes": 23,
                "banking": false,
                "bike_stands": 24,
                "bonus": false,
                "contract_name": "lyon",
                "last_update": 1789281957000,
                "name": "10110 - M\u00c9MOIRE ET SOCI\u00c9T\u00c9",
                "number": 10110,
                "status": "OPEN"
            },
            "type": "Feature"
        },
        {
            "geometry": {
                "coordinates": [
                    4.86196,
                    45.770309
                ],
                "type": "Point"
            },
            "properties": {
                "address": "",
                "available_bike_stands": 14,
                "available_bikes": 4,
                "banking": false,
                "bike_stands": 20,
                "bonus": false,
                "contract_name": "lyon",
                "last_update": 1789282051000,
                "name": "10111 - LYON 6 - CHARLES HERNU",
                "number": 10111,
                "status": "OPEN"
            },
            "type": "Feature"
        },
        {
            "geometry": {
                "coordinates": [
                    4.885249,
                    45.754415
                ],
                "type": "Point"
            },
            "properties": {
                "address": "105 ROUTE DE GENAS (VILLEURBANNE)",
                "available_bike_stands": 7,
                "available_bikes": 22,
                "banking": true,
                "bike_stands": 32,
                "bonus": false,
                "contract_name": "lyon",
                "last_update": 1789282097000,
                "name": "10112 - PLACE DE LA RECONNAISSANCE",
                "number": 10112,
                "status": "OPEN"
            },
            "type": "Feature"
        },
        {
            "geometry": {
                "coordinates": [
                    4.891542,
                    45.755768
                ],
                "type": "Point"
            },
            "properties": {
                "address": "49 AV. GENERAL LECLERC (VILLEURBANNE)",
                "available_bike_stands": 9,
                "available_bikes": 12,
                "banking": true,
                "bike_stands": 22,
                "bonus": false,
                "contract_name": "lyon",
                "last_update": 1789281965000,
                "name": "10113 - GARE DE VILLEURBANNE",
                "number": 10113,
                "status": "OPEN"
            },
            "type": "Feature"
        },
        {
            "geometry": {
                "coordinates": [
                    4.910776,
                    45.757931
                ],
                "type": "Point"
            },
            "properties": {
                "address": "2 AV. DU BEL AIR (VILLEURBANNE)",
                "available_bike_stands": 16,
                "available_bikes": 1,
                "banking": false,
                "bike_stands": 20,
                "bonus": false,
                "contract_name": "lyon",
                "last_update": 1789282005000,
                "name": "10114 - BEL AIR / LES BROSSES",
                "number": 10114,
                "status": "OPEN"
            },
            "type": "Feature"
        },
        {
            "geometry": {
                "coordinates": [
                    4.90528,
                    45.754181
                ],
                "type": "Point"
            },
            "properties": {
                "address": "173 AV. PAUL KRUGER (VILLEURBANNE)",
                "available_bike_stands": 4,
                "available_bikes": 18,
                "banking": true,
                "bike_stands": 22,
                "bonus": false,
                "contract_name": "lyon",
                "last_update": 1789282095000,
                "name": "10115 - PLACE D'ESPAGNE / STADE KRUGER",
                "number": 10115,
                "status": "OPEN"
            },
            "type": "Feature"
        },
        {
            "geometry": {
                "coordinates": [
                    4.905877,
                    45.760526
                ],
                "type": "Point"
            },
            "properties": {
                "address": "",
                "available_bike_stands": 10,
                "available_bikes": 6,
                "banking": false,
                "bike_stands": 16,
                "bonus": false,
                "contract_name": "lyon",
                "last_update": 1789282116000,
                "name": "10116 - BLUM / FAYS",
                "number": 10116,
                "status": "OPEN"
            },
            "type": "Feature"
        },
        {
            "geometry": {
                "coordinates": [
                    4.892349,
                    45.764567
                ],
                "type": "Point"
            },
            "properties": {
                "address": "166 RUE DU QUATRE AOUT (VILLEURBANNE)",
                "available_bike_stands": 1,
                "available_bikes": 21,
                "banking": false,
                "bike_stands": 22,
                "bonus": false,
                "contract_name": "lyon",
                "last_update": 1789282015000,
                "name": "10117 - LA PERRALI\u00c8RE",
                "number": 10117,
                "status": "OPEN"
            },
            "type": "Feature"
        },
        {
            "geometry": {
                "coordinates": [
                    4.900597,
                    45.767194
                ],
                "type": "Point"
            },
            "properties": {
                "address": "99 RUE PIERRE VOYANT (VILLEURBANNE)",
                "available_bike_stands": 12,
                "available_bikes": 10,
                "banking": false,
                "bike_stands": 22,
                "bonus": false,
                "contract_name": "lyon",
                "last_update": 1789282032000,
                "name": "10118 - VOYANT / CHAMBFORT",
                "number": 10118,
                "status": "OPEN"
            },
            "type": "Feature"
        },
        {
            "geometry": {
                "coordinates": [
                    4.904505,
                    45.780422
                ],
                "type": "Point"
            },
            "properties": {
                "address": "2 RUE DES ACACIAS VILLEURBANNE",
                "available_bike_stands": 0,
                "available_bikes": 12,
                "banking": false,
                "bike_stands": 12,
                "bonus": false,
                "contract_name": "lyon",
                "last_update": 1789281602000,
                "name": "10119 - VILLEURBANNE SAINT-JEAN",
                "number": 10119,
                "status": "OPEN"
            },
            "type": "Feature"
        },
        {
            "geometry": {
                "coordinates": [
                    4.871634,
                    45.776239
                ],
                "type": "Point"
            },
            "properties": {
                "address": "41 AV. ROGER SALENGRO (VILLEURBANNE)",
                "available_bike_stands": 5,
                "available_bikes": 10,
                "banking": true,
                "bike_stands": 15,
                "bonus": false,
                "contract_name": "lyon",
                "last_update": 1789281987000,
                "name": "10120 - SALENGRO / DESCARTES",
                "number": 10120,
                "status": "OPEN"
            },
            "type": "Feature"
        },
        {
            "geometry": {
                "coordinates": [
                    4.87711619074718,
                    45.7718977522141
                ],
                "type": "Point"
            },
            "properties": {
                "address": "85 RUE F. DE PRESSENSE",
                "available_bike_stands": 4,
                "available_bikes": 23,
                "banking": false,
                "bike_stands": 28,
                "bonus": false,
                "contract_name": "lyon",
                "last_update": 1789282111000,
                "name": "10121 - PARC DU CENTRE",
                "number": 10121,
                "status": "OPEN"
            },
            "type": "Feature"
        },
        {
            "geometry": {
                "coordinates": [
                    4.902366,
                    45.776646
                ],
                "type": "Point"
            },
            "properties": {
                "address": "",
                "available_bike_stands": 0,
                "available_bikes": 12,
                "banking": false,
                "bike_stands": 12,
                "bonus": false,
                "contract_name": "lyon",
                "last_update": 1789281986000,
                "name": "10123 - SAINT JEAN CANAL",
                "number": 10123,
                "status": "OPEN"
            },
            "type": "Feature"
        },
        {
            "geometry": {
                "coordinates": [
                    4.87675865740856,
                    45.7772936957677
                ],
                "type": "Point"
            },
            "properties": {
                "address": "1 rue Georges Courteline\n69100 Villeurbanne",
                "available_bike_stands": 3,
                "available_bikes": 20,
                "banking": false,
                "bike_stands": 24,
                "bonus": false,
                "contract_name": "lyon",
                "last_update": 1789282036000,
                "name": "10124 - SALENGRO / YVONNE",
                "number": 10124,
                "status": "OPEN"
            },
            "type": "Feature"
        },
        {
            "geometry": {
                "coordinates": [
                    4.89868284276788,
                    45.7793035670002
                ],
                "type": "Point"
            },
            "properties": {
                "address": "81 RUE DE VERDUN\n69100 VILLEURBANNE",
                "available_bike_stands": 0,
                "available_bikes": 15,
                "banking": false,
                "bike_stands": 15,
                "bonus": false,
                "contract_name": "lyon",
                "last_update": 1789282110000,
                "name": "10125 - VERDUN / PETIT ROULET",
                "number": 10125,
                "status": "OPEN"
            },
            "type": "Feature"
        },
        {
            "geometry": {
                "coordinates": [
                    4.83293651597995,
                    45.7853900853359
                ],
                "type": "Point"
            },
            "properties": {
                "address": "449 Bd. des Canuts Caluire et Cuire",
                "available_bike_stands": 9,
                "available_bikes": 7,
                "banking": false,
                "bike_stands": 21,
                "bonus": false,
                "contract_name": "lyon",
                "last_update": 1789282034000,
                "name": "11001 - CALUIRE - GARE DE CUIRE",
                "number": 11001,
                "status": "OPEN"
            },
            "type": "Feature"
        },
        {
            "geometry": {
                "coordinates": [
                    4.847838,
                    45.785465
                ],
                "type": "Point"
            },
            "properties": {
                "address": "49 COURS ARISTIDE BRIAND (CALUIRE)",
                "available_bike_stands": 9,
                "available_bikes": 11,
                "banking": true,
                "bike_stands": 20,
                "bonus": false,
                "contract_name": "lyon",
                "last_update": 1789282079000,
                "name": "11002 - CALUIRE - SAINT-CLAIR",
                "number": 11002,
                "status": "OPEN"
            },
            "type": "Feature"
        },
        {
            "geometry": {
                "coordinates": [
                    4.823595,
                    45.791748
                ],
                "type": "Point"
            },
            "properties": {
                "address": "Quai Gillet au  niveau de la place de la Rochette. Caluire et Cuire.",
                "available_bike_stands": 1,
                "available_bikes": 18,
                "banking": false,
                "bike_stands": 20,
                "bonus": false,
                "contract_name": "lyon",
                "last_update": 1789282070000,
                "name": "11003 - CALUIRE - LA ROCHETTE",
                "number": 11003,
                "status": "OPEN"
            },
            "type": "Feature"
        },
        {
            "geometry": {
                "coordinates": [
                    4.843452,
                    45.79169
                ],
                "type": "Point"
            },
            "properties": {
                "address": "",
                "available_bike_stands": 3,
                "available_bikes": 11,
                "banking": true,
                "bike_stands": 15,
                "bonus": false,
                "contract_name": "lyon",
                "last_update": 1789282097000,
                "name": "11004 - CALUIRE - BRANLY / PASTEUR",
                "number": 11004,
                "status": "OPEN"
            },
            "type": "Feature"
        },
        {
            "geometry": {
                "coordinates": [
                    4.853035,
                    45.787941
                ],
                "type": "Point"
            },
            "properties": {
                "address": "",
                "available_bike_stands": 8,
                "available_bikes": 15,
                "banking": true,
                "bike_stands": 25,
                "bonus": false,
                "contract_name": "lyon",
                "last_update": 1789282083000,
                "name": "11005 - CALUIRE - PASSERELLE DE LA PAIX",
                "number": 11005,
                "status": "OPEN"
            },
            "type": "Feature"
        },
        {
            "geometry": {
                "coordinates": [
                    4.920569,
                    45.760908
                ],
                "type": "Point"
            },
            "properties": {
                "address": "45 RUE DE LA POUDRETTE (VAULX EN VELIN)",
                "available_bike_stands": 11,
                "available_bikes": 0,
                "banking": true,
                "bike_stands": 17,
                "bonus": false,
                "contract_name": "lyon",
                "last_update": 1789282076000,
                "name": "12001 - VAULX - LA SOIE",
                "number": 12001,
                "status": "OPEN"
            },
            "type": "Feature"
        },
        {
            "geometry": {
                "coordinates": [
                    4.919276,
                    45.76438
                ],
                "type": "Point"
            },
            "properties": {
                "address": "Face au 2 rue de la Poudrette, Vaulx en Velin",
                "available_bike_stands": 15,
                "available_bikes": 0,
                "banking": false,
                "bike_stands": 20,
                "bonus": false,
                "contract_name": "lyon",
                "last_update": 1789282048000,
                "name": "12002 - VAULX - POUDRETTE / LA SOIE",
                "number": 12002,
                "status": "OPEN"
            },
            "type": "Feature"
        },
        {
            "geometry": {
                "coordinates": [
                    4.92731,
                    45.757092
                ],
                "type": "Point"
            },
            "properties": {
                "address": "",
                "available_bike_stands": 9,
                "available_bikes": 5,
                "banking": false,
                "bike_stands": 15,
                "bonus": false,
                "contract_name": "lyon",
                "last_update": 1789282084000,
                "name": "12003 - VAULX - BIBLIOTHEQUE",
                "number": 12003,
                "status": "OPEN"
            },
            "type": "Feature"
        },
        {
            "geometry": {
                "coordinates": [
                    4.920544,
                    45.778178
                ],
                "type": "Point"
            },
            "properties": {
                "address": "",
                "available_bike_stands": 6,
                "available_bikes": 22,
                "banking": true,
                "bike_stands": 30,
                "bonus": false,
                "contract_name": "lyon",
                "last_update": 1789282108000,
                "name": "12004 - VAULX - H\u00d4TEL DE VILLE",
                "number": 12004,
                "status": "OPEN"
            },
            "type": "Feature"
        },
        {
            "geometry": {
                "coordinates": [
                    4.926788,
                    45.786262
                ],
                "type": "Point"
            },
            "properties": {
                "address": "",
                "available_bike_stands": 1,
                "available_bikes": 18,
                "banking": false,
                "bike_stands": 20,
                "bonus": false,
                "contract_name": "lyon",
                "last_update": 1789282008000,
                "name": "12005 - VAULX - VILLAGE",
                "number": 12005,
                "status": "OPEN"
            },
            "type": "Feature"
        },
        {
            "geometry": {
                "coordinates": [
                    4.91161969495498,
                    45.7835152016351
                ],
                "type": "Point"
            },
            "properties": {
                "address": "",
                "available_bike_stands": 0,
                "available_bikes": 0,
                "banking": false,
                "bike_stands": 15,
                "bonus": false,
                "contract_name": "lyon",
                "last_update": 1787891748000,
                "name": "12006 - VAULX - MEDIATHEQUE",
                "number": 12006,
                "status": "CLOSED"
            },
            "type": "Feature"
        },
        {
            "geometry": {
                "coordinates": [
                    4.955721,
                    45.771902
                ],
                "type": "Point"
            },
            "properties": {
                "address": "",
                "available_bike_stands": 0,
                "available_bikes": 19,
                "banking": true,
                "bike_stands": 20,
                "bonus": false,
                "contract_name": "lyon",
                "last_update": 1789281938000,
                "name": "13001 - DECINES - CENTRE",
                "number": 13001,
                "status": "OPEN"
            },
            "type": "Feature"
        },
        {
            "geometry": {
                "coordinates": [
                    4.93706820810353,
                    45.7649142471398
                ],
                "type": "Point"
            },
            "properties": {
                "address": "",
                "available_bike_stands": 14,
                "available_bikes": 1,
                "banking": false,
                "bike_stands": 15,
                "bonus": false,
                "contract_name": "lyon",
                "last_update": 1789281974000,
                "name": "13002 - DECINES - TRAMWAY ROOSEVELT",
                "number": 13002,
                "status": "OPEN"
            },
            "type": "Feature"
        },
        {
            "geometry": {
                "coordinates": [
                    4.969598,
                    45.738173
                ],
                "type": "Point"
            },
            "properties": {
                "address": "Route de Genas angle rue du progr\u00e8s 69680 Chassieu",
                "available_bike_stands": 11,
                "available_bikes": 1,
                "banking": false,
                "bike_stands": 12,
                "bonus": false,
                "contract_name": "lyon",
                "last_update": 1789282076000,
                "name": "13500 - CHASSIEU - GENAS / PROGRES",
                "number": 13500,
                "status": "OPEN"
            },
            "type": "Feature"
        },
        {
            "geometry": {
                "coordinates": [
                    4.90863,
                    45.742932
                ],
                "type": "Point"
            },
            "properties": {
                "address": "",
                "available_bike_stands": 1,
                "available_bikes": 12,
                "banking": false,
                "bike_stands": 13,
                "bonus": false,
                "contract_name": "lyon",
                "last_update": 1789282116000,
                "name": "14001 - BRON - CENTRE NAUTIQUE",
                "number": 14001,
                "status": "OPEN"
            },
            "type": "Feature"
        },
        {
            "geometry": {
                "coordinates": [
                    4.917009,
                    45.736633
                ],
                "type": "Point"
            },
            "properties": {
                "address": "",
                "available_bike_stands": 0,
                "available_bikes": 24,
                "banking": false,
                "bike_stands": 25,
                "bonus": false,
                "contract_name": "lyon",
                "last_update": 1789282096000,
                "name": "14003 - BRON - PLACE CURIAL",
                "number": 14003,
                "status": "OPEN"
            },
            "type": "Feature"
        },
        {
            "geometry": {
                "coordinates": [
                    4.908777,
                    45.73403
                ],
                "type": "Point"
            },
            "properties": {
                "address": "",
                "available_bike_stands": 0,
                "available_bikes": 22,
                "banking": true,
                "bike_stands": 23,
                "bonus": false,
                "contract_name": "lyon",
                "last_update": 1789282110000,
                "name": "14004 - BRON - MAIRIE",
                "number": 14004,
                "status": "OPEN"
            },
            "type": "Feature"
        },
        {
            "geometry": {
                "coordinates": [
                    4.91510127966599,
                    45.7221382796981
                ],
                "type": "Point"
            },
            "properties": {
                "address": "",
                "available_bike_stands": 16,
                "available_bikes": 14,
                "banking": true,
                "bike_stands": 30,
                "bonus": false,
                "contract_name": "lyon",
                "last_update": 1789282112000,
                "name": "14005 - BRON - UNIVERSITE",
                "number": 14005,
                "status": "OPEN"
            },
            "type": "Feature"
        },
        {
            "geometry": {
                "coordinates": [
                    4.930975,
                    45.714426
                ],
                "type": "Point"
            },
            "properties": {
                "address": "",
                "available_bike_stands": 5,
                "available_bikes": 14,
                "banking": true,
                "bike_stands": 20,
                "bonus": false,
                "contract_name": "lyon",
                "last_update": 1789282083000,
                "name": "15001 - ST PRIEST - PARC TECHNOLOGIQUE",
                "number": 15001,
                "status": "OPEN"
            },
            "type": "Feature"
        },
        {
            "geometry": {
                "coordinates": [
                    4.900886,
                    45.70597
                ],
                "type": "Point"
            },
            "properties": {
                "address": "",
                "available_bike_stands": 1,
                "available_bikes": 18,
                "banking": false,
                "bike_stands": 20,
                "bonus": false,
                "contract_name": "lyon",
                "last_update": 1789282058000,
                "name": "15002 - ST PRIEST - CITE BERLIET",
                "number": 15002,
                "status": "OPEN"
            },
            "type": "Feature"
        },
        {
            "geometry": {
                "coordinates": [
                    4.858428,
                    45.725891
                ],
                "type": "Point"
            },
            "properties": {
                "address": "Place Romand 69200 V\u00e9nissieux",
                "available_bike_stands": 2,
                "available_bikes": 17,
                "banking": true,
                "bike_stands": 20,
                "bonus": false,
                "contract_name": "lyon",
                "last_update": 1789282110000,
                "name": "16001 - VENISSIEUX - PLACE ROMAND",
                "number": 16001,
                "status": "OPEN"
            },
            "type": "Feature"
        },
        {
            "geometry": {
                "coordinates": [
                    4.854681,
                    45.719399
                ],
                "type": "Point"
            },
            "properties": {
                "address": "",
                "available_bike_stands": 5,
                "available_bikes": 12,
                "banking": false,
                "bike_stands": 18,
                "bonus": false,
                "contract_name": "lyon",
                "last_update": 1789281972000,
                "name": "16002 - V\u00c9NISSIEUX - L\u00c9VY / VIENNE",
                "number": 16002,
                "status": "OPEN"
            },
            "type": "Feature"
        },
        {
            "geometry": {
                "coordinates": [
                    4.878337,
                    45.71532
                ],
                "type": "Point"
            },
            "properties": {
                "address": "",
                "available_bike_stands": 0,
                "available_bikes": 24,
                "banking": false,
                "bike_stands": 25,
                "bonus": false,
                "contract_name": "lyon",
                "last_update": 1789282079000,
                "name": "16003 - V\u00c9NISSIEUX - JOLIOT CURIE / SEMBAT",
                "number": 16003,
                "status": "OPEN"
            },
            "type": "Feature"
        },
        {
            "geometry": {
                "coordinates": [
                    4.888457,
                    45.719746
                ],
                "type": "Point"
            },
            "properties": {
                "address": "",
                "available_bike_stands": 0,
                "available_bikes": 21,
                "banking": true,
                "bike_stands": 25,
                "bonus": false,
                "contract_name": "lyon",
                "last_update": 1789281972000,
                "name": "16004 - VENISSIEUX PARILLY",
                "number": 16004,
                "status": "OPEN"
            },
            "type": "Feature"
        },
        {
            "geometry": {
                "coordinates": [
                    4.886939,
                    45.708509
                ],
                "type": "Point"
            },
            "properties": {
                "address": "",
                "available_bike_stands": 8,
                "available_bikes": 14,
                "banking": true,
                "bike_stands": 25,
                "bonus": false,
                "contract_name": "lyon",
                "last_update": 1789282048000,
                "name": "16005 - VENISSIEUX - GARE",
                "number": 16005,
                "status": "OPEN"
            },
            "type": "Feature"
        },
        {
            "geometry": {
                "coordinates": [
                    4.896127,
                    45.697014
                ],
                "type": "Point"
            },
            "properties": {
                "address": "83, boulevard du docteur Coblod 69200 V\u00e9nissieux",
                "available_bike_stands": 1,
                "available_bikes": 14,
                "banking": false,
                "bike_stands": 15,
                "bonus": false,
                "contract_name": "lyon",
                "last_update": 1789282064000,
                "name": "16006 - VENISSIEUX - COBLOD",
                "number": 16006,
                "status": "OPEN"
            },
            "type": "Feature"
        },
        {
            "geometry": {
                "coordinates": [
                    4.882002,
                    45.699605
                ],
                "type": "Point"
            },
            "properties": {
                "address": "17, avenue Marcel Paul 69200 V\u00e9nissieux",
                "available_bike_stands": 5,
                "available_bikes": 10,
                "banking": false,
                "bike_stands": 15,
                "bonus": false,
                "contract_name": "lyon",
                "last_update": 1789281704000,
                "name": "16007 - VENISSIEUX - PAUL / PICARD",
                "number": 16007,
                "status": "OPEN"
            },
            "type": "Feature"
        },
        {
            "geometry": {
                "coordinates": [
                    4.87025533990843,
                    45.696610077761
                ],
                "type": "Point"
            },
            "properties": {
                "address": "4 RUE ARISTIDE BRUANT\n69200 VENISSIEUX",
                "available_bike_stands": 5,
                "available_bikes": 5,
                "banking": true,
                "bike_stands": 10,
                "bonus": false,
                "contract_name": "lyon",
                "last_update": 1789281966000,
                "name": "16008 - VENISSIEUX - BRUANT / CAGNE",
                "number": 16008,
                "status": "OPEN"
            },
            "type": "Feature"
        },
        {
            "geometry": {
                "coordinates": [
                    4.88414763254223,
                    45.6963500629927
                ],
                "type": "Point"
            },
            "properties": {
                "address": "4 RUE MARCEL HOUEL\n69200 VENISSIEUX",
                "available_bike_stands": 9,
                "available_bikes": 6,
                "banking": true,
                "bike_stands": 15,
                "bonus": false,
                "contract_name": "lyon",
                "last_update": 1789282042000,
                "name": "16009 - VENISSIEUX - HOUEL / GAMBETTA",
                "number": 16009,
                "status": "OPEN"
            },
            "type": "Feature"
        },
        {
            "geometry": {
                "coordinates": [
                    4.8740294731796,
                    45.6933113858081
                ],
                "type": "Point"
            },
            "properties": {
                "address": "5 RUE DES MARTYRS DE LA RESISTANCE\n69200 VENISSIEUX",
                "available_bike_stands": 4,
                "available_bikes": 11,
                "banking": false,
                "bike_stands": 15,
                "bonus": false,
                "contract_name": "lyon",
                "last_update": 1789281548000,
                "name": "16010 - VENISSIEUX - MARTYRS DE LA RESISTANCE",
                "number": 16010,
                "status": "OPEN"
            },
            "type": "Feature"
        },
        {
            "geometry": {
                "coordinates": [
                    4.858227,
                    45.697423
                ],
                "type": "Point"
            },
            "properties": {
                "address": "Boulevard Yves Farges angle rue des Clochettes 69200 V\u00e9nissieux",
                "available_bike_stands": 0,
                "available_bikes": 11,
                "banking": false,
                "bike_stands": 12,
                "bonus": false,
                "contract_name": "lyon",
                "last_update": 1789282041000,
                "name": "16011 - VENISSIEUX - FARGE / CLOCHETTES",
                "number": 16011,
                "status": "OPEN"
            },
            "type": "Feature"
        },
        {
            "geometry": {
                "coordinates": [
                    4.855202,
                    45.712362
                ],
                "type": "Point"
            },
            "properties": {
                "address": "",
                "available_bike_stands": 8,
                "available_bikes": 16,
                "banking": false,
                "bike_stands": 27,
                "bonus": false,
                "contract_name": "lyon",
                "last_update": 1789282073000,
                "name": "17001 - ST FONS - ARSENAL",
                "number": 17001,
                "status": "OPEN"
            },
            "type": "Feature"
        },
        {
            "geometry": {
                "coordinates": [
                    4.85519900555504,
                    45.7082838946447
                ],
                "type": "Point"
            },
            "properties": {
                "address": "",
                "available_bike_stands": 6,
                "available_bikes": 4,
                "banking": false,
                "bike_stands": 11,
                "bonus": false,
                "contract_name": "lyon",
                "last_update": 1789282092000,
                "name": "17002 - ST FONS - 4 CHEMINS",
                "number": 17002,
                "status": "OPEN"
            },
            "type": "Feature"
        },
        {
            "geometry": {
                "coordinates": [
                    4.862074,
                    45.708479
                ],
                "type": "Point"
            },
            "properties": {
                "address": "",
                "available_bike_stands": 13,
                "available_bikes": 5,
                "banking": true,
                "bike_stands": 18,
                "bonus": false,
                "contract_name": "lyon",
                "last_update": 1789281990000,
                "name": "17003 - ST FONS - THEATRE",
                "number": 17003,
                "status": "OPEN"
            },
            "type": "Feature"
        },
        {
            "geometry": {
                "coordinates": [
                    4.852492,
                    45.706374
                ],
                "type": "Point"
            },
            "properties": {
                "address": "21, avenue Diderot 69190 Saint Fons",
                "available_bike_stands": 13,
                "available_bikes": 2,
                "banking": false,
                "bike_stands": 15,
                "bonus": false,
                "contract_name": "lyon",
                "last_update": 1789282042000,
                "name": "17004 - SAINT-FONS - GARE",
                "number": 17004,
                "status": "OPEN"
            },
            "type": "Feature"
        },
        {
            "geometry": {
                "coordinates": [
                    4.861087,
                    45.710902
                ],
                "type": "Point"
            },
            "properties": {
                "address": "Place des cubes rue Monstequieu 69190 Saint Fons",
                "available_bike_stands": 10,
                "available_bikes": 5,
                "banking": false,
                "bike_stands": 15,
                "bonus": false,
                "contract_name": "lyon",
                "last_update": 1789281558000,
                "name": "17005 - SAINT-FONS - PLACE DES CUBES",
                "number": 17005,
                "status": "OPEN"
            },
            "type": "Feature"
        },
        {
            "geometry": {
                "coordinates": [
                    4.85645678756622,
                    45.6948161756973
                ],
                "type": "Point"
            },
            "properties": {
                "address": "Rue rochette angle all\u00e9e de Crest Saint Fons",
                "available_bike_stands": 9,
                "available_bikes": 6,
                "banking": false,
                "bike_stands": 15,
                "bonus": false,
                "contract_name": "lyon",
                "last_update": 1789281994000,
                "name": "17006 - SAINT FONS - ROCHETTES / CREST",
                "number": 17006,
                "status": "OPEN"
            },
            "type": "Feature"
        },
        {
            "geometry": {
                "coordinates": [
                    4.821204,
                    45.703245
                ],
                "type": "Point"
            },
            "properties": {
                "address": "",
                "available_bike_stands": 1,
                "available_bikes": 11,
                "banking": true,
                "bike_stands": 15,
                "bonus": false,
                "contract_name": "lyon",
                "last_update": 1789282102000,
                "name": "18001 - PIERRE B\u00c9NITE - EUROPE",
                "number": 18001,
                "status": "OPEN"
            },
            "type": "Feature"
        },
        {
            "geometry": {
                "coordinates": [
                    4.794658,
                    45.697863
                ],
                "type": "Point"
            },
            "properties": {
                "address": "",
                "available_bike_stands": 6,
                "available_bikes": 6,
                "banking": true,
                "bike_stands": 12,
                "bonus": false,
                "contract_name": "lyon",
                "last_update": 1789281554000,
                "name": "19001 - ST GENIS L. - M\u00c9DIATH\u00c8QUE",
                "number": 19001,
                "status": "OPEN"
            },
            "type": "Feature"
        },
        {
            "geometry": {
                "coordinates": [
                    4.80387625250301,
                    45.7007441946918
                ],
                "type": "Point"
            },
            "properties": {
                "address": "",
                "available_bike_stands": 5,
                "available_bikes": 9,
                "banking": true,
                "bike_stands": 15,
                "bonus": false,
                "contract_name": "lyon",
                "last_update": 1789282080000,
                "name": "19002 - SAINT GENIS - HOPITAUX SUD",
                "number": 19002,
                "status": "OPEN"
            },
            "type": "Feature"
        },
        {
            "geometry": {
                "coordinates": [
                    4.814072,
                    45.717001
                ],
                "type": "Point"
            },
            "properties": {
                "address": "",
                "available_bike_stands": 0,
                "available_bikes": 39,
                "banking": true,
                "bike_stands": 40,
                "bonus": false,
                "contract_name": "lyon",
                "last_update": 1789282055000,
                "name": "20001 - OULLINS - GARE",
                "number": 20001,
                "status": "OPEN"
            },
            "type": "Feature"
        },
        {
            "geometry": {
                "coordinates": [
                    4.806642,
                    45.714039
                ],
                "type": "Point"
            },
            "properties": {
                "address": "",
                "available_bike_stands": 1,
                "available_bikes": 17,
                "banking": true,
                "bike_stands": 18,
                "bonus": false,
                "contract_name": "lyon",
                "last_update": 1789281865000,
                "name": "20002 - OULLINS - MAIRIE",
                "number": 20002,
                "status": "OPEN"
            },
            "type": "Feature"
        },
        {
            "geometry": {
                "coordinates": [
                    4.798426,
                    45.720156
                ],
                "type": "Point"
            },
            "properties": {
                "address": "",
                "available_bike_stands": 9,
                "available_bikes": 15,
                "banking": false,
                "bike_stands": 24,
                "bonus": false,
                "contract_name": "lyon",
                "last_update": 1789282080000,
                "name": "20003 - OULLINS - PONT BLANC",
                "number": 20003,
                "status": "OPEN"
            },
            "type": "Feature"
        },
        {
            "geometry": {
                "coordinates": [
                    4.79064177854262,
                    45.7183513026064
                ],
                "type": "Point"
            },
            "properties": {
                "address": "4 bd du G\u00e9n\u00e9ral De Gaulle 69600 Oullins",
                "available_bike_stands": 0,
                "available_bikes": 15,
                "banking": false,
                "bike_stands": 15,
                "bonus": false,
                "contract_name": "lyon",
                "last_update": 1789282048000,
                "name": "20004 - OULLINS - DE GAULLE/ KENNEDY",
                "number": 20004,
                "status": "OPEN"
            },
            "type": "Feature"
        },
        {
            "geometry": {
                "coordinates": [
                    4.814779,
                    45.727309
                ],
                "type": "Point"
            },
            "properties": {
                "address": "",
                "available_bike_stands": 5,
                "available_bikes": 18,
                "banking": true,
                "bike_stands": 24,
                "bonus": false,
                "contract_name": "lyon",
                "last_update": 1789281921000,
                "name": "21001 - LA MULATIERE - AQUARIUM",
                "number": 21001,
                "status": "OPEN"
            },
            "type": "Feature"
        },
        {
            "geometry": {
                "coordinates": [
                    4.800967,
                    45.749588
                ],
                "type": "Point"
            },
            "properties": {
                "address": "place St Luc Sainte Foy L\u00e8s Lyon",
                "available_bike_stands": 8,
                "available_bikes": 5,
                "banking": true,
                "bike_stands": 15,
                "bonus": false,
                "contract_name": "lyon",
                "last_update": 1789282037000,
                "name": "22001 - STE FOY - PLACE ST LUC",
                "number": 22001,
                "status": "OPEN"
            },
            "type": "Feature"
        },
        {
            "geometry": {
                "coordinates": [
                    4.778641,
                    45.763244
                ],
                "type": "Point"
            },
            "properties": {
                "address": "",
                "available_bike_stands": 3,
                "available_bikes": 9,
                "banking": true,
                "bike_stands": 12,
                "bonus": false,
                "contract_name": "lyon",
                "last_update": 1789282062000,
                "name": "23001 - TASSIN - TUILERIES",
                "number": 23001,
                "status": "OPEN"
            },
            "type": "Feature"
        },
        {
            "geometry": {
                "coordinates": [
                    4.778531,
                    45.775112
                ],
                "type": "Point"
            },
            "properties": {
                "address": "",
                "available_bike_stands": 5,
                "available_bikes": 7,
                "banking": true,
                "bike_stands": 12,
                "bonus": false,
                "contract_name": "lyon",
                "last_update": 1789281527000,
                "name": "24001 - ECULLY - MAIRIE",
                "number": 24001,
                "status": "OPEN"
            },
            "type": "Feature"
        },
        {
            "geometry": {
                "coordinates": [
                    4.79200833442436,
                    45.7948818515667
                ],
                "type": "Point"
            },
            "properties": {
                "address": "1 RUE J RUE KENNEDY\t69410\tCHAMPAGNE AU MONT D'OR",
                "available_bike_stands": 9,
                "available_bikes": 6,
                "banking": true,
                "bike_stands": 15,
                "bonus": false,
                "contract_name": "lyon",
                "last_update": 1789281965000,
                "name": "24500 - CHAMPAGNE - MAIRIE",
                "number": 24500,
                "status": "OPEN"
            },
            "type": "Feature"
        },
        {
            "geometry": {
                "coordinates": [
                    4.819607,
                    45.799742
                ],
                "type": "Point"
            },
            "properties": {
                "address": "",
                "available_bike_stands": 1,
                "available_bikes": 11,
                "banking": true,
                "bike_stands": 12,
                "bonus": false,
                "contract_name": "lyon",
                "last_update": 1789282056000,
                "name": "25001 - ST CYR",
                "number": 25001,
                "status": "OPEN"
            },
            "type": "Feature"
        },
        {
            "geometry": {
                "coordinates": [
                    4.808426,
                    45.791621
                ],
                "type": "Point"
            },
            "properties": {
                "address": "",
                "available_bike_stands": 10,
                "available_bikes": 7,
                "banking": false,
                "bike_stands": 17,
                "bonus": false,
                "contract_name": "lyon",
                "last_update": 1789282092000,
                "name": "26001 - ST DIDIER",
                "number": 26001,
                "status": "OPEN"
            },
            "type": "Feature"
        },
        {
            "geometry": {
                "coordinates": [
                    4.846988,
                    45.830874
                ],
                "type": "Point"
            },
            "properties": {
                "address": "",
                "available_bike_stands": 16,
                "available_bikes": 8,
                "banking": true,
                "bike_stands": 24,
                "bonus": false,
                "contract_name": "lyon",
                "last_update": 1789282032000,
                "name": "27001 - COLLONGES - GARE",
                "number": 27001,
                "status": "OPEN"
            },
            "type": "Feature"
        },
        {
            "geometry": {
                "coordinates": [
                    4.83986758947584,
                    45.8224421938705
                ],
                "type": "Point"
            },
            "properties": {
                "address": "",
                "available_bike_stands": 0,
                "available_bikes": 15,
                "banking": false,
                "bike_stands": 15,
                "bonus": false,
                "contract_name": "lyon",
                "last_update": 1789282108000,
                "name": "27002 - COLLONGES - MEDIATHEQUE",
                "number": 27002,
                "status": "OPEN"
            },
            "type": "Feature"
        },
        {
            "geometry": {
                "coordinates": [
                    4.848795,
                    45.832495
                ],
                "type": "Point"
            },
            "properties": {
                "address": "",
                "available_bike_stands": 11,
                "available_bikes": 8,
                "banking": true,
                "bike_stands": 20,
                "bonus": false,
                "contract_name": "lyon",
                "last_update": 1789281531000,
                "name": "28001 - FONTAINES S/S - QUAI SIMON",
                "number": 28001,
                "status": "OPEN"
            },
            "type": "Feature"
        },
        {
            "geometry": {
                "coordinates": [
                    4.8457,
                    45.835406
                ],
                "type": "Point"
            },
            "properties": {
                "address": "",
                "available_bike_stands": 10,
                "available_bikes": 10,
                "banking": false,
                "bike_stands": 20,
                "bonus": false,
                "contract_name": "lyon",
                "last_update": 1789281993000,
                "name": "28002 - FONTAINES S/S - GAMBETTA",
                "number": 28002,
                "status": "OPEN"
            },
            "type": "Feature"
        },
        {
            "geometry": {
                "coordinates": [
                    4.88477,
                    45.805207
                ],
                "type": "Point"
            },
            "properties": {
                "address": "",
                "available_bike_stands": 4,
                "available_bikes": 8,
                "banking": true,
                "bike_stands": 12,
                "bonus": false,
                "contract_name": "lyon",
                "last_update": 1789282100000,
                "name": "30001 - RILLIEUX - CANELLAS",
                "number": 30001,
                "status": "OPEN"
            },
            "type": "Feature"
        },
        {
            "geometry": {
                "coordinates": [
                    4.88871930286496,
                    45.8167509779391
                ],
                "type": "Point"
            },
            "properties": {
                "address": "",
                "available_bike_stands": 11,
                "available_bikes": 6,
                "banking": false,
                "bike_stands": 20,
                "bonus": false,
                "contract_name": "lyon",
                "last_update": 1789282107000,
                "name": "30002 - RILLIEUX - LOUP PENDU",
                "number": 30002,
                "status": "OPEN"
            },
            "type": "Feature"
        },
        {
            "geometry": {
                "coordinates": [
                    4.832409,
                    45.846034
                ],
                "type": "Point"
            },
            "properties": {
                "address": "",
                "available_bike_stands": 10,
                "available_bikes": 7,
                "banking": false,
                "bike_stands": 17,
                "bonus": false,
                "contract_name": "lyon",
                "last_update": 1789282015000,
                "name": "32001 - COUZON - CENTRE",
                "number": 32001,
                "status": "OPEN"
            },
            "type": "Feature"
        },
        {
            "geometry": {
                "coordinates": [
                    4.833024,
                    45.874978
                ],
                "type": "Point"
            },
            "properties": {
                "address": "",
                "available_bike_stands": 3,
                "available_bikes": 15,
                "banking": true,
                "bike_stands": 18,
                "bonus": false,
                "contract_name": "lyon",
                "last_update": 1789282094000,
                "name": "33001 - ALBIGNY - GARE",
                "number": 33001,
                "status": "OPEN"
            },
            "type": "Feature"
        },
        {
            "geometry": {
                "coordinates": [
                    4.838578,
                    45.876622
                ],
                "type": "Point"
            },
            "properties": {
                "address": "",
                "available_bike_stands": 4,
                "available_bikes": 16,
                "banking": true,
                "bike_stands": 20,
                "bonus": false,
                "contract_name": "lyon",
                "last_update": 1789282081000,
                "name": "34001 - NEUVILLE - QUAI PASTEUR",
                "number": 34001,
                "status": "OPEN"
            },
            "type": "Feature"
        },
        {
            "geometry": {
                "coordinates": [
                    4.839595,
                    45.870877
                ],
                "type": "Point"
            },
            "properties": {
                "address": "",
                "available_bike_stands": 10,
                "available_bikes": 5,
                "banking": false,
                "bike_stands": 15,
                "bonus": false,
                "contract_name": "lyon",
                "last_update": 1789281972000,
                "name": "34002 - NEUVILLE - STADE",
                "number": 34002,
                "status": "OPEN"
            },
            "type": "Feature"
        },
        {
            "geometry": {
                "coordinates": [
                    4.80399921246408,
                    45.8875411792152
                ],
                "type": "Point"
            },
            "properties": {
                "address": "",
                "available_bike_stands": 11,
                "available_bikes": 4,
                "banking": true,
                "bike_stands": 15,
                "bonus": false,
                "contract_name": "lyon",
                "last_update": 1789282066000,
                "name": "35001 - ST GERMAIN AU MONT D'OR",
                "number": 35001,
                "status": "OPEN"
            },
            "type": "Feature"
        }
    ],
    "type": "FeatureCollection"
}