{
    "features": [
        {
            "geometry": {
                "coordinates": [
                    10.703833031254021,
                    59.942742106473666
                ],
                "type": "Point"
            },
            "properties": {
                "address": "Slemsdalsveien 70B",
                "capacity": 10,
                "cross_street": "ved Holmenveien",
                "is_installed": true,
                "is_renting": true,
                "is_returning": true,
                "is_virtual_station": false,
                "last_reported": 1742982506,
                "name": "Borgenveien",
                "num_bikes_available": 0,
                "num_docks_available": 10,
                "rental_uris": {
                    "android": "oslobysykkel://stations/1009",
                    "ios": "oslobysykkel://stations/1009"
                },
                "station_area": {
                    "coordinates": [
                        [
                            [
                                [
                                    10.703810110514155,
                                    59.94285109168136
                                ],
                                [
                                    10.70367600006341,
                                    59.94269122422709
                                ],
                                [
                                    10.703816816036701,
                                    59.94266166881503
                                ],
                                [
                                    10.703895941202632,
                                    59.94275302182182
                                ],
                                [
                                    10.703957632009983,
                                    59.942823551544656
                                ],
                                [
                                    10.703810110514155,
                                    59.94285109168136
                                ]
                            ]
                        ]
                    ],
                    "type": "MultiPolygon"
                },
                "station_id": "YOS:Station:1009",
                "vehicle_types_available": [
                    {
                        "count": 0,
                        "vehicle_type_id": "YOS:VehicleType:bike"
                    },
                    {
                        "count": 0,
                        "vehicle_type_id": "YOS:VehicleType:ebike"
                    }
                ]
            },
            "type": "Feature"
        },
        {
            "geometry": {
                "coordinates": [
                    10.740971,
                    59.9147672
                ],
                "type": "Point"
            },
            "properties": {
                "address": "Professor Aschehougs plass",
                "capacity": 15,
                "cross_street": "ved Kristian IVs gate",
                "is_installed": true,
                "is_renting": true,
                "is_returning": true,
                "is_virtual_station": false,
                "last_reported": 1742982506,
                "name": "Professor Aschehougs plass",
                "num_bikes_available": 7,
                "num_docks_available": 8,
                "rental_uris": {
                    "android": "oslobysykkel://stations/1023",
                    "ios": "oslobysykkel://stations/1023"
                },
                "station_area": {
                    "coordinates": [
                        [
                            [
                                [
                                    10.740732133336422,
                                    59.91481839132297
                                ],
                                [
                                    10.740777180744601,
                                    59.91472059520445
                                ],
                                [
                                    10.741297401641077,
                                    59.9147557722302
                                ],
                                [
                                    10.741262080276186,
                                    59.914847323418165
                                ],
                                [
                                    10.740732133336422,
                                    59.91481839132297
                                ]
                            ]
                        ]
                    ],
                    "type": "MultiPolygon"
                },
                "station_id": "YOS:Station:1023",
                "vehicle_types_available": [
                    {
                        "count": 7,
                        "vehicle_type_id": "YOS:VehicleType:bike"
                    },
                    {
                        "count": 0,
                        "vehicle_type_id": "YOS:VehicleType:ebike"
                    }
                ]
            },
            "type": "Feature"
        },
        {
            "geometry": {
                "coordinates": [
                    10.737365277561025,
                    59.91065301806209
                ],
                "type": "Point"
            },
            "properties": {
                "address": "R\u00e5dhusgata 34",
                "capacity": 24,
                "cross_street": "langs R\u00e5dhusgata",
                "is_installed": true,
                "is_renting": true,
                "is_returning": true,
                "is_virtual_station": false,
                "last_reported": 1742982506,
                "name": "Stortingstunnelen",
                "num_bikes_available": 10,
                "num_docks_available": 13,
                "rental_uris": {
                    "android": "oslobysykkel://stations/1101",
                    "ios": "oslobysykkel://stations/1101"
                },
                "station_area": {
                    "coordinates": [
                        [
                            [
                                [
                                    10.737699084167957,
                                    59.91062299064895
                                ],
                                [
                                    10.737669579868793,
                                    59.91062702482774
                                ],
                                [
                                    10.737609230165958,
                                    59.91056852918673
                                ],
                                [
                                    10.737143866901874,
                                    59.910674090211224
                                ],
                                [
                                    10.737170688992023,
                                    59.91070804448224
                                ],
                                [
                                    10.737201534395695,
                                    59.910735275110135
                                ],
                                [
                                    10.737626664524555,
                                    59.910639127361314
                                ],
                                [
                                    10.737699084167957,
                                    59.91062299064895
                                ]
                            ]
                        ]
                    ],
                    "type": "MultiPolygon"
                },
                "station_id": "YOS:Station:1101",
                "vehicle_types_available": [
                    {
                        "count": 10,
                        "vehicle_type_id": "YOS:VehicleType:bike"
                    },
                    {
                        "count": 0,
                        "vehicle_type_id": "YOS:VehicleType:ebike"
                    }
                ]
            },
            "type": "Feature"
        },
        {
            "geometry": {
                "coordinates": [
                    10.730034556850455,
                    59.91118372188379
                ],
                "type": "Point"
            },
            "properties": {
                "address": "Aker Brygge",
                "capacity": 33,
                "cross_street": "bak muren ved plattform G",
                "is_installed": true,
                "is_renting": true,
                "is_returning": true,
                "is_virtual_station": false,
                "last_reported": 1742982506,
                "name": "Aker Brygge 1 mot Nasjonalmuseet",
                "num_bikes_available": 32,
                "num_docks_available": 0,
                "rental_uris": {
                    "android": "oslobysykkel://stations/1755",
                    "ios": "oslobysykkel://stations/1755"
                },
                "station_area": {
                    "coordinates": [
                        [
                            [
                                [
                                    10.730221956987918,
                                    59.9113214113055
                                ],
                                [
                                    10.73039173129257,
                                    59.911242795098765
                                ],
                                [
                                    10.729917339318973,
                                    59.91102568679954
                                ],
                                [
                                    10.729741610677337,
                                    59.911113360490525
                                ],
                                [
                                    10.730221956987918,
                                    59.9113214113055
                                ]
                            ]
                        ]
                    ],
                    "type": "MultiPolygon"
                },
                "station_id": "YOS:Station:1755",
                "vehicle_types_available": [
                    {
                        "count": 32,
                        "vehicle_type_id": "YOS:VehicleType:bike"
                    },
                    {
                        "count": 0,
                        "vehicle_type_id": "YOS:VehicleType:ebike"
                    }
                ]
            },
            "type": "Feature"
        },
        {
            "geometry": {
                "coordinates": [
                    10.778592132296495,
                    59.90591083488326
                ],
                "type": "Point"
            },
            "properties": {
                "address": "Kv\u00e6rnerveien 5",
                "capacity": 6,
                "cross_street": "Ved Kv\u00e6rnerveien 5",
                "is_installed": true,
                "is_renting": true,
                "is_returning": true,
                "is_virtual_station": false,
                "last_reported": 1742982506,
                "name": "Kv\u00e6rnerveien",
                "num_bikes_available": 6,
                "num_docks_available": 0,
                "rental_uris": {
                    "android": "oslobysykkel://stations/1919",
                    "ios": "oslobysykkel://stations/1919"
                },
                "station_area": {
                    "coordinates": [
                        [
                            [
                                [
                                    10.778707467283425,
                                    59.905922939136076
                                ],
                                [
                                    10.778696738448247,
                                    59.9058718322608
                                ],
                                [
                                    10.77841242429227,
                                    59.90589200603682
                                ],
                                [
                                    10.77843388196473,
                                    59.90595252729085
                                ],
                                [
                                    10.778707467283425,
                                    59.905922939136076
                                ]
                            ]
                        ]
                    ],
                    "type": "MultiPolygon"
                },
                "station_id": "YOS:Station:1919",
                "vehicle_types_available": [
                    {
                        "count": 6,
                        "vehicle_type_id": "YOS:VehicleType:bike"
                    },
                    {
                        "count": 0,
                        "vehicle_type_id": "YOS:VehicleType:ebike"
                    }
                ]
            },
            "type": "Feature"
        },
        {
            "geometry": {
                "coordinates": [
                    10.799914801820819,
                    59.928710966693274
                ],
                "type": "Point"
            },
            "properties": {
                "address": "L\u00f8renveien 63",
                "capacity": 20,
                "cross_street": "p\u00e5 torget utenfor Parallell",
                "is_installed": true,
                "is_renting": true,
                "is_returning": true,
                "is_virtual_station": false,
                "last_reported": 1742982506,
                "name": "L\u00f8renporten",
                "num_bikes_available": 0,
                "num_docks_available": 20,
                "rental_uris": {
                    "android": "oslobysykkel://stations/2270",
                    "ios": "oslobysykkel://stations/2270"
                },
                "station_area": {
                    "coordinates": [
                        [
                            [
                                [
                                    10.799540974548535,
                                    59.928974308641386
                                ],
                                [
                                    10.799527499545377,
                                    59.92842527958109
                                ],
                                [
                                    10.800414454904313,
                                    59.92843215464555
                                ],
                                [
                                    10.800462220294747,
                                    59.928953060626355
                                ],
                                [
                                    10.799540974548535,
                                    59.928974308641386
                                ]
                            ]
                        ]
                    ],
                    "type": "MultiPolygon"
                },
                "station_id": "YOS:Station:2270",
                "vehicle_types_available": [
                    {
                        "count": 0,
                        "vehicle_type_id": "YOS:VehicleType:bike"
                    },
                    {
                        "count": 0,
                        "vehicle_type_id": "YOS:VehicleType:ebike"
                    }
                ]
            },
            "type": "Feature"
        },
        {
            "geometry": {
                "coordinates": [
                    10.732281291700133,
                    59.913150534075015
                ],
                "type": "Point"
            },
            "properties": {
                "address": "Olav Vs Gate 5",
                "capacity": 15,
                "cross_street": "By Olav V street",
                "is_installed": true,
                "is_renting": true,
                "is_returning": true,
                "is_virtual_station": false,
                "last_reported": 1742982506,
                "name": "Klingenberggata",
                "num_bikes_available": 13,
                "num_docks_available": 1,
                "rental_uris": {
                    "android": "oslobysykkel://stations/2280",
                    "ios": "oslobysykkel://stations/2280"
                },
                "station_area": {
                    "coordinates": [
                        [
                            [
                                [
                                    10.732257962884887,
                                    59.913320335043096
                                ],
                                [
                                    10.732448203974826,
                                    59.913304714142924
                                ],
                                [
                                    10.732344883382694,
                                    59.91307944350453
                                ],
                                [
                                    10.732148082254866,
                                    59.913102463931835
                                ],
                                [
                                    10.732257962884887,
                                    59.913320335043096
                                ]
                            ]
                        ]
                    ],
                    "type": "MultiPolygon"
                },
                "station_id": "YOS:Station:2280",
                "vehicle_types_available": [
                    {
                        "count": 13,
                        "vehicle_type_id": "YOS:VehicleType:bike"
                    },
                    {
                        "count": 0,
                        "vehicle_type_id": "YOS:VehicleType:ebike"
                    }
                ]
            },
            "type": "Feature"
        },
        {
            "geometry": {
                "coordinates": [
                    10.783884345957915,
                    59.91178403655783
                ],
                "type": "Point"
            },
            "properties": {
                "address": "Elverumsgata - Hedmarksgata",
                "capacity": 18,
                "cross_street": "ved Jordal Amfi",
                "is_installed": true,
                "is_renting": true,
                "is_returning": true,
                "is_virtual_station": false,
                "last_reported": 1742982506,
                "name": "Hedmarksgata",
                "num_bikes_available": 0,
                "num_docks_available": 18,
                "rental_uris": {
                    "android": "oslobysykkel://stations/2304",
                    "ios": "oslobysykkel://stations/2304"
                },
                "station_area": {
                    "coordinates": [
                        [
                            [
                                [
                                    10.78366476006741,
                                    59.91190030152032
                                ],
                                [
                                    10.783559047861417,
                                    59.911795759704546
                                ],
                                [
                                    10.784116571137446,
                                    59.91169557348846
                                ],
                                [
                                    10.78422228334344,
                                    59.911795759704546
                                ],
                                [
                                    10.78366476006741,
                                    59.91190030152032
                                ]
                            ]
                        ]
                    ],
                    "type": "MultiPolygon"
                },
                "station_id": "YOS:Station:2304",
                "vehicle_types_available": [
                    {
                        "count": 0,
                        "vehicle_type_id": "YOS:VehicleType:bike"
                    },
                    {
                        "count": 0,
                        "vehicle_type_id": "YOS:VehicleType:ebike"
                    }
                ]
            },
            "type": "Feature"
        },
        {
            "geometry": {
                "coordinates": [
                    10.761256419316368,
                    59.927777943193746
                ],
                "type": "Point"
            },
            "properties": {
                "address": "Toftes Gate 24",
                "capacity": 15,
                "cross_street": "ved Toftes Gate",
                "is_installed": true,
                "is_renting": true,
                "is_returning": true,
                "is_virtual_station": false,
                "last_reported": 1742982506,
                "name": "Hesselbergs Gate",
                "num_bikes_available": 0,
                "num_docks_available": 15,
                "rental_uris": {
                    "android": "oslobysykkel://stations/2305",
                    "ios": "oslobysykkel://stations/2305"
                },
                "station_area": {
                    "coordinates": [
                        [
                            [
                                [
                                    10.761108466619476,
                                    59.92786423175505
                                ],
                                [
                                    10.761118145312679,
                                    59.92768295358229
                                ],
                                [
                                    10.761405807007208,
                                    59.92768351336139
                                ],
                                [
                                    10.761395386552863,
                                    59.92786528711119
                                ],
                                [
                                    10.761108466619476,
                                    59.92786423175505
                                ]
                            ]
                        ]
                    ],
                    "type": "MultiPolygon"
                },
                "station_id": "YOS:Station:2305",
                "vehicle_types_available": [
                    {
                        "count": 0,
                        "vehicle_type_id": "YOS:VehicleType:bike"
                    },
                    {
                        "count": 0,
                        "vehicle_type_id": "YOS:VehicleType:ebike"
                    }
                ]
            },
            "type": "Feature"
        },
        {
            "geometry": {
                "coordinates": [
                    10.80193969590286,
                    59.930903961728745
                ],
                "type": "Point"
            },
            "properties": {
                "address": "L\u00f8renfaret 1",
                "capacity": 18,
                "cross_street": "ved Dag Hammarskj\u00f6lds vei",
                "is_installed": true,
                "is_renting": true,
                "is_returning": true,
                "is_virtual_station": false,
                "last_reported": 1742982506,
                "name": "\u00d8kern Portal",
                "num_bikes_available": 14,
                "num_docks_available": 4,
                "rental_uris": {
                    "android": "oslobysykkel://stations/2306",
                    "ios": "oslobysykkel://stations/2306"
                },
                "station_area": {
                    "coordinates": [
                        [
                            [
                                [
                                    10.801776942118892,
                                    59.931165344344095
                                ],
                                [
                                    10.801410487698917,
                                    59.93097101071365
                                ],
                                [
                                    10.80205909372009,
                                    59.930648271329545
                                ],
                                [
                                    10.802489318245819,
                                    59.93078120621533
                                ],
                                [
                                    10.801776942118892,
                                    59.931165344344095
                                ]
                            ]
                        ]
                    ],
                    "type": "MultiPolygon"
                },
                "station_id": "YOS:Station:2306",
                "vehicle_types_available": [
                    {
                        "count": 14,
                        "vehicle_type_id": "YOS:VehicleType:bike"
                    },
                    {
                        "count": 0,
                        "vehicle_type_id": "YOS:VehicleType:ebike"
                    }
                ]
            },
            "type": "Feature"
        },
        {
            "geometry": {
                "coordinates": [
                    10.724626314653563,
                    59.946219381760216
                ],
                "type": "Point"
            },
            "properties": {
                "address": "Trimveien 4",
                "capacity": 30,
                "cross_street": "ved Vestgrensa Studentby",
                "is_installed": true,
                "is_renting": true,
                "is_returning": true,
                "is_virtual_station": false,
                "last_reported": 1742982506,
                "name": "Domus Athletica",
                "num_bikes_available": 0,
                "num_docks_available": 30,
                "rental_uris": {
                    "android": "oslobysykkel://stations/2307",
                    "ios": "oslobysykkel://stations/2307"
                },
                "station_area": {
                    "coordinates": [
                        [
                            [
                                [
                                    10.724386821138353,
                                    59.94624506166687
                                ],
                                [
                                    10.724562470470374,
                                    59.94609397378247
                                ],
                                [
                                    10.7249606735395,
                                    59.94620122329394
                                ],
                                [
                                    10.72478676099658,
                                    59.9463505195358
                                ],
                                [
                                    10.724386821138353,
                                    59.94624506166687
                                ]
                            ]
                        ]
                    ],
                    "type": "MultiPolygon"
                },
                "station_id": "YOS:Station:2307",
                "vehicle_types_available": [
                    {
                        "count": 0,
                        "vehicle_type_id": "YOS:VehicleType:bike"
                    },
                    {
                        "count": 0,
                        "vehicle_type_id": "YOS:VehicleType:ebike"
                    }
                ]
            },
            "type": "Feature"
        },
        {
            "geometry": {
                "coordinates": [
                    10.753398500006654,
                    59.91459878869395
                ],
                "type": "Point"
            },
            "properties": {
                "address": "Storgata 33",
                "capacity": 12,
                "cross_street": "utenfor Storgata 33",
                "is_installed": true,
                "is_renting": true,
                "is_returning": true,
                "is_virtual_station": false,
                "last_reported": 1742982506,
                "name": "Gunerius",
                "num_bikes_available": 11,
                "num_docks_available": 0,
                "rental_uris": {
                    "android": "oslobysykkel://stations/2308",
                    "ios": "oslobysykkel://stations/2308"
                },
                "station_area": {
                    "coordinates": [
                        [
                            [
                                [
                                    10.752955100013594,
                                    59.91458637907337
                                ],
                                [
                                    10.753198961597917,
                                    59.91442086251848
                                ],
                                [
                                    10.753758714205759,
                                    59.914604878686845
                                ],
                                [
                                    10.753550764573333,
                                    59.914757517541574
                                ],
                                [
                                    10.752955100013594,
                                    59.91458637907337
                                ]
                            ]
                        ]
                    ],
                    "type": "MultiPolygon"
                },
                "station_id": "YOS:Station:2308",
                "vehicle_types_available": [
                    {
                        "count": 11,
                        "vehicle_type_id": "YOS:VehicleType:bike"
                    },
                    {
                        "count": 0,
                        "vehicle_type_id": "YOS:VehicleType:ebike"
                    }
                ]
            },
            "type": "Feature"
        },
        {
            "geometry": {
                "coordinates": [
                    10.810727302805304,
                    59.92472050943934
                ],
                "type": "Point"
            },
            "properties": {
                "address": "Ulvenveien 89",
                "capacity": 30,
                "cross_street": "ved byggegjerdene, s\u00f8r for Ulvenveien",
                "is_installed": false,
                "is_renting": false,
                "is_returning": false,
                "is_virtual_station": false,
                "last_reported": 1742982506,
                "name": "Ulven Torg",
                "num_bikes_available": 0,
                "num_docks_available": 0,
                "rental_uris": {
                    "android": "oslobysykkel://stations/2309",
                    "ios": "oslobysykkel://stations/2309"
                },
                "station_area": {
                    "coordinates": [
                        [
                            [
                                [
                                    10.810932830004532,
                                    59.925121755422396
                                ],
                                [
                                    10.809869506861503,
                                    59.924694710270415
                                ],
                                [
                                    10.810479731201383,
                                    59.92440535482373
                                ],
                                [
                                    10.811526247510642,
                                    59.92483266354208
                                ],
                                [
                                    10.810932830004532,
                                    59.925121755422396
                                ]
                            ]
                        ]
                    ],
                    "type": "MultiPolygon"
                },
                "station_id": "YOS:Station:2309",
                "vehicle_types_available": [
                    {
                        "count": 0,
                        "vehicle_type_id": "YOS:VehicleType:bike"
                    },
                    {
                        "count": 0,
                        "vehicle_type_id": "YOS:VehicleType:ebike"
                    }
                ]
            },
            "type": "Feature"
        },
        {
            "geometry": {
                "coordinates": [
                    10.760311802881915,
                    59.90691970255054
                ],
                "type": "Point"
            },
            "properties": {
                "address": "Rostockgata 5",
                "capacity": 18,
                "cross_street": "utenfor Bj\u00f8rvika visningssenter",
                "is_installed": true,
                "is_renting": true,
                "is_returning": true,
                "is_virtual_station": false,
                "last_reported": 1742982506,
                "name": "Rostockgata",
                "num_bikes_available": 16,
                "num_docks_available": 2,
                "rental_uris": {
                    "android": "oslobysykkel://stations/2315",
                    "ios": "oslobysykkel://stations/2315"
                },
                "station_area": {
                    "coordinates": [
                        [
                            [
                                [
                                    10.76027801704467,
                                    59.90711207731903
                                ],
                                [
                                    10.760580935089564,
                                    59.90702438519966
                                ],
                                [
                                    10.760315774488618,
                                    59.90673341551002
                                ],
                                [
                                    10.760000728461307,
                                    59.90679238668355
                                ],
                                [
                                    10.76027801704467,
                                    59.90711207731903
                                ]
                            ]
                        ]
                    ],
                    "type": "MultiPolygon"
                },
                "station_id": "YOS:Station:2315",
                "vehicle_types_available": [
                    {
                        "count": 16,
                        "vehicle_type_id": "YOS:VehicleType:bike"
                    },
                    {
                        "count": 0,
                        "vehicle_type_id": "YOS:VehicleType:ebike"
                    }
                ]
            },
            "type": "Feature"
        },
        {
            "geometry": {
                "coordinates": [
                    10.750910185807754,
                    59.912522370233745
                ],
                "type": "Point"
            },
            "properties": {
                "address": "Biskop Gunnerus Gate 3",
                "capacity": 21,
                "cross_street": "Mellom Oslo City og The Hub hotel",
                "is_installed": true,
                "is_renting": true,
                "is_returning": true,
                "is_virtual_station": false,
                "last_reported": 1742982506,
                "name": "The Hub",
                "num_bikes_available": 17,
                "num_docks_available": 1,
                "rental_uris": {
                    "android": "oslobysykkel://stations/2328",
                    "ios": "oslobysykkel://stations/2328"
                },
                "station_area": {
                    "coordinates": [
                        [
                            [
                                [
                                    10.750915880509865,
                                    59.9126659308196
                                ],
                                [
                                    10.75068738917713,
                                    59.91241803858395
                                ],
                                [
                                    10.750831972856133,
                                    59.91238314968578
                                ],
                                [
                                    10.751064921994043,
                                    59.91264085220104
                                ],
                                [
                                    10.750915880509865,
                                    59.9126659308196
                                ]
                            ]
                        ]
                    ],
                    "type": "MultiPolygon"
                },
                "station_id": "YOS:Station:2328",
                "vehicle_types_available": [
                    {
                        "count": 17,
                        "vehicle_type_id": "YOS:VehicleType:bike"
                    },
                    {
                        "count": 0,
                        "vehicle_type_id": "YOS:VehicleType:ebike"
                    }
                ]
            },
            "type": "Feature"
        },
        {
            "geometry": {
                "coordinates": [
                    10.727170827087008,
                    59.91271286014364
                ],
                "type": "Point"
            },
            "properties": {
                "address": "Dronning Mauds gate 10",
                "capacity": 15,
                "cross_street": "mellom bygningene ved Via Vika",
                "is_installed": true,
                "is_renting": true,
                "is_returning": true,
                "is_virtual_station": false,
                "last_reported": 1742982506,
                "name": "Via Vika",
                "num_bikes_available": 8,
                "num_docks_available": 7,
                "rental_uris": {
                    "android": "oslobysykkel://stations/2329",
                    "ios": "oslobysykkel://stations/2329"
                },
                "station_area": {
                    "coordinates": [
                        [
                            [
                                [
                                    10.727029520626047,
                                    59.91282806551615
                                ],
                                [
                                    10.726910571247885,
                                    59.91275991533334
                                ],
                                [
                                    10.727275915768473,
                                    59.91262361454827
                                ],
                                [
                                    10.727409733819798,
                                    59.91270134865849
                                ],
                                [
                                    10.727029520626047,
                                    59.91282806551615
                                ]
                            ]
                        ]
                    ],
                    "type": "MultiPolygon"
                },
                "station_id": "YOS:Station:2329",
                "vehicle_types_available": [
                    {
                        "count": 8,
                        "vehicle_type_id": "YOS:VehicleType:bike"
                    },
                    {
                        "count": 0,
                        "vehicle_type_id": "YOS:VehicleType:ebike"
                    }
                ]
            },
            "type": "Feature"
        },
        {
            "geometry": {
                "coordinates": [
                    10.749958763650312,
                    59.91323316606503
                ],
                "type": "Point"
            },
            "properties": {
                "address": "Storgata 10a",
                "capacity": 15,
                "cross_street": "Krysset Skippergata Storgata",
                "is_installed": true,
                "is_renting": true,
                "is_returning": true,
                "is_virtual_station": false,
                "last_reported": 1742982506,
                "name": "Stjerneplassen",
                "num_bikes_available": 12,
                "num_docks_available": 1,
                "rental_uris": {
                    "android": "oslobysykkel://stations/2330",
                    "ios": "oslobysykkel://stations/2330"
                },
                "station_area": {
                    "coordinates": [
                        [
                            [
                                [
                                    10.749901185530064,
                                    59.91332553246366
                                ],
                                [
                                    10.749797544913662,
                                    59.913185058464165
                                ],
                                [
                                    10.750004826146437,
                                    59.91315619387018
                                ],
                                [
                                    10.750116143846355,
                                    59.91330051658929
                                ],
                                [
                                    10.749901185530064,
                                    59.91332553246366
                                ]
                            ]
                        ]
                    ],
                    "type": "MultiPolygon"
                },
                "station_id": "YOS:Station:2330",
                "vehicle_types_available": [
                    {
                        "count": 12,
                        "vehicle_type_id": "YOS:VehicleType:bike"
                    },
                    {
                        "count": 0,
                        "vehicle_type_id": "YOS:VehicleType:ebike"
                    }
                ]
            },
            "type": "Feature"
        },
        {
            "geometry": {
                "coordinates": [
                    10.757376666842816,
                    59.91629601075576
                ],
                "type": "Point"
            },
            "properties": {
                "address": "Storgata 38",
                "capacity": 12,
                "cross_street": "Inntil byggegjerde. NB! Begrenset plass.",
                "is_installed": false,
                "is_renting": false,
                "is_returning": false,
                "is_virtual_station": false,
                "last_reported": 1742982506,
                "name": "Krohgst\u00f8tten hospital",
                "num_bikes_available": 0,
                "num_docks_available": 12,
                "rental_uris": {
                    "android": "oslobysykkel://stations/2332",
                    "ios": "oslobysykkel://stations/2332"
                },
                "station_area": {
                    "coordinates": [
                        [
                            [
                                [
                                    10.757527233890727,
                                    59.91642884831762
                                ],
                                [
                                    10.757681929839379,
                                    59.91638549036435
                                ],
                                [
                                    10.75748563908546,
                                    59.91624861887401
                                ],
                                [
                                    10.75727801709155,
                                    59.91619370101213
                                ],
                                [
                                    10.757124939891042,
                                    59.91624144559847
                                ],
                                [
                                    10.757527233890727,
                                    59.91642884831762
                                ]
                            ]
                        ]
                    ],
                    "type": "MultiPolygon"
                },
                "station_id": "YOS:Station:2332",
                "vehicle_types_available": [
                    {
                        "count": 0,
                        "vehicle_type_id": "YOS:VehicleType:bike"
                    },
                    {
                        "count": 0,
                        "vehicle_type_id": "YOS:VehicleType:ebike"
                    }
                ]
            },
            "type": "Feature"
        },
        {
            "geometry": {
                "coordinates": [
                    10.754884663589621,
                    59.90725889890288
                ],
                "type": "Point"
            },
            "properties": {
                "address": "Nylandsveien",
                "capacity": 15,
                "cross_street": "\u00f8st for Operaen",
                "is_installed": true,
                "is_renting": true,
                "is_returning": true,
                "is_virtual_station": false,
                "last_reported": 1742982506,
                "name": "Akerselvallmenningen",
                "num_bikes_available": 11,
                "num_docks_available": 4,
                "rental_uris": {
                    "android": "oslobysykkel://stations/2333",
                    "ios": "oslobysykkel://stations/2333"
                },
                "station_area": {
                    "coordinates": [
                        [
                            [
                                [
                                    10.754889658244736,
                                    59.907372845513436
                                ],
                                [
                                    10.754772283863275,
                                    59.90717124739777
                                ],
                                [
                                    10.754877171608285,
                                    59.90715121273573
                                ],
                                [
                                    10.75498955133557,
                                    59.90735907176807
                                ],
                                [
                                    10.754889658244736,
                                    59.907372845513436
                                ]
                            ]
                        ]
                    ],
                    "type": "MultiPolygon"
                },
                "station_id": "YOS:Station:2333",
                "vehicle_types_available": [
                    {
                        "count": 11,
                        "vehicle_type_id": "YOS:VehicleType:bike"
                    },
                    {
                        "count": 0,
                        "vehicle_type_id": "YOS:VehicleType:ebike"
                    }
                ]
            },
            "type": "Feature"
        },
        {
            "geometry": {
                "coordinates": [
                    10.757428972017067,
                    59.916544926082935
                ],
                "type": "Point"
            },
            "properties": {
                "address": "Storgata 53a",
                "capacity": 12,
                "cross_street": "Vest for Storgata der den krysser Hausmanns gate",
                "is_installed": true,
                "is_renting": true,
                "is_returning": true,
                "is_virtual_station": false,
                "last_reported": 1742982506,
                "name": "Nybrua holdeplass",
                "num_bikes_available": 2,
                "num_docks_available": 10,
                "rental_uris": {
                    "android": "oslobysykkel://stations/2334",
                    "ios": "oslobysykkel://stations/2334"
                },
                "station_area": {
                    "coordinates": [
                        [
                            [
                                [
                                    10.757469066980974,
                                    59.916620107545896
                                ],
                                [
                                    10.75731908211543,
                                    59.91651217370941
                                ],
                                [
                                    10.75738590705484,
                                    59.9164928200187
                                ],
                                [
                                    10.757534406923071,
                                    59.91660149828891
                                ],
                                [
                                    10.757469066980974,
                                    59.916620107545896
                                ]
                            ]
                        ]
                    ],
                    "type": "MultiPolygon"
                },
                "station_id": "YOS:Station:2334",
                "vehicle_types_available": [
                    {
                        "count": 2,
                        "vehicle_type_id": "YOS:VehicleType:bike"
                    },
                    {
                        "count": 0,
                        "vehicle_type_id": "YOS:VehicleType:ebike"
                    }
                ]
            },
            "type": "Feature"
        },
        {
            "geometry": {
                "coordinates": [
                    10.737834990277321,
                    59.91591543378553
                ],
                "type": "Point"
            },
            "properties": {
                "address": "Universitetsgata 18",
                "capacity": 15,
                "cross_street": "Hj\u00f8rnet av Universitetsgata and Kristian IVs Gate",
                "is_installed": true,
                "is_renting": true,
                "is_returning": true,
                "is_virtual_station": false,
                "last_reported": 1742982506,
                "name": "Universitetsgata",
                "num_bikes_available": 7,
                "num_docks_available": 8,
                "rental_uris": {
                    "android": "oslobysykkel://stations/2337",
                    "ios": "oslobysykkel://stations/2337"
                },
                "station_area": {
                    "coordinates": [
                        [
                            [
                                [
                                    10.737935466967116,
                                    59.9160616885498
                                ],
                                [
                                    10.73803594365586,
                                    59.91603069421657
                                ],
                                [
                                    10.737784751933503,
                                    59.91580598443463
                                ],
                                [
                                    10.737663020560205,
                                    59.915823418868655
                                ],
                                [
                                    10.737935466967116,
                                    59.9160616885498
                                ]
                            ]
                        ]
                    ],
                    "type": "MultiPolygon"
                },
                "station_id": "YOS:Station:2337",
                "vehicle_types_available": [
                    {
                        "count": 7,
                        "vehicle_type_id": "YOS:VehicleType:bike"
                    },
                    {
                        "count": 0,
                        "vehicle_type_id": "YOS:VehicleType:ebike"
                    }
                ]
            },
            "type": "Feature"
        },
        {
            "geometry": {
                "coordinates": [
                    10.761724502548105,
                    59.91564920880896
                ],
                "type": "Point"
            },
            "properties": {
                "address": "Norbygata 2",
                "capacity": 30,
                "cross_street": "langs Nylandsveien",
                "is_installed": true,
                "is_renting": true,
                "is_returning": true,
                "is_virtual_station": false,
                "last_reported": 1742982506,
                "name": "Elgsletta",
                "num_bikes_available": 0,
                "num_docks_available": 28,
                "rental_uris": {
                    "android": "oslobysykkel://stations/2339",
                    "ios": "oslobysykkel://stations/2339"
                },
                "station_area": {
                    "coordinates": [
                        [
                            [
                                [
                                    10.76136810278112,
                                    59.91558549501565
                                ],
                                [
                                    10.761543887910165,
                                    59.91548182813315
                                ],
                                [
                                    10.762112604508218,
                                    59.91569434489355
                                ],
                                [
                                    10.761929925843589,
                                    59.915811833250075
                                ],
                                [
                                    10.76136810278112,
                                    59.91558549501565
                                ]
                            ]
                        ]
                    ],
                    "type": "MultiPolygon"
                },
                "station_id": "YOS:Station:2339",
                "vehicle_types_available": [
                    {
                        "count": 0,
                        "vehicle_type_id": "YOS:VehicleType:bike"
                    },
                    {
                        "count": 0,
                        "vehicle_type_id": "YOS:VehicleType:ebike"
                    }
                ]
            },
            "type": "Feature"
        },
        {
            "geometry": {
                "coordinates": [
                    10.793540704010042,
                    59.92024767905539
                ],
                "type": "Point"
            },
            "properties": {
                "address": "Hovinveien 43",
                "capacity": 25,
                "cross_street": "langs Grenseveien ved fotgjengerbru",
                "is_installed": true,
                "is_renting": true,
                "is_returning": true,
                "is_virtual_station": false,
                "last_reported": 1742982506,
                "name": "Tiedemannsparken",
                "num_bikes_available": 0,
                "num_docks_available": 25,
                "rental_uris": {
                    "android": "oslobysykkel://stations/2340",
                    "ios": "oslobysykkel://stations/2340"
                },
                "station_area": {
                    "coordinates": [
                        [
                            [
                                [
                                    10.793781771126476,
                                    59.9203699572206
                                ],
                                [
                                    10.793353897522792,
                                    59.92033195208222
                                ],
                                [
                                    10.793031243224021,
                                    59.92023910115887
                                ],
                                [
                                    10.793252001278972,
                                    59.920027744960834
                                ],
                                [
                                    10.793841238411403,
                                    59.92015383864822
                                ],
                                [
                                    10.793781771126476,
                                    59.9203699572206
                                ]
                            ]
                        ]
                    ],
                    "type": "MultiPolygon"
                },
                "station_id": "YOS:Station:2340",
                "vehicle_types_available": [
                    {
                        "count": 0,
                        "vehicle_type_id": "YOS:VehicleType:bike"
                    },
                    {
                        "count": 0,
                        "vehicle_type_id": "YOS:VehicleType:ebike"
                    }
                ]
            },
            "type": "Feature"
        },
        {
            "geometry": {
                "coordinates": [
                    10.674398461025874,
                    59.89843428245928
                ],
                "type": "Point"
            },
            "properties": {
                "address": "Str\u00f8msborgveien 48",
                "capacity": 30,
                "cross_street": "stativ n\u00e6rmest stranden (markert 2)",
                "is_installed": true,
                "is_renting": true,
                "is_returning": true,
                "is_virtual_station": false,
                "last_reported": 1742982506,
                "name": "Huk 2",
                "num_bikes_available": 14,
                "num_docks_available": 16,
                "rental_uris": {
                    "android": "oslobysykkel://stations/2347",
                    "ios": "oslobysykkel://stations/2347"
                },
                "station_area": {
                    "coordinates": [
                        [
                            [
                                [
                                    10.674237707190713,
                                    59.89851072781505
                                ],
                                [
                                    10.674251820111948,
                                    59.89837585767998
                                ],
                                [
                                    10.674927651194167,
                                    59.89828863337729
                                ],
                                [
                                    10.6749169788975,
                                    59.89840303556656
                                ],
                                [
                                    10.674237707190713,
                                    59.89851072781505
                                ]
                            ]
                        ]
                    ],
                    "type": "MultiPolygon"
                },
                "station_id": "YOS:Station:2347",
                "vehicle_types_available": [
                    {
                        "count": 14,
                        "vehicle_type_id": "YOS:VehicleType:bike"
                    },
                    {
                        "count": 0,
                        "vehicle_type_id": "YOS:VehicleType:ebike"
                    }
                ]
            },
            "type": "Feature"
        },
        {
            "geometry": {
                "coordinates": [
                    10.698048967006343,
                    59.902942924651484
                ],
                "type": "Point"
            },
            "properties": {
                "address": "Bygd\u00f8ynesveien 37",
                "capacity": 21,
                "cross_street": "langs Bygd\u00f8ynesveien ",
                "is_installed": true,
                "is_renting": true,
                "is_returning": true,
                "is_virtual_station": false,
                "last_reported": 1742982506,
                "name": "Maritimt Museum",
                "num_bikes_available": 2,
                "num_docks_available": 19,
                "rental_uris": {
                    "android": "oslobysykkel://stations/2349",
                    "ios": "oslobysykkel://stations/2349"
                },
                "station_area": {
                    "coordinates": [
                        [
                            [
                                [
                                    10.698105087734262,
                                    59.9030123569342
                                ],
                                [
                                    10.698112100671437,
                                    59.903003877298715
                                ],
                                [
                                    10.698239935380059,
                                    59.90291311080273
                                ],
                                [
                                    10.698102896817105,
                                    59.90293703377779
                                ],
                                [
                                    10.698236158522228,
                                    59.9030016786229
                                ],
                                [
                                    10.69827731092013,
                                    59.9030080555377
                                ],
                                [
                                    10.69819901505778,
                                    59.902993903492884
                                ],
                                [
                                    10.698191607756172,
                                    59.9029925531074
                                ],
                                [
                                    10.698184200454563,
                                    59.90299120272192
                                ],
                                [
                                    10.697865088555389,
                                    59.90282949559668
                                ],
                                [
                                    10.697778558566739,
                                    59.90287817632051
                                ],
                                [
                                    10.698105087734262,
                                    59.9030123569342
                                ]
                            ]
                        ]
                    ],
                    "type": "MultiPolygon"
                },
                "station_id": "YOS:Station:2349",
                "vehicle_types_available": [
                    {
                        "count": 2,
                        "vehicle_type_id": "YOS:VehicleType:bike"
                    },
                    {
                        "count": 0,
                        "vehicle_type_id": "YOS:VehicleType:ebike"
                    }
                ]
            },
            "type": "Feature"
        },
        {
            "geometry": {
                "coordinates": [
                    10.716723884520064,
                    59.94025210701875
                ],
                "type": "Point"
            },
            "properties": {
                "address": "Apalveien 60",
                "capacity": 25,
                "cross_street": "ved Blindernveien",
                "is_installed": true,
                "is_renting": true,
                "is_returning": true,
                "is_virtual_station": false,
                "last_reported": 1742982506,
                "name": "Blindern T-Bane",
                "num_bikes_available": 1,
                "num_docks_available": 24,
                "rental_uris": {
                    "android": "oslobysykkel://stations/2350",
                    "ios": "oslobysykkel://stations/2350"
                },
                "station_area": {
                    "coordinates": [
                        [
                            [
                                [
                                    10.716592541032782,
                                    59.940423074359245
                                ],
                                [
                                    10.71628596221305,
                                    59.94020749029758
                                ],
                                [
                                    10.717073356832685,
                                    59.940047105781275
                                ],
                                [
                                    10.717273857961402,
                                    59.940266072364494
                                ],
                                [
                                    10.716592541032782,
                                    59.940423074359245
                                ]
                            ]
                        ]
                    ],
                    "type": "MultiPolygon"
                },
                "station_id": "YOS:Station:2350",
                "vehicle_types_available": [
                    {
                        "count": 1,
                        "vehicle_type_id": "YOS:VehicleType:bike"
                    },
                    {
                        "count": 0,
                        "vehicle_type_id": "YOS:VehicleType:ebike"
                    }
                ]
            },
            "type": "Feature"
        },
        {
            "geometry": {
                "coordinates": [
                    10.730396895054923,
                    59.91111544486938
                ],
                "type": "Point"
            },
            "properties": {
                "address": "Brynjulf Bulls plass 2, 0250 Oslo",
                "capacity": 24,
                "cross_street": "ved plattform H i retning r\u00e5dhuset",
                "is_installed": true,
                "is_renting": true,
                "is_returning": true,
                "is_virtual_station": false,
                "last_reported": 1742982506,
                "name": "Aker Brygge 2 mot R\u00e5dhusplassen",
                "num_bikes_available": 24,
                "num_docks_available": 0,
                "rental_uris": {
                    "android": "oslobysykkel://stations/2357",
                    "ios": "oslobysykkel://stations/2357"
                },
                "station_area": {
                    "coordinates": [
                        [
                            [
                                [
                                    10.730548419554253,
                                    59.911257551153795
                                ],
                                [
                                    10.730127150782835,
                                    59.911078762660765
                                ],
                                [
                                    10.73030174324336,
                                    59.910993960578736
                                ],
                                [
                                    10.730753965638968,
                                    59.91118155197066
                                ],
                                [
                                    10.730548419554253,
                                    59.911257551153795
                                ]
                            ]
                        ]
                    ],
                    "type": "MultiPolygon"
                },
                "station_id": "YOS:Station:2357",
                "vehicle_types_available": [
                    {
                        "count": 24,
                        "vehicle_type_id": "YOS:VehicleType:bike"
                    },
                    {
                        "count": 0,
                        "vehicle_type_id": "YOS:VehicleType:ebike"
                    }
                ]
            },
            "type": "Feature"
        },
        {
            "geometry": {
                "coordinates": [
                    10.729828757277915,
                    59.91087115068967
                ],
                "type": "Point"
            },
            "properties": {
                "address": "Dokkveien 1, 0250 Oslo",
                "capacity": 14,
                "cross_street": "ved bryggen",
                "is_installed": true,
                "is_renting": true,
                "is_returning": true,
                "is_virtual_station": false,
                "last_reported": 1742982506,
                "name": "Aker Brygge 3 mot Fergene",
                "num_bikes_available": 6,
                "num_docks_available": 6,
                "rental_uris": {
                    "android": "oslobysykkel://stations/2358",
                    "ios": "oslobysykkel://stations/2358"
                },
                "station_area": {
                    "coordinates": [
                        [
                            [
                                [
                                    10.729848884043207,
                                    59.910962336688044
                                ],
                                [
                                    10.729534724229808,
                                    59.91079850913218
                                ],
                                [
                                    10.729776694532546,
                                    59.91072642736819
                                ],
                                [
                                    10.73010113293222,
                                    59.91089562850067
                                ],
                                [
                                    10.729848884043207,
                                    59.910962336688044
                                ]
                            ]
                        ]
                    ],
                    "type": "MultiPolygon"
                },
                "station_id": "YOS:Station:2358",
                "vehicle_types_available": [
                    {
                        "count": 6,
                        "vehicle_type_id": "YOS:VehicleType:bike"
                    },
                    {
                        "count": 0,
                        "vehicle_type_id": "YOS:VehicleType:ebike"
                    }
                ]
            },
            "type": "Feature"
        },
        {
            "geometry": {
                "coordinates": [
                    10.73190903696522,
                    59.936006155097004
                ],
                "type": "Point"
            },
            "properties": {
                "address": "Kirkeveien 159",
                "capacity": 19,
                "cross_street": "hj\u00f8rnet av Sognsveien og Kirkeveien",
                "is_installed": true,
                "is_renting": true,
                "is_returning": true,
                "is_virtual_station": false,
                "last_reported": 1742982506,
                "name": "Vestre Aker Kirke",
                "num_bikes_available": 0,
                "num_docks_available": 19,
                "rental_uris": {
                    "android": "oslobysykkel://stations/3725",
                    "ios": "oslobysykkel://stations/3725"
                },
                "station_area": {
                    "coordinates": [
                        [
                            [
                                [
                                    10.731887010852915,
                                    59.936078540382994
                                ],
                                [
                                    10.731773356112825,
                                    59.93593906615416
                                ],
                                [
                                    10.731911680098818,
                                    59.93592317664789
                                ],
                                [
                                    10.732023572750194,
                                    59.93605735446209
                                ],
                                [
                                    10.731887010852915,
                                    59.936078540382994
                                ]
                            ]
                        ]
                    ],
                    "type": "MultiPolygon"
                },
                "station_id": "YOS:Station:3725",
                "vehicle_types_available": [
                    {
                        "count": 0,
                        "vehicle_type_id": "YOS:VehicleType:bike"
                    },
                    {
                        "count": 0,
                        "vehicle_type_id": "YOS:VehicleType:ebike"
                    }
                ]
            },
            "type": "Feature"
        },
        {
            "geometry": {
                "coordinates": [
                    10.7775665,
                    59.915667
                ],
                "type": "Point"
            },
            "properties": {
                "address": "T\u00f8yenparken",
                "capacity": 29,
                "cross_street": "ved Caltexl\u00f8kka",
                "is_installed": false,
                "is_renting": false,
                "is_returning": false,
                "is_virtual_station": false,
                "last_reported": 1742982506,
                "name": "T\u00f8yenparken",
                "num_bikes_available": 0,
                "num_docks_available": 29,
                "rental_uris": {
                    "android": "oslobysykkel://stations/377",
                    "ios": "oslobysykkel://stations/377"
                },
                "station_area": {
                    "coordinates": [
                        [
                            [
                                [
                                    10.777254599391426,
                                    59.91554743573906
                                ],
                                [
                                    10.778083077002663,
                                    59.915658675555235
                                ],
                                [
                                    10.77803566320327,
                                    59.9157557222835
                                ],
                                [
                                    10.777207882907758,
                                    59.91565069295029
                                ],
                                [
                                    10.777254599391426,
                                    59.91554743573906
                                ]
                            ]
                        ]
                    ],
                    "type": "MultiPolygon"
                },
                "station_id": "YOS:Station:377",
                "vehicle_types_available": [
                    {
                        "count": 0,
                        "vehicle_type_id": "YOS:VehicleType:bike"
                    },
                    {
                        "count": 0,
                        "vehicle_type_id": "YOS:VehicleType:ebike"
                    }
                ]
            },
            "type": "Feature"
        },
        {
            "geometry": {
                "coordinates": [
                    10.711284727205708,
                    59.92984300295666
                ],
                "type": "Point"
            },
            "properties": {
                "address": "Colosseum",
                "capacity": 12,
                "cross_street": "langs Fridtjof Nansens vei",
                "is_installed": true,
                "is_renting": true,
                "is_returning": true,
                "is_virtual_station": false,
                "last_reported": 1742982506,
                "name": "Colosseum Kino",
                "num_bikes_available": 1,
                "num_docks_available": 11,
                "rental_uris": {
                    "android": "oslobysykkel://stations/378",
                    "ios": "oslobysykkel://stations/378"
                },
                "station_area": {
                    "coordinates": [
                        [
                            [
                                [
                                    10.710910947542487,
                                    59.92981913773024
                                ],
                                [
                                    10.711299777030943,
                                    59.929790926170774
                                ],
                                [
                                    10.711529241492684,
                                    59.9297658532684
                                ],
                                [
                                    10.711588572675225,
                                    59.92985506993348
                                ],
                                [
                                    10.710973537989247,
                                    59.92990012894671
                                ],
                                [
                                    10.710910947542487,
                                    59.92981913773024
                                ]
                            ]
                        ]
                    ],
                    "type": "MultiPolygon"
                },
                "station_id": "YOS:Station:378",
                "vehicle_types_available": [
                    {
                        "count": 1,
                        "vehicle_type_id": "YOS:VehicleType:bike"
                    },
                    {
                        "count": 0,
                        "vehicle_type_id": "YOS:VehicleType:ebike"
                    }
                ]
            },
            "type": "Feature"
        },
        {
            "geometry": {
                "coordinates": [
                    10.75917,
                    59.93923
                ],
                "type": "Point"
            },
            "properties": {
                "address": "Bentsebrugata 29b",
                "capacity": 24,
                "cross_street": "rett over busstoppet",
                "is_installed": true,
                "is_renting": true,
                "is_returning": true,
                "is_virtual_station": false,
                "last_reported": 1742982506,
                "name": "Bentsebrugata",
                "num_bikes_available": 0,
                "num_docks_available": 24,
                "rental_uris": {
                    "android": "oslobysykkel://stations/380",
                    "ios": "oslobysykkel://stations/380"
                },
                "station_area": {
                    "coordinates": [
                        [
                            [
                                [
                                    10.759173184633255,
                                    59.93906452835654
                                ],
                                [
                                    10.759434700012207,
                                    59.93910349198456
                                ],
                                [
                                    10.759241580963135,
                                    59.93938362568639
                                ],
                                [
                                    10.759013593196869,
                                    59.93935205198212
                                ],
                                [
                                    10.759127587080002,
                                    59.93916596805113
                                ],
                                [
                                    10.759173184633255,
                                    59.93906452835654
                                ]
                            ]
                        ]
                    ],
                    "type": "MultiPolygon"
                },
                "station_id": "YOS:Station:380",
                "vehicle_types_available": [
                    {
                        "count": 0,
                        "vehicle_type_id": "YOS:VehicleType:bike"
                    },
                    {
                        "count": 0,
                        "vehicle_type_id": "YOS:VehicleType:ebike"
                    }
                ]
            },
            "type": "Feature"
        },
        {
            "geometry": {
                "coordinates": [
                    10.76224,
                    59.91252
                ],
                "type": "Point"
            },
            "properties": {
                "address": "Gr\u00f8nlands torg",
                "capacity": 15,
                "cross_street": "ved T\u00f8yenbekken",
                "is_installed": true,
                "is_renting": true,
                "is_returning": true,
                "is_virtual_station": false,
                "last_reported": 1742982506,
                "name": "Gr\u00f8nlands torg",
                "num_bikes_available": 1,
                "num_docks_available": 13,
                "rental_uris": {
                    "android": "oslobysykkel://stations/381",
                    "ios": "oslobysykkel://stations/381"
                },
                "station_area": {
                    "coordinates": [
                        [
                            [
                                [
                                    10.761966705322266,
                                    59.91249411600117
                                ],
                                [
                                    10.762422680854797,
                                    59.912417470830285
                                ],
                                [
                                    10.762527287006378,
                                    59.91251697505297
                                ],
                                [
                                    10.762017667293549,
                                    59.91259630928706
                                ],
                                [
                                    10.761966705322266,
                                    59.91249411600117
                                ]
                            ]
                        ]
                    ],
                    "type": "MultiPolygon"
                },
                "station_id": "YOS:Station:381",
                "vehicle_types_available": [
                    {
                        "count": 1,
                        "vehicle_type_id": "YOS:VehicleType:bike"
                    },
                    {
                        "count": 0,
                        "vehicle_type_id": "YOS:VehicleType:ebike"
                    }
                ]
            },
            "type": "Feature"
        },
        {
            "geometry": {
                "coordinates": [
                    10.732839000000013,
                    59.92958561753996
                ],
                "type": "Point"
            },
            "properties": {
                "address": "Theresesgate_Stensgata",
                "capacity": 9,
                "cross_street": "ved trikkestoppet",
                "is_installed": true,
                "is_renting": true,
                "is_returning": true,
                "is_virtual_station": false,
                "last_reported": 1742982506,
                "name": "Stensgata",
                "num_bikes_available": 0,
                "num_docks_available": 9,
                "rental_uris": {
                    "android": "oslobysykkel://stations/382",
                    "ios": "oslobysykkel://stations/382"
                },
                "station_area": {
                    "coordinates": [
                        [
                            [
                                [
                                    10.732711851596832,
                                    59.92950496412923
                                ],
                                [
                                    10.732962638139725,
                                    59.929494212435735
                                ],
                                [
                                    10.733040422201157,
                                    59.929633312201425
                                ],
                                [
                                    10.73265016078949,
                                    59.92964406384997
                                ],
                                [
                                    10.732703804969788,
                                    59.9295237795845
                                ],
                                [
                                    10.732711851596832,
                                    59.92950496412923
                                ]
                            ]
                        ]
                    ],
                    "type": "MultiPolygon"
                },
                "station_id": "YOS:Station:382",
                "vehicle_types_available": [
                    {
                        "count": 0,
                        "vehicle_type_id": "YOS:VehicleType:bike"
                    },
                    {
                        "count": 0,
                        "vehicle_type_id": "YOS:VehicleType:ebike"
                    }
                ]
            },
            "type": "Feature"
        },
        {
            "geometry": {
                "coordinates": [
                    10.749466,
                    59.934936
                ],
                "type": "Point"
            },
            "properties": {
                "address": "Arkitekt Rivertz Plass",
                "capacity": 30,
                "cross_street": "langs Uelands gate",
                "is_installed": true,
                "is_renting": true,
                "is_returning": true,
                "is_virtual_station": false,
                "last_reported": 1742982506,
                "name": "Arkitekt Rivertz Plass",
                "num_bikes_available": 0,
                "num_docks_available": 29,
                "rental_uris": {
                    "android": "oslobysykkel://stations/383",
                    "ios": "oslobysykkel://stations/383"
                },
                "station_area": {
                    "coordinates": [
                        [
                            [
                                [
                                    10.749293951657933,
                                    59.934673804952844
                                ],
                                [
                                    10.749589639336449,
                                    59.9346492836817
                                ],
                                [
                                    10.749654682012874,
                                    59.935177319047135
                                ],
                                [
                                    10.749361676544254,
                                    59.93518571512785
                                ],
                                [
                                    10.749293951657933,
                                    59.934673804952844
                                ]
                            ]
                        ]
                    ],
                    "type": "MultiPolygon"
                },
                "station_id": "YOS:Station:383",
                "vehicle_types_available": [
                    {
                        "count": 0,
                        "vehicle_type_id": "YOS:VehicleType:bike"
                    },
                    {
                        "count": 0,
                        "vehicle_type_id": "YOS:VehicleType:ebike"
                    }
                ]
            },
            "type": "Feature"
        },
        {
            "geometry": {
                "coordinates": [
                    10.7437646218726,
                    59.91944043984847
                ],
                "type": "Point"
            },
            "properties": {
                "address": "Ullev\u00e5lsveien 9",
                "capacity": 18,
                "cross_street": "langs Ullev\u00e5lsveien",
                "is_installed": true,
                "is_renting": true,
                "is_returning": true,
                "is_virtual_station": false,
                "last_reported": 1742982506,
                "name": "V\u00e5r Frelsers gravlund",
                "num_bikes_available": 1,
                "num_docks_available": 15,
                "rental_uris": {
                    "android": "oslobysykkel://stations/384",
                    "ios": "oslobysykkel://stations/384"
                },
                "station_area": {
                    "coordinates": [
                        [
                            [
                                [
                                    10.743546519960688,
                                    59.91924607231453
                                ],
                                [
                                    10.744007323469674,
                                    59.919308144051904
                                ],
                                [
                                    10.743784010410309,
                                    59.919715448632104
                                ],
                                [
                                    10.743531882762909,
                                    59.91967377350632
                                ],
                                [
                                    10.743471494742579,
                                    59.91950703406933
                                ],
                                [
                                    10.743546519960688,
                                    59.91924607231453
                                ]
                            ]
                        ]
                    ],
                    "type": "MultiPolygon"
                },
                "station_id": "YOS:Station:384",
                "vehicle_types_available": [
                    {
                        "count": 1,
                        "vehicle_type_id": "YOS:VehicleType:bike"
                    },
                    {
                        "count": 0,
                        "vehicle_type_id": "YOS:VehicleType:ebike"
                    }
                ]
            },
            "type": "Feature"
        },
        {
            "geometry": {
                "coordinates": [
                    10.735453,
                    59.914586
                ],
                "type": "Point"
            },
            "properties": {
                "address": "Karl Johans gate 47",
                "capacity": 15,
                "cross_street": "langs Karl Johan",
                "is_installed": true,
                "is_renting": true,
                "is_returning": true,
                "is_virtual_station": false,
                "last_reported": 1742982506,
                "name": "Studenterlunden",
                "num_bikes_available": 5,
                "num_docks_available": 9,
                "rental_uris": {
                    "android": "oslobysykkel://stations/387",
                    "ios": "oslobysykkel://stations/387"
                },
                "station_area": {
                    "coordinates": [
                        [
                            [
                                [
                                    10.735031962394714,
                                    59.9146696893277
                                ],
                                [
                                    10.73571592569351,
                                    59.914485483761744
                                ],
                                [
                                    10.735831260681152,
                                    59.91464010894076
                                ],
                                [
                                    10.735208988189697,
                                    59.91480548985675
                                ],
                                [
                                    10.735031962394714,
                                    59.9146696893277
                                ]
                            ]
                        ]
                    ],
                    "type": "MultiPolygon"
                },
                "station_id": "YOS:Station:387",
                "vehicle_types_available": [
                    {
                        "count": 5,
                        "vehicle_type_id": "YOS:VehicleType:bike"
                    },
                    {
                        "count": 0,
                        "vehicle_type_id": "YOS:VehicleType:ebike"
                    }
                ]
            },
            "type": "Feature"
        },
        {
            "geometry": {
                "coordinates": [
                    10.716349,
                    59.9163309
                ],
                "type": "Point"
            },
            "properties": {
                "address": "Skovveien ved Frognerveien",
                "capacity": 18,
                "cross_street": "langs Frognerveien",
                "is_installed": true,
                "is_renting": true,
                "is_returning": true,
                "is_virtual_station": false,
                "last_reported": 1742982506,
                "name": "Skovveien",
                "num_bikes_available": 0,
                "num_docks_available": 17,
                "rental_uris": {
                    "android": "oslobysykkel://stations/388",
                    "ios": "oslobysykkel://stations/388"
                },
                "station_area": {
                    "coordinates": [
                        [
                            [
                                [
                                    10.716204299521564,
                                    59.916219018678134
                                ],
                                [
                                    10.716414749622345,
                                    59.9161661535943
                                ],
                                [
                                    10.716578364372253,
                                    59.91640681854877
                                ],
                                [
                                    10.716424145445643,
                                    59.91644849777705
                                ],
                                [
                                    10.716204299521564,
                                    59.916219018678134
                                ]
                            ]
                        ]
                    ],
                    "type": "MultiPolygon"
                },
                "station_id": "YOS:Station:388",
                "vehicle_types_available": [
                    {
                        "count": 0,
                        "vehicle_type_id": "YOS:VehicleType:bike"
                    },
                    {
                        "count": 0,
                        "vehicle_type_id": "YOS:VehicleType:ebike"
                    }
                ]
            },
            "type": "Feature"
        },
        {
            "geometry": {
                "coordinates": [
                    10.7342854,
                    59.9205528
                ],
                "type": "Point"
            },
            "properties": {
                "address": "Pilestredet 38",
                "capacity": 18,
                "cross_street": "ved Stensberggata",
                "is_installed": true,
                "is_renting": true,
                "is_returning": true,
                "is_virtual_station": false,
                "last_reported": 1742982506,
                "name": "Pilestredet Studenthus",
                "num_bikes_available": 0,
                "num_docks_available": 18,
                "rental_uris": {
                    "android": "oslobysykkel://stations/389",
                    "ios": "oslobysykkel://stations/389"
                },
                "station_area": {
                    "coordinates": [
                        [
                            [
                                [
                                    10.73401004076004,
                                    59.920604057407466
                                ],
                                [
                                    10.734464232769156,
                                    59.920463168471585
                                ],
                                [
                                    10.73450356721878,
                                    59.92052339798614
                                ],
                                [
                                    10.734105767230844,
                                    59.92064283152841
                                ],
                                [
                                    10.73401004076004,
                                    59.920604057407466
                                ]
                            ]
                        ]
                    ],
                    "type": "MultiPolygon"
                },
                "station_id": "YOS:Station:389",
                "vehicle_types_available": [
                    {
                        "count": 0,
                        "vehicle_type_id": "YOS:VehicleType:bike"
                    },
                    {
                        "count": 0,
                        "vehicle_type_id": "YOS:VehicleType:ebike"
                    }
                ]
            },
            "type": "Feature"
        },
        {
            "geometry": {
                "coordinates": [
                    10.732771354719745,
                    59.91424026794647
                ],
                "type": "Point"
            },
            "properties": {
                "address": "Saga Kino",
                "capacity": 30,
                "cross_street": "langs Olav Vs gate",
                "is_installed": true,
                "is_renting": true,
                "is_returning": true,
                "is_virtual_station": false,
                "last_reported": 1742982506,
                "name": "Saga Kino",
                "num_bikes_available": 0,
                "num_docks_available": 29,
                "rental_uris": {
                    "android": "oslobysykkel://stations/390",
                    "ios": "oslobysykkel://stations/390"
                },
                "station_area": {
                    "coordinates": [
                        [
                            [
                                [
                                    10.732639935622558,
                                    59.9141320684014
                                ],
                                [
                                    10.732811694934753,
                                    59.91410128321107
                                ],
                                [
                                    10.732884100587825,
                                    59.914309742382606
                                ],
                                [
                                    10.732715093439225,
                                    59.91433921790174
                                ],
                                [
                                    10.732639935622558,
                                    59.9141320684014
                                ]
                            ]
                        ]
                    ],
                    "type": "MultiPolygon"
                },
                "station_id": "YOS:Station:390",
                "vehicle_types_available": [
                    {
                        "count": 0,
                        "vehicle_type_id": "YOS:VehicleType:bike"
                    },
                    {
                        "count": 0,
                        "vehicle_type_id": "YOS:VehicleType:ebike"
                    }
                ]
            },
            "type": "Feature"
        },
        {
            "geometry": {
                "coordinates": [
                    10.738352113653718,
                    59.92683548000409
                ],
                "type": "Point"
            },
            "properties": {
                "address": "Colletts gate 31",
                "capacity": 15,
                "cross_street": "ved busstoppet Colletts gate",
                "is_installed": true,
                "is_renting": true,
                "is_returning": true,
                "is_virtual_station": false,
                "last_reported": 1742982506,
                "name": "Colletts gate 31",
                "num_bikes_available": 0,
                "num_docks_available": 15,
                "rental_uris": {
                    "android": "oslobysykkel://stations/391",
                    "ios": "oslobysykkel://stations/391"
                },
                "station_area": {
                    "coordinates": [
                        [
                            [
                                [
                                    10.738152257365819,
                                    59.92678398086462
                                ],
                                [
                                    10.738265382040854,
                                    59.92675282672647
                                ],
                                [
                                    10.738408356729025,
                                    59.926736096404625
                                ],
                                [
                                    10.738529403606577,
                                    59.926887769359844
                                ],
                                [
                                    10.738316251521608,
                                    59.92693103043454
                                ],
                                [
                                    10.738152257365819,
                                    59.92678398086462
                                ]
                            ]
                        ]
                    ],
                    "type": "MultiPolygon"
                },
                "station_id": "YOS:Station:391",
                "vehicle_types_available": [
                    {
                        "count": 0,
                        "vehicle_type_id": "YOS:VehicleType:bike"
                    },
                    {
                        "count": 0,
                        "vehicle_type_id": "YOS:VehicleType:ebike"
                    }
                ]
            },
            "type": "Feature"
        },
        {
            "geometry": {
                "coordinates": [
                    10.751698750995615,
                    59.910180852633516
                ],
                "type": "Point"
            },
            "properties": {
                "address": "Christian Fredriks Plass",
                "capacity": 50,
                "cross_street": "to rader n\u00e6rmest fontenen",
                "is_installed": true,
                "is_renting": true,
                "is_returning": true,
                "is_virtual_station": false,
                "last_reported": 1742982506,
                "name": "Sj\u00f8siden 2 ved fontenen",
                "num_bikes_available": 49,
                "num_docks_available": 1,
                "rental_uris": {
                    "android": "oslobysykkel://stations/392",
                    "ios": "oslobysykkel://stations/392"
                },
                "station_area": {
                    "coordinates": [
                        [
                            [
                                [
                                    10.75172871351242,
                                    59.91009517271242
                                ],
                                [
                                    10.75179174542427,
                                    59.910082890438325
                                ],
                                [
                                    10.751852542134657,
                                    59.91016513090828
                                ],
                                [
                                    10.751853436231613,
                                    59.9101666865821
                                ],
                                [
                                    10.751933252904564,
                                    59.910266337232635
                                ],
                                [
                                    10.75153961777687,
                                    59.910332519839805
                                ],
                                [
                                    10.751426964998245,
                                    59.910147617832834
                                ],
                                [
                                    10.751648247241974,
                                    59.91011332680192
                                ],
                                [
                                    10.75172871351242,
                                    59.91009517271242
                                ]
                            ]
                        ]
                    ],
                    "type": "MultiPolygon"
                },
                "station_id": "YOS:Station:392",
                "vehicle_types_available": [
                    {
                        "count": 49,
                        "vehicle_type_id": "YOS:VehicleType:bike"
                    },
                    {
                        "count": 0,
                        "vehicle_type_id": "YOS:VehicleType:ebike"
                    }
                ]
            },
            "type": "Feature"
        },
        {
            "geometry": {
                "coordinates": [
                    10.774319,
                    59.939244
                ],
                "type": "Point"
            },
            "properties": {
                "address": "Hans Nielsen Hauges plass 1",
                "capacity": 21,
                "cross_street": "langs Hans Nielsen Hauges gate",
                "is_installed": true,
                "is_renting": true,
                "is_returning": true,
                "is_virtual_station": false,
                "last_reported": 1742982506,
                "name": "Hans Nielsen Hauges plass",
                "num_bikes_available": 9,
                "num_docks_available": 12,
                "rental_uris": {
                    "android": "oslobysykkel://stations/393",
                    "ios": "oslobysykkel://stations/393"
                },
                "station_area": {
                    "coordinates": [
                        [
                            [
                                [
                                    10.774433612823486,
                                    59.93911558413561
                                ],
                                [
                                    10.77458918094635,
                                    59.939206946912556
                                ],
                                [
                                    10.774173438549042,
                                    59.93938967171128
                                ],
                                [
                                    10.773993730545044,
                                    59.93929830943778
                                ],
                                [
                                    10.774433612823486,
                                    59.93911558413561
                                ]
                            ]
                        ]
                    ],
                    "type": "MultiPolygon"
                },
                "station_id": "YOS:Station:393",
                "vehicle_types_available": [
                    {
                        "count": 9,
                        "vehicle_type_id": "YOS:VehicleType:bike"
                    },
                    {
                        "count": 0,
                        "vehicle_type_id": "YOS:VehicleType:ebike"
                    }
                ]
            },
            "type": "Feature"
        },
        {
            "geometry": {
                "coordinates": [
                    10.760121127577955,
                    59.943777539367225
                ],
                "type": "Point"
            },
            "properties": {
                "address": "Bergensgata 15D",
                "capacity": 21,
                "cross_street": "ved rundkj\u00f8ringen",
                "is_installed": true,
                "is_renting": true,
                "is_returning": true,
                "is_virtual_station": false,
                "last_reported": 1742982506,
                "name": "Bj\u00f8lsen Studentby",
                "num_bikes_available": 0,
                "num_docks_available": 20,
                "rental_uris": {
                    "android": "oslobysykkel://stations/394",
                    "ios": "oslobysykkel://stations/394"
                },
                "station_area": {
                    "coordinates": [
                        [
                            [
                                [
                                    10.759892016649246,
                                    59.94369752019936
                                ],
                                [
                                    10.760475397109985,
                                    59.943683414638606
                                ],
                                [
                                    10.760479420423508,
                                    59.94386342801092
                                ],
                                [
                                    10.75994297862053,
                                    59.94390843120128
                                ],
                                [
                                    10.759859830141068,
                                    59.943815737996246
                                ],
                                [
                                    10.759892016649246,
                                    59.94369752019936
                                ]
                            ]
                        ]
                    ],
                    "type": "MultiPolygon"
                },
                "station_id": "YOS:Station:394",
                "vehicle_types_available": [
                    {
                        "count": 0,
                        "vehicle_type_id": "YOS:VehicleType:bike"
                    },
                    {
                        "count": 0,
                        "vehicle_type_id": "YOS:VehicleType:ebike"
                    }
                ]
            },
            "type": "Feature"
        },
        {
            "geometry": {
                "coordinates": [
                    10.7098327,
                    59.9261831
                ],
                "type": "Point"
            },
            "properties": {
                "address": "Frogner Tennisklubb",
                "capacity": 15,
                "cross_street": "ved inngangen til tennisbanen",
                "is_installed": true,
                "is_renting": true,
                "is_returning": true,
                "is_virtual_station": false,
                "last_reported": 1742982506,
                "name": "Frogner Tennisklubb",
                "num_bikes_available": 0,
                "num_docks_available": 15,
                "rental_uris": {
                    "android": "oslobysykkel://stations/395",
                    "ios": "oslobysykkel://stations/395"
                },
                "station_area": {
                    "coordinates": [
                        [
                            [
                                [
                                    10.709235152763881,
                                    59.9262012899224
                                ],
                                [
                                    10.709908438427902,
                                    59.92596706403778
                                ],
                                [
                                    10.710155566702554,
                                    59.92614205821377
                                ],
                                [
                                    10.709440901569025,
                                    59.92635867920654
                                ],
                                [
                                    10.709235152763881,
                                    59.9262012899224
                                ]
                            ]
                        ]
                    ],
                    "type": "MultiPolygon"
                },
                "station_id": "YOS:Station:395",
                "vehicle_types_available": [
                    {
                        "count": 0,
                        "vehicle_type_id": "YOS:VehicleType:bike"
                    },
                    {
                        "count": 0,
                        "vehicle_type_id": "YOS:VehicleType:ebike"
                    }
                ]
            },
            "type": "Feature"
        },
        {
            "geometry": {
                "coordinates": [
                    10.746760585982287,
                    59.91300035973293
                ],
                "type": "Point"
            },
            "properties": {
                "address": "Stortorvet 13",
                "capacity": 24,
                "cross_street": "ved Torggata",
                "is_installed": true,
                "is_renting": true,
                "is_returning": true,
                "is_virtual_station": false,
                "last_reported": 1742982506,
                "name": "Kirkeristen",
                "num_bikes_available": 22,
                "num_docks_available": 1,
                "rental_uris": {
                    "android": "oslobysykkel://stations/396",
                    "ios": "oslobysykkel://stations/396"
                },
                "station_area": {
                    "coordinates": [
                        [
                            [
                                [
                                    10.746513228667766,
                                    59.91296707577576
                                ],
                                [
                                    10.746747851372078,
                                    59.912983069809584
                                ],
                                [
                                    10.747171346267066,
                                    59.91294057642663
                                ],
                                [
                                    10.747215468127678,
                                    59.91300504801408
                                ],
                                [
                                    10.746912061903089,
                                    59.91304759635665
                                ],
                                [
                                    10.746578872204793,
                                    59.91306275677987
                                ],
                                [
                                    10.746513228667766,
                                    59.91296707577576
                                ]
                            ]
                        ]
                    ],
                    "type": "MultiPolygon"
                },
                "station_id": "YOS:Station:396",
                "vehicle_types_available": [
                    {
                        "count": 22,
                        "vehicle_type_id": "YOS:VehicleType:bike"
                    },
                    {
                        "count": 0,
                        "vehicle_type_id": "YOS:VehicleType:ebike"
                    }
                ]
            },
            "type": "Feature"
        },
        {
            "geometry": {
                "coordinates": [
                    10.773805285879131,
                    59.94671044754387
                ],
                "type": "Point"
            },
            "properties": {
                "address": "Vitaminveien 21",
                "capacity": 42,
                "cross_street": "langs Vitaminveien",
                "is_installed": true,
                "is_renting": true,
                "is_returning": true,
                "is_virtual_station": false,
                "last_reported": 1742982506,
                "name": "Storo Storsenter",
                "num_bikes_available": 0,
                "num_docks_available": 42,
                "rental_uris": {
                    "android": "oslobysykkel://stations/397",
                    "ios": "oslobysykkel://stations/397"
                },
                "station_area": {
                    "coordinates": [
                        [
                            [
                                [
                                    10.774345099925995,
                                    59.94653261608007
                                ],
                                [
                                    10.77444702386856,
                                    59.94663470456259
                                ],
                                [
                                    10.773611515760422,
                                    59.946875820190954
                                ],
                                [
                                    10.773438513278961,
                                    59.94670925582161
                                ],
                                [
                                    10.774306207895279,
                                    59.94649433281809
                                ],
                                [
                                    10.774345099925995,
                                    59.94653261608007
                                ]
                            ]
                        ]
                    ],
                    "type": "MultiPolygon"
                },
                "station_id": "YOS:Station:397",
                "vehicle_types_available": [
                    {
                        "count": 0,
                        "vehicle_type_id": "YOS:VehicleType:bike"
                    },
                    {
                        "count": 0,
                        "vehicle_type_id": "YOS:VehicleType:ebike"
                    }
                ]
            },
            "type": "Feature"
        },
        {
            "geometry": {
                "coordinates": [
                    10.75943014633117,
                    59.92843404417577
                ],
                "type": "Point"
            },
            "properties": {
                "address": "Sannergata 6A",
                "capacity": 18,
                "cross_street": "ved Sannergata",
                "is_installed": true,
                "is_renting": true,
                "is_returning": true,
                "is_virtual_station": false,
                "last_reported": 1742982506,
                "name": "Ringnes Park",
                "num_bikes_available": 0,
                "num_docks_available": 18,
                "rental_uris": {
                    "android": "oslobysykkel://stations/398",
                    "ios": "oslobysykkel://stations/398"
                },
                "station_area": {
                    "coordinates": [
                        [
                            [
                                [
                                    10.759361609816551,
                                    59.92837568128219
                                ],
                                [
                                    10.759564116597176,
                                    59.92839012935665
                                ],
                                [
                                    10.759562775492668,
                                    59.928499665716686
                                ],
                                [
                                    10.759122222661972,
                                    59.92851747374103
                                ],
                                [
                                    10.759128257632256,
                                    59.928366273230296
                                ],
                                [
                                    10.759361609816551,
                                    59.92837568128219
                                ]
                            ]
                        ]
                    ],
                    "type": "MultiPolygon"
                },
                "station_id": "YOS:Station:398",
                "vehicle_types_available": [
                    {
                        "count": 0,
                        "vehicle_type_id": "YOS:VehicleType:bike"
                    },
                    {
                        "count": 0,
                        "vehicle_type_id": "YOS:VehicleType:ebike"
                    }
                ]
            },
            "type": "Feature"
        },
        {
            "geometry": {
                "coordinates": [
                    10.7489862,
                    59.929545
                ],
                "type": "Point"
            },
            "properties": {
                "address": "Uelands gate 40",
                "capacity": 36,
                "cross_street": "Ved Ulvetrappen (Ilatrappen)",
                "is_installed": true,
                "is_renting": true,
                "is_returning": true,
                "is_virtual_station": false,
                "last_reported": 1742982506,
                "name": "Uelands gate",
                "num_bikes_available": 0,
                "num_docks_available": 36,
                "rental_uris": {
                    "android": "oslobysykkel://stations/399",
                    "ios": "oslobysykkel://stations/399"
                },
                "station_area": {
                    "coordinates": [
                        [
                            [
                                [
                                    10.748955309391022,
                                    59.92933831248816
                                ],
                                [
                                    10.749164521694183,
                                    59.929359815972774
                                ],
                                [
                                    10.749038457870483,
                                    59.92971730936208
                                ],
                                [
                                    10.748805105686188,
                                    59.92970924564389
                                ],
                                [
                                    10.748955309391022,
                                    59.92933831248816
                                ]
                            ]
                        ]
                    ],
                    "type": "MultiPolygon"
                },
                "station_id": "YOS:Station:399",
                "vehicle_types_available": [
                    {
                        "count": 0,
                        "vehicle_type_id": "YOS:VehicleType:bike"
                    },
                    {
                        "count": 0,
                        "vehicle_type_id": "YOS:VehicleType:ebike"
                    }
                ]
            },
            "type": "Feature"
        },
        {
            "geometry": {
                "coordinates": [
                    10.735428,
                    59.919927
                ],
                "type": "Point"
            },
            "properties": {
                "address": "Pilestredet 35",
                "capacity": 25,
                "cross_street": "langs Pilestredet",
                "is_installed": true,
                "is_renting": true,
                "is_returning": true,
                "is_virtual_station": false,
                "last_reported": 1742982506,
                "name": "OsloMet",
                "num_bikes_available": 2,
                "num_docks_available": 23,
                "rental_uris": {
                    "android": "oslobysykkel://stations/400",
                    "ios": "oslobysykkel://stations/400"
                },
                "station_area": {
                    "coordinates": [
                        [
                            [
                                [
                                    10.735600590705872,
                                    59.919712759915825
                                ],
                                [
                                    10.735729336738586,
                                    59.91976518984268
                                ],
                                [
                                    10.73565423488617,
                                    59.91987811555766
                                ],
                                [
                                    10.735512077808378,
                                    59.91998163045883
                                ],
                                [
                                    10.735356509685516,
                                    59.91994398871396
                                ],
                                [
                                    10.735600590705872,
                                    59.919712759915825
                                ]
                            ]
                        ]
                    ],
                    "type": "MultiPolygon"
                },
                "station_id": "YOS:Station:400",
                "vehicle_types_available": [
                    {
                        "count": 2,
                        "vehicle_type_id": "YOS:VehicleType:bike"
                    },
                    {
                        "count": 0,
                        "vehicle_type_id": "YOS:VehicleType:ebike"
                    }
                ]
            },
            "type": "Feature"
        },
        {
            "geometry": {
                "coordinates": [
                    10.760629,
                    59.920259
                ],
                "type": "Point"
            },
            "properties": {
                "address": "Schous Plass.",
                "capacity": 6,
                "cross_street": "lengst vekk fra rundkj\u00f8ring",
                "is_installed": true,
                "is_renting": true,
                "is_returning": true,
                "is_virtual_station": false,
                "last_reported": 1742982506,
                "name": "Lille Schous plass",
                "num_bikes_available": 0,
                "num_docks_available": 6,
                "rental_uris": {
                    "android": "oslobysykkel://stations/401",
                    "ios": "oslobysykkel://stations/401"
                },
                "station_area": {
                    "coordinates": [
                        [
                            [
                                [
                                    10.760691985487938,
                                    59.92017824066459
                                ],
                                [
                                    10.760865658521652,
                                    59.92021689039713
                                ],
                                [
                                    10.76065979897976,
                                    59.92033283932475
                                ],
                                [
                                    10.760279595851898,
                                    59.920221931663214
                                ],
                                [
                                    10.76037883758545,
                                    59.92010967928922
                                ],
                                [
                                    10.76058603823185,
                                    59.920152698207986
                                ],
                                [
                                    10.760691985487938,
                                    59.92017824066459
                                ]
                            ]
                        ]
                    ],
                    "type": "MultiPolygon"
                },
                "station_id": "YOS:Station:401",
                "vehicle_types_available": [
                    {
                        "count": 0,
                        "vehicle_type_id": "YOS:VehicleType:bike"
                    },
                    {
                        "count": 0,
                        "vehicle_type_id": "YOS:VehicleType:ebike"
                    }
                ]
            },
            "type": "Feature"
        },
        {
            "geometry": {
                "coordinates": [
                    10.791823716034969,
                    59.93087712510462
                ],
                "type": "Point"
            },
            "properties": {
                "address": "L\u00f8renveien 41e",
                "capacity": 21,
                "cross_street": "s\u00f8r for L\u00f8renparken",
                "is_installed": true,
                "is_renting": true,
                "is_returning": true,
                "is_virtual_station": false,
                "last_reported": 1742982506,
                "name": "L\u00f8renveien",
                "num_bikes_available": 0,
                "num_docks_available": 21,
                "rental_uris": {
                    "android": "oslobysykkel://stations/402",
                    "ios": "oslobysykkel://stations/402"
                },
                "station_area": {
                    "coordinates": [
                        [
                            [
                                [
                                    10.792047679424286,
                                    59.93073802586232
                                ],
                                [
                                    10.792152285575867,
                                    59.93083613125791
                                ],
                                [
                                    10.791564881801605,
                                    59.93100277537449
                                ],
                                [
                                    10.791448205709457,
                                    59.93089795094722
                                ],
                                [
                                    10.792046338319778,
                                    59.93073399412757
                                ],
                                [
                                    10.792047679424286,
                                    59.93073802586232
                                ]
                            ]
                        ]
                    ],
                    "type": "MultiPolygon"
                },
                "station_id": "YOS:Station:402",
                "vehicle_types_available": [
                    {
                        "count": 0,
                        "vehicle_type_id": "YOS:VehicleType:bike"
                    },
                    {
                        "count": 0,
                        "vehicle_type_id": "YOS:VehicleType:ebike"
                    }
                ]
            },
            "type": "Feature"
        },
        {
            "geometry": {
                "coordinates": [
                    10.730476,
                    59.921768
                ],
                "type": "Point"
            },
            "properties": {
                "address": "Parkveien",
                "capacity": 15,
                "cross_street": "ved trikkestoppet",
                "is_installed": true,
                "is_renting": true,
                "is_returning": true,
                "is_virtual_station": false,
                "last_reported": 1742982506,
                "name": "Parkveien",
                "num_bikes_available": 0,
                "num_docks_available": 15,
                "rental_uris": {
                    "android": "oslobysykkel://stations/403",
                    "ios": "oslobysykkel://stations/403"
                },
                "station_area": {
                    "coordinates": [
                        [
                            [
                                [
                                    10.730354189872742,
                                    59.92165798916276
                                ],
                                [
                                    10.7306170463562,
                                    59.92178300690787
                                ],
                                [
                                    10.73052853345871,
                                    59.92182064656683
                                ],
                                [
                                    10.73026031255722,
                                    59.92169831751908
                                ],
                                [
                                    10.730354189872742,
                                    59.92165798916276
                                ]
                            ]
                        ]
                    ],
                    "type": "MultiPolygon"
                },
                "station_id": "YOS:Station:403",
                "vehicle_types_available": [
                    {
                        "count": 0,
                        "vehicle_type_id": "YOS:VehicleType:bike"
                    },
                    {
                        "count": 0,
                        "vehicle_type_id": "YOS:VehicleType:ebike"
                    }
                ]
            },
            "type": "Feature"
        },
        {
            "geometry": {
                "coordinates": [
                    10.720202,
                    59.914306
                ],
                "type": "Point"
            },
            "properties": {
                "address": "Solligata",
                "capacity": 27,
                "cross_street": "ved Solligata",
                "is_installed": true,
                "is_renting": true,
                "is_returning": true,
                "is_virtual_station": false,
                "last_reported": 1742982506,
                "name": "Oslo Handelsgymnasium",
                "num_bikes_available": 1,
                "num_docks_available": 26,
                "rental_uris": {
                    "android": "oslobysykkel://stations/404",
                    "ios": "oslobysykkel://stations/404"
                },
                "station_area": {
                    "coordinates": [
                        [
                            [
                                [
                                    10.720033049583435,
                                    59.914196399973235
                                ],
                                [
                                    10.72053481893451,
                                    59.914440956672635
                                ],
                                [
                                    10.720423972895333,
                                    59.91449196547895
                                ],
                                [
                                    10.71992039680481,
                                    59.91425421693234
                                ],
                                [
                                    10.720033049583435,
                                    59.914196399973235
                                ]
                            ]
                        ]
                    ],
                    "type": "MultiPolygon"
                },
                "station_id": "YOS:Station:404",
                "vehicle_types_available": [
                    {
                        "count": 1,
                        "vehicle_type_id": "YOS:VehicleType:bike"
                    },
                    {
                        "count": 0,
                        "vehicle_type_id": "YOS:VehicleType:ebike"
                    }
                ]
            },
            "type": "Feature"
        },
        {
            "geometry": {
                "coordinates": [
                    10.708767,
                    59.92808
                ],
                "type": "Point"
            },
            "properties": {
                "address": "Middelthuns gate 28",
                "capacity": 18,
                "cross_street": "langs Middelthuns gate",
                "is_installed": true,
                "is_renting": true,
                "is_returning": true,
                "is_virtual_station": false,
                "last_reported": 1742982506,
                "name": "Frognerbadet",
                "num_bikes_available": 0,
                "num_docks_available": 18,
                "rental_uris": {
                    "android": "oslobysykkel://stations/405",
                    "ios": "oslobysykkel://stations/405"
                },
                "station_area": {
                    "coordinates": [
                        [
                            [
                                [
                                    10.708948121704537,
                                    59.927932090855194
                                ],
                                [
                                    10.709131710211125,
                                    59.92803356587642
                                ],
                                [
                                    10.708454600967713,
                                    59.928276715112546
                                ],
                                [
                                    10.70827723136,
                                    59.92814139113625
                                ],
                                [
                                    10.708597839362028,
                                    59.92797298095175
                                ],
                                [
                                    10.708948121704537,
                                    59.927932090855194
                                ]
                            ]
                        ]
                    ],
                    "type": "MultiPolygon"
                },
                "station_id": "YOS:Station:405",
                "vehicle_types_available": [
                    {
                        "count": 0,
                        "vehicle_type_id": "YOS:VehicleType:bike"
                    },
                    {
                        "count": 0,
                        "vehicle_type_id": "YOS:VehicleType:ebike"
                    }
                ]
            },
            "type": "Feature"
        },
        {
            "geometry": {
                "coordinates": [
                    10.775996,
                    59.92507
                ],
                "type": "Point"
            },
            "properties": {
                "address": "Frydens Gate 1A",
                "capacity": 12,
                "cross_street": "langs Finnmarkgata",
                "is_installed": true,
                "is_renting": true,
                "is_returning": true,
                "is_virtual_station": false,
                "last_reported": 1742982506,
                "name": "Carl Berners plass s\u00f8r",
                "num_bikes_available": 0,
                "num_docks_available": 12,
                "rental_uris": {
                    "android": "oslobysykkel://stations/406",
                    "ios": "oslobysykkel://stations/406"
                },
                "station_area": {
                    "coordinates": [
                        [
                            [
                                [
                                    10.775946378707886,
                                    59.92493921284938
                                ],
                                [
                                    10.776150226593018,
                                    59.92493182004314
                                ],
                                [
                                    10.776182413101196,
                                    59.925208713115744
                                ],
                                [
                                    10.775890052318573,
                                    59.925245676822
                                ],
                                [
                                    10.77584445476532,
                                    59.92494257321533
                                ],
                                [
                                    10.775946378707886,
                                    59.92493921284938
                                ]
                            ]
                        ]
                    ],
                    "type": "MultiPolygon"
                },
                "station_id": "YOS:Station:406",
                "vehicle_types_available": [
                    {
                        "count": 0,
                        "vehicle_type_id": "YOS:VehicleType:bike"
                    },
                    {
                        "count": 0,
                        "vehicle_type_id": "YOS:VehicleType:ebike"
                    }
                ]
            },
            "type": "Feature"
        },
        {
            "geometry": {
                "coordinates": [
                    10.751648,
                    59.937743
                ],
                "type": "Point"
            },
            "properties": {
                "address": "Sagene bussholdeplass",
                "capacity": 15,
                "cross_street": "langs Kierschovs gate",
                "is_installed": true,
                "is_renting": true,
                "is_returning": true,
                "is_virtual_station": false,
                "last_reported": 1742982506,
                "name": "Sagene bussholdeplass",
                "num_bikes_available": 0,
                "num_docks_available": 15,
                "rental_uris": {
                    "android": "oslobysykkel://stations/407",
                    "ios": "oslobysykkel://stations/407"
                },
                "station_area": {
                    "coordinates": [
                        [
                            [
                                [
                                    10.751312971115112,
                                    59.9376201546706
                                ],
                                [
                                    10.751409530639648,
                                    59.93762687283335
                                ],
                                [
                                    10.75211763381958,
                                    59.937688679866945
                                ],
                                [
                                    10.752109587192535,
                                    59.9378082627136
                                ],
                                [
                                    10.751299560070038,
                                    59.93776257942984
                                ],
                                [
                                    10.751304924488068,
                                    59.937659119995686
                                ],
                                [
                                    10.751312971115112,
                                    59.9376201546706
                                ]
                            ]
                        ]
                    ],
                    "type": "MultiPolygon"
                },
                "station_id": "YOS:Station:407",
                "vehicle_types_available": [
                    {
                        "count": 0,
                        "vehicle_type_id": "YOS:VehicleType:bike"
                    },
                    {
                        "count": 0,
                        "vehicle_type_id": "YOS:VehicleType:ebike"
                    }
                ]
            },
            "type": "Feature"
        },
        {
            "geometry": {
                "coordinates": [
                    10.773977,
                    59.914943
                ],
                "type": "Point"
            },
            "properties": {
                "address": "Ringgata 2A",
                "capacity": 15,
                "cross_street": "forsiden av skolebygget",
                "is_installed": true,
                "is_renting": true,
                "is_returning": true,
                "is_virtual_station": false,
                "last_reported": 1742982506,
                "name": "T\u00f8yen skole",
                "num_bikes_available": 0,
                "num_docks_available": 14,
                "rental_uris": {
                    "android": "oslobysykkel://stations/408",
                    "ios": "oslobysykkel://stations/408"
                },
                "station_area": {
                    "coordinates": [
                        [
                            [
                                [
                                    10.77390655875206,
                                    59.91488212951405
                                ],
                                [
                                    10.774188190698624,
                                    59.91485456614891
                                ],
                                [
                                    10.774220377206802,
                                    59.914986332272996
                                ],
                                [
                                    10.773674547672272,
                                    59.91499574411898
                                ],
                                [
                                    10.77364906668663,
                                    59.91492313838078
                                ],
                                [
                                    10.77390655875206,
                                    59.91488212951405
                                ]
                            ]
                        ]
                    ],
                    "type": "MultiPolygon"
                },
                "station_id": "YOS:Station:408",
                "vehicle_types_available": [
                    {
                        "count": 0,
                        "vehicle_type_id": "YOS:VehicleType:bike"
                    },
                    {
                        "count": 0,
                        "vehicle_type_id": "YOS:VehicleType:ebike"
                    }
                ]
            },
            "type": "Feature"
        },
        {
            "geometry": {
                "coordinates": [
                    10.730036,
                    59.940398
                ],
                "type": "Point"
            },
            "properties": {
                "address": "Sognsveien 16",
                "capacity": 25,
                "cross_street": "ved Sognsveien",
                "is_installed": true,
                "is_renting": true,
                "is_returning": true,
                "is_virtual_station": false,
                "last_reported": 1742982506,
                "name": "John Colletts plass",
                "num_bikes_available": 0,
                "num_docks_available": 25,
                "rental_uris": {
                    "android": "oslobysykkel://stations/409",
                    "ios": "oslobysykkel://stations/409"
                },
                "station_area": {
                    "coordinates": [
                        [
                            [
                                [
                                    10.73009397909388,
                                    59.94021573792683
                                ],
                                [
                                    10.730338096618652,
                                    59.940248196073206
                                ],
                                [
                                    10.730209350585936,
                                    59.94053973997905
                                ],
                                [
                                    10.729861853806625,
                                    59.94052118850512
                                ],
                                [
                                    10.729911786700086,
                                    59.940244529983794
                                ],
                                [
                                    10.73009397909388,
                                    59.94021573792683
                                ]
                            ]
                        ]
                    ],
                    "type": "MultiPolygon"
                },
                "station_id": "YOS:Station:409",
                "vehicle_types_available": [
                    {
                        "count": 0,
                        "vehicle_type_id": "YOS:VehicleType:bike"
                    },
                    {
                        "count": 0,
                        "vehicle_type_id": "YOS:VehicleType:ebike"
                    }
                ]
            },
            "type": "Feature"
        },
        {
            "geometry": {
                "coordinates": [
                    10.7496755,
                    59.929005
                ],
                "type": "Point"
            },
            "properties": {
                "address": "Circle K Kiellands",
                "capacity": 27,
                "cross_street": "langs Uelands gate",
                "is_installed": true,
                "is_renting": true,
                "is_returning": true,
                "is_virtual_station": false,
                "last_reported": 1742982506,
                "name": "Landstads gate",
                "num_bikes_available": 0,
                "num_docks_available": 27,
                "rental_uris": {
                    "android": "oslobysykkel://stations/410",
                    "ios": "oslobysykkel://stations/410"
                },
                "station_area": {
                    "coordinates": [
                        [
                            [
                                [
                                    10.749588310718536,
                                    59.9288370085534
                                ],
                                [
                                    10.74979618191719,
                                    59.928849776441965
                                ],
                                [
                                    10.749709010124207,
                                    59.929124620852505
                                ],
                                [
                                    10.749462246894836,
                                    59.92911118108095
                                ],
                                [
                                    10.749510526657104,
                                    59.92896939115963
                                ],
                                [
                                    10.749588310718536,
                                    59.9288370085534
                                ]
                            ]
                        ]
                    ],
                    "type": "MultiPolygon"
                },
                "station_id": "YOS:Station:410",
                "vehicle_types_available": [
                    {
                        "count": 0,
                        "vehicle_type_id": "YOS:VehicleType:bike"
                    },
                    {
                        "count": 0,
                        "vehicle_type_id": "YOS:VehicleType:ebike"
                    }
                ]
            },
            "type": "Feature"
        },
        {
            "geometry": {
                "coordinates": [
                    10.792831438028703,
                    59.923240042155456
                ],
                "type": "Point"
            },
            "properties": {
                "address": "Hasle Torg, Grenseveien 54",
                "capacity": 12,
                "cross_street": "ved busstoppet",
                "is_installed": true,
                "is_renting": true,
                "is_returning": true,
                "is_virtual_station": false,
                "last_reported": 1742982506,
                "name": "Hasle Torg",
                "num_bikes_available": 1,
                "num_docks_available": 11,
                "rental_uris": {
                    "android": "oslobysykkel://stations/411",
                    "ios": "oslobysykkel://stations/411"
                },
                "station_area": {
                    "coordinates": [
                        [
                            [
                                [
                                    10.79282820224762,
                                    59.9231312866363
                                ],
                                [
                                    10.792981088161469,
                                    59.92316623632953
                                ],
                                [
                                    10.79268604516983,
                                    59.923406178421864
                                ],
                                [
                                    10.792541205883026,
                                    59.92336719635126
                                ],
                                [
                                    10.79281210899353,
                                    59.92312658186709
                                ],
                                [
                                    10.79282820224762,
                                    59.9231312866363
                                ]
                            ]
                        ]
                    ],
                    "type": "MultiPolygon"
                },
                "station_id": "YOS:Station:411",
                "vehicle_types_available": [
                    {
                        "count": 1,
                        "vehicle_type_id": "YOS:VehicleType:bike"
                    },
                    {
                        "count": 0,
                        "vehicle_type_id": "YOS:VehicleType:ebike"
                    }
                ]
            },
            "type": "Feature"
        },
        {
            "geometry": {
                "coordinates": [
                    10.754898,
                    59.917866
                ],
                "type": "Point"
            },
            "properties": {
                "address": "Jakob Kirke",
                "capacity": 9,
                "cross_street": "langs Torggata",
                "is_installed": true,
                "is_renting": true,
                "is_returning": true,
                "is_virtual_station": false,
                "last_reported": 1742982506,
                "name": "Jakob kirke",
                "num_bikes_available": 3,
                "num_docks_available": 6,
                "rental_uris": {
                    "android": "oslobysykkel://stations/412",
                    "ios": "oslobysykkel://stations/412"
                },
                "station_area": {
                    "coordinates": [
                        [
                            [
                                [
                                    10.7547327876091,
                                    59.91771363912163
                                ],
                                [
                                    10.755239725112913,
                                    59.91789110461389
                                ],
                                [
                                    10.755076110363005,
                                    59.9180309252425
                                ],
                                [
                                    10.754566490650177,
                                    59.917846738329786
                                ],
                                [
                                    10.7547327876091,
                                    59.91771363912163
                                ]
                            ]
                        ]
                    ],
                    "type": "MultiPolygon"
                },
                "station_id": "YOS:Station:412",
                "vehicle_types_available": [
                    {
                        "count": 3,
                        "vehicle_type_id": "YOS:VehicleType:bike"
                    },
                    {
                        "count": 0,
                        "vehicle_type_id": "YOS:VehicleType:ebike"
                    }
                ]
            },
            "type": "Feature"
        },
        {
            "geometry": {
                "coordinates": [
                    10.716926,
                    59.929045
                ],
                "type": "Point"
            },
            "properties": {
                "address": "Kirkeveien 59",
                "capacity": 18,
                "cross_street": "p\u00e5 Vinkelplassen",
                "is_installed": true,
                "is_renting": true,
                "is_returning": true,
                "is_virtual_station": false,
                "last_reported": 1742982506,
                "name": "Majorstuen",
                "num_bikes_available": 0,
                "num_docks_available": 18,
                "rental_uris": {
                    "android": "oslobysykkel://stations/413",
                    "ios": "oslobysykkel://stations/413"
                },
                "station_area": {
                    "coordinates": [
                        [
                            [
                                [
                                    10.717063844203949,
                                    59.928955951325236
                                ],
                                [
                                    10.717142969369888,
                                    59.92899492683002
                                ],
                                [
                                    10.71679025888443,
                                    59.929207947314396
                                ],
                                [
                                    10.716614574193954,
                                    59.92913134073617
                                ],
                                [
                                    10.71699008345604,
                                    59.92892436769294
                                ],
                                [
                                    10.717063844203949,
                                    59.928955951325236
                                ]
                            ]
                        ]
                    ],
                    "type": "MultiPolygon"
                },
                "station_id": "YOS:Station:413",
                "vehicle_types_available": [
                    {
                        "count": 0,
                        "vehicle_type_id": "YOS:VehicleType:bike"
                    },
                    {
                        "count": 0,
                        "vehicle_type_id": "YOS:VehicleType:ebike"
                    }
                ]
            },
            "type": "Feature"
        },
        {
            "geometry": {
                "coordinates": [
                    10.73857,
                    59.910242
                ],
                "type": "Point"
            },
            "properties": {
                "address": "R\u00e5dhusgata 32",
                "capacity": 12,
                "cross_street": "ved Christiania Torv",
                "is_installed": true,
                "is_renting": true,
                "is_returning": true,
                "is_virtual_station": false,
                "last_reported": 1742982506,
                "name": "Kontraskj\u00e6ret",
                "num_bikes_available": 7,
                "num_docks_available": 5,
                "rental_uris": {
                    "android": "oslobysykkel://stations/414",
                    "ios": "oslobysykkel://stations/414"
                },
                "station_area": {
                    "coordinates": [
                        [
                            [
                                [
                                    10.738207217193064,
                                    59.91008387756761
                                ],
                                [
                                    10.738541763152341,
                                    59.909995033924744
                                ],
                                [
                                    10.738818430618608,
                                    59.91027328600829
                                ],
                                [
                                    10.738471655119298,
                                    59.91034628823088
                                ],
                                [
                                    10.738207217193064,
                                    59.91008387756761
                                ]
                            ]
                        ]
                    ],
                    "type": "MultiPolygon"
                },
                "station_id": "YOS:Station:414",
                "vehicle_types_available": [
                    {
                        "count": 7,
                        "vehicle_type_id": "YOS:VehicleType:bike"
                    },
                    {
                        "count": 0,
                        "vehicle_type_id": "YOS:VehicleType:ebike"
                    }
                ]
            },
            "type": "Feature"
        },
        {
            "geometry": {
                "coordinates": [
                    10.781053,
                    59.929542
                ],
                "type": "Point"
            },
            "properties": {
                "address": "Sinsenveien ",
                "capacity": 12,
                "cross_street": "ved Kongehellegata",
                "is_installed": true,
                "is_renting": true,
                "is_returning": true,
                "is_virtual_station": false,
                "last_reported": 1742982506,
                "name": "Sinsenveien",
                "num_bikes_available": 0,
                "num_docks_available": 12,
                "rental_uris": {
                    "android": "oslobysykkel://stations/415",
                    "ios": "oslobysykkel://stations/415"
                },
                "station_area": {
                    "coordinates": [
                        [
                            [
                                [
                                    10.780726075172423,
                                    59.92947808488891
                                ],
                                [
                                    10.781305432319641,
                                    59.92944314184393
                                ],
                                [
                                    10.78133761882782,
                                    59.929539907109074
                                ],
                                [
                                    10.780760943889618,
                                    59.92958156984465
                                ],
                                [
                                    10.780726075172423,
                                    59.92947808488891
                                ]
                            ]
                        ]
                    ],
                    "type": "MultiPolygon"
                },
                "station_id": "YOS:Station:415",
                "vehicle_types_available": [
                    {
                        "count": 0,
                        "vehicle_type_id": "YOS:VehicleType:bike"
                    },
                    {
                        "count": 0,
                        "vehicle_type_id": "YOS:VehicleType:ebike"
                    }
                ]
            },
            "type": "Feature"
        },
        {
            "geometry": {
                "coordinates": [
                    10.741475,
                    59.932383
                ],
                "type": "Point"
            },
            "properties": {
                "address": "Geitmyrsveien 54",
                "capacity": 15,
                "cross_street": "langs Geitmyrsveien",
                "is_installed": true,
                "is_renting": true,
                "is_returning": true,
                "is_virtual_station": false,
                "last_reported": 1742982506,
                "name": "Tannlegeh\u00f8yskolen",
                "num_bikes_available": 0,
                "num_docks_available": 15,
                "rental_uris": {
                    "android": "oslobysykkel://stations/416",
                    "ios": "oslobysykkel://stations/416"
                },
                "station_area": {
                    "coordinates": [
                        [
                            [
                                [
                                    10.741329789161682,
                                    59.9322626584394
                                ],
                                [
                                    10.741847455501556,
                                    59.93236479086301
                                ],
                                [
                                    10.741783082485199,
                                    59.9324628914475
                                ],
                                [
                                    10.741211771965027,
                                    59.93234866471177
                                ],
                                [
                                    10.741329789161682,
                                    59.9322626584394
                                ]
                            ]
                        ]
                    ],
                    "type": "MultiPolygon"
                },
                "station_id": "YOS:Station:416",
                "vehicle_types_available": [
                    {
                        "count": 0,
                        "vehicle_type_id": "YOS:VehicleType:bike"
                    },
                    {
                        "count": 0,
                        "vehicle_type_id": "YOS:VehicleType:ebike"
                    }
                ]
            },
            "type": "Feature"
        },
        {
            "geometry": {
                "coordinates": [
                    10.720896,
                    59.922485
                ],
                "type": "Point"
            },
            "properties": {
                "address": "Uranienborgparken",
                "capacity": 15,
                "cross_street": "langs Holtegata",
                "is_installed": true,
                "is_renting": true,
                "is_returning": true,
                "is_virtual_station": false,
                "last_reported": 1742982506,
                "name": "Uranienborgparken",
                "num_bikes_available": 0,
                "num_docks_available": 14,
                "rental_uris": {
                    "android": "oslobysykkel://stations/417",
                    "ios": "oslobysykkel://stations/417"
                },
                "station_area": {
                    "coordinates": [
                        [
                            [
                                [
                                    10.720744905712365,
                                    59.92242413752601
                                ],
                                [
                                    10.720889826068344,
                                    59.92237671699703
                                ],
                                [
                                    10.721117028365995,
                                    59.92251114098049
                                ],
                                [
                                    10.720981722510544,
                                    59.922559264296346
                                ],
                                [
                                    10.720744905712365,
                                    59.92242413752601
                                ]
                            ]
                        ]
                    ],
                    "type": "MultiPolygon"
                },
                "station_id": "YOS:Station:417",
                "vehicle_types_available": [
                    {
                        "count": 0,
                        "vehicle_type_id": "YOS:VehicleType:bike"
                    },
                    {
                        "count": 0,
                        "vehicle_type_id": "YOS:VehicleType:ebike"
                    }
                ]
            },
            "type": "Feature"
        },
        {
            "geometry": {
                "coordinates": [
                    10.686843,
                    59.907674
                ],
                "type": "Point"
            },
            "properties": {
                "address": "Folkemuseet",
                "capacity": 27,
                "cross_street": "utenfor inngangen",
                "is_installed": true,
                "is_renting": true,
                "is_returning": true,
                "is_virtual_station": false,
                "last_reported": 1742982506,
                "name": "Norsk Folkemuseum",
                "num_bikes_available": 7,
                "num_docks_available": 20,
                "rental_uris": {
                    "android": "oslobysykkel://stations/418",
                    "ios": "oslobysykkel://stations/418"
                },
                "station_area": {
                    "coordinates": [
                        [
                            [
                                [
                                    10.687031149864197,
                                    59.90751181180416
                                ],
                                [
                                    10.687232315540314,
                                    59.90757905435483
                                ],
                                [
                                    10.686618089675903,
                                    59.90787895447278
                                ],
                                [
                                    10.68633109331131,
                                    59.907790195078846
                                ],
                                [
                                    10.686985552310944,
                                    59.90749029415918
                                ],
                                [
                                    10.687031149864197,
                                    59.90751181180416
                                ]
                            ]
                        ]
                    ],
                    "type": "MultiPolygon"
                },
                "station_id": "YOS:Station:418",
                "vehicle_types_available": [
                    {
                        "count": 7,
                        "vehicle_type_id": "YOS:VehicleType:bike"
                    },
                    {
                        "count": 0,
                        "vehicle_type_id": "YOS:VehicleType:ebike"
                    }
                ]
            },
            "type": "Feature"
        },
        {
            "geometry": {
                "coordinates": [
                    10.766136667493829,
                    59.94032925181832
                ],
                "type": "Point"
            },
            "properties": {
                "address": "Treschows gate 8B",
                "capacity": 21,
                "cross_street": "langs Treschows gate",
                "is_installed": true,
                "is_renting": true,
                "is_returning": true,
                "is_virtual_station": false,
                "last_reported": 1742982506,
                "name": "Bj\u00f8lsendumpa",
                "num_bikes_available": 8,
                "num_docks_available": 13,
                "rental_uris": {
                    "android": "oslobysykkel://stations/420",
                    "ios": "oslobysykkel://stations/420"
                },
                "station_area": {
                    "coordinates": [
                        [
                            [
                                [
                                    10.765968561172484,
                                    59.94017967616568
                                ],
                                [
                                    10.766565352678299,
                                    59.940406731786965
                                ],
                                [
                                    10.76640173792839,
                                    59.9404907016673
                                ],
                                [
                                    10.765791535377502,
                                    59.94027372306132
                                ],
                                [
                                    10.765968561172484,
                                    59.94017967616568
                                ]
                            ]
                        ]
                    ],
                    "type": "MultiPolygon"
                },
                "station_id": "YOS:Station:420",
                "vehicle_types_available": [
                    {
                        "count": 8,
                        "vehicle_type_id": "YOS:VehicleType:bike"
                    },
                    {
                        "count": 0,
                        "vehicle_type_id": "YOS:VehicleType:ebike"
                    }
                ]
            },
            "type": "Feature"
        },
        {
            "geometry": {
                "coordinates": [
                    10.751202636819613,
                    59.92806670615684
                ],
                "type": "Point"
            },
            "properties": {
                "address": "Alexander Kiellands Plass",
                "capacity": 24,
                "cross_street": "langs Maridalsveien",
                "is_installed": true,
                "is_renting": true,
                "is_returning": true,
                "is_virtual_station": false,
                "last_reported": 1742982506,
                "name": "Alexander Kiellands Plass",
                "num_bikes_available": 0,
                "num_docks_available": 23,
                "rental_uris": {
                    "android": "oslobysykkel://stations/421",
                    "ios": "oslobysykkel://stations/421"
                },
                "station_area": {
                    "coordinates": [
                        [
                            [
                                [
                                    10.75089996280903,
                                    59.92799799201049
                                ],
                                [
                                    10.751480934371557,
                                    59.92800335250222
                                ],
                                [
                                    10.751480944747584,
                                    59.92812746978785
                                ],
                                [
                                    10.750901911619735,
                                    59.92812454022001
                                ],
                                [
                                    10.75089996280903,
                                    59.92799799201049
                                ]
                            ]
                        ]
                    ],
                    "type": "MultiPolygon"
                },
                "station_id": "YOS:Station:421",
                "vehicle_types_available": [
                    {
                        "count": 0,
                        "vehicle_type_id": "YOS:VehicleType:bike"
                    },
                    {
                        "count": 0,
                        "vehicle_type_id": "YOS:VehicleType:ebike"
                    }
                ]
            },
            "type": "Feature"
        },
        {
            "geometry": {
                "coordinates": [
                    10.740542,
                    59.923703
                ],
                "type": "Point"
            },
            "properties": {
                "address": "Waldemar Thranes gate 3",
                "capacity": 12,
                "cross_street": "langs Waldemar Thranes gate",
                "is_installed": true,
                "is_renting": true,
                "is_returning": true,
                "is_virtual_station": false,
                "last_reported": 1742982506,
                "name": "St. Hanshaugen",
                "num_bikes_available": 0,
                "num_docks_available": 12,
                "rental_uris": {
                    "android": "oslobysykkel://stations/422",
                    "ios": "oslobysykkel://stations/422"
                },
                "station_area": {
                    "coordinates": [
                        [
                            [
                                [
                                    10.74036955833435,
                                    59.923603104388974
                                ],
                                [
                                    10.740672647953033,
                                    59.923730803196904
                                ],
                                [
                                    10.740594863891602,
                                    59.92381145482239
                                ],
                                [
                                    10.740251541137695,
                                    59.9236609049629
                                ],
                                [
                                    10.74036955833435,
                                    59.923603104388974
                                ]
                            ]
                        ]
                    ],
                    "type": "MultiPolygon"
                },
                "station_id": "YOS:Station:422",
                "vehicle_types_available": [
                    {
                        "count": 0,
                        "vehicle_type_id": "YOS:VehicleType:bike"
                    },
                    {
                        "count": 0,
                        "vehicle_type_id": "YOS:VehicleType:ebike"
                    }
                ]
            },
            "type": "Feature"
        },
        {
            "geometry": {
                "coordinates": [
                    10.760804,
                    59.920335
                ],
                "type": "Point"
            },
            "properties": {
                "address": "Schous plass",
                "capacity": 20,
                "cross_street": "n\u00e6rmest rundkj\u00f8ringen",
                "is_installed": true,
                "is_renting": true,
                "is_returning": true,
                "is_virtual_station": false,
                "last_reported": 1742982506,
                "name": "Schous plass",
                "num_bikes_available": 0,
                "num_docks_available": 20,
                "rental_uris": {
                    "android": "oslobysykkel://stations/423",
                    "ios": "oslobysykkel://stations/423"
                },
                "station_area": {
                    "coordinates": [
                        [
                            [
                                [
                                    10.76072484254837,
                                    59.92025923700884
                                ],
                                [
                                    10.760853588581085,
                                    59.920208824369695
                                ],
                                [
                                    10.761070403384796,
                                    59.92027695497423
                                ],
                                [
                                    10.761101692914963,
                                    59.92039501466948
                                ],
                                [
                                    10.760891139507294,
                                    59.92047903522082
                                ],
                                [
                                    10.760613530874252,
                                    59.92032779807525
                                ],
                                [
                                    10.76072484254837,
                                    59.92025923700884
                                ]
                            ]
                        ]
                    ],
                    "type": "MultiPolygon"
                },
                "station_id": "YOS:Station:423",
                "vehicle_types_available": [
                    {
                        "count": 0,
                        "vehicle_type_id": "YOS:VehicleType:bike"
                    },
                    {
                        "count": 0,
                        "vehicle_type_id": "YOS:VehicleType:ebike"
                    }
                ]
            },
            "type": "Feature"
        },
        {
            "geometry": {
                "coordinates": [
                    10.760926,
                    59.9256113
                ],
                "type": "Point"
            },
            "properties": {
                "address": "Seidluksgata 23",
                "capacity": 10,
                "cross_street": "langs Seilduksgata",
                "is_installed": true,
                "is_renting": true,
                "is_returning": true,
                "is_virtual_station": false,
                "last_reported": 1742982506,
                "name": "Birkelunden",
                "num_bikes_available": 0,
                "num_docks_available": 10,
                "rental_uris": {
                    "android": "oslobysykkel://stations/424",
                    "ios": "oslobysykkel://stations/424"
                },
                "station_area": {
                    "coordinates": [
                        [
                            [
                                [
                                    10.760702043771744,
                                    59.92553735262295
                                ],
                                [
                                    10.760901868343353,
                                    59.92554071292831
                                ],
                                [
                                    10.761147290468216,
                                    59.92554541735524
                                ],
                                [
                                    10.761125832796097,
                                    59.92571880862473
                                ],
                                [
                                    10.76085090637207,
                                    59.925714104222386
                                ],
                                [
                                    10.760628283023834,
                                    59.925711415992176
                                ],
                                [
                                    10.760633647441864,
                                    59.92553533643967
                                ],
                                [
                                    10.760702043771744,
                                    59.92553735262295
                                ]
                            ]
                        ]
                    ],
                    "type": "MultiPolygon"
                },
                "station_id": "YOS:Station:424",
                "vehicle_types_available": [
                    {
                        "count": 0,
                        "vehicle_type_id": "YOS:VehicleType:bike"
                    },
                    {
                        "count": 0,
                        "vehicle_type_id": "YOS:VehicleType:ebike"
                    }
                ]
            },
            "type": "Feature"
        },
        {
            "geometry": {
                "coordinates": [
                    10.734457,
                    59.932792
                ],
                "type": "Point"
            },
            "properties": {
                "address": "Adamstuen",
                "capacity": 8,
                "cross_street": "ved trikkestoppen",
                "is_installed": true,
                "is_renting": true,
                "is_returning": true,
                "is_virtual_station": false,
                "last_reported": 1742982506,
                "name": "Adamstuen",
                "num_bikes_available": 0,
                "num_docks_available": 8,
                "rental_uris": {
                    "android": "oslobysykkel://stations/425",
                    "ios": "oslobysykkel://stations/425"
                },
                "station_area": {
                    "coordinates": [
                        [
                            [
                                [
                                    10.734385550022125,
                                    59.93269940673218
                                ],
                                [
                                    10.734538435935974,
                                    59.932696719067955
                                ],
                                [
                                    10.734610855579376,
                                    59.93285394705834
                                ],
                                [
                                    10.734463334083557,
                                    59.93286335383756
                                ],
                                [
                                    10.734385550022125,
                                    59.93269940673218
                                ]
                            ]
                        ]
                    ],
                    "type": "MultiPolygon"
                },
                "station_id": "YOS:Station:425",
                "vehicle_types_available": [
                    {
                        "count": 0,
                        "vehicle_type_id": "YOS:VehicleType:bike"
                    },
                    {
                        "count": 0,
                        "vehicle_type_id": "YOS:VehicleType:ebike"
                    }
                ]
            },
            "type": "Feature"
        },
        {
            "geometry": {
                "coordinates": [
                    10.708375798767435,
                    59.91728078292675
                ],
                "type": "Point"
            },
            "properties": {
                "address": "Gimle Kino",
                "capacity": 21,
                "cross_street": "ved Frogner Kirke",
                "is_installed": true,
                "is_renting": true,
                "is_returning": true,
                "is_virtual_station": false,
                "last_reported": 1742982506,
                "name": "Gimle Kino",
                "num_bikes_available": 0,
                "num_docks_available": 21,
                "rental_uris": {
                    "android": "oslobysykkel://stations/426",
                    "ios": "oslobysykkel://stations/426"
                },
                "station_area": {
                    "coordinates": [
                        [
                            [
                                [
                                    10.708030847155612,
                                    59.917285252610974
                                ],
                                [
                                    10.708543015377302,
                                    59.91713913187403
                                ],
                                [
                                    10.708683146994389,
                                    59.91725339785936
                                ],
                                [
                                    10.708165916566713,
                                    59.91739958656982
                                ],
                                [
                                    10.708030847155612,
                                    59.917285252610974
                                ]
                            ]
                        ]
                    ],
                    "type": "MultiPolygon"
                },
                "station_id": "YOS:Station:426",
                "vehicle_types_available": [
                    {
                        "count": 0,
                        "vehicle_type_id": "YOS:VehicleType:bike"
                    },
                    {
                        "count": 0,
                        "vehicle_type_id": "YOS:VehicleType:ebike"
                    }
                ]
            },
            "type": "Feature"
        },
        {
            "geometry": {
                "coordinates": [
                    10.717978,
                    59.920218
                ],
                "type": "Point"
            },
            "properties": {
                "address": "Briskeby",
                "capacity": 15,
                "cross_street": "ved Uranienborg skole",
                "is_installed": true,
                "is_renting": true,
                "is_returning": true,
                "is_virtual_station": false,
                "last_reported": 1742982506,
                "name": "Briskeby",
                "num_bikes_available": 0,
                "num_docks_available": 15,
                "rental_uris": {
                    "android": "oslobysykkel://stations/427",
                    "ios": "oslobysykkel://stations/427"
                },
                "station_area": {
                    "coordinates": [
                        [
                            [
                                [
                                    10.717981159687042,
                                    59.920102621492504
                                ],
                                [
                                    10.718102764927124,
                                    59.92013354135258
                                ],
                                [
                                    10.717945349844085,
                                    59.92025698465631
                                ],
                                [
                                    10.717833638191221,
                                    59.920228989434534
                                ],
                                [
                                    10.717981159687042,
                                    59.920102621492504
                                ]
                            ]
                        ]
                    ],
                    "type": "MultiPolygon"
                },
                "station_id": "YOS:Station:427",
                "vehicle_types_available": [
                    {
                        "count": 0,
                        "vehicle_type_id": "YOS:VehicleType:bike"
                    },
                    {
                        "count": 0,
                        "vehicle_type_id": "YOS:VehicleType:ebike"
                    }
                ]
            },
            "type": "Feature"
        },
        {
            "geometry": {
                "coordinates": [
                    10.6968953,
                    59.9193337
                ],
                "type": "Point"
            },
            "properties": {
                "address": "Olav Kyrres plass",
                "capacity": 24,
                "cross_street": "ved den sveitsiske ambassade",
                "is_installed": true,
                "is_renting": true,
                "is_returning": true,
                "is_virtual_station": false,
                "last_reported": 1742982506,
                "name": "Olav Kyrres plass",
                "num_bikes_available": 0,
                "num_docks_available": 24,
                "rental_uris": {
                    "android": "oslobysykkel://stations/428",
                    "ios": "oslobysykkel://stations/428"
                },
                "station_area": {
                    "coordinates": [
                        [
                            [
                                [
                                    10.696483254432678,
                                    59.9192704631336
                                ],
                                [
                                    10.697290599346161,
                                    59.919269118757484
                                ],
                                [
                                    10.697293281555176,
                                    59.91938607927487
                                ],
                                [
                                    10.696483254432678,
                                    59.91939145676002
                                ],
                                [
                                    10.696483254432678,
                                    59.9192704631336
                                ]
                            ]
                        ]
                    ],
                    "type": "MultiPolygon"
                },
                "station_id": "YOS:Station:428",
                "vehicle_types_available": [
                    {
                        "count": 0,
                        "vehicle_type_id": "YOS:VehicleType:bike"
                    },
                    {
                        "count": 0,
                        "vehicle_type_id": "YOS:VehicleType:ebike"
                    }
                ]
            },
            "type": "Feature"
        },
        {
            "geometry": {
                "coordinates": [
                    10.68588,
                    59.92208
                ],
                "type": "Point"
            },
            "properties": {
                "address": "Thune ved bomring",
                "capacity": 21,
                "cross_street": "ved bomringen",
                "is_installed": true,
                "is_renting": true,
                "is_returning": true,
                "is_virtual_station": false,
                "last_reported": 1742982506,
                "name": "Thune",
                "num_bikes_available": 13,
                "num_docks_available": 8,
                "rental_uris": {
                    "android": "oslobysykkel://stations/429",
                    "ios": "oslobysykkel://stations/429"
                },
                "station_area": {
                    "coordinates": [
                        [
                            [
                                [
                                    10.685478737287996,
                                    59.92198946813056
                                ],
                                [
                                    10.686088968641968,
                                    59.92203199047583
                                ],
                                [
                                    10.686024230750292,
                                    59.922158810175624
                                ],
                                [
                                    10.685449671614423,
                                    59.92210540042974
                                ],
                                [
                                    10.685478737287996,
                                    59.92198946813056
                                ]
                            ]
                        ]
                    ],
                    "type": "MultiPolygon"
                },
                "station_id": "YOS:Station:429",
                "vehicle_types_available": [
                    {
                        "count": 13,
                        "vehicle_type_id": "YOS:VehicleType:bike"
                    },
                    {
                        "count": 0,
                        "vehicle_type_id": "YOS:VehicleType:ebike"
                    }
                ]
            },
            "type": "Feature"
        },
        {
            "geometry": {
                "coordinates": [
                    10.735886645853412,
                    59.91372007130073
                ],
                "type": "Point"
            },
            "properties": {
                "address": "Spikersuppa",
                "capacity": 42,
                "cross_street": "ved Nasjonalteateret",
                "is_installed": false,
                "is_renting": false,
                "is_returning": false,
                "is_virtual_station": false,
                "last_reported": 1742982506,
                "name": "Spikersuppa Vest",
                "num_bikes_available": 1,
                "num_docks_available": 40,
                "rental_uris": {
                    "android": "oslobysykkel://stations/430",
                    "ios": "oslobysykkel://stations/430"
                },
                "station_area": {
                    "coordinates": [
                        [
                            [
                                [
                                    10.735431291692208,
                                    59.913781121373816
                                ],
                                [
                                    10.736450671401967,
                                    59.91352831059135
                                ],
                                [
                                    10.736606200244552,
                                    59.913671314196165
                                ],
                                [
                                    10.735567147263538,
                                    59.9139167061305
                                ],
                                [
                                    10.735431291692208,
                                    59.913781121373816
                                ]
                            ]
                        ]
                    ],
                    "type": "MultiPolygon"
                },
                "station_id": "YOS:Station:430",
                "vehicle_types_available": [
                    {
                        "count": 1,
                        "vehicle_type_id": "YOS:VehicleType:bike"
                    },
                    {
                        "count": 0,
                        "vehicle_type_id": "YOS:VehicleType:ebike"
                    }
                ]
            },
            "type": "Feature"
        },
        {
            "geometry": {
                "coordinates": [
                    10.773185,
                    59.927292
                ],
                "type": "Point"
            },
            "properties": {
                "address": "Chr. Michelsens Gate 18",
                "capacity": 20,
                "cross_street": "ved Fjellgata",
                "is_installed": true,
                "is_renting": true,
                "is_returning": true,
                "is_virtual_station": false,
                "last_reported": 1742982506,
                "name": "Chr. Michelsens Gate",
                "num_bikes_available": 0,
                "num_docks_available": 19,
                "rental_uris": {
                    "android": "oslobysykkel://stations/431",
                    "ios": "oslobysykkel://stations/431"
                },
                "station_area": {
                    "coordinates": [
                        [
                            [
                                [
                                    10.773336589336395,
                                    59.92717848524865
                                ],
                                [
                                    10.773463994264603,
                                    59.927251064178286
                                ],
                                [
                                    10.77308714389801,
                                    59.927421086419535
                                ],
                                [
                                    10.772825628519058,
                                    59.927292057762784
                                ],
                                [
                                    10.773215889930725,
                                    59.927116658627796
                                ],
                                [
                                    10.773336589336395,
                                    59.92717848524865
                                ]
                            ]
                        ]
                    ],
                    "type": "MultiPolygon"
                },
                "station_id": "YOS:Station:431",
                "vehicle_types_available": [
                    {
                        "count": 0,
                        "vehicle_type_id": "YOS:VehicleType:bike"
                    },
                    {
                        "count": 0,
                        "vehicle_type_id": "YOS:VehicleType:ebike"
                    }
                ]
            },
            "type": "Feature"
        },
        {
            "geometry": {
                "coordinates": [
                    10.739909,
                    59.924821
                ],
                "type": "Point"
            },
            "properties": {
                "address": "Knud Knudsens Plass",
                "capacity": 12,
                "cross_street": "ved dammen",
                "is_installed": true,
                "is_renting": true,
                "is_returning": true,
                "is_virtual_station": false,
                "last_reported": 1742982506,
                "name": "St. Hanshaugen park s\u00f8r",
                "num_bikes_available": 1,
                "num_docks_available": 11,
                "rental_uris": {
                    "android": "oslobysykkel://stations/432",
                    "ios": "oslobysykkel://stations/432"
                },
                "station_area": {
                    "coordinates": [
                        [
                            [
                                [
                                    10.739913582801819,
                                    59.92467844741569
                                ],
                                [
                                    10.740031599998472,
                                    59.92468382404323
                                ],
                                [
                                    10.739988684654234,
                                    59.924915018204686
                                ],
                                [
                                    10.739822387695312,
                                    59.92490695331918
                                ],
                                [
                                    10.739913582801819,
                                    59.92467844741569
                                ]
                            ]
                        ]
                    ],
                    "type": "MultiPolygon"
                },
                "station_id": "YOS:Station:432",
                "vehicle_types_available": [
                    {
                        "count": 1,
                        "vehicle_type_id": "YOS:VehicleType:bike"
                    },
                    {
                        "count": 0,
                        "vehicle_type_id": "YOS:VehicleType:ebike"
                    }
                ]
            },
            "type": "Feature"
        },
        {
            "geometry": {
                "coordinates": [
                    10.748745,
                    59.931828
                ],
                "type": "Point"
            },
            "properties": {
                "address": "Ovenfor Claus Riis' gate",
                "capacity": 18,
                "cross_street": "langs Uelandsgt ved Colletts",
                "is_installed": true,
                "is_renting": true,
                "is_returning": true,
                "is_virtual_station": false,
                "last_reported": 1742982506,
                "name": "Ila",
                "num_bikes_available": 0,
                "num_docks_available": 18,
                "rental_uris": {
                    "android": "oslobysykkel://stations/433",
                    "ios": "oslobysykkel://stations/433"
                },
                "station_area": {
                    "coordinates": [
                        [
                            [
                                [
                                    10.74856246482534,
                                    59.931673884763526
                                ],
                                [
                                    10.748872412404465,
                                    59.93165484526338
                                ],
                                [
                                    10.748931421002823,
                                    59.93197208784575
                                ],
                                [
                                    10.74862087908997,
                                    59.93198889948277
                                ],
                                [
                                    10.74856246482534,
                                    59.931673884763526
                                ]
                            ]
                        ]
                    ],
                    "type": "MultiPolygon"
                },
                "station_id": "YOS:Station:433",
                "vehicle_types_available": [
                    {
                        "count": 0,
                        "vehicle_type_id": "YOS:VehicleType:bike"
                    },
                    {
                        "count": 0,
                        "vehicle_type_id": "YOS:VehicleType:ebike"
                    }
                ]
            },
            "type": "Feature"
        },
        {
            "geometry": {
                "coordinates": [
                    10.7350062,
                    59.9358883
                ],
                "type": "Point"
            },
            "properties": {
                "address": "Kirkeveien 165",
                "capacity": 21,
                "cross_street": "krysset ved Kirkeveien og Stensgata",
                "is_installed": true,
                "is_renting": true,
                "is_returning": true,
                "is_virtual_station": false,
                "last_reported": 1742982506,
                "name": "Lindern",
                "num_bikes_available": 0,
                "num_docks_available": 21,
                "rental_uris": {
                    "android": "oslobysykkel://stations/434",
                    "ios": "oslobysykkel://stations/434"
                },
                "station_area": {
                    "coordinates": [
                        [
                            [
                                [
                                    10.734677910804749,
                                    59.93587607358009
                                ],
                                [
                                    10.735343098640442,
                                    59.935777983090325
                                ],
                                [
                                    10.735412836074829,
                                    59.93594863348171
                                ],
                                [
                                    10.734769105911253,
                                    59.93601581843426
                                ],
                                [
                                    10.734677910804749,
                                    59.93587607358009
                                ]
                            ]
                        ]
                    ],
                    "type": "MultiPolygon"
                },
                "station_id": "YOS:Station:434",
                "vehicle_types_available": [
                    {
                        "count": 0,
                        "vehicle_type_id": "YOS:VehicleType:bike"
                    },
                    {
                        "count": 0,
                        "vehicle_type_id": "YOS:VehicleType:ebike"
                    }
                ]
            },
            "type": "Feature"
        },
        {
            "geometry": {
                "coordinates": [
                    10.714577,
                    59.915424
                ],
                "type": "Point"
            },
            "properties": {
                "address": "Fram-g\u00e5rden",
                "capacity": 30,
                "cross_street": "langs Bygd\u00f8y All\u00e9",
                "is_installed": true,
                "is_renting": true,
                "is_returning": true,
                "is_virtual_station": false,
                "last_reported": 1742982506,
                "name": "Fram-g\u00e5rden",
                "num_bikes_available": 0,
                "num_docks_available": 30,
                "rental_uris": {
                    "android": "oslobysykkel://stations/435",
                    "ios": "oslobysykkel://stations/435"
                },
                "station_area": {
                    "coordinates": [
                        [
                            [
                                [
                                    10.714164623991309,
                                    59.915493129857445
                                ],
                                [
                                    10.714965425542516,
                                    59.91525053522144
                                ],
                                [
                                    10.715103265815344,
                                    59.91536680721103
                                ],
                                [
                                    10.714283688801146,
                                    59.91561577351797
                                ],
                                [
                                    10.714164623991309,
                                    59.915493129857445
                                ]
                            ]
                        ]
                    ],
                    "type": "MultiPolygon"
                },
                "station_id": "YOS:Station:435",
                "vehicle_types_available": [
                    {
                        "count": 0,
                        "vehicle_type_id": "YOS:VehicleType:bike"
                    },
                    {
                        "count": 0,
                        "vehicle_type_id": "YOS:VehicleType:ebike"
                    }
                ]
            },
            "type": "Feature"
        },
        {
            "geometry": {
                "coordinates": [
                    10.7130691,
                    59.9244031
                ],
                "type": "Point"
            },
            "properties": {
                "address": "Vestkanttorvet",
                "capacity": 15,
                "cross_street": "langs Tidemands gate",
                "is_installed": true,
                "is_renting": true,
                "is_returning": true,
                "is_virtual_station": false,
                "last_reported": 1742982506,
                "name": "Vestkanttorvet",
                "num_bikes_available": 0,
                "num_docks_available": 15,
                "rental_uris": {
                    "android": "oslobysykkel://stations/436",
                    "ios": "oslobysykkel://stations/436"
                },
                "station_area": {
                    "coordinates": [
                        [
                            [
                                [
                                    10.7127811249415,
                                    59.92433727396436
                                ],
                                [
                                    10.713026725369218,
                                    59.92425002483976
                                ],
                                [
                                    10.713406755193063,
                                    59.924476634528496
                                ],
                                [
                                    10.71315916576873,
                                    59.92457254962693
                                ],
                                [
                                    10.7127811249415,
                                    59.92433727396436
                                ]
                            ]
                        ]
                    ],
                    "type": "MultiPolygon"
                },
                "station_id": "YOS:Station:436",
                "vehicle_types_available": [
                    {
                        "count": 0,
                        "vehicle_type_id": "YOS:VehicleType:bike"
                    },
                    {
                        "count": 0,
                        "vehicle_type_id": "YOS:VehicleType:ebike"
                    }
                ]
            },
            "type": "Feature"
        },
        {
            "geometry": {
                "coordinates": [
                    10.751140873016311,
                    59.91546786564256
                ],
                "type": "Point"
            },
            "properties": {
                "address": "Sentrum Scene",
                "capacity": 24,
                "cross_street": "ved Arbeidersamfunnets plass",
                "is_installed": true,
                "is_renting": true,
                "is_returning": true,
                "is_virtual_station": false,
                "last_reported": 1742982506,
                "name": "Sentrum Scene",
                "num_bikes_available": 21,
                "num_docks_available": 3,
                "rental_uris": {
                    "android": "oslobysykkel://stations/437",
                    "ios": "oslobysykkel://stations/437"
                },
                "station_area": {
                    "coordinates": [
                        [
                            [
                                [
                                    10.75136855119956,
                                    59.915275189780616
                                ],
                                [
                                    10.751525404313384,
                                    59.91537199636603
                                ],
                                [
                                    10.750886499881744,
                                    59.915625659459224
                                ],
                                [
                                    10.75070545077324,
                                    59.91552220450014
                                ],
                                [
                                    10.75136855119956,
                                    59.915275189780616
                                ]
                            ]
                        ]
                    ],
                    "type": "MultiPolygon"
                },
                "station_id": "YOS:Station:437",
                "vehicle_types_available": [
                    {
                        "count": 21,
                        "vehicle_type_id": "YOS:VehicleType:bike"
                    },
                    {
                        "count": 0,
                        "vehicle_type_id": "YOS:VehicleType:ebike"
                    }
                ]
            },
            "type": "Feature"
        },
        {
            "geometry": {
                "coordinates": [
                    10.768576,
                    59.949239
                ],
                "type": "Point"
            },
            "properties": {
                "address": "Nydalsveien 37",
                "capacity": 42,
                "cross_street": "ved hovedinngangen",
                "is_installed": true,
                "is_renting": true,
                "is_returning": true,
                "is_virtual_station": false,
                "last_reported": 1742982506,
                "name": "BI Nydalen",
                "num_bikes_available": 0,
                "num_docks_available": 42,
                "rental_uris": {
                    "android": "oslobysykkel://stations/438",
                    "ios": "oslobysykkel://stations/438"
                },
                "station_area": {
                    "coordinates": [
                        [
                            [
                                [
                                    10.76821357011795,
                                    59.949141146845065
                                ],
                                [
                                    10.769012868404387,
                                    59.94927814948137
                                ],
                                [
                                    10.768948495388031,
                                    59.94937082741426
                                ],
                                [
                                    10.768122375011444,
                                    59.94922307986229
                                ],
                                [
                                    10.76821357011795,
                                    59.949141146845065
                                ]
                            ]
                        ]
                    ],
                    "type": "MultiPolygon"
                },
                "station_id": "YOS:Station:438",
                "vehicle_types_available": [
                    {
                        "count": 0,
                        "vehicle_type_id": "YOS:VehicleType:bike"
                    },
                    {
                        "count": 0,
                        "vehicle_type_id": "YOS:VehicleType:ebike"
                    }
                ]
            },
            "type": "Feature"
        },
        {
            "geometry": {
                "coordinates": [
                    10.7622135,
                    59.9172088
                ],
                "type": "Point"
            },
            "properties": {
                "address": "Lakkegata",
                "capacity": 18,
                "cross_street": "ved Sundtkvartalet",
                "is_installed": true,
                "is_renting": true,
                "is_returning": true,
                "is_virtual_station": false,
                "last_reported": 1742982506,
                "name": "Lakkegata",
                "num_bikes_available": 0,
                "num_docks_available": 18,
                "rental_uris": {
                    "android": "oslobysykkel://stations/440",
                    "ios": "oslobysykkel://stations/440"
                },
                "station_area": {
                    "coordinates": [
                        [
                            [
                                [
                                    10.762075739555996,
                                    59.917031018797154
                                ],
                                [
                                    10.762292276721922,
                                    59.91701780879789
                                ],
                                [
                                    10.762368656280444,
                                    59.91728971274936
                                ],
                                [
                                    10.762153738189056,
                                    59.91730426709301
                                ],
                                [
                                    10.762075739555996,
                                    59.917031018797154
                                ]
                            ]
                        ]
                    ],
                    "type": "MultiPolygon"
                },
                "station_id": "YOS:Station:440",
                "vehicle_types_available": [
                    {
                        "count": 0,
                        "vehicle_type_id": "YOS:VehicleType:bike"
                    },
                    {
                        "count": 0,
                        "vehicle_type_id": "YOS:VehicleType:ebike"
                    }
                ]
            },
            "type": "Feature"
        },
        {
            "geometry": {
                "coordinates": [
                    10.741077,
                    59.903989
                ],
                "type": "Point"
            },
            "properties": {
                "address": "Vippetangen_Akershusstranden",
                "capacity": 15,
                "cross_street": "n\u00e6rmest Operaen",
                "is_installed": true,
                "is_renting": true,
                "is_returning": true,
                "is_virtual_station": false,
                "last_reported": 1742982506,
                "name": "Vippetangen \u00f8st",
                "num_bikes_available": 14,
                "num_docks_available": 1,
                "rental_uris": {
                    "android": "oslobysykkel://stations/441",
                    "ios": "oslobysykkel://stations/441"
                },
                "station_area": {
                    "coordinates": [
                        [
                            [
                                [
                                    10.740981101989746,
                                    59.90402577146036
                                ],
                                [
                                    10.741029381752014,
                                    59.90394103675732
                                ],
                                [
                                    10.741431713104246,
                                    59.90405670629809
                                ],
                                [
                                    10.741305649280546,
                                    59.90411319592738
                                ],
                                [
                                    10.740981101989746,
                                    59.90402577146036
                                ]
                            ]
                        ]
                    ],
                    "type": "MultiPolygon"
                },
                "station_id": "YOS:Station:441",
                "vehicle_types_available": [
                    {
                        "count": 14,
                        "vehicle_type_id": "YOS:VehicleType:bike"
                    },
                    {
                        "count": 0,
                        "vehicle_type_id": "YOS:VehicleType:ebike"
                    }
                ]
            },
            "type": "Feature"
        },
        {
            "geometry": {
                "coordinates": [
                    10.75101,
                    59.92251
                ],
                "type": "Point"
            },
            "properties": {
                "address": "Vulkan 26",
                "capacity": 18,
                "cross_street": "ved Maridalsveien",
                "is_installed": true,
                "is_renting": true,
                "is_returning": true,
                "is_virtual_station": false,
                "last_reported": 1742982506,
                "name": "Vulkan",
                "num_bikes_available": 0,
                "num_docks_available": 18,
                "rental_uris": {
                    "android": "oslobysykkel://stations/442",
                    "ios": "oslobysykkel://stations/442"
                },
                "station_area": {
                    "coordinates": [
                        [
                            [
                                [
                                    10.751075595617294,
                                    59.92242354742822
                                ],
                                [
                                    10.751349180936813,
                                    59.922416154061416
                                ],
                                [
                                    10.751386731863022,
                                    59.922553939261846
                                ],
                                [
                                    10.750772505998611,
                                    59.922574775022845
                                ],
                                [
                                    10.750718861818314,
                                    59.922410777066524
                                ],
                                [
                                    10.751075595617294,
                                    59.92242354742822
                                ]
                            ]
                        ]
                    ],
                    "type": "MultiPolygon"
                },
                "station_id": "YOS:Station:442",
                "vehicle_types_available": [
                    {
                        "count": 0,
                        "vehicle_type_id": "YOS:VehicleType:bike"
                    },
                    {
                        "count": 0,
                        "vehicle_type_id": "YOS:VehicleType:ebike"
                    }
                ]
            },
            "type": "Feature"
        },
        {
            "geometry": {
                "coordinates": [
                    10.752003700187942,
                    59.91014291324254
                ],
                "type": "Point"
            },
            "properties": {
                "address": "Christian Frederiks Plass",
                "capacity": 45,
                "cross_street": "to rader n\u00e6rmest trappen",
                "is_installed": true,
                "is_renting": true,
                "is_returning": true,
                "is_virtual_station": false,
                "last_reported": 1742982506,
                "name": "Sj\u00f8siden 1 ved trappen",
                "num_bikes_available": 40,
                "num_docks_available": 4,
                "rental_uris": {
                    "android": "oslobysykkel://stations/443",
                    "ios": "oslobysykkel://stations/443"
                },
                "station_area": {
                    "coordinates": [
                        [
                            [
                                [
                                    10.75186550617218,
                                    59.910070967244295
                                ],
                                [
                                    10.752210170030594,
                                    59.91001314299903
                                ],
                                [
                                    10.75234830379486,
                                    59.91020476947219
                                ],
                                [
                                    10.751924514770508,
                                    59.910282764491946
                                ],
                                [
                                    10.751785039901733,
                                    59.91008508710282
                                ],
                                [
                                    10.75186550617218,
                                    59.910070967244295
                                ]
                            ]
                        ]
                    ],
                    "type": "MultiPolygon"
                },
                "station_id": "YOS:Station:443",
                "vehicle_types_available": [
                    {
                        "count": 40,
                        "vehicle_type_id": "YOS:VehicleType:bike"
                    },
                    {
                        "count": 0,
                        "vehicle_type_id": "YOS:VehicleType:ebike"
                    }
                ]
            },
            "type": "Feature"
        },
        {
            "geometry": {
                "coordinates": [
                    10.750462,
                    59.925265
                ],
                "type": "Point"
            },
            "properties": {
                "address": "Arkitektur og Designh\u00f8gskolen i Oslo",
                "capacity": 20,
                "cross_street": "langs Maridalsveien",
                "is_installed": true,
                "is_renting": true,
                "is_returning": true,
                "is_virtual_station": false,
                "last_reported": 1742982506,
                "name": "AHO",
                "num_bikes_available": 1,
                "num_docks_available": 19,
                "rental_uris": {
                    "android": "oslobysykkel://stations/444",
                    "ios": "oslobysykkel://stations/444"
                },
                "station_area": {
                    "coordinates": [
                        [
                            [
                                [
                                    10.750312507152557,
                                    59.925182502462754
                                ],
                                [
                                    10.750460028648376,
                                    59.92519728796188
                                ],
                                [
                                    10.750527083873749,
                                    59.925382778209084
                                ],
                                [
                                    10.750333964824677,
                                    59.92538949885074
                                ],
                                [
                                    10.750312507152557,
                                    59.925182502462754
                                ]
                            ]
                        ]
                    ],
                    "type": "MultiPolygon"
                },
                "station_id": "YOS:Station:444",
                "vehicle_types_available": [
                    {
                        "count": 1,
                        "vehicle_type_id": "YOS:VehicleType:bike"
                    },
                    {
                        "count": 0,
                        "vehicle_type_id": "YOS:VehicleType:ebike"
                    }
                ]
            },
            "type": "Feature"
        },
        {
            "geometry": {
                "coordinates": [
                    10.67666,
                    59.921673
                ],
                "type": "Point"
            },
            "properties": {
                "address": "Drammensveien 161 B",
                "capacity": 18,
                "cross_street": "Drammensveien ved rundkj\u00f8ring",
                "is_installed": true,
                "is_renting": true,
                "is_returning": true,
                "is_virtual_station": false,
                "last_reported": 1742982506,
                "name": "Sj\u00f8lyst",
                "num_bikes_available": 4,
                "num_docks_available": 14,
                "rental_uris": {
                    "android": "oslobysykkel://stations/445",
                    "ios": "oslobysykkel://stations/445"
                },
                "station_area": {
                    "coordinates": [
                        [
                            [
                                [
                                    10.676364004611969,
                                    59.92156926660631
                                ],
                                [
                                    10.676490068435669,
                                    59.921562545190845
                                ],
                                [
                                    10.6770721077919,
                                    59.921679497625576
                                ],
                                [
                                    10.677002370357513,
                                    59.92176418706238
                                ],
                                [
                                    10.676315724849701,
                                    59.921629759284166
                                ],
                                [
                                    10.676364004611969,
                                    59.92156926660631
                                ]
                            ]
                        ]
                    ],
                    "type": "MultiPolygon"
                },
                "station_id": "YOS:Station:445",
                "vehicle_types_available": [
                    {
                        "count": 4,
                        "vehicle_type_id": "YOS:VehicleType:bike"
                    },
                    {
                        "count": 0,
                        "vehicle_type_id": "YOS:VehicleType:ebike"
                    }
                ]
            },
            "type": "Feature"
        },
        {
            "geometry": {
                "coordinates": [
                    10.73121932213806,
                    59.925471317049954
                ],
                "type": "Point"
            },
            "properties": {
                "address": "Bislett Stadion",
                "capacity": 24,
                "cross_street": "ved rundkj\u00f8ringen",
                "is_installed": true,
                "is_renting": true,
                "is_returning": true,
                "is_virtual_station": false,
                "last_reported": 1742982506,
                "name": "Bislett Stadion",
                "num_bikes_available": 0,
                "num_docks_available": 24,
                "rental_uris": {
                    "android": "oslobysykkel://stations/446",
                    "ios": "oslobysykkel://stations/446"
                },
                "station_area": {
                    "coordinates": [
                        [
                            [
                                [
                                    10.731112491885114,
                                    59.92534104271592
                                ],
                                [
                                    10.731309516409395,
                                    59.92531547611058
                                ],
                                [
                                    10.731338482022608,
                                    59.92564363371348
                                ],
                                [
                                    10.731122109680712,
                                    59.925599795201116
                                ],
                                [
                                    10.731112491885114,
                                    59.92534104271592
                                ]
                            ]
                        ]
                    ],
                    "type": "MultiPolygon"
                },
                "station_id": "YOS:Station:446",
                "vehicle_types_available": [
                    {
                        "count": 0,
                        "vehicle_type_id": "YOS:VehicleType:bike"
                    },
                    {
                        "count": 0,
                        "vehicle_type_id": "YOS:VehicleType:ebike"
                    }
                ]
            },
            "type": "Feature"
        },
        {
            "geometry": {
                "coordinates": [
                    10.786167,
                    59.904473
                ],
                "type": "Point"
            },
            "properties": {
                "address": "Smeltedigelen 1",
                "capacity": 30,
                "cross_street": "langs Smeltedigelen",
                "is_installed": true,
                "is_renting": true,
                "is_returning": true,
                "is_virtual_station": false,
                "last_reported": 1742982506,
                "name": "Kv\u00e6rnerbyen",
                "num_bikes_available": 1,
                "num_docks_available": 29,
                "rental_uris": {
                    "android": "oslobysykkel://stations/447",
                    "ios": "oslobysykkel://stations/447"
                },
                "station_area": {
                    "coordinates": [
                        [
                            [
                                [
                                    10.786103904247284,
                                    59.90433310106909
                                ],
                                [
                                    10.786246061325073,
                                    59.90430821890902
                                ],
                                [
                                    10.786409177883733,
                                    59.9045709013583
                                ],
                                [
                                    10.786122679710388,
                                    59.90461218347936
                                ],
                                [
                                    10.785957723855972,
                                    59.90435731072049
                                ],
                                [
                                    10.786103904247284,
                                    59.90433310106909
                                ]
                            ]
                        ]
                    ],
                    "type": "MultiPolygon"
                },
                "station_id": "YOS:Station:447",
                "vehicle_types_available": [
                    {
                        "count": 1,
                        "vehicle_type_id": "YOS:VehicleType:bike"
                    },
                    {
                        "count": 0,
                        "vehicle_type_id": "YOS:VehicleType:ebike"
                    }
                ]
            },
            "type": "Feature"
        },
        {
            "geometry": {
                "coordinates": [
                    10.7544337247013,
                    59.91218291295141
                ],
                "type": "Point"
            },
            "properties": {
                "address": "Oslo Plaza",
                "capacity": 9,
                "cross_street": "ved rundkj\u00f8ringen",
                "is_installed": true,
                "is_renting": true,
                "is_returning": true,
                "is_virtual_station": false,
                "last_reported": 1742982506,
                "name": "Oslo Plaza",
                "num_bikes_available": 8,
                "num_docks_available": 0,
                "rental_uris": {
                    "android": "oslobysykkel://stations/448",
                    "ios": "oslobysykkel://stations/448"
                },
                "station_area": {
                    "coordinates": [
                        [
                            [
                                [
                                    10.754451459932142,
                                    59.912108390622436
                                ],
                                [
                                    10.754569053073993,
                                    59.91214005475887
                                ],
                                [
                                    10.754381263115647,
                                    59.91228230432632
                                ],
                                [
                                    10.754222048901653,
                                    59.91224004200219
                                ],
                                [
                                    10.75429628458059,
                                    59.91216146096136
                                ],
                                [
                                    10.754451459932142,
                                    59.912108390622436
                                ]
                            ]
                        ]
                    ],
                    "type": "MultiPolygon"
                },
                "station_id": "YOS:Station:448",
                "vehicle_types_available": [
                    {
                        "count": 8,
                        "vehicle_type_id": "YOS:VehicleType:bike"
                    },
                    {
                        "count": 0,
                        "vehicle_type_id": "YOS:VehicleType:ebike"
                    }
                ]
            },
            "type": "Feature"
        },
        {
            "geometry": {
                "coordinates": [
                    10.726229742333288,
                    59.91357497092093
                ],
                "type": "Point"
            },
            "properties": {
                "address": "Rusel\u00f8kkg\u00e5rden",
                "capacity": 24,
                "cross_street": "langs L\u00f8kkeveien",
                "is_installed": true,
                "is_renting": true,
                "is_returning": true,
                "is_virtual_station": false,
                "last_reported": 1742982506,
                "name": "Rusel\u00f8kkg\u00e5rden",
                "num_bikes_available": 1,
                "num_docks_available": 23,
                "rental_uris": {
                    "android": "oslobysykkel://stations/449",
                    "ios": "oslobysykkel://stations/449"
                },
                "station_area": {
                    "coordinates": [
                        [
                            [
                                [
                                    10.726462812696724,
                                    59.913476030980995
                                ],
                                [
                                    10.72656540908005,
                                    59.91354880843487
                                ],
                                [
                                    10.726067195676078,
                                    59.91370646175203
                                ],
                                [
                                    10.725972979624173,
                                    59.91362544973662
                                ],
                                [
                                    10.726462812696724,
                                    59.913476030980995
                                ]
                            ]
                        ]
                    ],
                    "type": "MultiPolygon"
                },
                "station_id": "YOS:Station:449",
                "vehicle_types_available": [
                    {
                        "count": 1,
                        "vehicle_type_id": "YOS:VehicleType:bike"
                    },
                    {
                        "count": 0,
                        "vehicle_type_id": "YOS:VehicleType:ebike"
                    }
                ]
            },
            "type": "Feature"
        },
        {
            "geometry": {
                "coordinates": [
                    10.70884,
                    59.919524
                ],
                "type": "Point"
            },
            "properties": {
                "address": "Elisenberg",
                "capacity": 15,
                "cross_street": "ved holdeplassen",
                "is_installed": true,
                "is_renting": true,
                "is_returning": true,
                "is_virtual_station": false,
                "last_reported": 1742982506,
                "name": "Elisenberg",
                "num_bikes_available": 0,
                "num_docks_available": 15,
                "rental_uris": {
                    "android": "oslobysykkel://stations/450",
                    "ios": "oslobysykkel://stations/450"
                },
                "station_area": {
                    "coordinates": [
                        [
                            [
                                [
                                    10.708885788917542,
                                    59.91936725807003
                                ],
                                [
                                    10.709019899368286,
                                    59.91941968854272
                                ],
                                [
                                    10.708759725093842,
                                    59.919599833638195
                                ],
                                [
                                    10.708639025688171,
                                    59.919554125273706
                                ],
                                [
                                    10.708885788917542,
                                    59.91936725807003
                                ]
                            ]
                        ]
                    ],
                    "type": "MultiPolygon"
                },
                "station_id": "YOS:Station:450",
                "vehicle_types_available": [
                    {
                        "count": 0,
                        "vehicle_type_id": "YOS:VehicleType:bike"
                    },
                    {
                        "count": 0,
                        "vehicle_type_id": "YOS:VehicleType:ebike"
                    }
                ]
            },
            "type": "Feature"
        },
        {
            "geometry": {
                "coordinates": [
                    10.726195,
                    59.929419
                ],
                "type": "Point"
            },
            "properties": {
                "address": "Suhms gate 1A",
                "capacity": 21,
                "cross_street": "ved Oslo d\u00f8vekirke",
                "is_installed": true,
                "is_renting": true,
                "is_returning": true,
                "is_virtual_station": false,
                "last_reported": 1742982506,
                "name": "Suhms gate",
                "num_bikes_available": 0,
                "num_docks_available": 21,
                "rental_uris": {
                    "android": "oslobysykkel://stations/451",
                    "ios": "oslobysykkel://stations/451"
                },
                "station_area": {
                    "coordinates": [
                        [
                            [
                                [
                                    10.726188719272614,
                                    59.929261706211015
                                ],
                                [
                                    10.726423412561417,
                                    59.92932756074067
                                ],
                                [
                                    10.726035833358765,
                                    59.929604417129035
                                ],
                                [
                                    10.725802481174469,
                                    59.92953184334778
                                ],
                                [
                                    10.726188719272614,
                                    59.929261706211015
                                ]
                            ]
                        ]
                    ],
                    "type": "MultiPolygon"
                },
                "station_id": "YOS:Station:451",
                "vehicle_types_available": [
                    {
                        "count": 0,
                        "vehicle_type_id": "YOS:VehicleType:bike"
                    },
                    {
                        "count": 0,
                        "vehicle_type_id": "YOS:VehicleType:ebike"
                    }
                ]
            },
            "type": "Feature"
        },
        {
            "geometry": {
                "coordinates": [
                    10.740627,
                    59.903989
                ],
                "type": "Point"
            },
            "properties": {
                "address": "Vippetangen",
                "capacity": 30,
                "cross_street": "n\u00e6rmest R\u00e5dhuset",
                "is_installed": true,
                "is_renting": true,
                "is_returning": true,
                "is_virtual_station": false,
                "last_reported": 1742982506,
                "name": "Vippetangen vest",
                "num_bikes_available": 19,
                "num_docks_available": 11,
                "rental_uris": {
                    "android": "oslobysykkel://stations/452",
                    "ios": "oslobysykkel://stations/452"
                },
                "station_area": {
                    "coordinates": [
                        [
                            [
                                [
                                    10.740208625793457,
                                    59.903869751839665
                                ],
                                [
                                    10.740991830825806,
                                    59.90393565676887
                                ],
                                [
                                    10.740943551063538,
                                    59.904023081473106
                                ],
                                [
                                    10.740136206150055,
                                    59.9039840766335
                                ],
                                [
                                    10.740208625793457,
                                    59.903869751839665
                                ]
                            ]
                        ]
                    ],
                    "type": "MultiPolygon"
                },
                "station_id": "YOS:Station:452",
                "vehicle_types_available": [
                    {
                        "count": 19,
                        "vehicle_type_id": "YOS:VehicleType:bike"
                    },
                    {
                        "count": 0,
                        "vehicle_type_id": "YOS:VehicleType:ebike"
                    }
                ]
            },
            "type": "Feature"
        },
        {
            "geometry": {
                "coordinates": [
                    10.710262803261259,
                    59.92753764682686
                ],
                "type": "Point"
            },
            "properties": {
                "address": "Frogner Stadion",
                "capacity": 36,
                "cross_street": "ved hovedinngangen",
                "is_installed": true,
                "is_renting": true,
                "is_returning": true,
                "is_virtual_station": false,
                "last_reported": 1742982506,
                "name": "Frogner Stadion",
                "num_bikes_available": 0,
                "num_docks_available": 36,
                "rental_uris": {
                    "android": "oslobysykkel://stations/453",
                    "ios": "oslobysykkel://stations/453"
                },
                "station_area": {
                    "coordinates": [
                        [
                            [
                                [
                                    10.709596574306488,
                                    59.92761395644469
                                ],
                                [
                                    10.71005254983902,
                                    59.92744460721436
                                ],
                                [
                                    10.710615813732147,
                                    59.9272376236477
                                ],
                                [
                                    10.710830390453339,
                                    59.9273693406122
                                ],
                                [
                                    10.70981115102768,
                                    59.92776180030414
                                ],
                                [
                                    10.709687769412994,
                                    59.92768115828066
                                ],
                                [
                                    10.709596574306488,
                                    59.92761395644469
                                ]
                            ]
                        ]
                    ],
                    "type": "MultiPolygon"
                },
                "station_id": "YOS:Station:453",
                "vehicle_types_available": [
                    {
                        "count": 0,
                        "vehicle_type_id": "YOS:VehicleType:bike"
                    },
                    {
                        "count": 0,
                        "vehicle_type_id": "YOS:VehicleType:ebike"
                    }
                ]
            },
            "type": "Feature"
        },
        {
            "geometry": {
                "coordinates": [
                    10.651118,
                    59.9198098
                ],
                "type": "Point"
            },
            "properties": {
                "address": "V\u00e6ker\u00f8veien 22",
                "capacity": 24,
                "cross_street": "langs V\u00e6ker\u00f8veien",
                "is_installed": true,
                "is_renting": true,
                "is_returning": true,
                "is_virtual_station": false,
                "last_reported": 1742982506,
                "name": "Furulund",
                "num_bikes_available": 0,
                "num_docks_available": 24,
                "rental_uris": {
                    "android": "oslobysykkel://stations/454",
                    "ios": "oslobysykkel://stations/454"
                },
                "station_area": {
                    "coordinates": [
                        [
                            [
                                [
                                    10.650824010372162,
                                    59.91983106322312
                                ],
                                [
                                    10.65123438835144,
                                    59.91968721710094
                                ],
                                [
                                    10.651347041130066,
                                    59.91973695835391
                                ],
                                [
                                    10.651148557662964,
                                    59.919828374516264
                                ],
                                [
                                    10.650938771243604,
                                    59.91989983152841
                                ],
                                [
                                    10.650824010372162,
                                    59.91983106322312
                                ]
                            ]
                        ]
                    ],
                    "type": "MultiPolygon"
                },
                "station_id": "YOS:Station:454",
                "vehicle_types_available": [
                    {
                        "count": 0,
                        "vehicle_type_id": "YOS:VehicleType:bike"
                    },
                    {
                        "count": 0,
                        "vehicle_type_id": "YOS:VehicleType:ebike"
                    }
                ]
            },
            "type": "Feature"
        },
        {
            "geometry": {
                "coordinates": [
                    10.7617503,
                    59.922337
                ],
                "type": "Point"
            },
            "properties": {
                "address": "Sofienberggata 17",
                "capacity": 12,
                "cross_street": "langs Sofienberggata",
                "is_installed": true,
                "is_renting": true,
                "is_returning": true,
                "is_virtual_station": false,
                "last_reported": 1742982506,
                "name": "Sofienbergparken s\u00f8r",
                "num_bikes_available": 0,
                "num_docks_available": 11,
                "rental_uris": {
                    "android": "oslobysykkel://stations/455",
                    "ios": "oslobysykkel://stations/455"
                },
                "station_area": {
                    "coordinates": [
                        [
                            [
                                [
                                    10.761432945728302,
                                    59.92229785996956
                                ],
                                [
                                    10.762170553207397,
                                    59.92221249976631
                                ],
                                [
                                    10.762265771627426,
                                    59.922375154452354
                                ],
                                [
                                    10.761518776416779,
                                    59.922455137249386
                                ],
                                [
                                    10.761471837759018,
                                    59.922364400448146
                                ],
                                [
                                    10.761432945728302,
                                    59.92229785996956
                                ]
                            ]
                        ]
                    ],
                    "type": "MultiPolygon"
                },
                "station_id": "YOS:Station:455",
                "vehicle_types_available": [
                    {
                        "count": 0,
                        "vehicle_type_id": "YOS:VehicleType:bike"
                    },
                    {
                        "count": 0,
                        "vehicle_type_id": "YOS:VehicleType:ebike"
                    }
                ]
            },
            "type": "Feature"
        },
        {
            "geometry": {
                "coordinates": [
                    10.813758421127346,
                    59.912716333310414
                ],
                "type": "Point"
            },
            "properties": {
                "address": "Agmund Bolts vei 4",
                "capacity": 18,
                "cross_street": "Ved brannstasjonen",
                "is_installed": true,
                "is_renting": true,
                "is_returning": true,
                "is_virtual_station": false,
                "last_reported": 1742982506,
                "name": "Bryn Brannstasjon",
                "num_bikes_available": 0,
                "num_docks_available": 18,
                "rental_uris": {
                    "android": "oslobysykkel://stations/4552",
                    "ios": "oslobysykkel://stations/4552"
                },
                "station_area": {
                    "coordinates": [
                        [
                            [
                                [
                                    10.813624236221244,
                                    59.91276468315962
                                ],
                                [
                                    10.813603269828775,
                                    59.91271002680298
                                ],
                                [
                                    10.813930345539035,
                                    59.912682698591
                                ],
                                [
                                    10.813947118652152,
                                    59.912741559327486
                                ],
                                [
                                    10.813624236221244,
                                    59.91276468315962
                                ]
                            ]
                        ]
                    ],
                    "type": "MultiPolygon"
                },
                "station_id": "YOS:Station:4552",
                "vehicle_types_available": [
                    {
                        "count": 0,
                        "vehicle_type_id": "YOS:VehicleType:bike"
                    },
                    {
                        "count": 0,
                        "vehicle_type_id": "YOS:VehicleType:ebike"
                    }
                ]
            },
            "type": "Feature"
        },
        {
            "geometry": {
                "coordinates": [
                    10.7051061,
                    59.9103558
                ],
                "type": "Point"
            },
            "properties": {
                "address": "Frognerstranda",
                "capacity": 35,
                "cross_street": "ved Kongen Marina",
                "is_installed": true,
                "is_renting": true,
                "is_returning": true,
                "is_virtual_station": false,
                "last_reported": 1742982506,
                "name": "Frognerstranda",
                "num_bikes_available": 2,
                "num_docks_available": 32,
                "rental_uris": {
                    "android": "oslobysykkel://stations/456",
                    "ios": "oslobysykkel://stations/456"
                },
                "station_area": {
                    "coordinates": [
                        [
                            [
                                [
                                    10.704985857009888,
                                    59.91021082081647
                                ],
                                [
                                    10.705449879169464,
                                    59.91037218959076
                                ],
                                [
                                    10.705285177715975,
                                    59.91044583152841
                                ],
                                [
                                    10.704854428768158,
                                    59.910294194781116
                                ],
                                [
                                    10.704985857009888,
                                    59.91021082081647
                                ]
                            ]
                        ]
                    ],
                    "type": "MultiPolygon"
                },
                "station_id": "YOS:Station:456",
                "vehicle_types_available": [
                    {
                        "count": 2,
                        "vehicle_type_id": "YOS:VehicleType:bike"
                    },
                    {
                        "count": 0,
                        "vehicle_type_id": "YOS:VehicleType:ebike"
                    }
                ]
            },
            "type": "Feature"
        },
        {
            "geometry": {
                "coordinates": [
                    10.7717192,
                    59.9230577
                ],
                "type": "Point"
            },
            "properties": {
                "address": "Trondheimsveien 64",
                "capacity": 10,
                "cross_street": "ved trikkestoppet",
                "is_installed": true,
                "is_renting": true,
                "is_returning": true,
                "is_virtual_station": false,
                "last_reported": 1742982506,
                "name": "Trondheimsveien",
                "num_bikes_available": 0,
                "num_docks_available": 10,
                "rental_uris": {
                    "android": "oslobysykkel://stations/457",
                    "ios": "oslobysykkel://stations/457"
                },
                "station_area": {
                    "coordinates": [
                        [
                            [
                                [
                                    10.771475136280058,
                                    59.92297804523912
                                ],
                                [
                                    10.771652162075043,
                                    59.92290948964811
                                ],
                                [
                                    10.77199012041092,
                                    59.92312590975716
                                ],
                                [
                                    10.771721899509428,
                                    59.92317967850942
                                ],
                                [
                                    10.771475136280058,
                                    59.92297804523912
                                ]
                            ]
                        ]
                    ],
                    "type": "MultiPolygon"
                },
                "station_id": "YOS:Station:457",
                "vehicle_types_available": [
                    {
                        "count": 0,
                        "vehicle_type_id": "YOS:VehicleType:bike"
                    },
                    {
                        "count": 0,
                        "vehicle_type_id": "YOS:VehicleType:ebike"
                    }
                ]
            },
            "type": "Feature"
        },
        {
            "geometry": {
                "coordinates": [
                    10.77837,
                    59.928349
                ],
                "type": "Point"
            },
            "properties": {
                "address": "Trondheimsveien 135",
                "capacity": 15,
                "cross_street": "langs Rosenhoffgata",
                "is_installed": true,
                "is_renting": true,
                "is_returning": true,
                "is_virtual_station": false,
                "last_reported": 1742982506,
                "name": "Jenny Braatens Plass",
                "num_bikes_available": 1,
                "num_docks_available": 14,
                "rental_uris": {
                    "android": "oslobysykkel://stations/458",
                    "ios": "oslobysykkel://stations/458"
                },
                "station_area": {
                    "coordinates": [
                        [
                            [
                                [
                                    10.778021067380905,
                                    59.92837601728398
                                ],
                                [
                                    10.77860713005066,
                                    59.928222800108486
                                ],
                                [
                                    10.778778791427612,
                                    59.92829907278212
                                ],
                                [
                                    10.7787224650383,
                                    59.92835921718963
                                ],
                                [
                                    10.778167247772217,
                                    59.92850033771777
                                ],
                                [
                                    10.7780921459198,
                                    59.92844590558521
                                ],
                                [
                                    10.778021067380905,
                                    59.92837601728398
                                ]
                            ]
                        ]
                    ],
                    "type": "MultiPolygon"
                },
                "station_id": "YOS:Station:458",
                "vehicle_types_available": [
                    {
                        "count": 1,
                        "vehicle_type_id": "YOS:VehicleType:bike"
                    },
                    {
                        "count": 0,
                        "vehicle_type_id": "YOS:VehicleType:ebike"
                    }
                ]
            },
            "type": "Feature"
        },
        {
            "geometry": {
                "coordinates": [
                    10.71842,
                    59.9281319
                ],
                "type": "Point"
            },
            "properties": {
                "address": "Valkyriegata 1",
                "capacity": 12,
                "cross_street": "ved Bogstadveien",
                "is_installed": false,
                "is_renting": false,
                "is_returning": false,
                "is_virtual_station": false,
                "last_reported": 1742982506,
                "name": "Valkyrieplassen",
                "num_bikes_available": 0,
                "num_docks_available": 11,
                "rental_uris": {
                    "android": "oslobysykkel://stations/459",
                    "ios": "oslobysykkel://stations/459"
                },
                "station_area": {
                    "coordinates": [
                        [
                            [
                                [
                                    10.718462616205215,
                                    59.92804337383236
                                ],
                                [
                                    10.71865439414978,
                                    59.92803127764399
                                ],
                                [
                                    10.718156844377518,
                                    59.928349137128926
                                ],
                                [
                                    10.717994570732117,
                                    59.92828529667338
                                ],
                                [
                                    10.718363374471664,
                                    59.928069582225326
                                ],
                                [
                                    10.718462616205215,
                                    59.92804337383236
                                ]
                            ]
                        ]
                    ],
                    "type": "MultiPolygon"
                },
                "station_id": "YOS:Station:459",
                "vehicle_types_available": [
                    {
                        "count": 0,
                        "vehicle_type_id": "YOS:VehicleType:bike"
                    },
                    {
                        "count": 0,
                        "vehicle_type_id": "YOS:VehicleType:ebike"
                    }
                ]
            },
            "type": "Feature"
        },
        {
            "geometry": {
                "coordinates": [
                    10.76933022142641,
                    59.915417698024385
                ],
                "type": "Point"
            },
            "properties": {
                "address": "Jens Bjelkes gate 39B",
                "capacity": 29,
                "cross_street": "langs Jens Bjelkes gate",
                "is_installed": true,
                "is_renting": true,
                "is_returning": true,
                "is_virtual_station": false,
                "last_reported": 1742982506,
                "name": "Botanisk Hage s\u00f8r",
                "num_bikes_available": 0,
                "num_docks_available": 28,
                "rental_uris": {
                    "android": "oslobysykkel://stations/460",
                    "ios": "oslobysykkel://stations/460"
                },
                "station_area": {
                    "coordinates": [
                        [
                            [
                                [
                                    10.769010186195374,
                                    59.915739943778775
                                ],
                                [
                                    10.76883852481842,
                                    59.91566465062424
                                ],
                                [
                                    10.769509768579155,
                                    59.915245212212476
                                ],
                                [
                                    10.769801437854767,
                                    59.91536347629824
                                ],
                                [
                                    10.76971560716629,
                                    59.91540919043434
                                ],
                                [
                                    10.769415199756622,
                                    59.91557456751853
                                ],
                                [
                                    10.769098699092865,
                                    59.915764145113606
                                ],
                                [
                                    10.769010186195374,
                                    59.915739943778775
                                ]
                            ]
                        ]
                    ],
                    "type": "MultiPolygon"
                },
                "station_id": "YOS:Station:460",
                "vehicle_types_available": [
                    {
                        "count": 0,
                        "vehicle_type_id": "YOS:VehicleType:bike"
                    },
                    {
                        "count": 0,
                        "vehicle_type_id": "YOS:VehicleType:ebike"
                    }
                ]
            },
            "type": "Feature"
        },
        {
            "geometry": {
                "coordinates": [
                    10.786856,
                    59.908576
                ],
                "type": "Point"
            },
            "properties": {
                "address": "Str\u00f8msveien 23D",
                "capacity": 21,
                "cross_street": "langs Ingeborgs gate",
                "is_installed": true,
                "is_renting": true,
                "is_returning": true,
                "is_virtual_station": false,
                "last_reported": 1742982506,
                "name": "V\u00e5lerenga",
                "num_bikes_available": 0,
                "num_docks_available": 21,
                "rental_uris": {
                    "android": "oslobysykkel://stations/461",
                    "ios": "oslobysykkel://stations/461"
                },
                "station_area": {
                    "coordinates": [
                        [
                            [
                                [
                                    10.786832123994827,
                                    59.90842091956387
                                ],
                                [
                                    10.787026584148407,
                                    59.90845722956396
                                ],
                                [
                                    10.78677847981453,
                                    59.90875779415088
                                ],
                                [
                                    10.786608159542084,
                                    59.90872753609417
                                ],
                                [
                                    10.786739587783813,
                                    59.90854598717475
                                ],
                                [
                                    10.786832123994827,
                                    59.90842091956387
                                ]
                            ]
                        ]
                    ],
                    "type": "MultiPolygon"
                },
                "station_id": "YOS:Station:461",
                "vehicle_types_available": [
                    {
                        "count": 0,
                        "vehicle_type_id": "YOS:VehicleType:bike"
                    },
                    {
                        "count": 0,
                        "vehicle_type_id": "YOS:VehicleType:ebike"
                    }
                ]
            },
            "type": "Feature"
        },
        {
            "geometry": {
                "coordinates": [
                    10.730981,
                    59.92714
                ],
                "type": "Point"
            },
            "properties": {
                "address": "Sporveisgata",
                "capacity": 15,
                "cross_street": "ved Sporveisgata",
                "is_installed": true,
                "is_renting": true,
                "is_returning": true,
                "is_virtual_station": false,
                "last_reported": 1742982506,
                "name": "Stensparken",
                "num_bikes_available": 0,
                "num_docks_available": 15,
                "rental_uris": {
                    "android": "oslobysykkel://stations/462",
                    "ios": "oslobysykkel://stations/462"
                },
                "station_area": {
                    "coordinates": [
                        [
                            [
                                [
                                    10.73075383901596,
                                    59.92698090846914
                                ],
                                [
                                    10.731247365474701,
                                    59.9271542922368
                                ],
                                [
                                    10.731081068515778,
                                    59.9272846654808
                                ],
                                [
                                    10.730582177639008,
                                    59.92711128239447
                                ],
                                [
                                    10.73075383901596,
                                    59.92698090846914
                                ]
                            ]
                        ]
                    ],
                    "type": "MultiPolygon"
                },
                "station_id": "YOS:Station:462",
                "vehicle_types_available": [
                    {
                        "count": 0,
                        "vehicle_type_id": "YOS:VehicleType:bike"
                    },
                    {
                        "count": 0,
                        "vehicle_type_id": "YOS:VehicleType:ebike"
                    }
                ]
            },
            "type": "Feature"
        },
        {
            "geometry": {
                "coordinates": [
                    10.7594857,
                    59.9207284
                ],
                "type": "Point"
            },
            "properties": {
                "address": "Schous plass trikkestopp",
                "capacity": 20,
                "cross_street": "ved biblioteket",
                "is_installed": true,
                "is_renting": true,
                "is_returning": true,
                "is_virtual_station": false,
                "last_reported": 1742982506,
                "name": "Schous plass trikkestopp",
                "num_bikes_available": 1,
                "num_docks_available": 19,
                "rental_uris": {
                    "android": "oslobysykkel://stations/463",
                    "ios": "oslobysykkel://stations/463"
                },
                "station_area": {
                    "coordinates": [
                        [
                            [
                                [
                                    10.759391784667967,
                                    59.92076940860835
                                ],
                                [
                                    10.759386420249939,
                                    59.92068202799508
                                ],
                                [
                                    10.759727060794827,
                                    59.92068606095152
                                ],
                                [
                                    10.759729743003842,
                                    59.92076806429295
                                ],
                                [
                                    10.759391784667967,
                                    59.92076940860835
                                ]
                            ]
                        ]
                    ],
                    "type": "MultiPolygon"
                },
                "station_id": "YOS:Station:463",
                "vehicle_types_available": [
                    {
                        "count": 1,
                        "vehicle_type_id": "YOS:VehicleType:bike"
                    },
                    {
                        "count": 0,
                        "vehicle_type_id": "YOS:VehicleType:ebike"
                    }
                ]
            },
            "type": "Feature"
        },
        {
            "geometry": {
                "coordinates": [
                    10.753763553726515,
                    59.905124380703484
                ],
                "type": "Point"
            },
            "properties": {
                "address": "sukkerbiten",
                "capacity": 35,
                "cross_street": "ved gangbroen",
                "is_installed": true,
                "is_renting": true,
                "is_returning": true,
                "is_virtual_station": false,
                "last_reported": 1742982506,
                "name": "Sukkerbiten",
                "num_bikes_available": 20,
                "num_docks_available": 11,
                "rental_uris": {
                    "android": "oslobysykkel://stations/464",
                    "ios": "oslobysykkel://stations/464"
                },
                "station_area": {
                    "coordinates": [
                        [
                            [
                                [
                                    10.753831274170864,
                                    59.90477376424875
                                ],
                                [
                                    10.754297328928459,
                                    59.90538143997673
                                ],
                                [
                                    10.753610356157964,
                                    59.90551479694534
                                ],
                                [
                                    10.753193922673205,
                                    59.904864539212916
                                ],
                                [
                                    10.753831274170864,
                                    59.90477376424875
                                ]
                            ]
                        ]
                    ],
                    "type": "MultiPolygon"
                },
                "station_id": "YOS:Station:464",
                "vehicle_types_available": [
                    {
                        "count": 20,
                        "vehicle_type_id": "YOS:VehicleType:bike"
                    },
                    {
                        "count": 0,
                        "vehicle_type_id": "YOS:VehicleType:ebike"
                    }
                ]
            },
            "type": "Feature"
        },
        {
            "geometry": {
                "coordinates": [
                    10.75618,
                    59.909006
                ],
                "type": "Point"
            },
            "properties": {
                "address": "Dronning Eufemias gate 8",
                "capacity": 30,
                "cross_street": "under broen Nylandsveien",
                "is_installed": true,
                "is_renting": true,
                "is_returning": true,
                "is_virtual_station": false,
                "last_reported": 1742982506,
                "name": "Bj\u00f8rvika",
                "num_bikes_available": 11,
                "num_docks_available": 18,
                "rental_uris": {
                    "android": "oslobysykkel://stations/465",
                    "ios": "oslobysykkel://stations/465"
                },
                "station_area": {
                    "coordinates": [
                        [
                            [
                                [
                                    10.756666660308838,
                                    59.908840499365255
                                ],
                                [
                                    10.756950974464417,
                                    59.90918476601127
                                ],
                                [
                                    10.75584590435028,
                                    59.909434895007216
                                ],
                                [
                                    10.755524039268494,
                                    59.9090744934898
                                ],
                                [
                                    10.756044387817383,
                                    59.908840499365255
                                ],
                                [
                                    10.756666660308838,
                                    59.908840499365255
                                ]
                            ]
                        ]
                    ],
                    "type": "MultiPolygon"
                },
                "station_id": "YOS:Station:465",
                "vehicle_types_available": [
                    {
                        "count": 11,
                        "vehicle_type_id": "YOS:VehicleType:bike"
                    },
                    {
                        "count": 0,
                        "vehicle_type_id": "YOS:VehicleType:ebike"
                    }
                ]
            },
            "type": "Feature"
        },
        {
            "geometry": {
                "coordinates": [
                    10.73048,
                    59.937913
                ],
                "type": "Point"
            },
            "properties": {
                "address": "Ullev\u00e5lsall\u00e9en",
                "capacity": 15,
                "cross_street": "langs Sognsveien",
                "is_installed": true,
                "is_renting": true,
                "is_returning": true,
                "is_virtual_station": false,
                "last_reported": 1742982506,
                "name": "Ullev\u00e5lsall\u00e9en",
                "num_bikes_available": 0,
                "num_docks_available": 15,
                "rental_uris": {
                    "android": "oslobysykkel://stations/466",
                    "ios": "oslobysykkel://stations/466"
                },
                "station_area": {
                    "coordinates": [
                        [
                            [
                                [
                                    10.730409876352525,
                                    59.93777198142738
                                ],
                                [
                                    10.73063761221323,
                                    59.93780568005544
                                ],
                                [
                                    10.730532366152119,
                                    59.938027359259806
                                ],
                                [
                                    10.73032557738864,
                                    59.938007673351166
                                ],
                                [
                                    10.730409876352525,
                                    59.93777198142738
                                ]
                            ]
                        ]
                    ],
                    "type": "MultiPolygon"
                },
                "station_id": "YOS:Station:466",
                "vehicle_types_available": [
                    {
                        "count": 0,
                        "vehicle_type_id": "YOS:VehicleType:bike"
                    },
                    {
                        "count": 0,
                        "vehicle_type_id": "YOS:VehicleType:ebike"
                    }
                ]
            },
            "type": "Feature"
        },
        {
            "geometry": {
                "coordinates": [
                    10.710103028570302,
                    59.912793405455375
                ],
                "type": "Point"
            },
            "properties": {
                "address": "Skillebekk",
                "capacity": 15,
                "cross_street": "langs Drammensveien",
                "is_installed": true,
                "is_renting": true,
                "is_returning": true,
                "is_virtual_station": false,
                "last_reported": 1742982506,
                "name": "Skillebekk",
                "num_bikes_available": 0,
                "num_docks_available": 14,
                "rental_uris": {
                    "android": "oslobysykkel://stations/468",
                    "ios": "oslobysykkel://stations/468"
                },
                "station_area": {
                    "coordinates": [
                        [
                            [
                                [
                                    10.709827244281769,
                                    59.91272405045204
                                ],
                                [
                                    10.710202753543854,
                                    59.912685055832746
                                ],
                                [
                                    10.710251033306122,
                                    59.912784559253346
                                ],
                                [
                                    10.70986211299896,
                                    59.91281414129385
                                ],
                                [
                                    10.709827244281769,
                                    59.91272405045204
                                ]
                            ]
                        ]
                    ],
                    "type": "MultiPolygon"
                },
                "station_id": "YOS:Station:468",
                "vehicle_types_available": [
                    {
                        "count": 0,
                        "vehicle_type_id": "YOS:VehicleType:bike"
                    },
                    {
                        "count": 0,
                        "vehicle_type_id": "YOS:VehicleType:ebike"
                    }
                ]
            },
            "type": "Feature"
        },
        {
            "geometry": {
                "coordinates": [
                    10.807177606311825,
                    59.91606483663281
                ],
                "type": "Point"
            },
            "properties": {
                "address": "Valle Vision",
                "capacity": 21,
                "cross_street": "Valle",
                "is_installed": true,
                "is_renting": true,
                "is_returning": true,
                "is_virtual_station": false,
                "last_reported": 1742982506,
                "name": "Valle Vision",
                "num_bikes_available": 0,
                "num_docks_available": 21,
                "rental_uris": {
                    "android": "oslobysykkel://stations/4683",
                    "ios": "oslobysykkel://stations/4683"
                },
                "station_area": {
                    "coordinates": [
                        [
                            [
                                [
                                    10.806948306023173,
                                    59.91613614756602
                                ],
                                [
                                    10.80693754708878,
                                    59.91603598985276
                                ],
                                [
                                    10.807457049923272,
                                    59.915989763114
                                ],
                                [
                                    10.807503159643403,
                                    59.91609377318596
                                ],
                                [
                                    10.806948306023173,
                                    59.91613614756602
                                ]
                            ]
                        ]
                    ],
                    "type": "MultiPolygon"
                },
                "station_id": "YOS:Station:4683",
                "vehicle_types_available": [
                    {
                        "count": 0,
                        "vehicle_type_id": "YOS:VehicleType:bike"
                    },
                    {
                        "count": 0,
                        "vehicle_type_id": "YOS:VehicleType:ebike"
                    }
                ]
            },
            "type": "Feature"
        },
        {
            "geometry": {
                "coordinates": [
                    10.733357,
                    59.920852
                ],
                "type": "Point"
            },
            "properties": {
                "address": "Studentparlamentet",
                "capacity": 30,
                "cross_street": "ved Frydenlund holdeplass",
                "is_installed": true,
                "is_renting": true,
                "is_returning": true,
                "is_virtual_station": false,
                "last_reported": 1742982506,
                "name": "Studentparlamentet",
                "num_bikes_available": 2,
                "num_docks_available": 27,
                "rental_uris": {
                    "android": "oslobysykkel://stations/469",
                    "ios": "oslobysykkel://stations/469"
                },
                "station_area": {
                    "coordinates": [
                        [
                            [
                                [
                                    10.733450972740002,
                                    59.920751607370896
                                ],
                                [
                                    10.733568470103677,
                                    59.920824970489825
                                ],
                                [
                                    10.733107627068165,
                                    59.920974590120075
                                ],
                                [
                                    10.733002091526174,
                                    59.92090442554145
                                ],
                                [
                                    10.733450972740002,
                                    59.920751607370896
                                ]
                            ]
                        ]
                    ],
                    "type": "MultiPolygon"
                },
                "station_id": "YOS:Station:469",
                "vehicle_types_available": [
                    {
                        "count": 2,
                        "vehicle_type_id": "YOS:VehicleType:bike"
                    },
                    {
                        "count": 0,
                        "vehicle_type_id": "YOS:VehicleType:ebike"
                    }
                ]
            },
            "type": "Feature"
        },
        {
            "geometry": {
                "coordinates": [
                    10.743540765932096,
                    59.92979845370007
                ],
                "type": "Point"
            },
            "properties": {
                "address": "Geitmyrsveien 35A",
                "capacity": 15,
                "cross_street": "krysset Colletts gt / Geitmyrsveien",
                "is_installed": true,
                "is_renting": true,
                "is_returning": true,
                "is_virtual_station": false,
                "last_reported": 1742982506,
                "name": "St. Hanshaugen park nord",
                "num_bikes_available": 0,
                "num_docks_available": 15,
                "rental_uris": {
                    "android": "oslobysykkel://stations/470",
                    "ios": "oslobysykkel://stations/470"
                },
                "station_area": {
                    "coordinates": [
                        [
                            [
                                [
                                    10.743365372112253,
                                    59.92982200335992
                                ],
                                [
                                    10.743609304587624,
                                    59.92968575599749
                                ],
                                [
                                    10.743805104548203,
                                    59.92976559565483
                                ],
                                [
                                    10.743713187912533,
                                    59.929863012858846
                                ],
                                [
                                    10.743587802621676,
                                    59.929930616881514
                                ],
                                [
                                    10.743365372112253,
                                    59.92982200335992
                                ]
                            ]
                        ]
                    ],
                    "type": "MultiPolygon"
                },
                "station_id": "YOS:Station:470",
                "vehicle_types_available": [
                    {
                        "count": 0,
                        "vehicle_type_id": "YOS:VehicleType:bike"
                    },
                    {
                        "count": 0,
                        "vehicle_type_id": "YOS:VehicleType:ebike"
                    }
                ]
            },
            "type": "Feature"
        },
        {
            "geometry": {
                "coordinates": [
                    10.721762294477472,
                    59.932432498521095
                ],
                "type": "Point"
            },
            "properties": {
                "address": "Suhms Gate 46A",
                "capacity": 12,
                "cross_street": "ved bensinstasjon",
                "is_installed": false,
                "is_renting": false,
                "is_returning": false,
                "is_virtual_station": false,
                "last_reported": 1742982506,
                "name": "Marienlyst",
                "num_bikes_available": 0,
                "num_docks_available": 12,
                "rental_uris": {
                    "android": "oslobysykkel://stations/471",
                    "ios": "oslobysykkel://stations/471"
                },
                "station_area": {
                    "coordinates": [
                        [
                            [
                                [
                                    10.72192668914795,
                                    59.93229759851445
                                ],
                                [
                                    10.722058117389679,
                                    59.93235471201941
                                ],
                                [
                                    10.721685290336609,
                                    59.932526051944265
                                ],
                                [
                                    10.72155386209488,
                                    59.932454828396686
                                ],
                                [
                                    10.721925348043442,
                                    59.93229759851445
                                ],
                                [
                                    10.72192668914795,
                                    59.93229759851445
                                ]
                            ]
                        ]
                    ],
                    "type": "MultiPolygon"
                },
                "station_id": "YOS:Station:471",
                "vehicle_types_available": [
                    {
                        "count": 0,
                        "vehicle_type_id": "YOS:VehicleType:bike"
                    },
                    {
                        "count": 0,
                        "vehicle_type_id": "YOS:VehicleType:ebike"
                    }
                ]
            },
            "type": "Feature"
        },
        {
            "geometry": {
                "coordinates": [
                    10.7541,
                    59.9378
                ],
                "type": "Point"
            },
            "properties": {
                "address": "Arendalsgata / Sagene Kirke",
                "capacity": 24,
                "cross_street": "over veien fra Sagen Kirke",
                "is_installed": true,
                "is_renting": true,
                "is_returning": true,
                "is_virtual_station": false,
                "last_reported": 1742982506,
                "name": "Arendalsgata",
                "num_bikes_available": 0,
                "num_docks_available": 24,
                "rental_uris": {
                    "android": "oslobysykkel://stations/472",
                    "ios": "oslobysykkel://stations/472"
                },
                "station_area": {
                    "coordinates": [
                        [
                            [
                                [
                                    10.75387179851532,
                                    59.93778945195731
                                ],
                                [
                                    10.75438141822815,
                                    59.93771420882548
                                ],
                                [
                                    10.754440426826477,
                                    59.93778542107957
                                ],
                                [
                                    10.753474831581116,
                                    59.937953373903426
                                ],
                                [
                                    10.753407776355743,
                                    59.93785932042683
                                ],
                                [
                                    10.75387179851532,
                                    59.93778945195731
                                ]
                            ]
                        ]
                    ],
                    "type": "MultiPolygon"
                },
                "station_id": "YOS:Station:472",
                "vehicle_types_available": [
                    {
                        "count": 0,
                        "vehicle_type_id": "YOS:VehicleType:bike"
                    },
                    {
                        "count": 0,
                        "vehicle_type_id": "YOS:VehicleType:ebike"
                    }
                ]
            },
            "type": "Feature"
        },
        {
            "geometry": {
                "coordinates": [
                    10.716195,
                    59.926697
                ],
                "type": "Point"
            },
            "properties": {
                "address": "Majorstuveien",
                "capacity": 9,
                "cross_street": "langs Maries gate",
                "is_installed": false,
                "is_renting": false,
                "is_returning": false,
                "is_virtual_station": false,
                "last_reported": 1742982506,
                "name": "Majorstuveien",
                "num_bikes_available": 0,
                "num_docks_available": 9,
                "rental_uris": {
                    "android": "oslobysykkel://stations/473",
                    "ios": "oslobysykkel://stations/473"
                },
                "station_area": {
                    "coordinates": [
                        [
                            [
                                [
                                    10.715894401073456,
                                    59.926557525693845
                                ],
                                [
                                    10.716564953327183,
                                    59.92660994480671
                                ],
                                [
                                    10.716404020786289,
                                    59.92674569648322
                                ],
                                [
                                    10.715856850147249,
                                    59.92670268611116
                                ],
                                [
                                    10.715894401073456,
                                    59.926557525693845
                                ]
                            ]
                        ]
                    ],
                    "type": "MultiPolygon"
                },
                "station_id": "YOS:Station:473",
                "vehicle_types_available": [
                    {
                        "count": 0,
                        "vehicle_type_id": "YOS:VehicleType:bike"
                    },
                    {
                        "count": 0,
                        "vehicle_type_id": "YOS:VehicleType:ebike"
                    }
                ]
            },
            "type": "Feature"
        },
        {
            "geometry": {
                "coordinates": [
                    10.720778851520523,
                    59.940873733543725
                ],
                "type": "Point"
            },
            "properties": {
                "address": "Blindern studentparkering",
                "capacity": 42,
                "cross_street": "rett ved Blindern Studenterhjem",
                "is_installed": true,
                "is_renting": true,
                "is_returning": true,
                "is_virtual_station": false,
                "last_reported": 1742982506,
                "name": "Blindern studentparkering",
                "num_bikes_available": 0,
                "num_docks_available": 42,
                "rental_uris": {
                    "android": "oslobysykkel://stations/474",
                    "ios": "oslobysykkel://stations/474"
                },
                "station_area": {
                    "coordinates": [
                        [
                            [
                                [
                                    10.720210075378418,
                                    59.9409978752237
                                ],
                                [
                                    10.720982551574707,
                                    59.94072111392667
                                ],
                                [
                                    10.721162162704132,
                                    59.940835156624594
                                ],
                                [
                                    10.7203871011734,
                                    59.941117446137426
                                ],
                                [
                                    10.720210075378418,
                                    59.9409978752237
                                ]
                            ]
                        ]
                    ],
                    "type": "MultiPolygon"
                },
                "station_id": "YOS:Station:474",
                "vehicle_types_available": [
                    {
                        "count": 0,
                        "vehicle_type_id": "YOS:VehicleType:bike"
                    },
                    {
                        "count": 0,
                        "vehicle_type_id": "YOS:VehicleType:ebike"
                    }
                ]
            },
            "type": "Feature"
        },
        {
            "geometry": {
                "coordinates": [
                    10.7598719,
                    59.9146509
                ],
                "type": "Point"
            },
            "properties": {
                "address": "Hausmanns bru",
                "capacity": 24,
                "cross_street": "langs Nylandsveien",
                "is_installed": true,
                "is_renting": true,
                "is_returning": true,
                "is_virtual_station": false,
                "last_reported": 1742982506,
                "name": "Hausmanns bru",
                "num_bikes_available": 6,
                "num_docks_available": 18,
                "rental_uris": {
                    "android": "oslobysykkel://stations/475",
                    "ios": "oslobysykkel://stations/475"
                },
                "station_area": {
                    "coordinates": [
                        [
                            [
                                [
                                    10.759708285331726,
                                    59.91455674589024
                                ],
                                [
                                    10.7598477602005,
                                    59.91453388824305
                                ],
                                [
                                    10.760032832622528,
                                    59.91471540441931
                                ],
                                [
                                    10.759920179843903,
                                    59.91474364017974
                                ],
                                [
                                    10.759708285331726,
                                    59.91455674589024
                                ]
                            ]
                        ]
                    ],
                    "type": "MultiPolygon"
                },
                "station_id": "YOS:Station:475",
                "vehicle_types_available": [
                    {
                        "count": 6,
                        "vehicle_type_id": "YOS:VehicleType:bike"
                    },
                    {
                        "count": 0,
                        "vehicle_type_id": "YOS:VehicleType:ebike"
                    }
                ]
            },
            "type": "Feature"
        },
        {
            "geometry": {
                "coordinates": [
                    10.736179,
                    59.919111
                ],
                "type": "Point"
            },
            "properties": {
                "address": "Pilestredet Edvard Storms",
                "capacity": 20,
                "cross_street": "ved Pilestredet",
                "is_installed": true,
                "is_renting": true,
                "is_returning": true,
                "is_virtual_station": false,
                "last_reported": 1742982506,
                "name": "Edvard Storms gate",
                "num_bikes_available": 1,
                "num_docks_available": 19,
                "rental_uris": {
                    "android": "oslobysykkel://stations/476",
                    "ios": "oslobysykkel://stations/476"
                },
                "station_area": {
                    "coordinates": [
                        [
                            [
                                [
                                    10.73599724001042,
                                    59.919037000793146
                                ],
                                [
                                    10.736427946310982,
                                    59.919107289086384
                                ],
                                [
                                    10.736284924572686,
                                    59.91924560101259
                                ],
                                [
                                    10.735933008162647,
                                    59.919196142049415
                                ],
                                [
                                    10.73599724001042,
                                    59.919037000793146
                                ]
                            ]
                        ]
                    ],
                    "type": "MultiPolygon"
                },
                "station_id": "YOS:Station:476",
                "vehicle_types_available": [
                    {
                        "count": 1,
                        "vehicle_type_id": "YOS:VehicleType:bike"
                    },
                    {
                        "count": 0,
                        "vehicle_type_id": "YOS:VehicleType:ebike"
                    }
                ]
            },
            "type": "Feature"
        },
        {
            "geometry": {
                "coordinates": [
                    10.749929,
                    59.911901
                ],
                "type": "Point"
            },
            "properties": {
                "address": "Fred Olsens gate 5",
                "capacity": 15,
                "cross_street": "Europar\u00e5dets plass",
                "is_installed": true,
                "is_renting": true,
                "is_returning": true,
                "is_virtual_station": false,
                "last_reported": 1742982506,
                "name": "Jernbanetorget",
                "num_bikes_available": 13,
                "num_docks_available": 2,
                "rental_uris": {
                    "android": "oslobysykkel://stations/478",
                    "ios": "oslobysykkel://stations/478"
                },
                "station_area": {
                    "coordinates": [
                        [
                            [
                                [
                                    10.749680670932577,
                                    59.91190233283185
                                ],
                                [
                                    10.750015770170307,
                                    59.91183182975145
                                ],
                                [
                                    10.750101675823798,
                                    59.91190468807833
                                ],
                                [
                                    10.749740210888802,
                                    59.91198513546235
                                ],
                                [
                                    10.749680670932577,
                                    59.91190233283185
                                ]
                            ]
                        ]
                    ],
                    "type": "MultiPolygon"
                },
                "station_id": "YOS:Station:478",
                "vehicle_types_available": [
                    {
                        "count": 13,
                        "vehicle_type_id": "YOS:VehicleType:bike"
                    },
                    {
                        "count": 0,
                        "vehicle_type_id": "YOS:VehicleType:ebike"
                    }
                ]
            },
            "type": "Feature"
        },
        {
            "geometry": {
                "coordinates": [
                    10.7661939,
                    59.9121109
                ],
                "type": "Point"
            },
            "properties": {
                "address": "Helga Helgesens plass",
                "capacity": 25,
                "cross_street": "langs Gr\u00f8nlandsleiret",
                "is_installed": true,
                "is_renting": true,
                "is_returning": true,
                "is_virtual_station": false,
                "last_reported": 1742982506,
                "name": "Helga Helgesens plass",
                "num_bikes_available": 11,
                "num_docks_available": 12,
                "rental_uris": {
                    "android": "oslobysykkel://stations/480",
                    "ios": "oslobysykkel://stations/480"
                },
                "station_area": {
                    "coordinates": [
                        [
                            [
                                [
                                    10.76589424260618,
                                    59.91209364653587
                                ],
                                [
                                    10.766336007804767,
                                    59.912004553863234
                                ],
                                [
                                    10.76641581224169,
                                    59.912140349245746
                                ],
                                [
                                    10.76597542815199,
                                    59.91221660237371
                                ],
                                [
                                    10.76589424260618,
                                    59.91209364653587
                                ]
                            ]
                        ]
                    ],
                    "type": "MultiPolygon"
                },
                "station_id": "YOS:Station:480",
                "vehicle_types_available": [
                    {
                        "count": 11,
                        "vehicle_type_id": "YOS:VehicleType:bike"
                    },
                    {
                        "count": 0,
                        "vehicle_type_id": "YOS:VehicleType:ebike"
                    }
                ]
            },
            "type": "Feature"
        },
        {
            "geometry": {
                "coordinates": [
                    10.736215,
                    59.910924
                ],
                "type": "Point"
            },
            "properties": {
                "address": "R\u00e5dhusgata",
                "capacity": 42,
                "cross_street": "ved Kontraskj\u00e6ret trikkestopp",
                "is_installed": true,
                "is_renting": true,
                "is_returning": true,
                "is_virtual_station": false,
                "last_reported": 1742982506,
                "name": "R\u00e5dhusgata",
                "num_bikes_available": 20,
                "num_docks_available": 22,
                "rental_uris": {
                    "android": "oslobysykkel://stations/481",
                    "ios": "oslobysykkel://stations/481"
                },
                "station_area": {
                    "coordinates": [
                        [
                            [
                                [
                                    10.735637142463077,
                                    59.91101725293061
                                ],
                                [
                                    10.736807584762573,
                                    59.91073257702143
                                ],
                                [
                                    10.73690414428711,
                                    59.91084553347059
                                ],
                                [
                                    10.735750446995183,
                                    59.91111745253514
                                ],
                                [
                                    10.735637142463077,
                                    59.91101725293061
                                ]
                            ]
                        ]
                    ],
                    "type": "MultiPolygon"
                },
                "station_id": "YOS:Station:481",
                "vehicle_types_available": [
                    {
                        "count": 20,
                        "vehicle_type_id": "YOS:VehicleType:bike"
                    },
                    {
                        "count": 0,
                        "vehicle_type_id": "YOS:VehicleType:ebike"
                    }
                ]
            },
            "type": "Feature"
        },
        {
            "geometry": {
                "coordinates": [
                    10.766483,
                    59.952868
                ],
                "type": "Point"
            },
            "properties": {
                "address": "Gjerdrumsvei 6",
                "capacity": 18,
                "cross_street": "langs Gjerdrums vei",
                "is_installed": true,
                "is_renting": true,
                "is_returning": true,
                "is_virtual_station": false,
                "last_reported": 1742982506,
                "name": "Nydalen",
                "num_bikes_available": 0,
                "num_docks_available": 18,
                "rental_uris": {
                    "android": "oslobysykkel://stations/482",
                    "ios": "oslobysykkel://stations/482"
                },
                "station_area": {
                    "coordinates": [
                        [
                            [
                                [
                                    10.766488909721375,
                                    59.95272720574164
                                ],
                                [
                                    10.766719579696655,
                                    59.95280375782542
                                ],
                                [
                                    10.766609609127045,
                                    59.952892396859404
                                ],
                                [
                                    10.766507685184479,
                                    59.95297432060423
                                ],
                                [
                                    10.766271650791168,
                                    59.95293537327538
                                ],
                                [
                                    10.766488909721375,
                                    59.95272720574164
                                ]
                            ]
                        ]
                    ],
                    "type": "MultiPolygon"
                },
                "station_id": "YOS:Station:482",
                "vehicle_types_available": [
                    {
                        "count": 0,
                        "vehicle_type_id": "YOS:VehicleType:bike"
                    },
                    {
                        "count": 0,
                        "vehicle_type_id": "YOS:VehicleType:ebike"
                    }
                ]
            },
            "type": "Feature"
        },
        {
            "geometry": {
                "coordinates": [
                    10.758328,
                    59.915451
                ],
                "type": "Point"
            },
            "properties": {
                "address": "Hausmanns gate / R\u00f8de Kors",
                "capacity": 21,
                "cross_street": "ved R\u00f8de Kors",
                "is_installed": true,
                "is_renting": true,
                "is_returning": true,
                "is_virtual_station": false,
                "last_reported": 1742982506,
                "name": "Hausmanns gate",
                "num_bikes_available": 2,
                "num_docks_available": 18,
                "rental_uris": {
                    "android": "oslobysykkel://stations/483",
                    "ios": "oslobysykkel://stations/483"
                },
                "station_area": {
                    "coordinates": [
                        [
                            [
                                [
                                    10.75806062413096,
                                    59.91548572996487
                                ],
                                [
                                    10.758677532204443,
                                    59.915329060943925
                                ],
                                [
                                    10.758787957011407,
                                    59.915412991295405
                                ],
                                [
                                    10.758168707406583,
                                    59.915571299148226
                                ],
                                [
                                    10.75806062413096,
                                    59.91548572996487
                                ]
                            ]
                        ]
                    ],
                    "type": "MultiPolygon"
                },
                "station_id": "YOS:Station:483",
                "vehicle_types_available": [
                    {
                        "count": 2,
                        "vehicle_type_id": "YOS:VehicleType:bike"
                    },
                    {
                        "count": 0,
                        "vehicle_type_id": "YOS:VehicleType:ebike"
                    }
                ]
            },
            "type": "Feature"
        },
        {
            "geometry": {
                "coordinates": [
                    10.683814,
                    59.92033
                ],
                "type": "Point"
            },
            "properties": {
                "address": "Karenslyst all\u00e9 9",
                "capacity": 35,
                "cross_street": "ved Skabos vei",
                "is_installed": true,
                "is_renting": true,
                "is_returning": true,
                "is_virtual_station": false,
                "last_reported": 1742982506,
                "name": "Karenslyst all\u00e9",
                "num_bikes_available": 18,
                "num_docks_available": 16,
                "rental_uris": {
                    "android": "oslobysykkel://stations/484",
                    "ios": "oslobysykkel://stations/484"
                },
                "station_area": {
                    "coordinates": [
                        [
                            [
                                [
                                    10.684040486812592,
                                    59.920142951739045
                                ],
                                [
                                    10.684209465980528,
                                    59.92028814022076
                                ],
                                [
                                    10.6833216547966,
                                    59.92056103907382
                                ],
                                [
                                    10.683171451091766,
                                    59.92041316312657
                                ],
                                [
                                    10.684040486812592,
                                    59.920142951739045
                                ]
                            ]
                        ]
                    ],
                    "type": "MultiPolygon"
                },
                "station_id": "YOS:Station:484",
                "vehicle_types_available": [
                    {
                        "count": 18,
                        "vehicle_type_id": "YOS:VehicleType:bike"
                    },
                    {
                        "count": 0,
                        "vehicle_type_id": "YOS:VehicleType:ebike"
                    }
                ]
            },
            "type": "Feature"
        },
        {
            "geometry": {
                "coordinates": [
                    10.776072,
                    59.911453
                ],
                "type": "Point"
            },
            "properties": {
                "address": "Sommerfrydhagen",
                "capacity": 21,
                "cross_street": "langs Jens Bjelkes gate",
                "is_installed": true,
                "is_renting": true,
                "is_returning": true,
                "is_virtual_station": false,
                "last_reported": 1742982506,
                "name": "Sommerfrydhagen",
                "num_bikes_available": 1,
                "num_docks_available": 20,
                "rental_uris": {
                    "android": "oslobysykkel://stations/485",
                    "ios": "oslobysykkel://stations/485"
                },
                "station_area": {
                    "coordinates": [
                        [
                            [
                                [
                                    10.776308380880522,
                                    59.911316550780164
                                ],
                                [
                                    10.7765124641001,
                                    59.91141864056774
                                ],
                                [
                                    10.776025573518837,
                                    59.911669079561406
                                ],
                                [
                                    10.77579232819042,
                                    59.91155741160581
                                ],
                                [
                                    10.776308380880522,
                                    59.911316550780164
                                ]
                            ]
                        ]
                    ],
                    "type": "MultiPolygon"
                },
                "station_id": "YOS:Station:485",
                "vehicle_types_available": [
                    {
                        "count": 1,
                        "vehicle_type_id": "YOS:VehicleType:bike"
                    },
                    {
                        "count": 0,
                        "vehicle_type_id": "YOS:VehicleType:ebike"
                    }
                ]
            },
            "type": "Feature"
        },
        {
            "geometry": {
                "coordinates": [
                    10.726476622250004,
                    59.93522040770026
                ],
                "type": "Point"
            },
            "properties": {
                "address": "Blindernveien 2",
                "capacity": 24,
                "cross_street": "langs Blindernveien",
                "is_installed": true,
                "is_renting": true,
                "is_returning": true,
                "is_virtual_station": false,
                "last_reported": 1742982506,
                "name": "Blindern Studenthus",
                "num_bikes_available": 0,
                "num_docks_available": 24,
                "rental_uris": {
                    "android": "oslobysykkel://stations/486",
                    "ios": "oslobysykkel://stations/486"
                },
                "station_area": {
                    "coordinates": [
                        [
                            [
                                [
                                    10.726635030023372,
                                    59.93512783142487
                                ],
                                [
                                    10.72673163162321,
                                    59.93521015193691
                                ],
                                [
                                    10.72627358389434,
                                    59.935356622574496
                                ],
                                [
                                    10.726194541442595,
                                    59.93526601399215
                                ],
                                [
                                    10.726635030023372,
                                    59.93512783142487
                                ]
                            ]
                        ]
                    ],
                    "type": "MultiPolygon"
                },
                "station_id": "YOS:Station:486",
                "vehicle_types_available": [
                    {
                        "count": 0,
                        "vehicle_type_id": "YOS:VehicleType:bike"
                    },
                    {
                        "count": 0,
                        "vehicle_type_id": "YOS:VehicleType:ebike"
                    }
                ]
            },
            "type": "Feature"
        },
        {
            "geometry": {
                "coordinates": [
                    10.776971,
                    59.926929
                ],
                "type": "Point"
            },
            "properties": {
                "address": "Carl Berner Senter",
                "capacity": 21,
                "cross_street": "ved Hasleveien",
                "is_installed": true,
                "is_renting": true,
                "is_returning": true,
                "is_virtual_station": false,
                "last_reported": 1742982506,
                "name": "Carl Berners plass nord",
                "num_bikes_available": 0,
                "num_docks_available": 21,
                "rental_uris": {
                    "android": "oslobysykkel://stations/487",
                    "ios": "oslobysykkel://stations/487"
                },
                "station_area": {
                    "coordinates": [
                        [
                            [
                                [
                                    10.776823461055754,
                                    59.92681827635962
                                ],
                                [
                                    10.777043402194977,
                                    59.92679677122761
                                ],
                                [
                                    10.777276754379272,
                                    59.92706692843611
                                ],
                                [
                                    10.777064859867096,
                                    59.92709784180727
                                ],
                                [
                                    10.776823461055754,
                                    59.92681827635962
                                ]
                            ]
                        ]
                    ],
                    "type": "MultiPolygon"
                },
                "station_id": "YOS:Station:487",
                "vehicle_types_available": [
                    {
                        "count": 0,
                        "vehicle_type_id": "YOS:VehicleType:bike"
                    },
                    {
                        "count": 0,
                        "vehicle_type_id": "YOS:VehicleType:ebike"
                    }
                ]
            },
            "type": "Feature"
        },
        {
            "geometry": {
                "coordinates": [
                    10.76915,
                    59.93507
                ],
                "type": "Point"
            },
            "properties": {
                "address": "Per Kvibergs gate 18",
                "capacity": 24,
                "cross_street": "langs Per Kvibergs gate",
                "is_installed": true,
                "is_renting": true,
                "is_returning": true,
                "is_virtual_station": false,
                "last_reported": 1742982506,
                "name": "Torshovparken vest",
                "num_bikes_available": 11,
                "num_docks_available": 13,
                "rental_uris": {
                    "android": "oslobysykkel://stations/488",
                    "ios": "oslobysykkel://stations/488"
                },
                "station_area": {
                    "coordinates": [
                        [
                            [
                                [
                                    10.76933205127716,
                                    59.9348810463218
                                ],
                                [
                                    10.76927974820137,
                                    59.93507857605248
                                ],
                                [
                                    10.76921671628952,
                                    59.93526132359915
                                ],
                                [
                                    10.768929719924927,
                                    59.935237136481625
                                ],
                                [
                                    10.76896458864212,
                                    59.934982498813376
                                ],
                                [
                                    10.769002139568329,
                                    59.934861562032914
                                ],
                                [
                                    10.76933205127716,
                                    59.9348810463218
                                ]
                            ]
                        ]
                    ],
                    "type": "MultiPolygon"
                },
                "station_id": "YOS:Station:488",
                "vehicle_types_available": [
                    {
                        "count": 11,
                        "vehicle_type_id": "YOS:VehicleType:bike"
                    },
                    {
                        "count": 0,
                        "vehicle_type_id": "YOS:VehicleType:ebike"
                    }
                ]
            },
            "type": "Feature"
        },
        {
            "geometry": {
                "coordinates": [
                    10.75155119076095,
                    59.91598309274519
                ],
                "type": "Point"
            },
            "properties": {
                "address": "Torggata 18",
                "capacity": 30,
                "cross_street": "ved Bernt Ankers gate",
                "is_installed": true,
                "is_renting": true,
                "is_returning": true,
                "is_virtual_station": false,
                "last_reported": 1742982506,
                "name": "Torggata",
                "num_bikes_available": 17,
                "num_docks_available": 12,
                "rental_uris": {
                    "android": "oslobysykkel://stations/489",
                    "ios": "oslobysykkel://stations/489"
                },
                "station_area": {
                    "coordinates": [
                        [
                            [
                                [
                                    10.751394808553925,
                                    59.91583789234819
                                ],
                                [
                                    10.751923511517305,
                                    59.91610144313428
                                ],
                                [
                                    10.751774063616978,
                                    59.916184185394265
                                ],
                                [
                                    10.751238511328324,
                                    59.915916420661745
                                ],
                                [
                                    10.751394808553925,
                                    59.91583789234819
                                ]
                            ]
                        ]
                    ],
                    "type": "MultiPolygon"
                },
                "station_id": "YOS:Station:489",
                "vehicle_types_available": [
                    {
                        "count": 17,
                        "vehicle_type_id": "YOS:VehicleType:bike"
                    },
                    {
                        "count": 0,
                        "vehicle_type_id": "YOS:VehicleType:ebike"
                    }
                ]
            },
            "type": "Feature"
        },
        {
            "geometry": {
                "coordinates": [
                    10.75729364846211,
                    59.91366109486603
                ],
                "type": "Point"
            },
            "properties": {
                "address": "Brugata 17",
                "capacity": 18,
                "cross_street": "ved Chr Kroghs gate",
                "is_installed": true,
                "is_renting": true,
                "is_returning": true,
                "is_virtual_station": false,
                "last_reported": 1742982506,
                "name": "Brugata",
                "num_bikes_available": 17,
                "num_docks_available": 0,
                "rental_uris": {
                    "android": "oslobysykkel://stations/491",
                    "ios": "oslobysykkel://stations/491"
                },
                "station_area": {
                    "coordinates": [
                        [
                            [
                                [
                                    10.757282227277756,
                                    59.913618224843354
                                ],
                                [
                                    10.757446512579918,
                                    59.913590828504454
                                ],
                                [
                                    10.757493357998893,
                                    59.91365905450544
                                ],
                                [
                                    10.75716347469594,
                                    59.913713749545465
                                ],
                                [
                                    10.757114034124612,
                                    59.91364567347089
                                ],
                                [
                                    10.757282227277756,
                                    59.913618224843354
                                ]
                            ]
                        ]
                    ],
                    "type": "MultiPolygon"
                },
                "station_id": "YOS:Station:491",
                "vehicle_types_available": [
                    {
                        "count": 17,
                        "vehicle_type_id": "YOS:VehicleType:bike"
                    },
                    {
                        "count": 0,
                        "vehicle_type_id": "YOS:VehicleType:ebike"
                    }
                ]
            },
            "type": "Feature"
        },
        {
            "geometry": {
                "coordinates": [
                    10.7615858,
                    59.9243639
                ],
                "type": "Point"
            },
            "properties": {
                "address": "Helgesens Gate 26A",
                "capacity": 30,
                "cross_street": "langs Helgesens Gate",
                "is_installed": true,
                "is_renting": true,
                "is_returning": true,
                "is_virtual_station": false,
                "last_reported": 1742982506,
                "name": "Sofienbergparken nordvest",
                "num_bikes_available": 0,
                "num_docks_available": 30,
                "rental_uris": {
                    "android": "oslobysykkel://stations/493",
                    "ios": "oslobysykkel://stations/493"
                },
                "station_area": {
                    "coordinates": [
                        [
                            [
                                [
                                    10.761477202177048,
                                    59.92434711106029
                                ],
                                [
                                    10.762092769145966,
                                    59.92419118692465
                                ],
                                [
                                    10.76219066977501,
                                    59.924283262903735
                                ],
                                [
                                    10.761328339576721,
                                    59.92449429739537
                                ],
                                [
                                    10.761289447546005,
                                    59.9243988615813
                                ],
                                [
                                    10.761477202177048,
                                    59.92434711106029
                                ]
                            ]
                        ]
                    ],
                    "type": "MultiPolygon"
                },
                "station_id": "YOS:Station:493",
                "vehicle_types_available": [
                    {
                        "count": 0,
                        "vehicle_type_id": "YOS:VehicleType:bike"
                    },
                    {
                        "count": 0,
                        "vehicle_type_id": "YOS:VehicleType:ebike"
                    }
                ]
            },
            "type": "Feature"
        },
        {
            "geometry": {
                "coordinates": [
                    10.757334670552268,
                    59.91351552854147
                ],
                "type": "Point"
            },
            "properties": {
                "address": "Vaterlandsparken",
                "capacity": 41,
                "cross_street": "langs Brugata",
                "is_installed": true,
                "is_renting": true,
                "is_returning": true,
                "is_virtual_station": false,
                "last_reported": 1742982506,
                "name": "Vaterlandsparken",
                "num_bikes_available": 34,
                "num_docks_available": 7,
                "rental_uris": {
                    "android": "oslobysykkel://stations/495",
                    "ios": "oslobysykkel://stations/495"
                },
                "station_area": {
                    "coordinates": [
                        [
                            [
                                [
                                    10.756918787956229,
                                    59.91348241945701
                                ],
                                [
                                    10.757801234722129,
                                    59.9133573704416
                                ],
                                [
                                    10.757822021842003,
                                    59.91347132641824
                                ],
                                [
                                    10.756988525390616,
                                    59.9136047787903
                                ],
                                [
                                    10.756918787956229,
                                    59.91348241945701
                                ]
                            ]
                        ]
                    ],
                    "type": "MultiPolygon"
                },
                "station_id": "YOS:Station:495",
                "vehicle_types_available": [
                    {
                        "count": 34,
                        "vehicle_type_id": "YOS:VehicleType:bike"
                    },
                    {
                        "count": 0,
                        "vehicle_type_id": "YOS:VehicleType:ebike"
                    }
                ]
            },
            "type": "Feature"
        },
        {
            "geometry": {
                "coordinates": [
                    10.719488529430388,
                    59.937957367051965
                ],
                "type": "Point"
            },
            "properties": {
                "address": "Blindern Fysikkbygg parkering",
                "capacity": 45,
                "cross_street": "ved Sem S\u00e6lands vei",
                "is_installed": true,
                "is_renting": true,
                "is_returning": true,
                "is_virtual_station": false,
                "last_reported": 1742982506,
                "name": "Fysikkbygningen",
                "num_bikes_available": 3,
                "num_docks_available": 42,
                "rental_uris": {
                    "android": "oslobysykkel://stations/496",
                    "ios": "oslobysykkel://stations/496"
                },
                "station_area": {
                    "coordinates": [
                        [
                            [
                                [
                                    10.719220340251923,
                                    59.937844540570595
                                ],
                                [
                                    10.719418823719025,
                                    59.937765266683535
                                ],
                                [
                                    10.719847977161407,
                                    59.93803533457271
                                ],
                                [
                                    10.719507336616516,
                                    59.93816432144515
                                ],
                                [
                                    10.719070136547089,
                                    59.937905003577356
                                ],
                                [
                                    10.719220340251923,
                                    59.937844540570595
                                ]
                            ]
                        ]
                    ],
                    "type": "MultiPolygon"
                },
                "station_id": "YOS:Station:496",
                "vehicle_types_available": [
                    {
                        "count": 3,
                        "vehicle_type_id": "YOS:VehicleType:bike"
                    },
                    {
                        "count": 0,
                        "vehicle_type_id": "YOS:VehicleType:ebike"
                    }
                ]
            },
            "type": "Feature"
        },
        {
            "geometry": {
                "coordinates": [
                    10.774712,
                    59.919252
                ],
                "type": "Point"
            },
            "properties": {
                "address": "Sirkustomta",
                "capacity": 27,
                "cross_street": "langs Finnmarksgata",
                "is_installed": true,
                "is_renting": true,
                "is_returning": true,
                "is_virtual_station": false,
                "last_reported": 1742982506,
                "name": "Sirkustomta",
                "num_bikes_available": 0,
                "num_docks_available": 26,
                "rental_uris": {
                    "android": "oslobysykkel://stations/497",
                    "ios": "oslobysykkel://stations/497"
                },
                "station_area": {
                    "coordinates": [
                        [
                            [
                                [
                                    10.774602591991423,
                                    59.91913736963502
                                ],
                                [
                                    10.774891225742913,
                                    59.91916216847159
                                ],
                                [
                                    10.774902999401093,
                                    59.91958639000812
                                ],
                                [
                                    10.774656236171722,
                                    59.91959042309771
                                ],
                                [
                                    10.774602591991423,
                                    59.91913736963502
                                ]
                            ]
                        ]
                    ],
                    "type": "MultiPolygon"
                },
                "station_id": "YOS:Station:497",
                "vehicle_types_available": [
                    {
                        "count": 0,
                        "vehicle_type_id": "YOS:VehicleType:bike"
                    },
                    {
                        "count": 0,
                        "vehicle_type_id": "YOS:VehicleType:ebike"
                    }
                ]
            },
            "type": "Feature"
        },
        {
            "geometry": {
                "coordinates": [
                    10.799249379762283,
                    59.92763407981436
                ],
                "type": "Point"
            },
            "properties": {
                "address": "Kavresvingen 3",
                "capacity": 12,
                "cross_street": "ved Anders Winsvolds vei",
                "is_installed": true,
                "is_renting": true,
                "is_returning": true,
                "is_virtual_station": false,
                "last_reported": 1742982506,
                "name": "HasleLinje",
                "num_bikes_available": 0,
                "num_docks_available": 12,
                "rental_uris": {
                    "android": "oslobysykkel://stations/498",
                    "ios": "oslobysykkel://stations/498"
                },
                "station_area": {
                    "coordinates": [
                        [
                            [
                                [
                                    10.799195766448975,
                                    59.92746880001446
                                ],
                                [
                                    10.79944521188736,
                                    59.92776314433619
                                ],
                                [
                                    10.799230635166168,
                                    59.927792713027905
                                ],
                                [
                                    10.799163579940796,
                                    59.927722823350635
                                ],
                                [
                                    10.798991918563843,
                                    59.927507777266456
                                ],
                                [
                                    10.799195766448975,
                                    59.92746880001446
                                ]
                            ]
                        ]
                    ],
                    "type": "MultiPolygon"
                },
                "station_id": "YOS:Station:498",
                "vehicle_types_available": [
                    {
                        "count": 0,
                        "vehicle_type_id": "YOS:VehicleType:bike"
                    },
                    {
                        "count": 0,
                        "vehicle_type_id": "YOS:VehicleType:ebike"
                    }
                ]
            },
            "type": "Feature"
        },
        {
            "geometry": {
                "coordinates": [
                    10.746058,
                    59.925488
                ],
                "type": "Point"
            },
            "properties": {
                "address": "Bjerregaards gate 52-32",
                "capacity": 21,
                "cross_street": "ovenfor Fredrikke Qvams gate",
                "is_installed": true,
                "is_renting": true,
                "is_returning": true,
                "is_virtual_station": false,
                "last_reported": 1742982506,
                "name": "Bjerregaards gate",
                "num_bikes_available": 1,
                "num_docks_available": 20,
                "rental_uris": {
                    "android": "oslobysykkel://stations/499",
                    "ios": "oslobysykkel://stations/499"
                },
                "station_area": {
                    "coordinates": [
                        [
                            [
                                [
                                    10.745908319950102,
                                    59.92534917498035
                                ],
                                [
                                    10.746425986289978,
                                    59.9255736439027
                                ],
                                [
                                    10.746208727359772,
                                    59.925669076337776
                                ],
                                [
                                    10.745709836483002,
                                    59.925423102038636
                                ],
                                [
                                    10.745908319950102,
                                    59.92534917498035
                                ]
                            ]
                        ]
                    ],
                    "type": "MultiPolygon"
                },
                "station_id": "YOS:Station:499",
                "vehicle_types_available": [
                    {
                        "count": 1,
                        "vehicle_type_id": "YOS:VehicleType:bike"
                    },
                    {
                        "count": 0,
                        "vehicle_type_id": "YOS:VehicleType:ebike"
                    }
                ]
            },
            "type": "Feature"
        },
        {
            "geometry": {
                "coordinates": [
                    10.7581553,
                    59.9172794
                ],
                "type": "Point"
            },
            "properties": {
                "address": "Storgata 57 Anker Hotell",
                "capacity": 18,
                "cross_street": "langs Storgata",
                "is_installed": true,
                "is_renting": true,
                "is_returning": true,
                "is_virtual_station": false,
                "last_reported": 1742982506,
                "name": "Anker Hotel",
                "num_bikes_available": 0,
                "num_docks_available": 18,
                "rental_uris": {
                    "android": "oslobysykkel://stations/500",
                    "ios": "oslobysykkel://stations/500"
                },
                "station_area": {
                    "coordinates": [
                        [
                            [
                                [
                                    10.757802219372593,
                                    59.91718416698828
                                ],
                                [
                                    10.758126942066411,
                                    59.91708913277328
                                ],
                                [
                                    10.758534041040122,
                                    59.917417519697466
                                ],
                                [
                                    10.758223456754763,
                                    59.91749983881675
                                ],
                                [
                                    10.757802219372593,
                                    59.91718416698828
                                ]
                            ]
                        ]
                    ],
                    "type": "MultiPolygon"
                },
                "station_id": "YOS:Station:500",
                "vehicle_types_available": [
                    {
                        "count": 0,
                        "vehicle_type_id": "YOS:VehicleType:bike"
                    },
                    {
                        "count": 0,
                        "vehicle_type_id": "YOS:VehicleType:ebike"
                    }
                ]
            },
            "type": "Feature"
        },
        {
            "geometry": {
                "coordinates": [
                    10.765413,
                    59.935995
                ],
                "type": "Point"
            },
            "properties": {
                "address": "Vogstgate 60",
                "capacity": 18,
                "cross_street": "ved Vogts gate",
                "is_installed": true,
                "is_renting": true,
                "is_returning": true,
                "is_virtual_station": false,
                "last_reported": 1742982506,
                "name": "Krebs' gate",
                "num_bikes_available": 0,
                "num_docks_available": 18,
                "rental_uris": {
                    "android": "oslobysykkel://stations/501",
                    "ios": "oslobysykkel://stations/501"
                },
                "station_area": {
                    "coordinates": [
                        [
                            [
                                [
                                    10.765040516853333,
                                    59.93601178734096
                                ],
                                [
                                    10.765676200389862,
                                    59.935892198016376
                                ],
                                [
                                    10.765763372182846,
                                    59.935992303716404
                                ],
                                [
                                    10.765149146318436,
                                    59.93611256452681
                                ],
                                [
                                    10.765040516853333,
                                    59.93601178734096
                                ]
                            ]
                        ]
                    ],
                    "type": "MultiPolygon"
                },
                "station_id": "YOS:Station:501",
                "vehicle_types_available": [
                    {
                        "count": 0,
                        "vehicle_type_id": "YOS:VehicleType:bike"
                    },
                    {
                        "count": 0,
                        "vehicle_type_id": "YOS:VehicleType:ebike"
                    }
                ]
            },
            "type": "Feature"
        },
        {
            "geometry": {
                "coordinates": [
                    10.76598469881135,
                    59.927605868377185
                ],
                "type": "Point"
            },
            "properties": {
                "address": "Fagerheimgata 8",
                "capacity": 33,
                "cross_street": "ved D\u00e6lenenga busstopp",
                "is_installed": true,
                "is_renting": true,
                "is_returning": true,
                "is_virtual_station": false,
                "last_reported": 1742982506,
                "name": "Fagerheimgata",
                "num_bikes_available": 0,
                "num_docks_available": 33,
                "rental_uris": {
                    "android": "oslobysykkel://stations/503",
                    "ios": "oslobysykkel://stations/503"
                },
                "station_area": {
                    "coordinates": [
                        [
                            [
                                [
                                    10.765644013881683,
                                    59.927490304710865
                                ],
                                [
                                    10.766014158725739,
                                    59.92741235012008
                                ],
                                [
                                    10.766529142856598,
                                    59.9278505063036
                                ],
                                [
                                    10.766220688819885,
                                    59.92793652401594
                                ],
                                [
                                    10.765863955020905,
                                    59.92766368581643
                                ],
                                [
                                    10.765644013881683,
                                    59.927490304710865
                                ]
                            ]
                        ]
                    ],
                    "type": "MultiPolygon"
                },
                "station_id": "YOS:Station:503",
                "vehicle_types_available": [
                    {
                        "count": 0,
                        "vehicle_type_id": "YOS:VehicleType:bike"
                    },
                    {
                        "count": 0,
                        "vehicle_type_id": "YOS:VehicleType:ebike"
                    }
                ]
            },
            "type": "Feature"
        },
        {
            "geometry": {
                "coordinates": [
                    10.723478,
                    59.93215
                ],
                "type": "Point"
            },
            "properties": {
                "address": "Marienlyst / Kirkeveien",
                "capacity": 24,
                "cross_street": "langs Kirkeveien",
                "is_installed": true,
                "is_renting": true,
                "is_returning": true,
                "is_virtual_station": false,
                "last_reported": 1742982506,
                "name": "Marienlystparken",
                "num_bikes_available": 0,
                "num_docks_available": 24,
                "rental_uris": {
                    "android": "oslobysykkel://stations/505",
                    "ios": "oslobysykkel://stations/505"
                },
                "station_area": {
                    "coordinates": [
                        [
                            [
                                [
                                    10.723064182006993,
                                    59.93204177614809
                                ],
                                [
                                    10.723239503981318,
                                    59.931932073947195
                                ],
                                [
                                    10.723898813123753,
                                    59.932224536233726
                                ],
                                [
                                    10.723706714264893,
                                    59.93233485441099
                                ],
                                [
                                    10.723064182006993,
                                    59.93204177614809
                                ]
                            ]
                        ]
                    ],
                    "type": "MultiPolygon"
                },
                "station_id": "YOS:Station:505",
                "vehicle_types_available": [
                    {
                        "count": 0,
                        "vehicle_type_id": "YOS:VehicleType:bike"
                    },
                    {
                        "count": 0,
                        "vehicle_type_id": "YOS:VehicleType:ebike"
                    }
                ]
            },
            "type": "Feature"
        },
        {
            "geometry": {
                "coordinates": [
                    10.768875408563598,
                    59.92012811804052
                ],
                "type": "Point"
            },
            "properties": {
                "address": "Botanisk Hage vest",
                "capacity": 27,
                "cross_street": "ved Blytts gate",
                "is_installed": true,
                "is_renting": true,
                "is_returning": true,
                "is_virtual_station": false,
                "last_reported": 1742982506,
                "name": "Botanisk Hage vest",
                "num_bikes_available": 1,
                "num_docks_available": 26,
                "rental_uris": {
                    "android": "oslobysykkel://stations/506",
                    "ios": "oslobysykkel://stations/506"
                },
                "station_area": {
                    "coordinates": [
                        [
                            [
                                [
                                    10.768760740756989,
                                    59.92008581720869
                                ],
                                [
                                    10.769277065992355,
                                    59.91997154785283
                                ],
                                [
                                    10.769381672143936,
                                    59.920076406806004
                                ],
                                [
                                    10.768692344427109,
                                    59.92022495642252
                                ],
                                [
                                    10.768606513738632,
                                    59.92012009793875
                                ],
                                [
                                    10.768760740756989,
                                    59.92008581720869
                                ]
                            ]
                        ]
                    ],
                    "type": "MultiPolygon"
                },
                "station_id": "YOS:Station:506",
                "vehicle_types_available": [
                    {
                        "count": 1,
                        "vehicle_type_id": "YOS:VehicleType:bike"
                    },
                    {
                        "count": 0,
                        "vehicle_type_id": "YOS:VehicleType:ebike"
                    }
                ]
            },
            "type": "Feature"
        },
        {
            "geometry": {
                "coordinates": [
                    10.76412958416006,
                    59.91914743024347
                ],
                "type": "Point"
            },
            "properties": {
                "address": "Jens Bjelkes gate / Trondheimsveien",
                "capacity": 20,
                "cross_street": "ved Trondheimsveien",
                "is_installed": true,
                "is_renting": true,
                "is_returning": true,
                "is_virtual_station": false,
                "last_reported": 1742982506,
                "name": "Jens Bjelkes Gate",
                "num_bikes_available": 0,
                "num_docks_available": 20,
                "rental_uris": {
                    "android": "oslobysykkel://stations/507",
                    "ios": "oslobysykkel://stations/507"
                },
                "station_area": {
                    "coordinates": [
                        [
                            [
                                [
                                    10.764168106066592,
                                    59.919048340504055
                                ],
                                [
                                    10.764282956165545,
                                    59.919085781699195
                                ],
                                [
                                    10.764127374056613,
                                    59.919218085828646
                                ],
                                [
                                    10.76398771503517,
                                    59.91917996015576
                                ],
                                [
                                    10.764168106066592,
                                    59.919048340504055
                                ]
                            ]
                        ]
                    ],
                    "type": "MultiPolygon"
                },
                "station_id": "YOS:Station:507",
                "vehicle_types_available": [
                    {
                        "count": 0,
                        "vehicle_type_id": "YOS:VehicleType:bike"
                    },
                    {
                        "count": 0,
                        "vehicle_type_id": "YOS:VehicleType:ebike"
                    }
                ]
            },
            "type": "Feature"
        },
        {
            "geometry": {
                "coordinates": [
                    10.735595,
                    59.912711
                ],
                "type": "Point"
            },
            "properties": {
                "address": "Kjeld Stubs gate 3",
                "capacity": 12,
                "cross_street": "ved hj\u00f8rnet Tordenskiolds gate",
                "is_installed": true,
                "is_renting": true,
                "is_returning": true,
                "is_virtual_station": false,
                "last_reported": 1742982506,
                "name": "Kjeld Stubs gate",
                "num_bikes_available": 5,
                "num_docks_available": 6,
                "rental_uris": {
                    "android": "oslobysykkel://stations/509",
                    "ios": "oslobysykkel://stations/509"
                },
                "station_area": {
                    "coordinates": [
                        [
                            [
                                [
                                    10.735334948655634,
                                    59.91272194325751
                                ],
                                [
                                    10.735816902652317,
                                    59.91260861562386
                                ],
                                [
                                    10.735984146595001,
                                    59.91277111286262
                                ],
                                [
                                    10.735447704792023,
                                    59.9128827177409
                                ],
                                [
                                    10.735360090902418,
                                    59.9128038172859
                                ],
                                [
                                    10.735334948655634,
                                    59.91272194325751
                                ]
                            ]
                        ]
                    ],
                    "type": "MultiPolygon"
                },
                "station_id": "YOS:Station:509",
                "vehicle_types_available": [
                    {
                        "count": 5,
                        "vehicle_type_id": "YOS:VehicleType:bike"
                    },
                    {
                        "count": 0,
                        "vehicle_type_id": "YOS:VehicleType:ebike"
                    }
                ]
            },
            "type": "Feature"
        },
        {
            "geometry": {
                "coordinates": [
                    10.7222803,
                    59.915088
                ],
                "type": "Point"
            },
            "properties": {
                "address": "Parkveien / Henrik Ibsens gate",
                "capacity": 24,
                "cross_street": "ved Parkveien",
                "is_installed": true,
                "is_renting": true,
                "is_returning": true,
                "is_virtual_station": false,
                "last_reported": 1742982506,
                "name": "Henrik Ibsens gate",
                "num_bikes_available": 0,
                "num_docks_available": 24,
                "rental_uris": {
                    "android": "oslobysykkel://stations/511",
                    "ios": "oslobysykkel://stations/511"
                },
                "station_area": {
                    "coordinates": [
                        [
                            [
                                [
                                    10.722066983412844,
                                    59.91493083236798
                                ],
                                [
                                    10.722211946388768,
                                    59.914896441766544
                                ],
                                [
                                    10.722435162029655,
                                    59.915111305860464
                                ],
                                [
                                    10.722296445777431,
                                    59.91514534257584
                                ],
                                [
                                    10.722066983412844,
                                    59.91493083236798
                                ]
                            ]
                        ]
                    ],
                    "type": "MultiPolygon"
                },
                "station_id": "YOS:Station:511",
                "vehicle_types_available": [
                    {
                        "count": 0,
                        "vehicle_type_id": "YOS:VehicleType:bike"
                    },
                    {
                        "count": 0,
                        "vehicle_type_id": "YOS:VehicleType:ebike"
                    }
                ]
            },
            "type": "Feature"
        },
        {
            "geometry": {
                "coordinates": [
                    10.757830546598228,
                    59.919114923856284
                ],
                "type": "Point"
            },
            "properties": {
                "address": "Markveien 58",
                "capacity": 15,
                "cross_street": "ved Markveien",
                "is_installed": false,
                "is_renting": false,
                "is_returning": false,
                "is_virtual_station": false,
                "last_reported": 1742982506,
                "name": "Leirfallsgata",
                "num_bikes_available": 1,
                "num_docks_available": 14,
                "rental_uris": {
                    "android": "oslobysykkel://stations/5113",
                    "ios": "oslobysykkel://stations/5113"
                },
                "station_area": {
                    "coordinates": [
                        [
                            [
                                [
                                    10.75746536237176,
                                    59.9190090505688
                                ],
                                [
                                    10.758360981301848,
                                    59.91899833965624
                                ],
                                [
                                    10.75835559337716,
                                    59.919217088737554
                                ],
                                [
                                    10.757463270076158,
                                    59.919224180267605
                                ],
                                [
                                    10.75746536237176,
                                    59.9190090505688
                                ]
                            ]
                        ]
                    ],
                    "type": "MultiPolygon"
                },
                "station_id": "YOS:Station:5113",
                "vehicle_types_available": [
                    {
                        "count": 1,
                        "vehicle_type_id": "YOS:VehicleType:bike"
                    },
                    {
                        "count": 0,
                        "vehicle_type_id": "YOS:VehicleType:ebike"
                    }
                ]
            },
            "type": "Feature"
        },
        {
            "geometry": {
                "coordinates": [
                    10.7897605,
                    59.9131891
                ],
                "type": "Point"
            },
            "properties": {
                "address": "Ensj\u00f8veien 22",
                "capacity": 30,
                "cross_street": "langs Ensj\u00f8veien",
                "is_installed": true,
                "is_renting": true,
                "is_returning": true,
                "is_virtual_station": false,
                "last_reported": 1742982506,
                "name": "Ensj\u00f8 T-bane",
                "num_bikes_available": 1,
                "num_docks_available": 29,
                "rental_uris": {
                    "android": "oslobysykkel://stations/512",
                    "ios": "oslobysykkel://stations/512"
                },
                "station_area": {
                    "coordinates": [
                        [
                            [
                                [
                                    10.789845585823064,
                                    59.91299297761367
                                ],
                                [
                                    10.789966285228733,
                                    59.91291767822801
                                ],
                                [
                                    10.790191590785986,
                                    59.91300373465481
                                ],
                                [
                                    10.789783895015736,
                                    59.91331837656628
                                ],
                                [
                                    10.789523720741277,
                                    59.9132457671591
                                ],
                                [
                                    10.789845585823064,
                                    59.91299297761367
                                ]
                            ]
                        ]
                    ],
                    "type": "MultiPolygon"
                },
                "station_id": "YOS:Station:512",
                "vehicle_types_available": [
                    {
                        "count": 1,
                        "vehicle_type_id": "YOS:VehicleType:bike"
                    },
                    {
                        "count": 0,
                        "vehicle_type_id": "YOS:VehicleType:ebike"
                    }
                ]
            },
            "type": "Feature"
        },
        {
            "geometry": {
                "coordinates": [
                    10.7960147,
                    59.9273747
                ],
                "type": "Point"
            },
            "properties": {
                "address": "B\u00f8kkerveien 11 ved Cafe Nord",
                "capacity": 15,
                "cross_street": "ved HasleLinje",
                "is_installed": true,
                "is_renting": true,
                "is_returning": true,
                "is_virtual_station": false,
                "last_reported": 1742982506,
                "name": "B\u00f8kkerveien",
                "num_bikes_available": 1,
                "num_docks_available": 14,
                "rental_uris": {
                    "android": "oslobysykkel://stations/513",
                    "ios": "oslobysykkel://stations/513"
                },
                "station_area": {
                    "coordinates": [
                        [
                            [
                                [
                                    10.795636475086212,
                                    59.927302138144675
                                ],
                                [
                                    10.795861780643463,
                                    59.927222839057826
                                ],
                                [
                                    10.796231925487518,
                                    59.927444607214305
                                ],
                                [
                                    10.796020030975342,
                                    59.92752928193761
                                ],
                                [
                                    10.795647203922272,
                                    59.92729945004311
                                ],
                                [
                                    10.795636475086212,
                                    59.927302138144675
                                ]
                            ]
                        ]
                    ],
                    "type": "MultiPolygon"
                },
                "station_id": "YOS:Station:513",
                "vehicle_types_available": [
                    {
                        "count": 1,
                        "vehicle_type_id": "YOS:VehicleType:bike"
                    },
                    {
                        "count": 0,
                        "vehicle_type_id": "YOS:VehicleType:ebike"
                    }
                ]
            },
            "type": "Feature"
        },
        {
            "geometry": {
                "coordinates": [
                    10.7699892,
                    59.9212063
                ],
                "type": "Point"
            },
            "properties": {
                "address": "Trondheimsveien 37",
                "capacity": 12,
                "cross_street": "ved Sars gate",
                "is_installed": true,
                "is_renting": true,
                "is_returning": true,
                "is_virtual_station": false,
                "last_reported": 1742982506,
                "name": "Sofienberggata",
                "num_bikes_available": 0,
                "num_docks_available": 12,
                "rental_uris": {
                    "android": "oslobysykkel://stations/514",
                    "ios": "oslobysykkel://stations/514"
                },
                "station_area": {
                    "coordinates": [
                        [
                            [
                                [
                                    10.769688079231656,
                                    59.92117609688726
                                ],
                                [
                                    10.770239767276223,
                                    59.92104548738223
                                ],
                                [
                                    10.77037218369881,
                                    59.92119194546135
                                ],
                                [
                                    10.769840315956174,
                                    59.921313707445016
                                ],
                                [
                                    10.769688079231656,
                                    59.92117609688726
                                ]
                            ]
                        ]
                    ],
                    "type": "MultiPolygon"
                },
                "station_id": "YOS:Station:514",
                "vehicle_types_available": [
                    {
                        "count": 0,
                        "vehicle_type_id": "YOS:VehicleType:bike"
                    },
                    {
                        "count": 0,
                        "vehicle_type_id": "YOS:VehicleType:ebike"
                    }
                ]
            },
            "type": "Feature"
        },
        {
            "geometry": {
                "coordinates": [
                    10.775658,
                    59.922839
                ],
                "type": "Point"
            },
            "properties": {
                "address": "Finnmarksgata 40",
                "capacity": 15,
                "cross_street": "ved Telav\u00e5ggata",
                "is_installed": true,
                "is_renting": true,
                "is_returning": true,
                "is_virtual_station": false,
                "last_reported": 1742982506,
                "name": "Finnmarksgata",
                "num_bikes_available": 0,
                "num_docks_available": 15,
                "rental_uris": {
                    "android": "oslobysykkel://stations/516",
                    "ios": "oslobysykkel://stations/516"
                },
                "station_area": {
                    "coordinates": [
                        [
                            [
                                [
                                    10.775447487831116,
                                    59.922632577388065
                                ],
                                [
                                    10.775817632675171,
                                    59.922632577388065
                                ],
                                [
                                    10.775868594646454,
                                    59.92307617358372
                                ],
                                [
                                    10.775511860847473,
                                    59.923085583135766
                                ],
                                [
                                    10.775447487831116,
                                    59.922632577388065
                                ]
                            ]
                        ]
                    ],
                    "type": "MultiPolygon"
                },
                "station_id": "YOS:Station:516",
                "vehicle_types_available": [
                    {
                        "count": 0,
                        "vehicle_type_id": "YOS:VehicleType:bike"
                    },
                    {
                        "count": 0,
                        "vehicle_type_id": "YOS:VehicleType:ebike"
                    }
                ]
            },
            "type": "Feature"
        },
        {
            "geometry": {
                "coordinates": [
                    10.7482848,
                    59.9433939
                ],
                "type": "Point"
            },
            "properties": {
                "address": "Uelands gate - Voldsl\u00f8kka",
                "capacity": 18,
                "cross_street": "langs Uelands gate",
                "is_installed": true,
                "is_renting": true,
                "is_returning": true,
                "is_virtual_station": false,
                "last_reported": 1742982506,
                "name": "T\u00e5senl\u00f8kka",
                "num_bikes_available": 0,
                "num_docks_available": 17,
                "rental_uris": {
                    "android": "oslobysykkel://stations/517",
                    "ios": "oslobysykkel://stations/517"
                },
                "station_area": {
                    "coordinates": [
                        [
                            [
                                [
                                    10.748139917850494,
                                    59.943288456501584
                                ],
                                [
                                    10.748464465141296,
                                    59.94332472836343
                                ],
                                [
                                    10.748265981674194,
                                    59.943687444799416
                                ],
                                [
                                    10.747954845428467,
                                    59.94365654688731
                                ],
                                [
                                    10.748075544834137,
                                    59.94341876633899
                                ],
                                [
                                    10.748139917850494,
                                    59.943288456501584
                                ]
                            ]
                        ]
                    ],
                    "type": "MultiPolygon"
                },
                "station_id": "YOS:Station:517",
                "vehicle_types_available": [
                    {
                        "count": 0,
                        "vehicle_type_id": "YOS:VehicleType:bike"
                    },
                    {
                        "count": 0,
                        "vehicle_type_id": "YOS:VehicleType:ebike"
                    }
                ]
            },
            "type": "Feature"
        },
        {
            "geometry": {
                "coordinates": [
                    10.739355810852345,
                    59.92481470756533
                ],
                "type": "Point"
            },
            "properties": {
                "address": "Ullev\u00e5lsveien 47 - Schwenssens gate",
                "capacity": 18,
                "cross_street": "ved taxi stoppen",
                "is_installed": true,
                "is_renting": true,
                "is_returning": true,
                "is_virtual_station": false,
                "last_reported": 1742982506,
                "name": "Schwensens gate",
                "num_bikes_available": 0,
                "num_docks_available": 18,
                "rental_uris": {
                    "android": "oslobysykkel://stations/518",
                    "ios": "oslobysykkel://stations/518"
                },
                "station_area": {
                    "coordinates": [
                        [
                            [
                                [
                                    10.73931762862452,
                                    59.924689024389146
                                ],
                                [
                                    10.739484955675067,
                                    59.92481176654635
                                ],
                                [
                                    10.739612573719768,
                                    59.924891221769556
                                ],
                                [
                                    10.739371517542935,
                                    59.92495871335599
                                ],
                                [
                                    10.739309406558334,
                                    59.924885578333395
                                ],
                                [
                                    10.739134884506228,
                                    59.92471558309977
                                ],
                                [
                                    10.73931762862452,
                                    59.924689024389146
                                ]
                            ]
                        ]
                    ],
                    "type": "MultiPolygon"
                },
                "station_id": "YOS:Station:518",
                "vehicle_types_available": [
                    {
                        "count": 0,
                        "vehicle_type_id": "YOS:VehicleType:bike"
                    },
                    {
                        "count": 0,
                        "vehicle_type_id": "YOS:VehicleType:ebike"
                    }
                ]
            },
            "type": "Feature"
        },
        {
            "geometry": {
                "coordinates": [
                    10.703899530059402,
                    59.918578143336774
                ],
                "type": "Point"
            },
            "properties": {
                "address": "Bygd\u00f8y alle/Elisenbergveien",
                "capacity": 24,
                "cross_street": "ved Bygd\u00f8y all\u00e9",
                "is_installed": true,
                "is_renting": true,
                "is_returning": true,
                "is_virtual_station": false,
                "last_reported": 1742982506,
                "name": "Thomas Heftyes plass",
                "num_bikes_available": 1,
                "num_docks_available": 23,
                "rental_uris": {
                    "android": "oslobysykkel://stations/519",
                    "ios": "oslobysykkel://stations/519"
                },
                "station_area": {
                    "coordinates": [
                        [
                            [
                                [
                                    10.703884810209274,
                                    59.9185370978805
                                ],
                                [
                                    10.704153781802347,
                                    59.91852573806059
                                ],
                                [
                                    10.704219151299867,
                                    59.91859368607318
                                ],
                                [
                                    10.703634257425108,
                                    59.91868709118637
                                ],
                                [
                                    10.703583295453825,
                                    59.918612976385475
                                ],
                                [
                                    10.703884810209274,
                                    59.9185370978805
                                ]
                            ]
                        ]
                    ],
                    "type": "MultiPolygon"
                },
                "station_id": "YOS:Station:519",
                "vehicle_types_available": [
                    {
                        "count": 1,
                        "vehicle_type_id": "YOS:VehicleType:bike"
                    },
                    {
                        "count": 0,
                        "vehicle_type_id": "YOS:VehicleType:ebike"
                    }
                ]
            },
            "type": "Feature"
        },
        {
            "geometry": {
                "coordinates": [
                    10.7523939,
                    59.9186359
                ],
                "type": "Point"
            },
            "properties": {
                "address": "Jess Carlsens gate",
                "capacity": 15,
                "cross_street": "ved Hausmanns gate",
                "is_installed": true,
                "is_renting": true,
                "is_returning": true,
                "is_virtual_station": false,
                "last_reported": 1742982506,
                "name": "Jess Carlsens gate",
                "num_bikes_available": 1,
                "num_docks_available": 14,
                "rental_uris": {
                    "android": "oslobysykkel://stations/521",
                    "ios": "oslobysykkel://stations/521"
                },
                "station_area": {
                    "coordinates": [
                        [
                            [
                                [
                                    10.752083888572258,
                                    59.91856472599913
                                ],
                                [
                                    10.752250797262434,
                                    59.918489032389125
                                ],
                                [
                                    10.752534530375009,
                                    59.91862811781596
                                ],
                                [
                                    10.752365726390309,
                                    59.91871429656672
                                ],
                                [
                                    10.752083888572258,
                                    59.91856472599913
                                ]
                            ]
                        ]
                    ],
                    "type": "MultiPolygon"
                },
                "station_id": "YOS:Station:521",
                "vehicle_types_available": [
                    {
                        "count": 1,
                        "vehicle_type_id": "YOS:VehicleType:bike"
                    },
                    {
                        "count": 0,
                        "vehicle_type_id": "YOS:VehicleType:ebike"
                    }
                ]
            },
            "type": "Feature"
        },
        {
            "geometry": {
                "coordinates": [
                    10.742025127034452,
                    59.9126744968093
                ],
                "type": "Point"
            },
            "properties": {
                "address": "\u00d8vre Slottsgate 19",
                "capacity": 30,
                "cross_street": "ved Max burger",
                "is_installed": true,
                "is_renting": true,
                "is_returning": true,
                "is_virtual_station": false,
                "last_reported": 1742982506,
                "name": "Egertorget",
                "num_bikes_available": 19,
                "num_docks_available": 10,
                "rental_uris": {
                    "android": "oslobysykkel://stations/5217",
                    "ios": "oslobysykkel://stations/5217"
                },
                "station_area": {
                    "coordinates": [
                        [
                            [
                                [
                                    10.741968387076554,
                                    59.91280667946782
                                ],
                                [
                                    10.742303217272053,
                                    59.91275135890072
                                ],
                                [
                                    10.742056298242062,
                                    59.91250644313311
                                ],
                                [
                                    10.741747036801883,
                                    59.91257458599355
                                ],
                                [
                                    10.741968387076554,
                                    59.91280667946782
                                ]
                            ]
                        ]
                    ],
                    "type": "MultiPolygon"
                },
                "station_id": "YOS:Station:5217",
                "vehicle_types_available": [
                    {
                        "count": 19,
                        "vehicle_type_id": "YOS:VehicleType:bike"
                    },
                    {
                        "count": 0,
                        "vehicle_type_id": "YOS:VehicleType:ebike"
                    }
                ]
            },
            "type": "Feature"
        },
        {
            "geometry": {
                "coordinates": [
                    10.7638147,
                    59.9123469
                ],
                "type": "Point"
            },
            "properties": {
                "address": "Mandalls gate",
                "capacity": 10,
                "cross_street": "ved Gr\u00f8nlandsleiret",
                "is_installed": true,
                "is_renting": true,
                "is_returning": true,
                "is_virtual_station": false,
                "last_reported": 1742982506,
                "name": "Mandalls gate",
                "num_bikes_available": 3,
                "num_docks_available": 5,
                "rental_uris": {
                    "android": "oslobysykkel://stations/522",
                    "ios": "oslobysykkel://stations/522"
                },
                "station_area": {
                    "coordinates": [
                        [
                            [
                                [
                                    10.763600170612335,
                                    59.91224132073179
                                ],
                                [
                                    10.76387643814087,
                                    59.91218887891887
                                ],
                                [
                                    10.764032006263733,
                                    59.91244301924025
                                ],
                                [
                                    10.763755738735199,
                                    59.91246722297892
                                ],
                                [
                                    10.763600170612335,
                                    59.91224132073179
                                ]
                            ]
                        ]
                    ],
                    "type": "MultiPolygon"
                },
                "station_id": "YOS:Station:522",
                "vehicle_types_available": [
                    {
                        "count": 3,
                        "vehicle_type_id": "YOS:VehicleType:bike"
                    },
                    {
                        "count": 0,
                        "vehicle_type_id": "YOS:VehicleType:ebike"
                    }
                ]
            },
            "type": "Feature"
        },
        {
            "geometry": {
                "coordinates": [
                    10.73015807639294,
                    59.949880716926174
                ],
                "type": "Point"
            },
            "properties": {
                "address": "Sognsveien",
                "capacity": 20,
                "cross_street": "Under broen",
                "is_installed": true,
                "is_renting": true,
                "is_returning": true,
                "is_virtual_station": false,
                "last_reported": 1742982506,
                "name": "Blindern vgs",
                "num_bikes_available": 0,
                "num_docks_available": 20,
                "rental_uris": {
                    "android": "oslobysykkel://stations/5220",
                    "ios": "oslobysykkel://stations/5220"
                },
                "station_area": {
                    "coordinates": [
                        [
                            [
                                [
                                    10.729867001387134,
                                    59.95009408170378
                                ],
                                [
                                    10.730150060423426,
                                    59.94979680215377
                                ],
                                [
                                    10.730430071996494,
                                    59.94988051825936
                                ],
                                [
                                    10.730086809096775,
                                    59.95016402193559
                                ],
                                [
                                    10.729867001387134,
                                    59.95009408170378
                                ]
                            ]
                        ]
                    ],
                    "type": "MultiPolygon"
                },
                "station_id": "YOS:Station:5220",
                "vehicle_types_available": [
                    {
                        "count": 0,
                        "vehicle_type_id": "YOS:VehicleType:bike"
                    },
                    {
                        "count": 0,
                        "vehicle_type_id": "YOS:VehicleType:ebike"
                    }
                ]
            },
            "type": "Feature"
        },
        {
            "geometry": {
                "coordinates": [
                    10.7617736,
                    59.9115945
                ],
                "type": "Point"
            },
            "properties": {
                "address": "T\u00f8yenbekken",
                "capacity": 30,
                "cross_street": "ved Rubina Ranas gate",
                "is_installed": true,
                "is_renting": true,
                "is_returning": true,
                "is_virtual_station": false,
                "last_reported": 1742982506,
                "name": "T\u00f8yenbekken",
                "num_bikes_available": 23,
                "num_docks_available": 7,
                "rental_uris": {
                    "android": "oslobysykkel://stations/523",
                    "ios": "oslobysykkel://stations/523"
                },
                "station_area": {
                    "coordinates": [
                        [
                            [
                                [
                                    10.761597650341711,
                                    59.91139109125246
                                ],
                                [
                                    10.761799029681383,
                                    59.911346656019965
                                ],
                                [
                                    10.762024189977637,
                                    59.91169544427273
                                ],
                                [
                                    10.761792361736298,
                                    59.911730345692256
                                ],
                                [
                                    10.761597650341711,
                                    59.91139109125246
                                ]
                            ]
                        ]
                    ],
                    "type": "MultiPolygon"
                },
                "station_id": "YOS:Station:523",
                "vehicle_types_available": [
                    {
                        "count": 23,
                        "vehicle_type_id": "YOS:VehicleType:bike"
                    },
                    {
                        "count": 0,
                        "vehicle_type_id": "YOS:VehicleType:ebike"
                    }
                ]
            },
            "type": "Feature"
        },
        {
            "geometry": {
                "coordinates": [
                    10.703967938028702,
                    59.9330870371029
                ],
                "type": "Point"
            },
            "properties": {
                "address": "S\u00f8rkedalsveien 33",
                "capacity": 21,
                "cross_street": "langs S\u00f8rkedalsveien",
                "is_installed": true,
                "is_renting": true,
                "is_returning": true,
                "is_virtual_station": false,
                "last_reported": 1742982506,
                "name": "Volvat",
                "num_bikes_available": 0,
                "num_docks_available": 21,
                "rental_uris": {
                    "android": "oslobysykkel://stations/524",
                    "ios": "oslobysykkel://stations/524"
                },
                "station_area": {
                    "coordinates": [
                        [
                            [
                                [
                                    10.704093622534486,
                                    59.932906636185585
                                ],
                                [
                                    10.704261660575867,
                                    59.93294331135319
                                ],
                                [
                                    10.70401347977591,
                                    59.93315716403108
                                ],
                                [
                                    10.703889457017453,
                                    59.93326788113103
                                ],
                                [
                                    10.70367693901062,
                                    59.93322820043024
                                ],
                                [
                                    10.703797509011196,
                                    59.933062404428014
                                ],
                                [
                                    10.704093622534486,
                                    59.932906636185585
                                ]
                            ]
                        ]
                    ],
                    "type": "MultiPolygon"
                },
                "station_id": "YOS:Station:524",
                "vehicle_types_available": [
                    {
                        "count": 0,
                        "vehicle_type_id": "YOS:VehicleType:bike"
                    },
                    {
                        "count": 0,
                        "vehicle_type_id": "YOS:VehicleType:ebike"
                    }
                ]
            },
            "type": "Feature"
        },
        {
            "geometry": {
                "coordinates": [
                    10.7605813,
                    59.937205
                ],
                "type": "Point"
            },
            "properties": {
                "address": "Arendalsgata 45",
                "capacity": 15,
                "cross_street": "ved Bentsenbrua",
                "is_installed": true,
                "is_renting": true,
                "is_returning": true,
                "is_virtual_station": false,
                "last_reported": 1742982506,
                "name": "Myral\u00f8kka \u00d8st",
                "num_bikes_available": 0,
                "num_docks_available": 13,
                "rental_uris": {
                    "android": "oslobysykkel://stations/525",
                    "ios": "oslobysykkel://stations/525"
                },
                "station_area": {
                    "coordinates": [
                        [
                            [
                                [
                                    10.760698020458221,
                                    59.936945644201145
                                ],
                                [
                                    10.760899186134338,
                                    59.93701820176273
                                ],
                                [
                                    10.760505512901206,
                                    59.937396948457334
                                ],
                                [
                                    10.760260820388794,
                                    59.9372949939657
                                ],
                                [
                                    10.760531723499298,
                                    59.93701148347665
                                ],
                                [
                                    10.760698020458221,
                                    59.936945644201145
                                ]
                            ]
                        ]
                    ],
                    "type": "MultiPolygon"
                },
                "station_id": "YOS:Station:525",
                "vehicle_types_available": [
                    {
                        "count": 0,
                        "vehicle_type_id": "YOS:VehicleType:bike"
                    },
                    {
                        "count": 0,
                        "vehicle_type_id": "YOS:VehicleType:ebike"
                    }
                ]
            },
            "type": "Feature"
        },
        {
            "geometry": {
                "coordinates": [
                    10.7423101,
                    59.9138973
                ],
                "type": "Point"
            },
            "properties": {
                "address": "Lille Grensen - Akersgata 43",
                "capacity": 15,
                "cross_street": "Ved Akersgata",
                "is_installed": true,
                "is_renting": true,
                "is_returning": true,
                "is_virtual_station": false,
                "last_reported": 1742982506,
                "name": "Lille Grensen",
                "num_bikes_available": 10,
                "num_docks_available": 5,
                "rental_uris": {
                    "android": "oslobysykkel://stations/526",
                    "ios": "oslobysykkel://stations/526"
                },
                "station_area": {
                    "coordinates": [
                        [
                            [
                                [
                                    10.74196963137831,
                                    59.91384569230684
                                ],
                                [
                                    10.742215529846476,
                                    59.913735190542965
                                ],
                                [
                                    10.74250200267167,
                                    59.91393092362994
                                ],
                                [
                                    10.742282938001296,
                                    59.913996947187805
                                ],
                                [
                                    10.74196963137831,
                                    59.91384569230684
                                ]
                            ]
                        ]
                    ],
                    "type": "MultiPolygon"
                },
                "station_id": "YOS:Station:526",
                "vehicle_types_available": [
                    {
                        "count": 10,
                        "vehicle_type_id": "YOS:VehicleType:bike"
                    },
                    {
                        "count": 0,
                        "vehicle_type_id": "YOS:VehicleType:ebike"
                    }
                ]
            },
            "type": "Feature"
        },
        {
            "geometry": {
                "coordinates": [
                    10.752292,
                    59.9123341
                ],
                "type": "Point"
            },
            "properties": {
                "address": "Oslo City - Biskop Gunnerus gate",
                "capacity": 12,
                "cross_street": "ved Oslo City",
                "is_installed": true,
                "is_renting": true,
                "is_returning": true,
                "is_virtual_station": false,
                "last_reported": 1742982506,
                "name": "Biskop Gunnerus' gate",
                "num_bikes_available": 11,
                "num_docks_available": 1,
                "rental_uris": {
                    "android": "oslobysykkel://stations/527",
                    "ios": "oslobysykkel://stations/527"
                },
                "station_area": {
                    "coordinates": [
                        [
                            [
                                [
                                    10.751959383487701,
                                    59.91225476733716
                                ],
                                [
                                    10.752581655979156,
                                    59.91223997607097
                                ],
                                [
                                    10.75256824493408,
                                    59.91232334493974
                                ],
                                [
                                    10.75197547674179,
                                    59.91234754876566
                                ],
                                [
                                    10.751959383487701,
                                    59.91225476733716
                                ]
                            ]
                        ]
                    ],
                    "type": "MultiPolygon"
                },
                "station_id": "YOS:Station:527",
                "vehicle_types_available": [
                    {
                        "count": 11,
                        "vehicle_type_id": "YOS:VehicleType:bike"
                    },
                    {
                        "count": 0,
                        "vehicle_type_id": "YOS:VehicleType:ebike"
                    }
                ]
            },
            "type": "Feature"
        },
        {
            "geometry": {
                "coordinates": [
                    10.7114661,
                    59.9327726
                ],
                "type": "Point"
            },
            "properties": {
                "address": "Slemdalsveien ved Frigg",
                "capacity": 21,
                "cross_street": "langs Slemdalsveien",
                "is_installed": true,
                "is_renting": true,
                "is_returning": true,
                "is_virtual_station": false,
                "last_reported": 1742982506,
                "name": "Friggfeltet",
                "num_bikes_available": 0,
                "num_docks_available": 21,
                "rental_uris": {
                    "android": "oslobysykkel://stations/529",
                    "ios": "oslobysykkel://stations/529"
                },
                "station_area": {
                    "coordinates": [
                        [
                            [
                                [
                                    10.711586773395537,
                                    59.9325529287149
                                ],
                                [
                                    10.711879134178162,
                                    59.93266177941332
                                ],
                                [
                                    10.711203217506409,
                                    59.93304745740804
                                ],
                                [
                                    10.710951089859009,
                                    59.93294398326427
                                ],
                                [
                                    10.711570680141449,
                                    59.9325529287149
                                ],
                                [
                                    10.711586773395537,
                                    59.9325529287149
                                ]
                            ]
                        ]
                    ],
                    "type": "MultiPolygon"
                },
                "station_id": "YOS:Station:529",
                "vehicle_types_available": [
                    {
                        "count": 0,
                        "vehicle_type_id": "YOS:VehicleType:bike"
                    },
                    {
                        "count": 0,
                        "vehicle_type_id": "YOS:VehicleType:ebike"
                    }
                ]
            },
            "type": "Feature"
        },
        {
            "geometry": {
                "coordinates": [
                    10.7343051,
                    59.9193095
                ],
                "type": "Point"
            },
            "properties": {
                "address": "Holbergs Plass",
                "capacity": 10,
                "cross_street": "ved Welhavens gate",
                "is_installed": true,
                "is_renting": true,
                "is_returning": true,
                "is_virtual_station": false,
                "last_reported": 1742982506,
                "name": "Holbergs plass",
                "num_bikes_available": 0,
                "num_docks_available": 10,
                "rental_uris": {
                    "android": "oslobysykkel://stations/530",
                    "ios": "oslobysykkel://stations/530"
                },
                "station_area": {
                    "coordinates": [
                        [
                            [
                                [
                                    10.734066367149353,
                                    59.91921803242514
                                ],
                                [
                                    10.734442622224407,
                                    59.91922497679604
                                ],
                                [
                                    10.73431140732805,
                                    59.91941235228195
                                ],
                                [
                                    10.734124104230364,
                                    59.91941824310456
                                ],
                                [
                                    10.734066367149353,
                                    59.91921803242514
                                ]
                            ]
                        ]
                    ],
                    "type": "MultiPolygon"
                },
                "station_id": "YOS:Station:530",
                "vehicle_types_available": [
                    {
                        "count": 0,
                        "vehicle_type_id": "YOS:VehicleType:bike"
                    },
                    {
                        "count": 0,
                        "vehicle_type_id": "YOS:VehicleType:ebike"
                    }
                ]
            },
            "type": "Feature"
        },
        {
            "geometry": {
                "coordinates": [
                    10.7253157,
                    59.915262
                ],
                "type": "Point"
            },
            "properties": {
                "address": "Henrik Ibsens gate 40",
                "capacity": 12,
                "cross_street": "langs Henrik Ibsens gate",
                "is_installed": true,
                "is_renting": true,
                "is_returning": true,
                "is_virtual_station": false,
                "last_reported": 1742982506,
                "name": "S\u00f8rvest for Slottsparken",
                "num_bikes_available": 0,
                "num_docks_available": 12,
                "rental_uris": {
                    "android": "oslobysykkel://stations/533",
                    "ios": "oslobysykkel://stations/533"
                },
                "station_area": {
                    "coordinates": [
                        [
                            [
                                [
                                    10.724852281334933,
                                    59.91520239356755
                                ],
                                [
                                    10.725689852086731,
                                    59.9151848383717
                                ],
                                [
                                    10.725722366146897,
                                    59.91532389460877
                                ],
                                [
                                    10.724883769994904,
                                    59.91534303462258
                                ],
                                [
                                    10.724852281334933,
                                    59.91520239356755
                                ]
                            ]
                        ]
                    ],
                    "type": "MultiPolygon"
                },
                "station_id": "YOS:Station:533",
                "vehicle_types_available": [
                    {
                        "count": 0,
                        "vehicle_type_id": "YOS:VehicleType:bike"
                    },
                    {
                        "count": 0,
                        "vehicle_type_id": "YOS:VehicleType:ebike"
                    }
                ]
            },
            "type": "Feature"
        },
        {
            "geometry": {
                "coordinates": [
                    10.7208788,
                    59.9102277
                ],
                "type": "Point"
            },
            "properties": {
                "address": "Filipstadveien El-bilparkering/busslomme",
                "capacity": 39,
                "cross_street": "langs busslommen",
                "is_installed": true,
                "is_renting": true,
                "is_returning": true,
                "is_virtual_station": false,
                "last_reported": 1742982506,
                "name": "Filipstadveien",
                "num_bikes_available": 28,
                "num_docks_available": 11,
                "rental_uris": {
                    "android": "oslobysykkel://stations/534",
                    "ios": "oslobysykkel://stations/534"
                },
                "station_area": {
                    "coordinates": [
                        [
                            [
                                [
                                    10.721090512338122,
                                    59.91006988642366
                                ],
                                [
                                    10.721341967582703,
                                    59.91016509952114
                                ],
                                [
                                    10.720856341767131,
                                    59.91046236000555
                                ],
                                [
                                    10.720616122602735,
                                    59.91037476152098
                                ],
                                [
                                    10.721090512338122,
                                    59.91006988642366
                                ]
                            ]
                        ]
                    ],
                    "type": "MultiPolygon"
                },
                "station_id": "YOS:Station:534",
                "vehicle_types_available": [
                    {
                        "count": 28,
                        "vehicle_type_id": "YOS:VehicleType:bike"
                    },
                    {
                        "count": 0,
                        "vehicle_type_id": "YOS:VehicleType:ebike"
                    }
                ]
            },
            "type": "Feature"
        },
        {
            "geometry": {
                "coordinates": [
                    10.726634,
                    59.9200421
                ],
                "type": "Point"
            },
            "properties": {
                "address": "Uranienborgveien 3",
                "capacity": 27,
                "cross_street": "vest for Slottsparken",
                "is_installed": true,
                "is_renting": true,
                "is_returning": true,
                "is_virtual_station": false,
                "last_reported": 1742982506,
                "name": "Uranienborgveien",
                "num_bikes_available": 0,
                "num_docks_available": 27,
                "rental_uris": {
                    "android": "oslobysykkel://stations/535",
                    "ios": "oslobysykkel://stations/535"
                },
                "station_area": {
                    "coordinates": [
                        [
                            [
                                [
                                    10.726276423004064,
                                    59.9200547034125
                                ],
                                [
                                    10.726902407165966,
                                    59.919850123311186
                                ],
                                [
                                    10.727033908484884,
                                    59.91994927400826
                                ],
                                [
                                    10.726408365976113,
                                    59.92015536373076
                                ],
                                [
                                    10.726276423004064,
                                    59.9200547034125
                                ]
                            ]
                        ]
                    ],
                    "type": "MultiPolygon"
                },
                "station_id": "YOS:Station:535",
                "vehicle_types_available": [
                    {
                        "count": 0,
                        "vehicle_type_id": "YOS:VehicleType:bike"
                    },
                    {
                        "count": 0,
                        "vehicle_type_id": "YOS:VehicleType:ebike"
                    }
                ]
            },
            "type": "Feature"
        },
        {
            "geometry": {
                "coordinates": [
                    10.7054333,
                    59.9363277
                ],
                "type": "Point"
            },
            "properties": {
                "address": "Diakonveien 14",
                "capacity": 10,
                "cross_street": "Diakonveien n\u00e6r rundkj\u00f8ring",
                "is_installed": true,
                "is_renting": true,
                "is_returning": true,
                "is_virtual_station": false,
                "last_reported": 1742982506,
                "name": "Diakonhjemmet",
                "num_bikes_available": 1,
                "num_docks_available": 9,
                "rental_uris": {
                    "android": "oslobysykkel://stations/536",
                    "ios": "oslobysykkel://stations/536"
                },
                "station_area": {
                    "coordinates": [
                        [
                            [
                                [
                                    10.705232620239258,
                                    59.93625499576066
                                ],
                                [
                                    10.705527663230896,
                                    59.93620931033721
                                ],
                                [
                                    10.705621540546417,
                                    59.936444455227466
                                ],
                                [
                                    10.705313086509705,
                                    59.93647535986054
                                ],
                                [
                                    10.705275535583496,
                                    59.93636517799363
                                ],
                                [
                                    10.705232620239258,
                                    59.93625499576066
                                ]
                            ]
                        ]
                    ],
                    "type": "MultiPolygon"
                },
                "station_id": "YOS:Station:536",
                "vehicle_types_available": [
                    {
                        "count": 1,
                        "vehicle_type_id": "YOS:VehicleType:bike"
                    },
                    {
                        "count": 0,
                        "vehicle_type_id": "YOS:VehicleType:ebike"
                    }
                ]
            },
            "type": "Feature"
        },
        {
            "geometry": {
                "coordinates": [
                    10.738664052059619,
                    59.91780874269165
                ],
                "type": "Point"
            },
            "properties": {
                "address": "St.Olavs gate 21 - Pilestredet",
                "capacity": 20,
                "cross_street": "ved Pilestredet",
                "is_installed": true,
                "is_renting": true,
                "is_returning": true,
                "is_virtual_station": false,
                "last_reported": 1742982506,
                "name": "St. Olavs gate",
                "num_bikes_available": 0,
                "num_docks_available": 20,
                "rental_uris": {
                    "android": "oslobysykkel://stations/537",
                    "ios": "oslobysykkel://stations/537"
                },
                "station_area": {
                    "coordinates": [
                        [
                            [
                                [
                                    10.73847058525459,
                                    59.91788772191235
                                ],
                                [
                                    10.738445780565698,
                                    59.917880422609564
                                ],
                                [
                                    10.738455609170607,
                                    59.917865629898
                                ],
                                [
                                    10.738481130210005,
                                    59.91783510578517
                                ],
                                [
                                    10.738624125692015,
                                    59.91775933450294
                                ],
                                [
                                    10.738795890637906,
                                    59.9177045384596
                                ],
                                [
                                    10.738892264681661,
                                    59.91774701695078
                                ],
                                [
                                    10.738799395430854,
                                    59.91781669862319
                                ],
                                [
                                    10.738720042667955,
                                    59.91787569439557
                                ],
                                [
                                    10.738626305174707,
                                    59.91793993382296
                                ],
                                [
                                    10.73847058525459,
                                    59.91788772191235
                                ]
                            ]
                        ]
                    ],
                    "type": "MultiPolygon"
                },
                "station_id": "YOS:Station:537",
                "vehicle_types_available": [
                    {
                        "count": 0,
                        "vehicle_type_id": "YOS:VehicleType:bike"
                    },
                    {
                        "count": 0,
                        "vehicle_type_id": "YOS:VehicleType:ebike"
                    }
                ]
            },
            "type": "Feature"
        },
        {
            "geometry": {
                "coordinates": [
                    10.769118139881124,
                    59.93363159074286
                ],
                "type": "Point"
            },
            "properties": {
                "address": "Ole Bulls gate 43",
                "capacity": 36,
                "cross_street": "langs Ole Bulls gate",
                "is_installed": true,
                "is_renting": true,
                "is_returning": true,
                "is_virtual_station": false,
                "last_reported": 1742982506,
                "name": "Lilleborgbanen",
                "num_bikes_available": 0,
                "num_docks_available": 35,
                "rental_uris": {
                    "android": "oslobysykkel://stations/540",
                    "ios": "oslobysykkel://stations/540"
                },
                "station_area": {
                    "coordinates": [
                        [
                            [
                                [
                                    10.768918991088867,
                                    59.93346941356123
                                ],
                                [
                                    10.769058465957642,
                                    59.933441193731205
                                ],
                                [
                                    10.769374966621399,
                                    59.9338644886604
                                ],
                                [
                                    10.769165754318237,
                                    59.93389539569756
                                ],
                                [
                                    10.768857300281525,
                                    59.93348688296781
                                ],
                                [
                                    10.768918991088867,
                                    59.93346941356123
                                ]
                            ]
                        ]
                    ],
                    "type": "MultiPolygon"
                },
                "station_id": "YOS:Station:540",
                "vehicle_types_available": [
                    {
                        "count": 0,
                        "vehicle_type_id": "YOS:VehicleType:bike"
                    },
                    {
                        "count": 0,
                        "vehicle_type_id": "YOS:VehicleType:ebike"
                    }
                ]
            },
            "type": "Feature"
        },
        {
            "geometry": {
                "coordinates": [
                    10.7479977,
                    59.9080552
                ],
                "type": "Point"
            },
            "properties": {
                "address": "r\u00e5dhusgata / langkaia",
                "capacity": 12,
                "cross_street": "langs R\u00e5dhusgata",
                "is_installed": true,
                "is_renting": true,
                "is_returning": true,
                "is_virtual_station": false,
                "last_reported": 1742982506,
                "name": "Langkaia",
                "num_bikes_available": 11,
                "num_docks_available": 1,
                "rental_uris": {
                    "android": "oslobysykkel://stations/541",
                    "ios": "oslobysykkel://stations/541"
                },
                "station_area": {
                    "coordinates": [
                        [
                            [
                                [
                                    10.748276710510254,
                                    59.907882988985044
                                ],
                                [
                                    10.748480558395386,
                                    59.90800671378992
                                ],
                                [
                                    10.747729539871216,
                                    59.908232644852646
                                ],
                                [
                                    10.74761152267456,
                                    59.9081358174426
                                ],
                                [
                                    10.748276710510254,
                                    59.907882988985044
                                ]
                            ]
                        ]
                    ],
                    "type": "MultiPolygon"
                },
                "station_id": "YOS:Station:541",
                "vehicle_types_available": [
                    {
                        "count": 11,
                        "vehicle_type_id": "YOS:VehicleType:bike"
                    },
                    {
                        "count": 0,
                        "vehicle_type_id": "YOS:VehicleType:ebike"
                    }
                ]
            },
            "type": "Feature"
        },
        {
            "geometry": {
                "coordinates": [
                    10.7554274,
                    59.9224256
                ],
                "type": "Point"
            },
            "properties": {
                "address": "Sofienberggata 2B",
                "capacity": 20,
                "cross_street": "ved Sofienberggata",
                "is_installed": true,
                "is_renting": true,
                "is_returning": true,
                "is_virtual_station": false,
                "last_reported": 1742982506,
                "name": "Gr\u00fcnerhagen Nord",
                "num_bikes_available": 0,
                "num_docks_available": 19,
                "rental_uris": {
                    "android": "oslobysykkel://stations/542",
                    "ios": "oslobysykkel://stations/542"
                },
                "station_area": {
                    "coordinates": [
                        [
                            [
                                [
                                    10.75523167848587,
                                    59.922363728322736
                                ],
                                [
                                    10.755601823329926,
                                    59.92236910532544
                                ],
                                [
                                    10.755588412284851,
                                    59.92250353010856
                                ],
                                [
                                    10.755014419555664,
                                    59.922504874353656
                                ],
                                [
                                    10.755003690719604,
                                    59.92238120357818
                                ],
                                [
                                    10.75523167848587,
                                    59.922363728322736
                                ]
                            ]
                        ]
                    ],
                    "type": "MultiPolygon"
                },
                "station_id": "YOS:Station:542",
                "vehicle_types_available": [
                    {
                        "count": 0,
                        "vehicle_type_id": "YOS:VehicleType:bike"
                    },
                    {
                        "count": 0,
                        "vehicle_type_id": "YOS:VehicleType:ebike"
                    }
                ]
            },
            "type": "Feature"
        },
        {
            "geometry": {
                "coordinates": [
                    10.798093360118871,
                    59.91381587564694
                ],
                "type": "Point"
            },
            "properties": {
                "address": "Grensesvingen 7",
                "capacity": 20,
                "cross_street": "ved Karoline Kristiansens vei",
                "is_installed": true,
                "is_renting": true,
                "is_returning": true,
                "is_virtual_station": false,
                "last_reported": 1742982506,
                "name": "Fyrstikktorget",
                "num_bikes_available": 1,
                "num_docks_available": 19,
                "rental_uris": {
                    "android": "oslobysykkel://stations/543",
                    "ios": "oslobysykkel://stations/543"
                },
                "station_area": {
                    "coordinates": [
                        [
                            [
                                [
                                    10.798054486513138,
                                    59.91367805971352
                                ],
                                [
                                    10.798283815383911,
                                    59.91372915457343
                                ],
                                [
                                    10.798113495111465,
                                    59.91390596907385
                                ],
                                [
                                    10.797886848449707,
                                    59.913856891379176
                                ],
                                [
                                    10.798019617795944,
                                    59.91371033016051
                                ],
                                [
                                    10.798054486513138,
                                    59.91367805971352
                                ]
                            ]
                        ]
                    ],
                    "type": "MultiPolygon"
                },
                "station_id": "YOS:Station:543",
                "vehicle_types_available": [
                    {
                        "count": 1,
                        "vehicle_type_id": "YOS:VehicleType:bike"
                    },
                    {
                        "count": 0,
                        "vehicle_type_id": "YOS:VehicleType:ebike"
                    }
                ]
            },
            "type": "Feature"
        },
        {
            "geometry": {
                "coordinates": [
                    10.7478583,
                    59.9119691
                ],
                "type": "Point"
            },
            "properties": {
                "address": "Dronningens gate ved Arkaden",
                "capacity": 39,
                "cross_street": "langs Dronningens gate",
                "is_installed": true,
                "is_renting": true,
                "is_returning": true,
                "is_virtual_station": false,
                "last_reported": 1742982506,
                "name": "Arkaden S\u00f8r",
                "num_bikes_available": 37,
                "num_docks_available": 0,
                "rental_uris": {
                    "android": "oslobysykkel://stations/545",
                    "ios": "oslobysykkel://stations/545"
                },
                "station_area": {
                    "coordinates": [
                        [
                            [
                                [
                                    10.747576653957367,
                                    59.91176665207305
                                ],
                                [
                                    10.747670531272888,
                                    59.91174648186642
                                ],
                                [
                                    10.747944116592407,
                                    59.912000625574585
                                ],
                                [
                                    10.747839510440826,
                                    59.912026174305346
                                ],
                                [
                                    10.747576653957367,
                                    59.91176665207305
                                ]
                            ]
                        ]
                    ],
                    "type": "MultiPolygon"
                },
                "station_id": "YOS:Station:545",
                "vehicle_types_available": [
                    {
                        "count": 37,
                        "vehicle_type_id": "YOS:VehicleType:bike"
                    },
                    {
                        "count": 0,
                        "vehicle_type_id": "YOS:VehicleType:ebike"
                    }
                ]
            },
            "type": "Feature"
        },
        {
            "geometry": {
                "coordinates": [
                    10.7481976,
                    59.9112227
                ],
                "type": "Point"
            },
            "properties": {
                "address": "Skippergata - Karl Johans gate",
                "capacity": 30,
                "cross_street": "ved Karl Johans gate",
                "is_installed": true,
                "is_renting": true,
                "is_returning": true,
                "is_virtual_station": false,
                "last_reported": 1742982506,
                "name": "Skippergata",
                "num_bikes_available": 21,
                "num_docks_available": 9,
                "rental_uris": {
                    "android": "oslobysykkel://stations/547",
                    "ios": "oslobysykkel://stations/547"
                },
                "station_area": {
                    "coordinates": [
                        [
                            [
                                [
                                    10.747944116592407,
                                    59.911117165263
                                ],
                                [
                                    10.748097002506256,
                                    59.91107413463213
                                ],
                                [
                                    10.7483571767807,
                                    59.91134979864515
                                ],
                                [
                                    10.748188197612762,
                                    59.91137265848491
                                ],
                                [
                                    10.747944116592407,
                                    59.911117165263
                                ]
                            ]
                        ]
                    ],
                    "type": "MultiPolygon"
                },
                "station_id": "YOS:Station:547",
                "vehicle_types_available": [
                    {
                        "count": 21,
                        "vehicle_type_id": "YOS:VehicleType:bike"
                    },
                    {
                        "count": 0,
                        "vehicle_type_id": "YOS:VehicleType:ebike"
                    }
                ]
            },
            "type": "Feature"
        },
        {
            "geometry": {
                "coordinates": [
                    10.716909039918278,
                    59.91731888534716
                ],
                "type": "Point"
            },
            "properties": {
                "address": "Colbj\u00f8rnsens gate",
                "capacity": 18,
                "cross_street": "ved Skovveien",
                "is_installed": true,
                "is_renting": true,
                "is_returning": true,
                "is_virtual_station": false,
                "last_reported": 1742982506,
                "name": "Colbj\u00f8rnsens gate",
                "num_bikes_available": 0,
                "num_docks_available": 18,
                "rental_uris": {
                    "android": "oslobysykkel://stations/548",
                    "ios": "oslobysykkel://stations/548"
                },
                "station_area": {
                    "coordinates": [
                        [
                            [
                                [
                                    10.71668445668297,
                                    59.917301456935654
                                ],
                                [
                                    10.717079937458038,
                                    59.91721081507367
                                ],
                                [
                                    10.717151145538669,
                                    59.91729678405171
                                ],
                                [
                                    10.716755770795771,
                                    59.91738494933524
                                ],
                                [
                                    10.71668445668297,
                                    59.917301456935654
                                ]
                            ]
                        ]
                    ],
                    "type": "MultiPolygon"
                },
                "station_id": "YOS:Station:548",
                "vehicle_types_available": [
                    {
                        "count": 0,
                        "vehicle_type_id": "YOS:VehicleType:bike"
                    },
                    {
                        "count": 0,
                        "vehicle_type_id": "YOS:VehicleType:ebike"
                    }
                ]
            },
            "type": "Feature"
        },
        {
            "geometry": {
                "coordinates": [
                    10.7310355,
                    59.9261462
                ],
                "type": "Point"
            },
            "properties": {
                "address": "Therese's gate 49",
                "capacity": 9,
                "cross_street": "ved Bislett trikkestopp",
                "is_installed": true,
                "is_renting": true,
                "is_returning": true,
                "is_virtual_station": false,
                "last_reported": 1742982506,
                "name": "Thereses gate",
                "num_bikes_available": 0,
                "num_docks_available": 9,
                "rental_uris": {
                    "android": "oslobysykkel://stations/550",
                    "ios": "oslobysykkel://stations/550"
                },
                "station_area": {
                    "coordinates": [
                        [
                            [
                                [
                                    10.730893313884735,
                                    59.926017200780976
                                ],
                                [
                                    10.731075704097748,
                                    59.92600913616337
                                ],
                                [
                                    10.731215262982314,
                                    59.92623583152841
                                ],
                                [
                                    10.731051564216614,
                                    59.92627661160102
                                ],
                                [
                                    10.730893313884735,
                                    59.926017200780976
                                ]
                            ]
                        ]
                    ],
                    "type": "MultiPolygon"
                },
                "station_id": "YOS:Station:550",
                "vehicle_types_available": [
                    {
                        "count": 0,
                        "vehicle_type_id": "YOS:VehicleType:bike"
                    },
                    {
                        "count": 0,
                        "vehicle_type_id": "YOS:VehicleType:ebike"
                    }
                ]
            },
            "type": "Feature"
        },
        {
            "geometry": {
                "coordinates": [
                    10.758182,
                    59.922425
                ],
                "type": "Point"
            },
            "properties": {
                "address": "Olaf Ryes plass 2",
                "capacity": 35,
                "cross_street": "langs Sofienberggata",
                "is_installed": true,
                "is_renting": true,
                "is_returning": true,
                "is_virtual_station": false,
                "last_reported": 1742982506,
                "name": "Olaf Ryes plass",
                "num_bikes_available": 0,
                "num_docks_available": 35,
                "rental_uris": {
                    "android": "oslobysykkel://stations/551",
                    "ios": "oslobysykkel://stations/551"
                },
                "station_area": {
                    "coordinates": [
                        [
                            [
                                [
                                    10.75813114643097,
                                    59.92235969557019
                                ],
                                [
                                    10.758404731750488,
                                    59.92235969557019
                                ],
                                [
                                    10.758394002914429,
                                    59.92247261245664
                                ],
                                [
                                    10.757854878902435,
                                    59.92247261245666
                                ],
                                [
                                    10.75785219669342,
                                    59.92236238407194
                                ],
                                [
                                    10.75813114643097,
                                    59.92235969557019
                                ]
                            ]
                        ]
                    ],
                    "type": "MultiPolygon"
                },
                "station_id": "YOS:Station:551",
                "vehicle_types_available": [
                    {
                        "count": 0,
                        "vehicle_type_id": "YOS:VehicleType:bike"
                    },
                    {
                        "count": 0,
                        "vehicle_type_id": "YOS:VehicleType:ebike"
                    }
                ]
            },
            "type": "Feature"
        },
        {
            "geometry": {
                "coordinates": [
                    10.7625700380287,
                    59.908004655328924
                ],
                "type": "Point"
            },
            "properties": {
                "address": "Trelastgata 21",
                "capacity": 18,
                "cross_street": "ved Nordenga bru",
                "is_installed": true,
                "is_renting": true,
                "is_returning": true,
                "is_virtual_station": false,
                "last_reported": 1742982506,
                "name": "Trelastgata",
                "num_bikes_available": 15,
                "num_docks_available": 1,
                "rental_uris": {
                    "android": "oslobysykkel://stations/552",
                    "ios": "oslobysykkel://stations/552"
                },
                "station_area": {
                    "coordinates": [
                        [
                            [
                                [
                                    10.762763321399689,
                                    59.90787760963525
                                ],
                                [
                                    10.762856961613835,
                                    59.907937789786104
                                ],
                                [
                                    10.762351199476853,
                                    59.908156871272496
                                ],
                                [
                                    10.76222919211392,
                                    59.90807558524253
                                ],
                                [
                                    10.762689105556547,
                                    59.90785953742086
                                ],
                                [
                                    10.762714520247869,
                                    59.907849030552285
                                ],
                                [
                                    10.762763321399689,
                                    59.90787760963525
                                ]
                            ]
                        ]
                    ],
                    "type": "MultiPolygon"
                },
                "station_id": "YOS:Station:552",
                "vehicle_types_available": [
                    {
                        "count": 15,
                        "vehicle_type_id": "YOS:VehicleType:bike"
                    },
                    {
                        "count": 0,
                        "vehicle_type_id": "YOS:VehicleType:ebike"
                    }
                ]
            },
            "type": "Feature"
        },
        {
            "geometry": {
                "coordinates": [
                    10.751165,
                    59.952659
                ],
                "type": "Point"
            },
            "properties": {
                "address": "T\u00e5sen senter ved rundkj\u00f8ring",
                "capacity": 21,
                "cross_street": "ved Rolf Wickstr\u00f8ms vei",
                "is_installed": true,
                "is_renting": true,
                "is_returning": true,
                "is_virtual_station": false,
                "last_reported": 1742982506,
                "name": "T\u00e5sen Senter",
                "num_bikes_available": 0,
                "num_docks_available": 21,
                "rental_uris": {
                    "android": "oslobysykkel://stations/554",
                    "ios": "oslobysykkel://stations/554"
                },
                "station_area": {
                    "coordinates": [
                        [
                            [
                                [
                                    10.750985593633574,
                                    59.95256916847159
                                ],
                                [
                                    10.751527547836304,
                                    59.95267214185278
                                ],
                                [
                                    10.751447081565857,
                                    59.9527728684094
                                ],
                                [
                                    10.751101076602936,
                                    59.952699002297805
                                ],
                                [
                                    10.75098305940628,
                                    59.952637223241716
                                ],
                                [
                                    10.750985593633574,
                                    59.95256916847159
                                ]
                            ]
                        ]
                    ],
                    "type": "MultiPolygon"
                },
                "station_id": "YOS:Station:554",
                "vehicle_types_available": [
                    {
                        "count": 0,
                        "vehicle_type_id": "YOS:VehicleType:bike"
                    },
                    {
                        "count": 0,
                        "vehicle_type_id": "YOS:VehicleType:ebike"
                    }
                ]
            },
            "type": "Feature"
        },
        {
            "geometry": {
                "coordinates": [
                    10.7519299,
                    59.9337026
                ],
                "type": "Point"
            },
            "properties": {
                "address": "Colletts gate 64",
                "capacity": 15,
                "cross_street": "ved Colletts gate",
                "is_installed": true,
                "is_renting": true,
                "is_returning": true,
                "is_virtual_station": false,
                "last_reported": 1742982506,
                "name": "Griffenfeldts gate",
                "num_bikes_available": 0,
                "num_docks_available": 14,
                "rental_uris": {
                    "android": "oslobysykkel://stations/555",
                    "ios": "oslobysykkel://stations/555"
                },
                "station_area": {
                    "coordinates": [
                        [
                            [
                                [
                                    10.751893669366837,
                                    59.9335977462948
                                ],
                                [
                                    10.75214953695903,
                                    59.93360309000732
                                ],
                                [
                                    10.752152502536774,
                                    59.93374220401348
                                ],
                                [
                                    10.751646906137466,
                                    59.933752954330224
                                ],
                                [
                                    10.751614719629288,
                                    59.93360513717011
                                ],
                                [
                                    10.751893669366837,
                                    59.9335977462948
                                ]
                            ]
                        ]
                    ],
                    "type": "MultiPolygon"
                },
                "station_id": "YOS:Station:555",
                "vehicle_types_available": [
                    {
                        "count": 0,
                        "vehicle_type_id": "YOS:VehicleType:bike"
                    },
                    {
                        "count": 0,
                        "vehicle_type_id": "YOS:VehicleType:ebike"
                    }
                ]
            },
            "type": "Feature"
        },
        {
            "geometry": {
                "coordinates": [
                    10.7296246,
                    59.9262242
                ],
                "type": "Point"
            },
            "properties": {
                "address": "Pilestredet 75",
                "capacity": 18,
                "cross_street": "ved Sporveisgata",
                "is_installed": true,
                "is_renting": true,
                "is_returning": true,
                "is_virtual_station": false,
                "last_reported": 1742982506,
                "name": "Pilestredet",
                "num_bikes_available": 0,
                "num_docks_available": 18,
                "rental_uris": {
                    "android": "oslobysykkel://stations/556",
                    "ios": "oslobysykkel://stations/556"
                },
                "station_area": {
                    "coordinates": [
                        [
                            [
                                [
                                    10.72977692799111,
                                    59.926015070242705
                                ],
                                [
                                    10.730045735836027,
                                    59.92610187914726
                                ],
                                [
                                    10.729622533755048,
                                    59.92642169260308
                                ],
                                [
                                    10.72935833825656,
                                    59.92632201658533
                                ],
                                [
                                    10.72977692799111,
                                    59.926015070242705
                                ]
                            ]
                        ]
                    ],
                    "type": "MultiPolygon"
                },
                "station_id": "YOS:Station:556",
                "vehicle_types_available": [
                    {
                        "count": 0,
                        "vehicle_type_id": "YOS:VehicleType:bike"
                    },
                    {
                        "count": 0,
                        "vehicle_type_id": "YOS:VehicleType:ebike"
                    }
                ]
            },
            "type": "Feature"
        },
        {
            "geometry": {
                "coordinates": [
                    10.7277001,
                    59.910974
                ],
                "type": "Point"
            },
            "properties": {
                "address": "Dokkveien",
                "capacity": 15,
                "cross_street": "ved St\u00f8perigata",
                "is_installed": true,
                "is_renting": true,
                "is_returning": true,
                "is_virtual_station": false,
                "last_reported": 1742982506,
                "name": "Dokkveien",
                "num_bikes_available": 13,
                "num_docks_available": 2,
                "rental_uris": {
                    "android": "oslobysykkel://stations/558",
                    "ios": "oslobysykkel://stations/558"
                },
                "station_area": {
                    "coordinates": [
                        [
                            [
                                [
                                    10.727602074041272,
                                    59.91089739245034
                                ],
                                [
                                    10.727795362472534,
                                    59.91086032535808
                                ],
                                [
                                    10.72791600849314,
                                    59.91090410883515
                                ],
                                [
                                    10.727789206095906,
                                    59.91108418809657
                                ],
                                [
                                    10.727509379707215,
                                    59.91096195182008
                                ],
                                [
                                    10.727602074041272,
                                    59.91089739245034
                                ]
                            ]
                        ]
                    ],
                    "type": "MultiPolygon"
                },
                "station_id": "YOS:Station:558",
                "vehicle_types_available": [
                    {
                        "count": 13,
                        "vehicle_type_id": "YOS:VehicleType:bike"
                    },
                    {
                        "count": 0,
                        "vehicle_type_id": "YOS:VehicleType:ebike"
                    }
                ]
            },
            "type": "Feature"
        },
        {
            "geometry": {
                "coordinates": [
                    10.6760339,
                    59.923898
                ],
                "type": "Point"
            },
            "properties": {
                "address": "Hoffsveien 1E",
                "capacity": 18,
                "cross_street": "ved Tingstuveien",
                "is_installed": true,
                "is_renting": true,
                "is_returning": true,
                "is_virtual_station": false,
                "last_reported": 1742982506,
                "name": "Hoffsveien",
                "num_bikes_available": 1,
                "num_docks_available": 16,
                "rental_uris": {
                    "android": "oslobysykkel://stations/559",
                    "ios": "oslobysykkel://stations/559"
                },
                "station_area": {
                    "coordinates": [
                        [
                            [
                                [
                                    10.676244646310806,
                                    59.92373281948992
                                ],
                                [
                                    10.676382230005244,
                                    59.9237718752608
                                ],
                                [
                                    10.676161497831345,
                                    59.924023836498364
                                ],
                                [
                                    10.675878524780273,
                                    59.92397477376359
                                ],
                                [
                                    10.676091760396957,
                                    59.92372072172993
                                ],
                                [
                                    10.676244646310806,
                                    59.92373281948992
                                ]
                            ]
                        ]
                    ],
                    "type": "MultiPolygon"
                },
                "station_id": "YOS:Station:559",
                "vehicle_types_available": [
                    {
                        "count": 1,
                        "vehicle_type_id": "YOS:VehicleType:bike"
                    },
                    {
                        "count": 0,
                        "vehicle_type_id": "YOS:VehicleType:ebike"
                    }
                ]
            },
            "type": "Feature"
        },
        {
            "geometry": {
                "coordinates": [
                    10.710392,
                    59.945955
                ],
                "type": "Point"
            },
            "properties": {
                "address": "Gaustad T-bane",
                "capacity": 9,
                "cross_street": "langs Slemdalsveien",
                "is_installed": true,
                "is_renting": true,
                "is_returning": true,
                "is_virtual_station": false,
                "last_reported": 1742982506,
                "name": "Gaustad T-bane",
                "num_bikes_available": 0,
                "num_docks_available": 9,
                "rental_uris": {
                    "android": "oslobysykkel://stations/560",
                    "ios": "oslobysykkel://stations/560"
                },
                "station_area": {
                    "coordinates": [
                        [
                            [
                                [
                                    10.71029931306839,
                                    59.94591739199001
                                ],
                                [
                                    10.710438787937163,
                                    59.945898585833646
                                ],
                                [
                                    10.710588991641998,
                                    59.94606649756661
                                ],
                                [
                                    10.710449516773224,
                                    59.946090676786106
                                ],
                                [
                                    10.71029931306839,
                                    59.94591739199001
                                ]
                            ]
                        ]
                    ],
                    "type": "MultiPolygon"
                },
                "station_id": "YOS:Station:560",
                "vehicle_types_available": [
                    {
                        "count": 0,
                        "vehicle_type_id": "YOS:VehicleType:bike"
                    },
                    {
                        "count": 0,
                        "vehicle_type_id": "YOS:VehicleType:ebike"
                    }
                ]
            },
            "type": "Feature"
        },
        {
            "geometry": {
                "coordinates": [
                    10.726294394131088,
                    59.93347989334691
                ],
                "type": "Point"
            },
            "properties": {
                "address": "Kirkeveien 106A",
                "capacity": 24,
                "cross_street": "ved G\u00f8rbitz' gate",
                "is_installed": true,
                "is_renting": true,
                "is_returning": true,
                "is_virtual_station": false,
                "last_reported": 1742982506,
                "name": "Kirkeveien",
                "num_bikes_available": 0,
                "num_docks_available": 24,
                "rental_uris": {
                    "android": "oslobysykkel://stations/561",
                    "ios": "oslobysykkel://stations/561"
                },
                "station_area": {
                    "coordinates": [
                        [
                            [
                                [
                                    10.725919386653203,
                                    59.933401975332295
                                ],
                                [
                                    10.7261061785442,
                                    59.93332615573902
                                ],
                                [
                                    10.726513304453807,
                                    59.933565668262894
                                ],
                                [
                                    10.726331904852257,
                                    59.933645661795495
                                ],
                                [
                                    10.725919386653203,
                                    59.933401975332295
                                ]
                            ]
                        ]
                    ],
                    "type": "MultiPolygon"
                },
                "station_id": "YOS:Station:561",
                "vehicle_types_available": [
                    {
                        "count": 0,
                        "vehicle_type_id": "YOS:VehicleType:bike"
                    },
                    {
                        "count": 0,
                        "vehicle_type_id": "YOS:VehicleType:ebike"
                    }
                ]
            },
            "type": "Feature"
        },
        {
            "geometry": {
                "coordinates": [
                    10.7229003,
                    59.9126844
                ],
                "type": "Point"
            },
            "properties": {
                "address": "Huitfeldts gate 24",
                "capacity": 18,
                "cross_street": "ved Observatoriegata",
                "is_installed": true,
                "is_renting": true,
                "is_returning": true,
                "is_virtual_station": false,
                "last_reported": 1742982506,
                "name": "Huitfeldts gate",
                "num_bikes_available": 0,
                "num_docks_available": 18,
                "rental_uris": {
                    "android": "oslobysykkel://stations/563",
                    "ios": "oslobysykkel://stations/563"
                },
                "station_area": {
                    "coordinates": [
                        [
                            [
                                [
                                    10.722653567790985,
                                    59.912594964640626
                                ],
                                [
                                    10.722865462303162,
                                    59.912538489440266
                                ],
                                [
                                    10.723173916339874,
                                    59.9127711128626
                                ],
                                [
                                    10.72297543287277,
                                    59.91285179112546
                                ],
                                [
                                    10.722653567790985,
                                    59.912594964640626
                                ]
                            ]
                        ]
                    ],
                    "type": "MultiPolygon"
                },
                "station_id": "YOS:Station:563",
                "vehicle_types_available": [
                    {
                        "count": 0,
                        "vehicle_type_id": "YOS:VehicleType:bike"
                    },
                    {
                        "count": 0,
                        "vehicle_type_id": "YOS:VehicleType:ebike"
                    }
                ]
            },
            "type": "Feature"
        },
        {
            "geometry": {
                "coordinates": [
                    10.7272388,
                    59.9224222
                ],
                "type": "Point"
            },
            "properties": {
                "address": "Oscars gate - Hegdehaugsveien",
                "capacity": 30,
                "cross_street": "ved Hegdehaugsveien",
                "is_installed": true,
                "is_renting": true,
                "is_returning": true,
                "is_virtual_station": false,
                "last_reported": 1742982506,
                "name": "Oscars gate",
                "num_bikes_available": 0,
                "num_docks_available": 30,
                "rental_uris": {
                    "android": "oslobysykkel://stations/564",
                    "ios": "oslobysykkel://stations/564"
                },
                "station_area": {
                    "coordinates": [
                        [
                            [
                                [
                                    10.726977288722992,
                                    59.92228307317841
                                ],
                                [
                                    10.72752982378006,
                                    59.92243900628059
                                ],
                                [
                                    10.72739839553833,
                                    59.92253579197548
                                ],
                                [
                                    10.726843178272247,
                                    59.9223758265775
                                ],
                                [
                                    10.726977288722992,
                                    59.92228307317841
                                ]
                            ]
                        ]
                    ],
                    "type": "MultiPolygon"
                },
                "station_id": "YOS:Station:564",
                "vehicle_types_available": [
                    {
                        "count": 0,
                        "vehicle_type_id": "YOS:VehicleType:bike"
                    },
                    {
                        "count": 0,
                        "vehicle_type_id": "YOS:VehicleType:ebike"
                    }
                ]
            },
            "type": "Feature"
        },
        {
            "geometry": {
                "coordinates": [
                    10.7728203,
                    59.9309181
                ],
                "type": "Point"
            },
            "properties": {
                "address": "Mailundveien - Rosenhoffgata",
                "capacity": 18,
                "cross_street": "s\u00f8r for Torshovdalen",
                "is_installed": true,
                "is_renting": true,
                "is_returning": true,
                "is_virtual_station": false,
                "last_reported": 1742982506,
                "name": "Mailundveien",
                "num_bikes_available": 0,
                "num_docks_available": 18,
                "rental_uris": {
                    "android": "oslobysykkel://stations/565",
                    "ios": "oslobysykkel://stations/565"
                },
                "station_area": {
                    "coordinates": [
                        [
                            [
                                [
                                    10.772631168365479,
                                    59.93085830572494
                                ],
                                [
                                    10.773264169692993,
                                    59.9309241570851
                                ],
                                [
                                    10.773194432258606,
                                    59.93104510822239
                                ],
                                [
                                    10.772590935230255,
                                    59.930981944905724
                                ],
                                [
                                    10.772631168365479,
                                    59.93085830572494
                                ]
                            ]
                        ]
                    ],
                    "type": "MultiPolygon"
                },
                "station_id": "YOS:Station:565",
                "vehicle_types_available": [
                    {
                        "count": 0,
                        "vehicle_type_id": "YOS:VehicleType:bike"
                    },
                    {
                        "count": 0,
                        "vehicle_type_id": "YOS:VehicleType:ebike"
                    }
                ]
            },
            "type": "Feature"
        },
        {
            "geometry": {
                "coordinates": [
                    10.675499599893328,
                    59.92732814272898
                ],
                "type": "Point"
            },
            "properties": {
                "address": "Hoffsveien 22",
                "capacity": 24,
                "cross_street": "langs Hoffsveien",
                "is_installed": true,
                "is_renting": true,
                "is_returning": true,
                "is_virtual_station": false,
                "last_reported": 1742982506,
                "name": "Hoff terrasse holdeplass",
                "num_bikes_available": 1,
                "num_docks_available": 23,
                "rental_uris": {
                    "android": "oslobysykkel://stations/566",
                    "ios": "oslobysykkel://stations/566"
                },
                "station_area": {
                    "coordinates": [
                        [
                            [
                                [
                                    10.67560225725174,
                                    59.92712741109188
                                ],
                                [
                                    10.675499953472894,
                                    59.92714545473508
                                ],
                                [
                                    10.67554996450474,
                                    59.92716349837829
                                ],
                                [
                                    10.675514508566607,
                                    59.92719446082772
                                ],
                                [
                                    10.675518101078438,
                                    59.92721596720938
                                ],
                                [
                                    10.675453147696373,
                                    59.927449321253796
                                ],
                                [
                                    10.675340209491594,
                                    59.927416434724634
                                ],
                                [
                                    10.675385547655765,
                                    59.92743270322283
                                ],
                                [
                                    10.67537313795367,
                                    59.927442064462085
                                ],
                                [
                                    10.6753022812631,
                                    59.92742217710895
                                ],
                                [
                                    10.675283191955742,
                                    59.92741958614519
                                ],
                                [
                                    10.675406455993652,
                                    59.9272866811359
                                ],
                                [
                                    10.67544937133789,
                                    59.92711934674417
                                ],
                                [
                                    10.67560225725174,
                                    59.92712741109188
                                ]
                            ]
                        ]
                    ],
                    "type": "MultiPolygon"
                },
                "station_id": "YOS:Station:566",
                "vehicle_types_available": [
                    {
                        "count": 1,
                        "vehicle_type_id": "YOS:VehicleType:bike"
                    },
                    {
                        "count": 0,
                        "vehicle_type_id": "YOS:VehicleType:ebike"
                    }
                ]
            },
            "type": "Feature"
        },
        {
            "geometry": {
                "coordinates": [
                    10.713867957672134,
                    59.945450633702556
                ],
                "type": "Point"
            },
            "properties": {
                "address": "Forskningsveien 1",
                "capacity": 39,
                "cross_street": "ved SINTEF",
                "is_installed": true,
                "is_renting": true,
                "is_returning": true,
                "is_virtual_station": false,
                "last_reported": 1742982506,
                "name": "Forskningsveien",
                "num_bikes_available": 3,
                "num_docks_available": 36,
                "rental_uris": {
                    "android": "oslobysykkel://stations/567",
                    "ios": "oslobysykkel://stations/567"
                },
                "station_area": {
                    "coordinates": [
                        [
                            [
                                [
                                    10.71342945098877,
                                    59.94543648835369
                                ],
                                [
                                    10.71414828300476,
                                    59.945276633365516
                                ],
                                [
                                    10.714303851127625,
                                    59.94542574182407
                                ],
                                [
                                    10.713536739349365,
                                    59.94559768588054
                                ],
                                [
                                    10.71342945098877,
                                    59.94543648835369
                                ]
                            ]
                        ]
                    ],
                    "type": "MultiPolygon"
                },
                "station_id": "YOS:Station:567",
                "vehicle_types_available": [
                    {
                        "count": 3,
                        "vehicle_type_id": "YOS:VehicleType:bike"
                    },
                    {
                        "count": 0,
                        "vehicle_type_id": "YOS:VehicleType:ebike"
                    }
                ]
            },
            "type": "Feature"
        },
        {
            "geometry": {
                "coordinates": [
                    10.7128796,
                    59.9170851
                ],
                "type": "Point"
            },
            "properties": {
                "address": "Frognerveien 15",
                "capacity": 15,
                "cross_street": "ved Vestheimgata",
                "is_installed": true,
                "is_renting": true,
                "is_returning": true,
                "is_virtual_station": false,
                "last_reported": 1742982506,
                "name": "Frognerveien",
                "num_bikes_available": 1,
                "num_docks_available": 14,
                "rental_uris": {
                    "android": "oslobysykkel://stations/568",
                    "ios": "oslobysykkel://stations/568"
                },
                "station_area": {
                    "coordinates": [
                        [
                            [
                                [
                                    10.712850132750987,
                                    59.91696746213466
                                ],
                                [
                                    10.712969928042071,
                                    59.916962807793055
                                ],
                                [
                                    10.71303915870402,
                                    59.91698685952441
                                ],
                                [
                                    10.712930560112,
                                    59.917209470614125
                                ],
                                [
                                    10.712754045867824,
                                    59.91718049696036
                                ],
                                [
                                    10.712850132750987,
                                    59.91696746213466
                                ]
                            ]
                        ]
                    ],
                    "type": "MultiPolygon"
                },
                "station_id": "YOS:Station:568",
                "vehicle_types_available": [
                    {
                        "count": 1,
                        "vehicle_type_id": "YOS:VehicleType:bike"
                    },
                    {
                        "count": 0,
                        "vehicle_type_id": "YOS:VehicleType:ebike"
                    }
                ]
            },
            "type": "Feature"
        },
        {
            "geometry": {
                "coordinates": [
                    10.766373769557958,
                    59.91783548782385
                ],
                "type": "Point"
            },
            "properties": {
                "address": "Sars gate",
                "capacity": 30,
                "cross_street": "ved Sars' gate",
                "is_installed": true,
                "is_renting": true,
                "is_returning": true,
                "is_virtual_station": false,
                "last_reported": 1742982506,
                "name": "Botanisk hage s\u00f8r-vest",
                "num_bikes_available": 1,
                "num_docks_available": 29,
                "rental_uris": {
                    "android": "oslobysykkel://stations/569",
                    "ios": "oslobysykkel://stations/569"
                },
                "station_area": {
                    "coordinates": [
                        [
                            [
                                [
                                    10.766159824452359,
                                    59.917777447975446
                                ],
                                [
                                    10.76632880011988,
                                    59.91770049984949
                                ],
                                [
                                    10.766689865505754,
                                    59.91793422855256
                                ],
                                [
                                    10.766500046964183,
                                    59.91800372329934
                                ],
                                [
                                    10.766159824452359,
                                    59.917777447975446
                                ]
                            ]
                        ]
                    ],
                    "type": "MultiPolygon"
                },
                "station_id": "YOS:Station:569",
                "vehicle_types_available": [
                    {
                        "count": 1,
                        "vehicle_type_id": "YOS:VehicleType:bike"
                    },
                    {
                        "count": 0,
                        "vehicle_type_id": "YOS:VehicleType:ebike"
                    }
                ]
            },
            "type": "Feature"
        },
        {
            "geometry": {
                "coordinates": [
                    10.7096985,
                    59.9347352
                ],
                "type": "Point"
            },
            "properties": {
                "address": "Slemdalsveien 28",
                "capacity": 15,
                "cross_street": "langs Slemdalsveien",
                "is_installed": true,
                "is_renting": true,
                "is_returning": true,
                "is_virtual_station": false,
                "last_reported": 1742982506,
                "name": "Fr\u00f8en T-bane",
                "num_bikes_available": 0,
                "num_docks_available": 15,
                "rental_uris": {
                    "android": "oslobysykkel://stations/570",
                    "ios": "oslobysykkel://stations/570"
                },
                "station_area": {
                    "coordinates": [
                        [
                            [
                                [
                                    10.7095398071647,
                                    59.93466263725888
                                ],
                                [
                                    10.709781646728516,
                                    59.93465798412327
                                ],
                                [
                                    10.70981115102768,
                                    59.9349200148653
                                ],
                                [
                                    10.70961132645607,
                                    59.93492740544589
                                ],
                                [
                                    10.70957199367288,
                                    59.93476879353767
                                ],
                                [
                                    10.7095398071647,
                                    59.93466263725888
                                ]
                            ]
                        ]
                    ],
                    "type": "MultiPolygon"
                },
                "station_id": "YOS:Station:570",
                "vehicle_types_available": [
                    {
                        "count": 0,
                        "vehicle_type_id": "YOS:VehicleType:bike"
                    },
                    {
                        "count": 0,
                        "vehicle_type_id": "YOS:VehicleType:ebike"
                    }
                ]
            },
            "type": "Feature"
        },
        {
            "geometry": {
                "coordinates": [
                    10.7407129,
                    59.9101207
                ],
                "type": "Point"
            },
            "properties": {
                "address": "Nedre Slottsgate 4",
                "capacity": 21,
                "cross_street": "langs Nedre Slottsgate",
                "is_installed": true,
                "is_renting": true,
                "is_returning": true,
                "is_virtual_station": false,
                "last_reported": 1742982506,
                "name": "Over R\u00e5dhusgata",
                "num_bikes_available": 5,
                "num_docks_available": 16,
                "rental_uris": {
                    "android": "oslobysykkel://stations/571",
                    "ios": "oslobysykkel://stations/571"
                },
                "station_area": {
                    "coordinates": [
                        [
                            [
                                [
                                    10.740533823552314,
                                    59.91003116847159
                                ],
                                [
                                    10.740645825862885,
                                    59.910009108745605
                                ],
                                [
                                    10.740865767002106,
                                    59.91022426824428
                                ],
                                [
                                    10.74073165655136,
                                    59.9102444393758
                                ],
                                [
                                    10.740533823552314,
                                    59.91003116847159
                                ]
                            ]
                        ]
                    ],
                    "type": "MultiPolygon"
                },
                "station_id": "YOS:Station:571",
                "vehicle_types_available": [
                    {
                        "count": 5,
                        "vehicle_type_id": "YOS:VehicleType:bike"
                    },
                    {
                        "count": 0,
                        "vehicle_type_id": "YOS:VehicleType:ebike"
                    }
                ]
            },
            "type": "Feature"
        },
        {
            "geometry": {
                "coordinates": [
                    10.679579749668129,
                    59.92226850808104
                ],
                "type": "Point"
            },
            "properties": {
                "address": "Sk\u00f8yen (under bro)",
                "capacity": 40,
                "cross_street": "under broen",
                "is_installed": true,
                "is_renting": true,
                "is_returning": true,
                "is_virtual_station": false,
                "last_reported": 1742982506,
                "name": "Sk\u00f8yen",
                "num_bikes_available": 15,
                "num_docks_available": 25,
                "rental_uris": {
                    "android": "oslobysykkel://stations/572",
                    "ios": "oslobysykkel://stations/572"
                },
                "station_area": {
                    "coordinates": [
                        [
                            [
                                [
                                    10.679343938827515,
                                    59.92200077862939
                                ],
                                [
                                    10.679443180561066,
                                    59.921985991705874
                                ],
                                [
                                    10.679968893527985,
                                    59.92232944991039
                                ],
                                [
                                    10.67957729101181,
                                    59.922461858484155
                                ],
                                [
                                    10.6790891289711,
                                    59.92208815577023
                                ],
                                [
                                    10.679233968257904,
                                    59.92203438524923
                                ],
                                [
                                    10.679343938827515,
                                    59.92200077862939
                                ]
                            ]
                        ]
                    ],
                    "type": "MultiPolygon"
                },
                "station_id": "YOS:Station:572",
                "vehicle_types_available": [
                    {
                        "count": 15,
                        "vehicle_type_id": "YOS:VehicleType:bike"
                    },
                    {
                        "count": 0,
                        "vehicle_type_id": "YOS:VehicleType:ebike"
                    }
                ]
            },
            "type": "Feature"
        },
        {
            "geometry": {
                "coordinates": [
                    10.735113005880237,
                    59.911776299209265
                ],
                "type": "Point"
            },
            "properties": {
                "address": "Tordenskiolds gate 12",
                "capacity": 24,
                "cross_street": "ved R\u00e5dhusgata",
                "is_installed": true,
                "is_renting": true,
                "is_returning": true,
                "is_virtual_station": false,
                "last_reported": 1742982506,
                "name": "Tordenskiolds gate",
                "num_bikes_available": 7,
                "num_docks_available": 17,
                "rental_uris": {
                    "android": "oslobysykkel://stations/573",
                    "ios": "oslobysykkel://stations/573"
                },
                "station_area": {
                    "coordinates": [
                        [
                            [
                                [
                                    10.734900859952205,
                                    59.91169752759671
                                ],
                                [
                                    10.735065921890993,
                                    59.91166242527677
                                ],
                                [
                                    10.735252969350654,
                                    59.911877157493215
                                ],
                                [
                                    10.735110733974322,
                                    59.91191862843072
                                ],
                                [
                                    10.734900859952205,
                                    59.91169752759671
                                ]
                            ]
                        ]
                    ],
                    "type": "MultiPolygon"
                },
                "station_id": "YOS:Station:573",
                "vehicle_types_available": [
                    {
                        "count": 7,
                        "vehicle_type_id": "YOS:VehicleType:bike"
                    },
                    {
                        "count": 0,
                        "vehicle_type_id": "YOS:VehicleType:ebike"
                    }
                ]
            },
            "type": "Feature"
        },
        {
            "geometry": {
                "coordinates": [
                    10.7609998,
                    59.9107393
                ],
                "type": "Point"
            },
            "properties": {
                "address": "Annette Thommesens Plass",
                "capacity": 12,
                "cross_street": "langs Schweigaards gate",
                "is_installed": true,
                "is_renting": true,
                "is_returning": true,
                "is_virtual_station": false,
                "last_reported": 1742982506,
                "name": "Annette Thommessens Plass",
                "num_bikes_available": 11,
                "num_docks_available": 1,
                "rental_uris": {
                    "android": "oslobysykkel://stations/574",
                    "ios": "oslobysykkel://stations/574"
                },
                "station_area": {
                    "coordinates": [
                        [
                            [
                                [
                                    10.76071947813034,
                                    59.910732577021456
                                ],
                                [
                                    10.761105716228485,
                                    59.91065054888296
                                ],
                                [
                                    10.761191546916962,
                                    59.91072854285544
                                ],
                                [
                                    10.760762393474588,
                                    59.9108240179861
                                ],
                                [
                                    10.76071947813034,
                                    59.910732577021456
                                ]
                            ]
                        ]
                    ],
                    "type": "MultiPolygon"
                },
                "station_id": "YOS:Station:574",
                "vehicle_types_available": [
                    {
                        "count": 11,
                        "vehicle_type_id": "YOS:VehicleType:bike"
                    },
                    {
                        "count": 0,
                        "vehicle_type_id": "YOS:VehicleType:ebike"
                    }
                ]
            },
            "type": "Feature"
        },
        {
            "geometry": {
                "coordinates": [
                    10.732569703704815,
                    59.94743324225673
                ],
                "type": "Point"
            },
            "properties": {
                "address": "Sognsveien ved Ullev\u00e5l T-bane",
                "capacity": 30,
                "cross_street": "ved Ullev\u00e5l Stadion T-bane",
                "is_installed": true,
                "is_renting": true,
                "is_returning": true,
                "is_virtual_station": false,
                "last_reported": 1742982506,
                "name": "Sognsveien",
                "num_bikes_available": 0,
                "num_docks_available": 28,
                "rental_uris": {
                    "android": "oslobysykkel://stations/575",
                    "ios": "oslobysykkel://stations/575"
                },
                "station_area": {
                    "coordinates": [
                        [
                            [
                                [
                                    10.732692858727233,
                                    59.94732295861246
                                ],
                                [
                                    10.732761630274329,
                                    59.947330574890465
                                ],
                                [
                                    10.732627724488623,
                                    59.94765315065728
                                ],
                                [
                                    10.732381794917444,
                                    59.94763361216003
                                ],
                                [
                                    10.73251964595363,
                                    59.94730417502828
                                ],
                                [
                                    10.73260985882473,
                                    59.94731428926835
                                ],
                                [
                                    10.732692858727233,
                                    59.94732295861246
                                ]
                            ]
                        ]
                    ],
                    "type": "MultiPolygon"
                },
                "station_id": "YOS:Station:575",
                "vehicle_types_available": [
                    {
                        "count": 0,
                        "vehicle_type_id": "YOS:VehicleType:bike"
                    },
                    {
                        "count": 0,
                        "vehicle_type_id": "YOS:VehicleType:ebike"
                    }
                ]
            },
            "type": "Feature"
        },
        {
            "geometry": {
                "coordinates": [
                    10.747281829592453,
                    59.911392299457006
                ],
                "type": "Point"
            },
            "properties": {
                "address": "Dronningens gate 25",
                "capacity": 18,
                "cross_street": "s\u00f8r for Karl Johan",
                "is_installed": false,
                "is_renting": false,
                "is_returning": false,
                "is_virtual_station": false,
                "last_reported": 1742982506,
                "name": "Dronningens gate",
                "num_bikes_available": 0,
                "num_docks_available": 18,
                "rental_uris": {
                    "android": "oslobysykkel://stations/576",
                    "ios": "oslobysykkel://stations/576"
                },
                "station_area": {
                    "coordinates": [
                        [
                            [
                                [
                                    10.747209470346547,
                                    59.91124083007485
                                ],
                                [
                                    10.747489362852434,
                                    59.9115414840419
                                ],
                                [
                                    10.747447390276648,
                                    59.911551683788225
                                ],
                                [
                                    10.747410356998444,
                                    59.911561587734575
                                ],
                                [
                                    10.747345983982086,
                                    59.91157705164698
                                ],
                                [
                                    10.747135709598638,
                                    59.91136454236705
                                ],
                                [
                                    10.7470927942544,
                                    59.91131949500971
                                ],
                                [
                                    10.747052561119176,
                                    59.91127982639068
                                ],
                                [
                                    10.747157167270757,
                                    59.91125293238469
                                ],
                                [
                                    10.747209470346547,
                                    59.91124083007485
                                ]
                            ]
                        ]
                    ],
                    "type": "MultiPolygon"
                },
                "station_id": "YOS:Station:576",
                "vehicle_types_available": [
                    {
                        "count": 0,
                        "vehicle_type_id": "YOS:VehicleType:bike"
                    },
                    {
                        "count": 0,
                        "vehicle_type_id": "YOS:VehicleType:ebike"
                    }
                ]
            },
            "type": "Feature"
        },
        {
            "geometry": {
                "coordinates": [
                    10.7480527,
                    59.9121472
                ],
                "type": "Point"
            },
            "properties": {
                "address": "Dronningens gate ved Arkaden II",
                "capacity": 30,
                "cross_street": "langs Dronningens gate",
                "is_installed": true,
                "is_renting": true,
                "is_returning": true,
                "is_virtual_station": false,
                "last_reported": 1742982506,
                "name": "Arkaden Nord",
                "num_bikes_available": 29,
                "num_docks_available": 0,
                "rental_uris": {
                    "android": "oslobysykkel://stations/577",
                    "ios": "oslobysykkel://stations/577"
                },
                "station_area": {
                    "coordinates": [
                        [
                            [
                                [
                                    10.74787381261735,
                                    59.91205716847159
                                ],
                                [
                                    10.747987031936646,
                                    59.912038276328836
                                ],
                                [
                                    10.74824720621109,
                                    59.912291073144424
                                ],
                                [
                                    10.748156011104584,
                                    59.91231527699385
                                ],
                                [
                                    10.74787381261735,
                                    59.91205716847159
                                ]
                            ]
                        ]
                    ],
                    "type": "MultiPolygon"
                },
                "station_id": "YOS:Station:577",
                "vehicle_types_available": [
                    {
                        "count": 29,
                        "vehicle_type_id": "YOS:VehicleType:bike"
                    },
                    {
                        "count": 0,
                        "vehicle_type_id": "YOS:VehicleType:ebike"
                    }
                ]
            },
            "type": "Feature"
        },
        {
            "geometry": {
                "coordinates": [
                    10.738655,
                    59.922777
                ],
                "type": "Point"
            },
            "properties": {
                "address": "Hallings gate 2",
                "capacity": 24,
                "cross_street": "langs Dalsbergstien",
                "is_installed": true,
                "is_renting": true,
                "is_returning": true,
                "is_virtual_station": false,
                "last_reported": 1742982506,
                "name": "Hallings gate",
                "num_bikes_available": 0,
                "num_docks_available": 24,
                "rental_uris": {
                    "android": "oslobysykkel://stations/578",
                    "ios": "oslobysykkel://stations/578"
                },
                "station_area": {
                    "coordinates": [
                        [
                            [
                                [
                                    10.738359242677689,
                                    59.92263929858677
                                ],
                                [
                                    10.73844775557518,
                                    59.92264803614309
                                ],
                                [
                                    10.73844775557518,
                                    59.922648708262685
                                ],
                                [
                                    10.738758891820908,
                                    59.9227212971016
                                ],
                                [
                                    10.738895684480667,
                                    59.922744149110635
                                ],
                                [
                                    10.738933235406876,
                                    59.92286244161153
                                ],
                                [
                                    10.738675743341446,
                                    59.92290344061856
                                ],
                                [
                                    10.738268047571182,
                                    59.922706510499154
                                ],
                                [
                                    10.738359242677689,
                                    59.92263929858677
                                ]
                            ]
                        ]
                    ],
                    "type": "MultiPolygon"
                },
                "station_id": "YOS:Station:578",
                "vehicle_types_available": [
                    {
                        "count": 0,
                        "vehicle_type_id": "YOS:VehicleType:bike"
                    },
                    {
                        "count": 0,
                        "vehicle_type_id": "YOS:VehicleType:ebike"
                    }
                ]
            },
            "type": "Feature"
        },
        {
            "geometry": {
                "coordinates": [
                    10.724628,
                    59.924732
                ],
                "type": "Point"
            },
            "properties": {
                "address": "Bogstadveien",
                "capacity": 18,
                "cross_street": "ved Sporveisgata",
                "is_installed": true,
                "is_renting": true,
                "is_returning": true,
                "is_virtual_station": false,
                "last_reported": 1742982506,
                "name": "Bogstadveien",
                "num_bikes_available": 0,
                "num_docks_available": 18,
                "rental_uris": {
                    "android": "oslobysykkel://stations/579",
                    "ios": "oslobysykkel://stations/579"
                },
                "station_area": {
                    "coordinates": [
                        [
                            [
                                [
                                    10.72451032698194,
                                    59.92463453825711
                                ],
                                [
                                    10.724854320287392,
                                    59.92478978823488
                                ],
                                [
                                    10.724724233150056,
                                    59.92485128315341
                                ],
                                [
                                    10.724385157227147,
                                    59.92468998476141
                                ],
                                [
                                    10.72451032698194,
                                    59.92463453825711
                                ]
                            ]
                        ]
                    ],
                    "type": "MultiPolygon"
                },
                "station_id": "YOS:Station:579",
                "vehicle_types_available": [
                    {
                        "count": 0,
                        "vehicle_type_id": "YOS:VehicleType:bike"
                    },
                    {
                        "count": 0,
                        "vehicle_type_id": "YOS:VehicleType:ebike"
                    }
                ]
            },
            "type": "Feature"
        },
        {
            "geometry": {
                "coordinates": [
                    10.723002619643406,
                    59.939025551395765
                ],
                "type": "Point"
            },
            "properties": {
                "address": "Moltke Moes vei 37",
                "capacity": 45,
                "cross_street": "ved Moltke Moes vei",
                "is_installed": true,
                "is_renting": true,
                "is_returning": true,
                "is_virtual_station": false,
                "last_reported": 1742982506,
                "name": "Georg Morgenstiernes hus",
                "num_bikes_available": 0,
                "num_docks_available": 45,
                "rental_uris": {
                    "android": "oslobysykkel://stations/580",
                    "ios": "oslobysykkel://stations/580"
                },
                "station_area": {
                    "coordinates": [
                        [
                            [
                                [
                                    10.722658932209015,
                                    59.938893893998106
                                ],
                                [
                                    10.722921788692474,
                                    59.938794468848975
                                ],
                                [
                                    10.723490417003632,
                                    59.93912095842358
                                ],
                                [
                                    10.723157823085785,
                                    59.93923516183694
                                ],
                                [
                                    10.722599923610687,
                                    59.93891673486864
                                ],
                                [
                                    10.722658932209015,
                                    59.938893893998106
                                ]
                            ]
                        ]
                    ],
                    "type": "MultiPolygon"
                },
                "station_id": "YOS:Station:580",
                "vehicle_types_available": [
                    {
                        "count": 0,
                        "vehicle_type_id": "YOS:VehicleType:bike"
                    },
                    {
                        "count": 0,
                        "vehicle_type_id": "YOS:VehicleType:ebike"
                    }
                ]
            },
            "type": "Feature"
        },
        {
            "geometry": {
                "coordinates": [
                    10.781088,
                    59.908227
                ],
                "type": "Point"
            },
            "properties": {
                "address": "Galgeberg 3G",
                "capacity": 24,
                "cross_street": "ved Galgeberg busstopp",
                "is_installed": true,
                "is_renting": true,
                "is_returning": true,
                "is_virtual_station": false,
                "last_reported": 1742982506,
                "name": "Jordalgata",
                "num_bikes_available": 16,
                "num_docks_available": 8,
                "rental_uris": {
                    "android": "oslobysykkel://stations/581",
                    "ios": "oslobysykkel://stations/581"
                },
                "station_area": {
                    "coordinates": [
                        [
                            [
                                [
                                    10.780760943889618,
                                    59.908104886404864
                                ],
                                [
                                    10.781369805335999,
                                    59.90821919661823
                                ],
                                [
                                    10.781253755181512,
                                    59.908339693456604
                                ],
                                [
                                    10.780663043260574,
                                    59.90823600691044
                                ],
                                [
                                    10.780714005231857,
                                    59.90816742086442
                                ],
                                [
                                    10.780760943889618,
                                    59.908104886404864
                                ]
                            ]
                        ]
                    ],
                    "type": "MultiPolygon"
                },
                "station_id": "YOS:Station:581",
                "vehicle_types_available": [
                    {
                        "count": 16,
                        "vehicle_type_id": "YOS:VehicleType:bike"
                    },
                    {
                        "count": 0,
                        "vehicle_type_id": "YOS:VehicleType:ebike"
                    }
                ]
            },
            "type": "Feature"
        },
        {
            "geometry": {
                "coordinates": [
                    10.750775120272449,
                    59.94114763297182
                ],
                "type": "Point"
            },
            "properties": {
                "address": "Stavangergata 1",
                "capacity": 30,
                "cross_street": "ved Uelands gate",
                "is_installed": true,
                "is_renting": true,
                "is_returning": true,
                "is_virtual_station": false,
                "last_reported": 1742982506,
                "name": "Stavangergata",
                "num_bikes_available": 0,
                "num_docks_available": 29,
                "rental_uris": {
                    "android": "oslobysykkel://stations/582",
                    "ios": "oslobysykkel://stations/582"
                },
                "station_area": {
                    "coordinates": [
                        [
                            [
                                [
                                    10.750409066677094,
                                    59.94099250123991
                                ],
                                [
                                    10.751316994428635,
                                    59.94121014688617
                                ],
                                [
                                    10.751154720783234,
                                    59.94135860189327
                                ],
                                [
                                    10.750269591808317,
                                    59.94113625500596
                                ],
                                [
                                    10.750409066677094,
                                    59.94099250123991
                                ]
                            ]
                        ]
                    ],
                    "type": "MultiPolygon"
                },
                "station_id": "YOS:Station:582",
                "vehicle_types_available": [
                    {
                        "count": 0,
                        "vehicle_type_id": "YOS:VehicleType:bike"
                    },
                    {
                        "count": 0,
                        "vehicle_type_id": "YOS:VehicleType:ebike"
                    }
                ]
            },
            "type": "Feature"
        },
        {
            "geometry": {
                "coordinates": [
                    10.779164402446728,
                    59.90707579234818
                ],
                "type": "Point"
            },
            "properties": {
                "address": "St Halvards gate 57A",
                "capacity": 18,
                "cross_street": "langs St. Halvards gate",
                "is_installed": true,
                "is_renting": true,
                "is_returning": true,
                "is_virtual_station": false,
                "last_reported": 1742982506,
                "name": "Galgeberg",
                "num_bikes_available": 0,
                "num_docks_available": 18,
                "rental_uris": {
                    "android": "oslobysykkel://stations/583",
                    "ios": "oslobysykkel://stations/583"
                },
                "station_area": {
                    "coordinates": [
                        [
                            [
                                [
                                    10.77925756573677,
                                    59.907019592186394
                                ],
                                [
                                    10.779543220996857,
                                    59.90709624981965
                                ],
                                [
                                    10.779389160145284,
                                    59.90718983152841
                                ],
                                [
                                    10.778876692056656,
                                    59.90704648962173
                                ],
                                [
                                    10.778996050357819,
                                    59.90694158950065
                                ],
                                [
                                    10.77925756573677,
                                    59.907019592186394
                                ]
                            ]
                        ]
                    ],
                    "type": "MultiPolygon"
                },
                "station_id": "YOS:Station:583",
                "vehicle_types_available": [
                    {
                        "count": 0,
                        "vehicle_type_id": "YOS:VehicleType:bike"
                    },
                    {
                        "count": 0,
                        "vehicle_type_id": "YOS:VehicleType:ebike"
                    }
                ]
            },
            "type": "Feature"
        },
        {
            "geometry": {
                "coordinates": [
                    10.7207894,
                    59.9268942
                ],
                "type": "Point"
            },
            "properties": {
                "address": "Henrik Wergelands alle",
                "capacity": 35,
                "cross_street": "ved Bogstadveien",
                "is_installed": true,
                "is_renting": true,
                "is_returning": true,
                "is_virtual_station": false,
                "last_reported": 1742982506,
                "name": "Henrik Wergelands all\u00e9",
                "num_bikes_available": 1,
                "num_docks_available": 34,
                "rental_uris": {
                    "android": "oslobysykkel://stations/584",
                    "ios": "oslobysykkel://stations/584"
                },
                "station_area": {
                    "coordinates": [
                        [
                            [
                                [
                                    10.720794796943663,
                                    59.92680080344094
                                ],
                                [
                                    10.72113811969757,
                                    59.92696074750712
                                ],
                                [
                                    10.72101205587387,
                                    59.92703870315904
                                ],
                                [
                                    10.720641911029816,
                                    59.92689354421188
                                ],
                                [
                                    10.720794796943663,
                                    59.92680080344094
                                ]
                            ]
                        ]
                    ],
                    "type": "MultiPolygon"
                },
                "station_id": "YOS:Station:584",
                "vehicle_types_available": [
                    {
                        "count": 1,
                        "vehicle_type_id": "YOS:VehicleType:bike"
                    },
                    {
                        "count": 0,
                        "vehicle_type_id": "YOS:VehicleType:ebike"
                    }
                ]
            },
            "type": "Feature"
        },
        {
            "geometry": {
                "coordinates": [
                    10.769121495700826,
                    59.9294565845173
                ],
                "type": "Point"
            },
            "properties": {
                "address": "K\u00f8benhavngata busstopp",
                "capacity": 27,
                "cross_street": "ved Fagerheim tennisklubb",
                "is_installed": true,
                "is_renting": true,
                "is_returning": true,
                "is_virtual_station": false,
                "last_reported": 1742982506,
                "name": "K\u00f8benhavngata busstopp",
                "num_bikes_available": 0,
                "num_docks_available": 27,
                "rental_uris": {
                    "android": "oslobysykkel://stations/586",
                    "ios": "oslobysykkel://stations/586"
                },
                "station_area": {
                    "coordinates": [
                        [
                            [
                                [
                                    10.769345462322235,
                                    59.92930740120465
                                ],
                                [
                                    10.769416111659575,
                                    59.929401296063574
                                ],
                                [
                                    10.768910944461823,
                                    59.92964876769501
                                ],
                                [
                                    10.768658816814423,
                                    59.92953184334778
                                ],
                                [
                                    10.769208669662476,
                                    59.92925633032529
                                ],
                                [
                                    10.769345462322235,
                                    59.92930740120465
                                ]
                            ]
                        ]
                    ],
                    "type": "MultiPolygon"
                },
                "station_id": "YOS:Station:586",
                "vehicle_types_available": [
                    {
                        "count": 0,
                        "vehicle_type_id": "YOS:VehicleType:bike"
                    },
                    {
                        "count": 0,
                        "vehicle_type_id": "YOS:VehicleType:ebike"
                    }
                ]
            },
            "type": "Feature"
        },
        {
            "geometry": {
                "coordinates": [
                    10.7184345,
                    59.9180141
                ],
                "type": "Point"
            },
            "properties": {
                "address": "Meltzers gate ved Skovveien",
                "capacity": 21,
                "cross_street": "langs Skovveien",
                "is_installed": true,
                "is_renting": true,
                "is_returning": true,
                "is_virtual_station": false,
                "last_reported": 1742982506,
                "name": "Meltzers gate",
                "num_bikes_available": 0,
                "num_docks_available": 21,
                "rental_uris": {
                    "android": "oslobysykkel://stations/588",
                    "ios": "oslobysykkel://stations/588"
                },
                "station_area": {
                    "coordinates": [
                        [
                            [
                                [
                                    10.718254745006561,
                                    59.91790454893071
                                ],
                                [
                                    10.718362033367157,
                                    59.91787093812846
                                ],
                                [
                                    10.718697309494017,
                                    59.918082013402156
                                ],
                                [
                                    10.718581974506378,
                                    59.918108901875684
                                ],
                                [
                                    10.718254745006561,
                                    59.91790454893071
                                ]
                            ]
                        ]
                    ],
                    "type": "MultiPolygon"
                },
                "station_id": "YOS:Station:588",
                "vehicle_types_available": [
                    {
                        "count": 0,
                        "vehicle_type_id": "YOS:VehicleType:bike"
                    },
                    {
                        "count": 0,
                        "vehicle_type_id": "YOS:VehicleType:ebike"
                    }
                ]
            },
            "type": "Feature"
        },
        {
            "geometry": {
                "coordinates": [
                    10.674403950323182,
                    59.89853221724158
                ],
                "type": "Point"
            },
            "properties": {
                "address": "Huk",
                "capacity": 27,
                "cross_street": "stativ n\u00e6rmest busstopp (markert 1)",
                "is_installed": true,
                "is_renting": true,
                "is_returning": true,
                "is_virtual_station": false,
                "last_reported": 1742982506,
                "name": "Huk 1",
                "num_bikes_available": 13,
                "num_docks_available": 14,
                "rental_uris": {
                    "android": "oslobysykkel://stations/589",
                    "ios": "oslobysykkel://stations/589"
                },
                "station_area": {
                    "coordinates": [
                        [
                            [
                                [
                                    10.674236203869071,
                                    59.89851901216937
                                ],
                                [
                                    10.67492511297786,
                                    59.898427755518334
                                ],
                                [
                                    10.674945828551529,
                                    59.89859970074541
                                ],
                                [
                                    10.674209819935328,
                                    59.898622115715106
                                ],
                                [
                                    10.674236203869071,
                                    59.89851901216937
                                ]
                            ]
                        ]
                    ],
                    "type": "MultiPolygon"
                },
                "station_id": "YOS:Station:589",
                "vehicle_types_available": [
                    {
                        "count": 13,
                        "vehicle_type_id": "YOS:VehicleType:bike"
                    },
                    {
                        "count": 0,
                        "vehicle_type_id": "YOS:VehicleType:ebike"
                    }
                ]
            },
            "type": "Feature"
        },
        {
            "geometry": {
                "coordinates": [
                    10.7136816,
                    59.9294351
                ],
                "type": "Point"
            },
            "properties": {
                "address": "Majorstua skole",
                "capacity": 40,
                "cross_street": "langs Bogstadveien",
                "is_installed": true,
                "is_renting": true,
                "is_returning": true,
                "is_virtual_station": false,
                "last_reported": 1742982506,
                "name": "Majorstua skole",
                "num_bikes_available": 0,
                "num_docks_available": 40,
                "rental_uris": {
                    "android": "oslobysykkel://stations/590",
                    "ios": "oslobysykkel://stations/590"
                },
                "station_area": {
                    "coordinates": [
                        [
                            [
                                [
                                    10.71352869272232,
                                    59.92944045391585
                                ],
                                [
                                    10.713858604431152,
                                    59.92926977003801
                                ],
                                [
                                    10.713960528373718,
                                    59.92930874517409
                                ],
                                [
                                    10.713625252246857,
                                    59.92948077281392
                                ],
                                [
                                    10.71352869272232,
                                    59.92944045391585
                                ]
                            ]
                        ]
                    ],
                    "type": "MultiPolygon"
                },
                "station_id": "YOS:Station:590",
                "vehicle_types_available": [
                    {
                        "count": 0,
                        "vehicle_type_id": "YOS:VehicleType:bike"
                    },
                    {
                        "count": 0,
                        "vehicle_type_id": "YOS:VehicleType:ebike"
                    }
                ]
            },
            "type": "Feature"
        },
        {
            "geometry": {
                "coordinates": [
                    10.781726510450724,
                    59.92464487862039
                ],
                "type": "Point"
            },
            "properties": {
                "address": "Grenseveien 19",
                "capacity": 24,
                "cross_street": "ved Togbru",
                "is_installed": true,
                "is_renting": true,
                "is_returning": true,
                "is_virtual_station": false,
                "last_reported": 1742982506,
                "name": "Grenseveien",
                "num_bikes_available": 0,
                "num_docks_available": 24,
                "rental_uris": {
                    "android": "oslobysykkel://stations/591",
                    "ios": "oslobysykkel://stations/591"
                },
                "station_area": {
                    "coordinates": [
                        [
                            [
                                [
                                    10.781655460596085,
                                    59.924498329888515
                                ],
                                [
                                    10.781743973493576,
                                    59.924486904489996
                                ],
                                [
                                    10.781868696212769,
                                    59.92477858696124
                                ],
                                [
                                    10.781621932983398,
                                    59.9247900122593
                                ],
                                [
                                    10.78157901763916,
                                    59.9245131156925
                                ],
                                [
                                    10.781655460596085,
                                    59.924498329888515
                                ]
                            ]
                        ]
                    ],
                    "type": "MultiPolygon"
                },
                "station_id": "YOS:Station:591",
                "vehicle_types_available": [
                    {
                        "count": 0,
                        "vehicle_type_id": "YOS:VehicleType:bike"
                    },
                    {
                        "count": 0,
                        "vehicle_type_id": "YOS:VehicleType:ebike"
                    }
                ]
            },
            "type": "Feature"
        },
        {
            "geometry": {
                "coordinates": [
                    10.760323881579982,
                    59.94558091179507
                ],
                "type": "Point"
            },
            "properties": {
                "address": "Maridalsveien 244C",
                "capacity": 18,
                "cross_street": "langs Maridalsveien",
                "is_installed": true,
                "is_renting": true,
                "is_returning": true,
                "is_virtual_station": false,
                "last_reported": 1742982506,
                "name": "Badebakken",
                "num_bikes_available": 0,
                "num_docks_available": 18,
                "rental_uris": {
                    "android": "oslobysykkel://stations/592",
                    "ios": "oslobysykkel://stations/592"
                },
                "station_area": {
                    "coordinates": [
                        [
                            [
                                [
                                    10.760207176208496,
                                    59.94536932248615
                                ],
                                [
                                    10.760423094034195,
                                    59.945417681924496
                                ],
                                [
                                    10.760498195886612,
                                    59.94572059846826
                                ],
                                [
                                    10.76023668050766,
                                    59.94573268820622
                                ],
                                [
                                    10.760183036327362,
                                    59.945369994145494
                                ],
                                [
                                    10.760207176208496,
                                    59.94536932248615
                                ]
                            ]
                        ]
                    ],
                    "type": "MultiPolygon"
                },
                "station_id": "YOS:Station:592",
                "vehicle_types_available": [
                    {
                        "count": 0,
                        "vehicle_type_id": "YOS:VehicleType:bike"
                    },
                    {
                        "count": 0,
                        "vehicle_type_id": "YOS:VehicleType:ebike"
                    }
                ]
            },
            "type": "Feature"
        },
        {
            "geometry": {
                "coordinates": [
                    10.750358,
                    59.920995
                ],
                "type": "Point"
            },
            "properties": {
                "address": "Fredensborgveien 64",
                "capacity": 15,
                "cross_street": "ved rundkj\u00f8ringen",
                "is_installed": true,
                "is_renting": true,
                "is_returning": true,
                "is_virtual_station": false,
                "last_reported": 1742982506,
                "name": "Fredensborg",
                "num_bikes_available": 0,
                "num_docks_available": 15,
                "rental_uris": {
                    "android": "oslobysykkel://stations/597",
                    "ios": "oslobysykkel://stations/597"
                },
                "station_area": {
                    "coordinates": [
                        [
                            [
                                [
                                    10.7502481341362,
                                    59.92087829797362
                                ],
                                [
                                    10.750662535429,
                                    59.921071878185266
                                ],
                                [
                                    10.75054720044136,
                                    59.92112833886761
                                ],
                                [
                                    10.750154256820679,
                                    59.920941480527965
                                ],
                                [
                                    10.7502481341362,
                                    59.92087829797362
                                ]
                            ]
                        ]
                    ],
                    "type": "MultiPolygon"
                },
                "station_id": "YOS:Station:597",
                "vehicle_types_available": [
                    {
                        "count": 0,
                        "vehicle_type_id": "YOS:VehicleType:bike"
                    },
                    {
                        "count": 0,
                        "vehicle_type_id": "YOS:VehicleType:ebike"
                    }
                ]
            },
            "type": "Feature"
        },
        {
            "geometry": {
                "coordinates": [
                    10.766171,
                    59.923229
                ],
                "type": "Point"
            },
            "properties": {
                "address": "Helgesens gate 58",
                "capacity": 33,
                "cross_street": "langs Helgesens gate",
                "is_installed": true,
                "is_renting": true,
                "is_returning": true,
                "is_virtual_station": false,
                "last_reported": 1742982506,
                "name": "Sofienbergparken nord",
                "num_bikes_available": 0,
                "num_docks_available": 33,
                "rental_uris": {
                    "android": "oslobysykkel://stations/598",
                    "ios": "oslobysykkel://stations/598"
                },
                "station_area": {
                    "coordinates": [
                        [
                            [
                                [
                                    10.765799582004547,
                                    59.92326033147446
                                ],
                                [
                                    10.766564011573792,
                                    59.923062731361895
                                ],
                                [
                                    10.766703486442566,
                                    59.92318236694477
                                ],
                                [
                                    10.765922963619232,
                                    59.923365180035965
                                ],
                                [
                                    10.765804946422577,
                                    59.92326167568888
                                ],
                                [
                                    10.765799582004547,
                                    59.92326033147446
                                ]
                            ]
                        ]
                    ],
                    "type": "MultiPolygon"
                },
                "station_id": "YOS:Station:598",
                "vehicle_types_available": [
                    {
                        "count": 0,
                        "vehicle_type_id": "YOS:VehicleType:bike"
                    },
                    {
                        "count": 0,
                        "vehicle_type_id": "YOS:VehicleType:ebike"
                    }
                ]
            },
            "type": "Feature"
        },
        {
            "geometry": {
                "coordinates": [
                    10.75011,
                    59.910331
                ],
                "type": "Point"
            },
            "properties": {
                "address": "Palehaven",
                "capacity": 48,
                "cross_street": "langs Strandgata",
                "is_installed": true,
                "is_renting": true,
                "is_returning": true,
                "is_virtual_station": false,
                "last_reported": 1742982506,
                "name": "Pal\u00e9haven",
                "num_bikes_available": 45,
                "num_docks_available": 1,
                "rental_uris": {
                    "android": "oslobysykkel://stations/599",
                    "ios": "oslobysykkel://stations/599"
                },
                "station_area": {
                    "coordinates": [
                        [
                            [
                                [
                                    10.749781429767609,
                                    59.9101207229096
                                ],
                                [
                                    10.749920904636383,
                                    59.910096517460104
                                ],
                                [
                                    10.75024276971817,
                                    59.91045825261634
                                ],
                                [
                                    10.75010597705841,
                                    59.91049052619343
                                ],
                                [
                                    10.749781429767609,
                                    59.9101207229096
                                ]
                            ]
                        ]
                    ],
                    "type": "MultiPolygon"
                },
                "station_id": "YOS:Station:599",
                "vehicle_types_available": [
                    {
                        "count": 45,
                        "vehicle_type_id": "YOS:VehicleType:bike"
                    },
                    {
                        "count": 0,
                        "vehicle_type_id": "YOS:VehicleType:ebike"
                    }
                ]
            },
            "type": "Feature"
        },
        {
            "geometry": {
                "coordinates": [
                    10.7689579,
                    59.905323
                ],
                "type": "Point"
            },
            "properties": {
                "address": "St Halvards gate 13B",
                "capacity": 12,
                "cross_street": "ved skatepark",
                "is_installed": true,
                "is_renting": true,
                "is_returning": true,
                "is_virtual_station": false,
                "last_reported": 1742982506,
                "name": "Dyvekes bru",
                "num_bikes_available": 0,
                "num_docks_available": 11,
                "rental_uris": {
                    "android": "oslobysykkel://stations/600",
                    "ios": "oslobysykkel://stations/600"
                },
                "station_area": {
                    "coordinates": [
                        [
                            [
                                [
                                    10.768944472074509,
                                    59.905273902037365
                                ],
                                [
                                    10.769156366586685,
                                    59.90521405201911
                                ],
                                [
                                    10.769254267215729,
                                    59.9053075255958
                                ],
                                [
                                    10.768862664699554,
                                    59.90542453531372
                                ],
                                [
                                    10.768754035234451,
                                    59.905335096888315
                                ],
                                [
                                    10.768944472074509,
                                    59.905273902037365
                                ]
                            ]
                        ]
                    ],
                    "type": "MultiPolygon"
                },
                "station_id": "YOS:Station:600",
                "vehicle_types_available": [
                    {
                        "count": 0,
                        "vehicle_type_id": "YOS:VehicleType:bike"
                    },
                    {
                        "count": 0,
                        "vehicle_type_id": "YOS:VehicleType:ebike"
                    }
                ]
            },
            "type": "Feature"
        },
        {
            "geometry": {
                "coordinates": [
                    10.6757833,
                    59.9304645
                ],
                "type": "Point"
            },
            "properties": {
                "address": "Jarlsborgveien- Hoffsveien",
                "capacity": 18,
                "cross_street": "ved Hoffsveien",
                "is_installed": true,
                "is_renting": true,
                "is_returning": true,
                "is_virtual_station": false,
                "last_reported": 1742982506,
                "name": "Jarlsborgveien",
                "num_bikes_available": 0,
                "num_docks_available": 18,
                "rental_uris": {
                    "android": "oslobysykkel://stations/602",
                    "ios": "oslobysykkel://stations/602"
                },
                "station_area": {
                    "coordinates": [
                        [
                            [
                                [
                                    10.675709545612335,
                                    59.930312675140335
                                ],
                                [
                                    10.67594826221466,
                                    59.93032745835326
                                ],
                                [
                                    10.675755143165588,
                                    59.9306446238804
                                ],
                                [
                                    10.675564706325531,
                                    59.93061236989756
                                ],
                                [
                                    10.675637125968933,
                                    59.93043766027853
                                ],
                                [
                                    10.675709545612335,
                                    59.930312675140335
                                ]
                            ]
                        ]
                    ],
                    "type": "MultiPolygon"
                },
                "station_id": "YOS:Station:602",
                "vehicle_types_available": [
                    {
                        "count": 0,
                        "vehicle_type_id": "YOS:VehicleType:bike"
                    },
                    {
                        "count": 0,
                        "vehicle_type_id": "YOS:VehicleType:ebike"
                    }
                ]
            },
            "type": "Feature"
        },
        {
            "geometry": {
                "coordinates": [
                    10.7045406,
                    59.9225392
                ],
                "type": "Point"
            },
            "properties": {
                "address": "Frognerveien 58",
                "capacity": 18,
                "cross_street": "i rundkj\u00f8ringen",
                "is_installed": true,
                "is_renting": true,
                "is_returning": true,
                "is_virtual_station": false,
                "last_reported": 1742982506,
                "name": "Frogner plass",
                "num_bikes_available": 1,
                "num_docks_available": 17,
                "rental_uris": {
                    "android": "oslobysykkel://stations/603",
                    "ios": "oslobysykkel://stations/603"
                },
                "station_area": {
                    "coordinates": [
                        [
                            [
                                [
                                    10.704578460094808,
                                    59.92242615915633
                                ],
                                [
                                    10.704737985313727,
                                    59.922458204948285
                                ],
                                [
                                    10.704581626573031,
                                    59.92266590084601
                                ],
                                [
                                    10.704396175832423,
                                    59.92263734571963
                                ],
                                [
                                    10.704455738664393,
                                    59.92253401355083
                                ],
                                [
                                    10.704578460094808,
                                    59.92242615915633
                                ]
                            ]
                        ]
                    ],
                    "type": "MultiPolygon"
                },
                "station_id": "YOS:Station:603",
                "vehicle_types_available": [
                    {
                        "count": 1,
                        "vehicle_type_id": "YOS:VehicleType:bike"
                    },
                    {
                        "count": 0,
                        "vehicle_type_id": "YOS:VehicleType:ebike"
                    }
                ]
            },
            "type": "Feature"
        },
        {
            "geometry": {
                "coordinates": [
                    10.779880090762617,
                    59.917023632719406
                ],
                "type": "Point"
            },
            "properties": {
                "address": "Ensj\u00f8veien 38A",
                "capacity": 18,
                "cross_street": "ved Ensj\u00f8veien bussholdeplass",
                "is_installed": true,
                "is_renting": true,
                "is_returning": true,
                "is_virtual_station": false,
                "last_reported": 1742982506,
                "name": "\u00d8kernveien",
                "num_bikes_available": 0,
                "num_docks_available": 18,
                "rental_uris": {
                    "android": "oslobysykkel://stations/605",
                    "ios": "oslobysykkel://stations/605"
                },
                "station_area": {
                    "coordinates": [
                        [
                            [
                                [
                                    10.779943860133699,
                                    59.9168058237175
                                ],
                                [
                                    10.780296750678017,
                                    59.91679411737715
                                ],
                                [
                                    10.780241966736952,
                                    59.917239165010535
                                ],
                                [
                                    10.779692316267216,
                                    59.91723966316662
                                ],
                                [
                                    10.779663969054326,
                                    59.91692195012723
                                ],
                                [
                                    10.779943860133699,
                                    59.9168058237175
                                ]
                            ]
                        ]
                    ],
                    "type": "MultiPolygon"
                },
                "station_id": "YOS:Station:605",
                "vehicle_types_available": [
                    {
                        "count": 0,
                        "vehicle_type_id": "YOS:VehicleType:bike"
                    },
                    {
                        "count": 0,
                        "vehicle_type_id": "YOS:VehicleType:ebike"
                    }
                ]
            },
            "type": "Feature"
        },
        {
            "geometry": {
                "coordinates": [
                    10.758594919923468,
                    59.93277225626508
                ],
                "type": "Point"
            },
            "properties": {
                "address": "Marcus Thranes gate 6",
                "capacity": 30,
                "cross_street": "ved Akerselva",
                "is_installed": true,
                "is_renting": true,
                "is_returning": true,
                "is_virtual_station": false,
                "last_reported": 1742982506,
                "name": "Marcus Thranes gate",
                "num_bikes_available": 0,
                "num_docks_available": 30,
                "rental_uris": {
                    "android": "oslobysykkel://stations/607",
                    "ios": "oslobysykkel://stations/607"
                },
                "station_area": {
                    "coordinates": [
                        [
                            [
                                [
                                    10.758276861433245,
                                    59.93283522324212
                                ],
                                [
                                    10.758721708087137,
                                    59.932661402820784
                                ],
                                [
                                    10.758880572083484,
                                    59.932751947432806
                                ],
                                [
                                    10.75844224817996,
                                    59.932929018078916
                                ],
                                [
                                    10.758276861433245,
                                    59.93283522324212
                                ]
                            ]
                        ]
                    ],
                    "type": "MultiPolygon"
                },
                "station_id": "YOS:Station:607",
                "vehicle_types_available": [
                    {
                        "count": 0,
                        "vehicle_type_id": "YOS:VehicleType:bike"
                    },
                    {
                        "count": 0,
                        "vehicle_type_id": "YOS:VehicleType:ebike"
                    }
                ]
            },
            "type": "Feature"
        },
        {
            "geometry": {
                "coordinates": [
                    10.746273349149249,
                    59.93068679863987
                ],
                "type": "Point"
            },
            "properties": {
                "address": "Colletts/Diriks gate",
                "capacity": 21,
                "cross_street": "ved Collets gate/Diriks gate",
                "is_installed": true,
                "is_renting": true,
                "is_returning": true,
                "is_virtual_station": false,
                "last_reported": 1742982506,
                "name": "Colletts gate",
                "num_bikes_available": 0,
                "num_docks_available": 21,
                "rental_uris": {
                    "android": "oslobysykkel://stations/608",
                    "ios": "oslobysykkel://stations/608"
                },
                "station_area": {
                    "coordinates": [
                        [
                            [
                                [
                                    10.74612021446228,
                                    59.93060565031378
                                ],
                                [
                                    10.746232867240906,
                                    59.93055458143307
                                ],
                                [
                                    10.74648231267929,
                                    59.93069569262251
                                ],
                                [
                                    10.746358931064606,
                                    59.93075482475199
                                ],
                                [
                                    10.74612021446228,
                                    59.93060565031378
                                ]
                            ]
                        ]
                    ],
                    "type": "MultiPolygon"
                },
                "station_id": "YOS:Station:608",
                "vehicle_types_available": [
                    {
                        "count": 0,
                        "vehicle_type_id": "YOS:VehicleType:bike"
                    },
                    {
                        "count": 0,
                        "vehicle_type_id": "YOS:VehicleType:ebike"
                    }
                ]
            },
            "type": "Feature"
        },
        {
            "geometry": {
                "coordinates": [
                    10.7493737,
                    59.9110506
                ],
                "type": "Point"
            },
            "properties": {
                "address": "Fred Olsens gate",
                "capacity": 27,
                "cross_street": "ved Karl Johans gate",
                "is_installed": true,
                "is_renting": true,
                "is_returning": true,
                "is_virtual_station": false,
                "last_reported": 1742982506,
                "name": "Fred Olsens gate",
                "num_bikes_available": 12,
                "num_docks_available": 14,
                "rental_uris": {
                    "android": "oslobysykkel://stations/609",
                    "ios": "oslobysykkel://stations/609"
                },
                "station_area": {
                    "coordinates": [
                        [
                            [
                                [
                                    10.749203722874597,
                                    59.91097214338763
                                ],
                                [
                                    10.749330818214986,
                                    59.91094855939775
                                ],
                                [
                                    10.749513207552951,
                                    59.91114664466036
                                ],
                                [
                                    10.7493914761925,
                                    59.91116909075041
                                ],
                                [
                                    10.749203722874597,
                                    59.91097214338763
                                ]
                            ]
                        ]
                    ],
                    "type": "MultiPolygon"
                },
                "station_id": "YOS:Station:609",
                "vehicle_types_available": [
                    {
                        "count": 12,
                        "vehicle_type_id": "YOS:VehicleType:bike"
                    },
                    {
                        "count": 0,
                        "vehicle_type_id": "YOS:VehicleType:ebike"
                    }
                ]
            },
            "type": "Feature"
        },
        {
            "geometry": {
                "coordinates": [
                    10.7914482,
                    59.9099822
                ],
                "type": "Point"
            },
            "properties": {
                "address": "Sotahj\u00f8rnet",
                "capacity": 20,
                "cross_street": "ved Str\u00f8msveien",
                "is_installed": true,
                "is_renting": true,
                "is_returning": true,
                "is_virtual_station": false,
                "last_reported": 1742982506,
                "name": "Sotahj\u00f8rnet",
                "num_bikes_available": 0,
                "num_docks_available": 20,
                "rental_uris": {
                    "android": "oslobysykkel://stations/610",
                    "ios": "oslobysykkel://stations/610"
                },
                "station_area": {
                    "coordinates": [
                        [
                            [
                                [
                                    10.791175961494446,
                                    59.90995262914613
                                ],
                                [
                                    10.791248381137846,
                                    59.90988942567092
                                ],
                                [
                                    10.791602432727814,
                                    59.909994316478844
                                ],
                                [
                                    10.791519284248352,
                                    59.91005483025573
                                ],
                                [
                                    10.791175961494446,
                                    59.90995262914613
                                ]
                            ]
                        ]
                    ],
                    "type": "MultiPolygon"
                },
                "station_id": "YOS:Station:610",
                "vehicle_types_available": [
                    {
                        "count": 0,
                        "vehicle_type_id": "YOS:VehicleType:bike"
                    },
                    {
                        "count": 0,
                        "vehicle_type_id": "YOS:VehicleType:ebike"
                    }
                ]
            },
            "type": "Feature"
        },
        {
            "geometry": {
                "coordinates": [
                    10.741869,
                    59.908454
                ],
                "type": "Point"
            },
            "properties": {
                "address": "Bankplassen",
                "capacity": 39,
                "cross_street": "ved Kirkegata",
                "is_installed": true,
                "is_renting": true,
                "is_returning": true,
                "is_virtual_station": false,
                "last_reported": 1742982506,
                "name": "Bankplassen",
                "num_bikes_available": 27,
                "num_docks_available": 11,
                "rental_uris": {
                    "android": "oslobysykkel://stations/611",
                    "ios": "oslobysykkel://stations/611"
                },
                "station_area": {
                    "coordinates": [
                        [
                            [
                                [
                                    10.741718709468842,
                                    59.908125058824055
                                ],
                                [
                                    10.742091536521912,
                                    59.908531194256106
                                ],
                                [
                                    10.74186086654663,
                                    59.90858498665599
                                ],
                                [
                                    10.741466581821442,
                                    59.90819095530795
                                ],
                                [
                                    10.741718709468842,
                                    59.908125058824055
                                ]
                            ]
                        ]
                    ],
                    "type": "MultiPolygon"
                },
                "station_id": "YOS:Station:611",
                "vehicle_types_available": [
                    {
                        "count": 27,
                        "vehicle_type_id": "YOS:VehicleType:bike"
                    },
                    {
                        "count": 0,
                        "vehicle_type_id": "YOS:VehicleType:ebike"
                    }
                ]
            },
            "type": "Feature"
        },
        {
            "geometry": {
                "coordinates": [
                    10.714055629614734,
                    59.92095635370271
                ],
                "type": "Point"
            },
            "properties": {
                "address": "Schives gate",
                "capacity": 27,
                "cross_street": "ved Arno Bergs plass",
                "is_installed": true,
                "is_renting": true,
                "is_returning": true,
                "is_virtual_station": false,
                "last_reported": 1742982506,
                "name": "Schives gate",
                "num_bikes_available": 0,
                "num_docks_available": 27,
                "rental_uris": {
                    "android": "oslobysykkel://stations/613",
                    "ios": "oslobysykkel://stations/613"
                },
                "station_area": {
                    "coordinates": [
                        [
                            [
                                [
                                    10.714006387536246,
                                    59.92072912132912
                                ],
                                [
                                    10.714234989080257,
                                    59.92074143544829
                                ],
                                [
                                    10.714133201662055,
                                    59.92104247943822
                                ],
                                [
                                    10.713930924450155,
                                    59.92101697184642
                                ],
                                [
                                    10.714006387536246,
                                    59.92072912132912
                                ]
                            ]
                        ]
                    ],
                    "type": "MultiPolygon"
                },
                "station_id": "YOS:Station:613",
                "vehicle_types_available": [
                    {
                        "count": 0,
                        "vehicle_type_id": "YOS:VehicleType:bike"
                    },
                    {
                        "count": 0,
                        "vehicle_type_id": "YOS:VehicleType:ebike"
                    }
                ]
            },
            "type": "Feature"
        },
        {
            "geometry": {
                "coordinates": [
                    10.780603250331886,
                    59.938863086921295
                ],
                "type": "Point"
            },
            "properties": {
                "address": "Hans Nielsen Hauges gate 50",
                "capacity": 24,
                "cross_street": "langs Hans Nielsen Hauges gate",
                "is_installed": true,
                "is_renting": true,
                "is_returning": true,
                "is_virtual_station": false,
                "last_reported": 1742982506,
                "name": "Sinsen T-bane",
                "num_bikes_available": 0,
                "num_docks_available": 24,
                "rental_uris": {
                    "android": "oslobysykkel://stations/614",
                    "ios": "oslobysykkel://stations/614"
                },
                "station_area": {
                    "coordinates": [
                        [
                            [
                                [
                                    10.780574122610851,
                                    59.93881490668101
                                ],
                                [
                                    10.780879141282291,
                                    59.93885387060235
                                ],
                                [
                                    10.780836225938053,
                                    59.9389260467158
                                ],
                                [
                                    10.780246893111034,
                                    59.93885752407622
                                ],
                                [
                                    10.780295172873302,
                                    59.93877997347129
                                ],
                                [
                                    10.780574122610851,
                                    59.93881490668101
                                ]
                            ]
                        ]
                    ],
                    "type": "MultiPolygon"
                },
                "station_id": "YOS:Station:614",
                "vehicle_types_available": [
                    {
                        "count": 0,
                        "vehicle_type_id": "YOS:VehicleType:bike"
                    },
                    {
                        "count": 0,
                        "vehicle_type_id": "YOS:VehicleType:ebike"
                    }
                ]
            },
            "type": "Feature"
        },
        {
            "geometry": {
                "coordinates": [
                    10.7301061,
                    59.9135227
                ],
                "type": "Point"
            },
            "properties": {
                "address": "Konserthuset/Munkedamsveien",
                "capacity": 21,
                "cross_street": "ved Haakon VIIs gate",
                "is_installed": true,
                "is_renting": true,
                "is_returning": true,
                "is_virtual_station": false,
                "last_reported": 1742982506,
                "name": "Munkedamsveien",
                "num_bikes_available": 1,
                "num_docks_available": 20,
                "rental_uris": {
                    "android": "oslobysykkel://stations/615",
                    "ios": "oslobysykkel://stations/615"
                },
                "station_area": {
                    "coordinates": [
                        [
                            [
                                [
                                    10.729777981596271,
                                    59.913484057043654
                                ],
                                [
                                    10.729941712646024,
                                    59.91341027792499
                                ],
                                [
                                    10.730311317637328,
                                    59.913596929834625
                                ],
                                [
                                    10.730148825702543,
                                    59.913666513985
                                ],
                                [
                                    10.729777981596271,
                                    59.913484057043654
                                ]
                            ]
                        ]
                    ],
                    "type": "MultiPolygon"
                },
                "station_id": "YOS:Station:615",
                "vehicle_types_available": [
                    {
                        "count": 1,
                        "vehicle_type_id": "YOS:VehicleType:bike"
                    },
                    {
                        "count": 0,
                        "vehicle_type_id": "YOS:VehicleType:ebike"
                    }
                ]
            },
            "type": "Feature"
        },
        {
            "geometry": {
                "coordinates": [
                    10.746530272588245,
                    59.906922167198275
                ],
                "type": "Point"
            },
            "properties": {
                "address": "Salt ved Langkaia",
                "capacity": 15,
                "cross_street": "ved Langkaia",
                "is_installed": true,
                "is_renting": true,
                "is_returning": true,
                "is_virtual_station": false,
                "last_reported": 1742982506,
                "name": "Salt",
                "num_bikes_available": 14,
                "num_docks_available": 1,
                "rental_uris": {
                    "android": "oslobysykkel://stations/616",
                    "ios": "oslobysykkel://stations/616"
                },
                "station_area": {
                    "coordinates": [
                        [
                            [
                                [
                                    10.746452959985675,
                                    59.90676783165539
                                ],
                                [
                                    10.74682242828058,
                                    59.90695717166225
                                ],
                                [
                                    10.746621203154916,
                                    59.90705744838035
                                ],
                                [
                                    10.746236850209272,
                                    59.90685377143269
                                ],
                                [
                                    10.746452959985675,
                                    59.90676783165539
                                ]
                            ]
                        ]
                    ],
                    "type": "MultiPolygon"
                },
                "station_id": "YOS:Station:616",
                "vehicle_types_available": [
                    {
                        "count": 14,
                        "vehicle_type_id": "YOS:VehicleType:bike"
                    },
                    {
                        "count": 0,
                        "vehicle_type_id": "YOS:VehicleType:ebike"
                    }
                ]
            },
            "type": "Feature"
        },
        {
            "geometry": {
                "coordinates": [
                    10.749754560118863,
                    59.92716771401357
                ],
                "type": "Point"
            },
            "properties": {
                "address": "Bjerregaardsgate 68",
                "capacity": 21,
                "cross_street": "ved Uelands gate",
                "is_installed": true,
                "is_renting": true,
                "is_returning": true,
                "is_virtual_station": false,
                "last_reported": 1742982506,
                "name": "Bjerregaardsgate \u00d8st",
                "num_bikes_available": 0,
                "num_docks_available": 21,
                "rental_uris": {
                    "android": "oslobysykkel://stations/617",
                    "ios": "oslobysykkel://stations/617"
                },
                "station_area": {
                    "coordinates": [
                        [
                            [
                                [
                                    10.749794840812683,
                                    59.92700106941891
                                ],
                                [
                                    10.749865919351578,
                                    59.92705550392212
                                ],
                                [
                                    10.749818980693817,
                                    59.927347835837516
                                ],
                                [
                                    10.749529302120209,
                                    59.927236951621026
                                ],
                                [
                                    10.749561488628387,
                                    59.927031982851425
                                ],
                                [
                                    10.749794840812683,
                                    59.92700106941891
                                ]
                            ]
                        ]
                    ],
                    "type": "MultiPolygon"
                },
                "station_id": "YOS:Station:617",
                "vehicle_types_available": [
                    {
                        "count": 0,
                        "vehicle_type_id": "YOS:VehicleType:bike"
                    },
                    {
                        "count": 0,
                        "vehicle_type_id": "YOS:VehicleType:ebike"
                    }
                ]
            },
            "type": "Feature"
        },
        {
            "geometry": {
                "coordinates": [
                    10.723715245368956,
                    59.94247260310697
                ],
                "type": "Point"
            },
            "properties": {
                "address": "Problemveien P. A. Munchs Hus",
                "capacity": 42,
                "cross_street": "n\u00e6rmest trikkestopp",
                "is_installed": true,
                "is_renting": true,
                "is_returning": true,
                "is_virtual_station": false,
                "last_reported": 1742982506,
                "name": "Bak Niels Treschows hus s\u00f8r",
                "num_bikes_available": 0,
                "num_docks_available": 42,
                "rental_uris": {
                    "android": "oslobysykkel://stations/618",
                    "ios": "oslobysykkel://stations/618"
                },
                "station_area": {
                    "coordinates": [
                        [
                            [
                                [
                                    10.72385910052886,
                                    59.94238381512781
                                ],
                                [
                                    10.723898976686476,
                                    59.94236232008597
                                ],
                                [
                                    10.723975062665794,
                                    59.94240463843633
                                ],
                                [
                                    10.723461419639442,
                                    59.942651472664586
                                ],
                                [
                                    10.723366915174628,
                                    59.94260848291386
                                ],
                                [
                                    10.723789363094474,
                                    59.94241269906834
                                ],
                                [
                                    10.72385910052886,
                                    59.94238381512781
                                ]
                            ]
                        ]
                    ],
                    "type": "MultiPolygon"
                },
                "station_id": "YOS:Station:618",
                "vehicle_types_available": [
                    {
                        "count": 0,
                        "vehicle_type_id": "YOS:VehicleType:bike"
                    },
                    {
                        "count": 0,
                        "vehicle_type_id": "YOS:VehicleType:ebike"
                    }
                ]
            },
            "type": "Feature"
        },
        {
            "geometry": {
                "coordinates": [
                    10.722993731144015,
                    59.942780248542554
                ],
                "type": "Point"
            },
            "properties": {
                "address": "Problemveien P. A. Munchs Hus",
                "capacity": 42,
                "cross_street": "ved parkeringsplassen",
                "is_installed": true,
                "is_renting": true,
                "is_returning": true,
                "is_virtual_station": false,
                "last_reported": 1742982506,
                "name": "Bak Niels Treschows hus nord",
                "num_bikes_available": 0,
                "num_docks_available": 42,
                "rental_uris": {
                    "android": "oslobysykkel://stations/619",
                    "ios": "oslobysykkel://stations/619"
                },
                "station_area": {
                    "coordinates": [
                        [
                            [
                                [
                                    10.723375082015991,
                                    59.94266645506651
                                ],
                                [
                                    10.723226219415665,
                                    59.94273228298434
                                ],
                                [
                                    10.723145082592964,
                                    59.94276821959864
                                ],
                                [
                                    10.72303343564272,
                                    59.94281641490338
                                ],
                                [
                                    10.722826570272446,
                                    59.942905248574185
                                ],
                                [
                                    10.722778290510178,
                                    59.942876700917616
                                ],
                                [
                                    10.722733363509178,
                                    59.942847145670825
                                ],
                                [
                                    10.723316073417664,
                                    59.94259390986279
                                ],
                                [
                                    10.723426043987274,
                                    59.94264092992034
                                ],
                                [
                                    10.723375082015991,
                                    59.94266645506651
                                ]
                            ]
                        ]
                    ],
                    "type": "MultiPolygon"
                },
                "station_id": "YOS:Station:619",
                "vehicle_types_available": [
                    {
                        "count": 0,
                        "vehicle_type_id": "YOS:VehicleType:bike"
                    },
                    {
                        "count": 0,
                        "vehicle_type_id": "YOS:VehicleType:ebike"
                    }
                ]
            },
            "type": "Feature"
        },
        {
            "geometry": {
                "coordinates": [
                    10.7313627,
                    59.9238826
                ],
                "type": "Point"
            },
            "properties": {
                "address": "Pilestredet 63",
                "capacity": 30,
                "cross_street": "ved trikkestoppet",
                "is_installed": true,
                "is_renting": true,
                "is_returning": true,
                "is_virtual_station": false,
                "last_reported": 1742982506,
                "name": "Pilestredet 63",
                "num_bikes_available": 0,
                "num_docks_available": 30,
                "rental_uris": {
                    "android": "oslobysykkel://stations/622",
                    "ios": "oslobysykkel://stations/622"
                },
                "station_area": {
                    "coordinates": [
                        [
                            [
                                [
                                    10.731159749141638,
                                    59.92376309924266
                                ],
                                [
                                    10.731449250365172,
                                    59.923766106172636
                                ],
                                [
                                    10.731299249731945,
                                    59.92403898336136
                                ],
                                [
                                    10.731150749103717,
                                    59.92403296959393
                                ],
                                [
                                    10.731159749141638,
                                    59.92376309924266
                                ]
                            ]
                        ]
                    ],
                    "type": "MultiPolygon"
                },
                "station_id": "YOS:Station:622",
                "vehicle_types_available": [
                    {
                        "count": 0,
                        "vehicle_type_id": "YOS:VehicleType:bike"
                    },
                    {
                        "count": 0,
                        "vehicle_type_id": "YOS:VehicleType:ebike"
                    }
                ]
            },
            "type": "Feature"
        },
        {
            "geometry": {
                "coordinates": [
                    10.730589336669283,
                    59.915079772688216
                ],
                "type": "Point"
            },
            "properties": {
                "address": "7. juni-plassen",
                "capacity": 21,
                "cross_street": "langs Henrik Ibsens gate",
                "is_installed": true,
                "is_renting": true,
                "is_returning": true,
                "is_virtual_station": false,
                "last_reported": 1742982506,
                "name": "7. juni-plassen",
                "num_bikes_available": 5,
                "num_docks_available": 15,
                "rental_uris": {
                    "android": "oslobysykkel://stations/623",
                    "ios": "oslobysykkel://stations/623"
                },
                "station_area": {
                    "coordinates": [
                        [
                            [
                                [
                                    10.730097070174995,
                                    59.915052680792904
                                ],
                                [
                                    10.731090777367813,
                                    59.915030337570606
                                ],
                                [
                                    10.731095035795521,
                                    59.91510000027908
                                ],
                                [
                                    10.73012282657007,
                                    59.91512918916571
                                ],
                                [
                                    10.730097070174995,
                                    59.915052680792904
                                ]
                            ]
                        ]
                    ],
                    "type": "MultiPolygon"
                },
                "station_id": "YOS:Station:623",
                "vehicle_types_available": [
                    {
                        "count": 5,
                        "vehicle_type_id": "YOS:VehicleType:bike"
                    },
                    {
                        "count": 0,
                        "vehicle_type_id": "YOS:VehicleType:ebike"
                    }
                ]
            },
            "type": "Feature"
        },
        {
            "geometry": {
                "coordinates": [
                    10.767546377298158,
                    59.9287502718149
                ],
                "type": "Point"
            },
            "properties": {
                "address": "D\u00e6lenenggata 38",
                "capacity": 20,
                "cross_street": "ved Fagerheimgata",
                "is_installed": true,
                "is_renting": true,
                "is_returning": true,
                "is_virtual_station": false,
                "last_reported": 1742982506,
                "name": "D\u00e6lenenggata",
                "num_bikes_available": 0,
                "num_docks_available": 20,
                "rental_uris": {
                    "android": "oslobysykkel://stations/624",
                    "ios": "oslobysykkel://stations/624"
                },
                "station_area": {
                    "coordinates": [
                        [
                            [
                                [
                                    10.767625463046508,
                                    59.92863557644977
                                ],
                                [
                                    10.767779498347782,
                                    59.928719240138406
                                ],
                                [
                                    10.767529382357143,
                                    59.92885387912881
                                ],
                                [
                                    10.767355901040512,
                                    59.92879306362292
                                ],
                                [
                                    10.7674618482966,
                                    59.92870412021026
                                ],
                                [
                                    10.767625463046508,
                                    59.92863557644977
                                ]
                            ]
                        ]
                    ],
                    "type": "MultiPolygon"
                },
                "station_id": "YOS:Station:624",
                "vehicle_types_available": [
                    {
                        "count": 0,
                        "vehicle_type_id": "YOS:VehicleType:bike"
                    },
                    {
                        "count": 0,
                        "vehicle_type_id": "YOS:VehicleType:ebike"
                    }
                ]
            },
            "type": "Feature"
        },
        {
            "geometry": {
                "coordinates": [
                    10.737663,
                    59.91336
                ],
                "type": "Point"
            },
            "properties": {
                "address": "spikersuppa",
                "capacity": 42,
                "cross_street": "ved Stortinget",
                "is_installed": true,
                "is_renting": true,
                "is_returning": true,
                "is_virtual_station": false,
                "last_reported": 1742982506,
                "name": "Spikersuppa \u00d8st",
                "num_bikes_available": 42,
                "num_docks_available": 0,
                "rental_uris": {
                    "android": "oslobysykkel://stations/625",
                    "ios": "oslobysykkel://stations/625"
                },
                "station_area": {
                    "coordinates": [
                        [
                            [
                                [
                                    10.738187880473163,
                                    59.91332037044395
                                ],
                                [
                                    10.737213203147318,
                                    59.913555199750455
                                ],
                                [
                                    10.737043707872516,
                                    59.913395149831544
                                ],
                                [
                                    10.738020028715344,
                                    59.913162141867694
                                ],
                                [
                                    10.738187880473163,
                                    59.91332037044395
                                ]
                            ]
                        ]
                    ],
                    "type": "MultiPolygon"
                },
                "station_id": "YOS:Station:625",
                "vehicle_types_available": [
                    {
                        "count": 42,
                        "vehicle_type_id": "YOS:VehicleType:bike"
                    },
                    {
                        "count": 0,
                        "vehicle_type_id": "YOS:VehicleType:ebike"
                    }
                ]
            },
            "type": "Feature"
        },
        {
            "geometry": {
                "coordinates": [
                    10.7673442932541,
                    59.90321254732584
                ],
                "type": "Point"
            },
            "properties": {
                "address": "Oslo Gate 39",
                "capacity": 15,
                "cross_street": "ved trikkestoppet",
                "is_installed": true,
                "is_renting": true,
                "is_returning": true,
                "is_virtual_station": false,
                "last_reported": 1742982506,
                "name": "Oslo Hospital",
                "num_bikes_available": 2,
                "num_docks_available": 13,
                "rental_uris": {
                    "android": "oslobysykkel://stations/735",
                    "ios": "oslobysykkel://stations/735"
                },
                "station_area": {
                    "coordinates": [
                        [
                            [
                                [
                                    10.767376720905304,
                                    59.903068122230074
                                ],
                                [
                                    10.767505466938019,
                                    59.903066777197694
                                ],
                                [
                                    10.7674840092659,
                                    59.903447419188765
                                ],
                                [
                                    10.767194330692291,
                                    59.90343531403358
                                ],
                                [
                                    10.767207741737366,
                                    59.90306543216527
                                ],
                                [
                                    10.767376720905304,
                                    59.903068122230074
                                ]
                            ]
                        ]
                    ],
                    "type": "MultiPolygon"
                },
                "station_id": "YOS:Station:735",
                "vehicle_types_available": [
                    {
                        "count": 2,
                        "vehicle_type_id": "YOS:VehicleType:bike"
                    },
                    {
                        "count": 0,
                        "vehicle_type_id": "YOS:VehicleType:ebike"
                    }
                ]
            },
            "type": "Feature"
        },
        {
            "geometry": {
                "coordinates": [
                    10.7678,
                    59.908255
                ],
                "type": "Point"
            },
            "properties": {
                "address": "Oslo gate 1B",
                "capacity": 24,
                "cross_street": "langs Oslo gate",
                "is_installed": true,
                "is_renting": true,
                "is_returning": true,
                "is_virtual_station": false,
                "last_reported": 1742982506,
                "name": "Munkegata",
                "num_bikes_available": 13,
                "num_docks_available": 11,
                "rental_uris": {
                    "android": "oslobysykkel://stations/737",
                    "ios": "oslobysykkel://stations/737"
                },
                "station_area": {
                    "coordinates": [
                        [
                            [
                                [
                                    10.767671682986958,
                                    59.908128642885096
                                ],
                                [
                                    10.76783252402467,
                                    59.90810612128282
                                ],
                                [
                                    10.767959347818957,
                                    59.908334920642204
                                ],
                                [
                                    10.767803307080811,
                                    59.90835431378027
                                ],
                                [
                                    10.767671682986958,
                                    59.908128642885096
                                ]
                            ]
                        ]
                    ],
                    "type": "MultiPolygon"
                },
                "station_id": "YOS:Station:737",
                "vehicle_types_available": [
                    {
                        "count": 13,
                        "vehicle_type_id": "YOS:VehicleType:bike"
                    },
                    {
                        "count": 0,
                        "vehicle_type_id": "YOS:VehicleType:ebike"
                    }
                ]
            },
            "type": "Feature"
        },
        {
            "geometry": {
                "coordinates": [
                    10.777958,
                    59.9034528
                ],
                "type": "Point"
            },
            "properties": {
                "address": "Konows gate 45",
                "capacity": 12,
                "cross_street": "langs Dyvekes vei",
                "is_installed": true,
                "is_renting": true,
                "is_returning": true,
                "is_virtual_station": false,
                "last_reported": 1742982506,
                "name": "Lodalen busstopp",
                "num_bikes_available": 0,
                "num_docks_available": 12,
                "rental_uris": {
                    "android": "oslobysykkel://stations/738",
                    "ios": "oslobysykkel://stations/738"
                },
                "station_area": {
                    "coordinates": [
                        [
                            [
                                [
                                    10.777736753225327,
                                    59.90340673239971
                                ],
                                [
                                    10.778127685189247,
                                    59.90337983201599
                                ],
                                [
                                    10.778143778443336,
                                    59.90348676091255
                                ],
                                [
                                    10.7777588814497,
                                    59.9035015560787
                                ],
                                [
                                    10.77774815261364,
                                    59.9034521267479
                                ],
                                [
                                    10.777736753225327,
                                    59.90340673239971
                                ]
                            ]
                        ]
                    ],
                    "type": "MultiPolygon"
                },
                "station_id": "YOS:Station:738",
                "vehicle_types_available": [
                    {
                        "count": 0,
                        "vehicle_type_id": "YOS:VehicleType:bike"
                    },
                    {
                        "count": 0,
                        "vehicle_type_id": "YOS:VehicleType:ebike"
                    }
                ]
            },
            "type": "Feature"
        },
        {
            "geometry": {
                "coordinates": [
                    10.79285,
                    59.924342
                ],
                "type": "Point"
            },
            "properties": {
                "address": "Hasle",
                "capacity": 30,
                "cross_street": "langs \u00d8kernveien",
                "is_installed": true,
                "is_renting": true,
                "is_returning": true,
                "is_virtual_station": false,
                "last_reported": 1742982506,
                "name": "Hasle",
                "num_bikes_available": 0,
                "num_docks_available": 30,
                "rental_uris": {
                    "android": "oslobysykkel://stations/742",
                    "ios": "oslobysykkel://stations/742"
                },
                "station_area": {
                    "coordinates": [
                        [
                            [
                                [
                                    10.792535841464996,
                                    59.92416766382337
                                ],
                                [
                                    10.793214440345764,
                                    59.92438407572641
                                ],
                                [
                                    10.793037414550781,
                                    59.92449429739537
                                ],
                                [
                                    10.792385637760162,
                                    59.9242738536913
                                ],
                                [
                                    10.792535841464996,
                                    59.92416766382337
                                ]
                            ]
                        ]
                    ],
                    "type": "MultiPolygon"
                },
                "station_id": "YOS:Station:742",
                "vehicle_types_available": [
                    {
                        "count": 0,
                        "vehicle_type_id": "YOS:VehicleType:bike"
                    },
                    {
                        "count": 0,
                        "vehicle_type_id": "YOS:VehicleType:ebike"
                    }
                ]
            },
            "type": "Feature"
        },
        {
            "geometry": {
                "coordinates": [
                    10.762169,
                    59.9315302
                ],
                "type": "Point"
            },
            "properties": {
                "address": "Johan Sverdrups Plass",
                "capacity": 10,
                "cross_street": "ved Vogts gate",
                "is_installed": true,
                "is_renting": true,
                "is_returning": true,
                "is_virtual_station": false,
                "last_reported": 1742982506,
                "name": "Hall\u00e9nparken",
                "num_bikes_available": 0,
                "num_docks_available": 10,
                "rental_uris": {
                    "android": "oslobysykkel://stations/744",
                    "ios": "oslobysykkel://stations/744"
                },
                "station_area": {
                    "coordinates": [
                        [
                            [
                                [
                                    10.761895626783371,
                                    59.931454322966786
                                ],
                                [
                                    10.762424021959305,
                                    59.931344124418985
                                ],
                                [
                                    10.762572884559631,
                                    59.9315557859401
                                ],
                                [
                                    10.762073993682861,
                                    59.93167270315365
                                ],
                                [
                                    10.761988162994385,
                                    59.93156384920944
                                ],
                                [
                                    10.761895626783371,
                                    59.931454322966786
                                ]
                            ]
                        ]
                    ],
                    "type": "MultiPolygon"
                },
                "station_id": "YOS:Station:744",
                "vehicle_types_available": [
                    {
                        "count": 0,
                        "vehicle_type_id": "YOS:VehicleType:bike"
                    },
                    {
                        "count": 0,
                        "vehicle_type_id": "YOS:VehicleType:ebike"
                    }
                ]
            },
            "type": "Feature"
        },
        {
            "geometry": {
                "coordinates": [
                    10.692321,
                    59.919001
                ],
                "type": "Point"
            },
            "properties": {
                "address": "Bygd\u00f8y all\u00e9",
                "capacity": 12,
                "cross_street": "ved parkeringsplassen",
                "is_installed": true,
                "is_renting": true,
                "is_returning": true,
                "is_virtual_station": false,
                "last_reported": 1742982506,
                "name": "Bygd\u00f8y all\u00e9",
                "num_bikes_available": 0,
                "num_docks_available": 12,
                "rental_uris": {
                    "android": "oslobysykkel://stations/746",
                    "ios": "oslobysykkel://stations/746"
                },
                "station_area": {
                    "coordinates": [
                        [
                            [
                                [
                                    10.692188694782686,
                                    59.918934295774775
                                ],
                                [
                                    10.692552450919266,
                                    59.91899203045599
                                ],
                                [
                                    10.692495052598503,
                                    59.919060567875036
                                ],
                                [
                                    10.692127885338463,
                                    59.919004129940454
                                ],
                                [
                                    10.692188694782686,
                                    59.918934295774775
                                ]
                            ]
                        ]
                    ],
                    "type": "MultiPolygon"
                },
                "station_id": "YOS:Station:746",
                "vehicle_types_available": [
                    {
                        "count": 0,
                        "vehicle_type_id": "YOS:VehicleType:bike"
                    },
                    {
                        "count": 0,
                        "vehicle_type_id": "YOS:VehicleType:ebike"
                    }
                ]
            },
            "type": "Feature"
        },
        {
            "geometry": {
                "coordinates": [
                    10.715505,
                    59.914145
                ],
                "type": "Point"
            },
            "properties": {
                "address": "Hydroparken",
                "capacity": 30,
                "cross_street": "langs Drammensveien",
                "is_installed": true,
                "is_renting": true,
                "is_returning": true,
                "is_virtual_station": false,
                "last_reported": 1742982506,
                "name": "Hydroparken",
                "num_bikes_available": 0,
                "num_docks_available": 30,
                "rental_uris": {
                    "android": "oslobysykkel://stations/748",
                    "ios": "oslobysykkel://stations/748"
                },
                "station_area": {
                    "coordinates": [
                        [
                            [
                                [
                                    10.715245871147175,
                                    59.914031829835885
                                ],
                                [
                                    10.715922423084749,
                                    59.91418873939327
                                ],
                                [
                                    10.71579657101583,
                                    59.91429926620709
                                ],
                                [
                                    10.715452342420974,
                                    59.91424331581382
                                ],
                                [
                                    10.71509545568614,
                                    59.91414611964975
                                ],
                                [
                                    10.715245871147175,
                                    59.914031829835885
                                ]
                            ]
                        ]
                    ],
                    "type": "MultiPolygon"
                },
                "station_id": "YOS:Station:748",
                "vehicle_types_available": [
                    {
                        "count": 0,
                        "vehicle_type_id": "YOS:VehicleType:bike"
                    },
                    {
                        "count": 0,
                        "vehicle_type_id": "YOS:VehicleType:ebike"
                    }
                ]
            },
            "type": "Feature"
        },
        {
            "geometry": {
                "coordinates": [
                    10.743456971511705,
                    59.91015615055511
                ],
                "type": "Point"
            },
            "properties": {
                "address": "Kirkegata 15",
                "capacity": 12,
                "cross_street": "ved Kunnskapsdepartamentet",
                "is_installed": true,
                "is_renting": true,
                "is_returning": true,
                "is_virtual_station": false,
                "last_reported": 1742982506,
                "name": "Kirkegata 15",
                "num_bikes_available": 12,
                "num_docks_available": 0,
                "rental_uris": {
                    "android": "oslobysykkel://stations/787",
                    "ios": "oslobysykkel://stations/787"
                },
                "station_area": {
                    "coordinates": [
                        [
                            [
                                [
                                    10.743408691749437,
                                    59.909890142066025
                                ],
                                [
                                    10.743510615692003,
                                    59.909871315476096
                                ],
                                [
                                    10.743961226806505,
                                    59.91034735597237
                                ],
                                [
                                    10.74358035312639,
                                    59.91044417693287
                                ],
                                [
                                    10.743113648757799,
                                    59.90997351683605
                                ],
                                [
                                    10.743296038970811,
                                    59.90991972668581
                                ],
                                [
                                    10.743408691749437,
                                    59.909890142066025
                                ]
                            ]
                        ]
                    ],
                    "type": "MultiPolygon"
                },
                "station_id": "YOS:Station:787",
                "vehicle_types_available": [
                    {
                        "count": 12,
                        "vehicle_type_id": "YOS:VehicleType:bike"
                    },
                    {
                        "count": 0,
                        "vehicle_type_id": "YOS:VehicleType:ebike"
                    }
                ]
            },
            "type": "Feature"
        },
        {
            "geometry": {
                "coordinates": [
                    10.767579386407874,
                    59.91320242563816
                ],
                "type": "Point"
            },
            "properties": {
                "address": "S\u00f8rligata 2",
                "capacity": 25,
                "cross_street": "ved S\u00f8rligata",
                "is_installed": true,
                "is_renting": true,
                "is_returning": true,
                "is_virtual_station": false,
                "last_reported": 1742982506,
                "name": "Enerhaugen",
                "num_bikes_available": 0,
                "num_docks_available": 25,
                "rental_uris": {
                    "android": "oslobysykkel://stations/970",
                    "ios": "oslobysykkel://stations/970"
                },
                "station_area": {
                    "coordinates": [
                        [
                            [
                                [
                                    10.767472707617912,
                                    59.91329748874897
                                ],
                                [
                                    10.767417722333107,
                                    59.91311663713169
                                ],
                                [
                                    10.767740928519402,
                                    59.913112603255406
                                ],
                                [
                                    10.767769091714058,
                                    59.91331900263042
                                ],
                                [
                                    10.767486118662987,
                                    59.91332236417315
                                ],
                                [
                                    10.767472707617912,
                                    59.91329748874897
                                ]
                            ]
                        ]
                    ],
                    "type": "MultiPolygon"
                },
                "station_id": "YOS:Station:970",
                "vehicle_types_available": [
                    {
                        "count": 0,
                        "vehicle_type_id": "YOS:VehicleType:bike"
                    },
                    {
                        "count": 0,
                        "vehicle_type_id": "YOS:VehicleType:ebike"
                    }
                ]
            },
            "type": "Feature"
        }
    ],
    "type": "FeatureCollection"
}