{
    "features": [
        {
            "geometry": {
                "coordinates": [
                    16.376628,
                    48.211721
                ],
                "type": "Point"
            },
            "properties": {
                "capacity": 30,
                "is_installed": true,
                "is_renting": true,
                "is_returning": true,
                "is_virtual_station": false,
                "last_reported": 1729157682,
                "name": "Schwedenplatz",
                "num_bikes_available": 11,
                "num_docks_available": 18,
                "region_id": "748",
                "rental_uris": {
                    "android": "https://app.nextbike.net/station?id=102158706",
                    "ios": "https://app.nextbike.net/station?id=102158706",
                    "web": "https://nxtb.it/p/102158706"
                },
                "short_name": "32063",
                "station_id": "102158706"
            },
            "type": "Feature"
        },
        {
            "geometry": {
                "coordinates": [
                    16.367618,
                    48.18136
                ],
                "type": "Point"
            },
            "properties": {
                "capacity": 12,
                "is_installed": true,
                "is_renting": true,
                "is_returning": true,
                "is_virtual_station": false,
                "last_reported": 1729157682,
                "name": "Waldm\u00fcllerpark",
                "num_bikes_available": 1,
                "num_docks_available": 11,
                "region_id": "748",
                "rental_uris": {
                    "android": "https://app.nextbike.net/station?id=102178715",
                    "ios": "https://app.nextbike.net/station?id=102178715",
                    "web": "https://nxtb.it/p/102178715"
                },
                "short_name": "32124",
                "station_id": "102178715"
            },
            "type": "Feature"
        },
        {
            "geometry": {
                "coordinates": [
                    16.380441,
                    48.206812
                ],
                "type": "Point"
            },
            "properties": {
                "capacity": 16,
                "is_installed": true,
                "is_renting": true,
                "is_returning": true,
                "is_virtual_station": false,
                "last_reported": 1729157682,
                "name": "Stubentor U",
                "num_bikes_available": 18,
                "num_docks_available": 0,
                "region_id": "748",
                "rental_uris": {
                    "android": "https://app.nextbike.net/station?id=103301435",
                    "ios": "https://app.nextbike.net/station?id=103301435",
                    "web": "https://nxtb.it/p/103301435"
                },
                "short_name": "32067",
                "station_id": "103301435"
            },
            "type": "Feature"
        },
        {
            "geometry": {
                "coordinates": [
                    16.385246,
                    48.205847
                ],
                "type": "Point"
            },
            "properties": {
                "capacity": 25,
                "is_installed": true,
                "is_renting": true,
                "is_returning": true,
                "is_virtual_station": false,
                "last_reported": 1729157682,
                "name": "Landstra\u00dfe - Wien Mitte S U",
                "num_bikes_available": 17,
                "num_docks_available": 8,
                "region_id": "748",
                "rental_uris": {
                    "android": "https://app.nextbike.net/station?id=103316881",
                    "ios": "https://app.nextbike.net/station?id=103316881",
                    "web": "https://nxtb.it/p/103316881"
                },
                "short_name": "32081",
                "station_id": "103316881"
            },
            "type": "Feature"
        },
        {
            "geometry": {
                "coordinates": [
                    16.390281,
                    48.218454
                ],
                "type": "Point"
            },
            "properties": {
                "capacity": 56,
                "is_installed": true,
                "is_renting": true,
                "is_returning": true,
                "is_virtual_station": false,
                "last_reported": 1729157682,
                "name": "Praterstern S U",
                "num_bikes_available": 52,
                "num_docks_available": 4,
                "region_id": "748",
                "rental_uris": {
                    "android": "https://app.nextbike.net/station?id=103317151",
                    "ios": "https://app.nextbike.net/station?id=103317151",
                    "web": "https://nxtb.it/p/103317151"
                },
                "short_name": "32073",
                "station_id": "103317151"
            },
            "type": "Feature"
        },
        {
            "geometry": {
                "coordinates": [
                    16.326461,
                    48.190832
                ],
                "type": "Point"
            },
            "properties": {
                "capacity": 15,
                "is_installed": true,
                "is_renting": true,
                "is_returning": true,
                "is_virtual_station": false,
                "last_reported": 1729157682,
                "name": "Rustengasse",
                "num_bikes_available": 13,
                "num_docks_available": 1,
                "region_id": "748",
                "rental_uris": {
                    "android": "https://app.nextbike.net/station?id=103317402",
                    "ios": "https://app.nextbike.net/station?id=103317402",
                    "web": "https://nxtb.it/p/103317402"
                },
                "short_name": "32223",
                "station_id": "103317402"
            },
            "type": "Feature"
        },
        {
            "geometry": {
                "coordinates": [
                    16.36813,
                    48.248272
                ],
                "type": "Point"
            },
            "properties": {
                "capacity": 18,
                "is_installed": true,
                "is_renting": true,
                "is_returning": true,
                "is_virtual_station": false,
                "last_reported": 1729157682,
                "name": "Heiligenstadt S U",
                "num_bikes_available": 20,
                "num_docks_available": 0,
                "region_id": "748",
                "rental_uris": {
                    "android": "https://app.nextbike.net/station?id=103317675",
                    "ios": "https://app.nextbike.net/station?id=103317675",
                    "web": "https://nxtb.it/p/103317675"
                },
                "short_name": "32197",
                "station_id": "103317675"
            },
            "type": "Feature"
        },
        {
            "geometry": {
                "coordinates": [
                    16.306901,
                    48.198242
                ],
                "type": "Point"
            },
            "properties": {
                "capacity": 13,
                "is_installed": true,
                "is_renting": true,
                "is_returning": true,
                "is_virtual_station": false,
                "last_reported": 1729157682,
                "name": "Breitensee S",
                "num_bikes_available": 8,
                "num_docks_available": 5,
                "region_id": "748",
                "rental_uris": {
                    "android": "https://app.nextbike.net/station?id=103317902",
                    "ios": "https://app.nextbike.net/station?id=103317902",
                    "web": "https://nxtb.it/p/103317902"
                },
                "short_name": "32138",
                "station_id": "103317902"
            },
            "type": "Feature"
        },
        {
            "geometry": {
                "coordinates": [
                    16.261813,
                    48.198076
                ],
                "type": "Point"
            },
            "properties": {
                "capacity": 33,
                "is_installed": true,
                "is_renting": true,
                "is_returning": true,
                "is_virtual_station": false,
                "last_reported": 1729157682,
                "name": "H\u00fctteldorf  S U",
                "num_bikes_available": 35,
                "num_docks_available": 0,
                "region_id": "748",
                "rental_uris": {
                    "android": "https://app.nextbike.net/station?id=103318155",
                    "ios": "https://app.nextbike.net/station?id=103318155",
                    "web": "https://nxtb.it/p/103318155"
                },
                "short_name": "32201",
                "station_id": "103318155"
            },
            "type": "Feature"
        },
        {
            "geometry": {
                "coordinates": [
                    16.356586,
                    48.211441
                ],
                "type": "Point"
            },
            "properties": {
                "capacity": 41,
                "is_installed": true,
                "is_renting": true,
                "is_returning": true,
                "is_virtual_station": false,
                "last_reported": 1729157682,
                "name": "Rathaus U2",
                "num_bikes_available": 34,
                "num_docks_available": 7,
                "region_id": "748",
                "rental_uris": {
                    "android": "https://app.nextbike.net/station?id=103318491",
                    "ios": "https://app.nextbike.net/station?id=103318491",
                    "web": "https://nxtb.it/p/103318491"
                },
                "short_name": "32068",
                "station_id": "103318491"
            },
            "type": "Feature"
        },
        {
            "geometry": {
                "coordinates": [
                    16.338769,
                    48.181161
                ],
                "type": "Point"
            },
            "properties": {
                "capacity": 15,
                "is_installed": true,
                "is_renting": true,
                "is_returning": true,
                "is_virtual_station": false,
                "last_reported": 1729157682,
                "name": "Hans-Mandl-Berufsschule",
                "num_bikes_available": 4,
                "num_docks_available": 11,
                "region_id": "748",
                "rental_uris": {
                    "android": "https://app.nextbike.net/station?id=103318689",
                    "ios": "https://app.nextbike.net/station?id=103318689",
                    "web": "https://nxtb.it/p/103318689"
                },
                "short_name": "32131",
                "station_id": "103318689"
            },
            "type": "Feature"
        },
        {
            "geometry": {
                "coordinates": [
                    16.33448,
                    48.23737
                ],
                "type": "Point"
            },
            "properties": {
                "capacity": 50,
                "is_installed": true,
                "is_renting": true,
                "is_returning": true,
                "is_virtual_station": false,
                "last_reported": 1729157682,
                "name": "D\u00e4nenstra\u00dfe / BOKU",
                "num_bikes_available": 11,
                "num_docks_available": 39,
                "region_id": "748",
                "rental_uris": {
                    "android": "https://app.nextbike.net/station?id=103319213",
                    "ios": "https://app.nextbike.net/station?id=103319213",
                    "web": "https://nxtb.it/p/103319213"
                },
                "short_name": "32137",
                "station_id": "103319213"
            },
            "type": "Feature"
        },
        {
            "geometry": {
                "coordinates": [
                    16.312659,
                    48.187201
                ],
                "type": "Point"
            },
            "properties": {
                "capacity": 36,
                "is_installed": true,
                "is_renting": true,
                "is_returning": true,
                "is_virtual_station": false,
                "last_reported": 1729157682,
                "name": "Schloss Sch\u00f6nbrunn",
                "num_bikes_available": 31,
                "num_docks_available": 5,
                "region_id": "748",
                "rental_uris": {
                    "android": "https://app.nextbike.net/station?id=103319515",
                    "ios": "https://app.nextbike.net/station?id=103319515",
                    "web": "https://nxtb.it/p/103319515"
                },
                "short_name": "32219",
                "station_id": "103319515"
            },
            "type": "Feature"
        },
        {
            "geometry": {
                "coordinates": [
                    16.395204,
                    48.196678
                ],
                "type": "Point"
            },
            "properties": {
                "capacity": 22,
                "is_installed": true,
                "is_renting": true,
                "is_returning": true,
                "is_virtual_station": false,
                "last_reported": 1729157682,
                "name": "Eslarngasse / Juchgasse",
                "num_bikes_available": 0,
                "num_docks_available": 22,
                "region_id": "748",
                "rental_uris": {
                    "android": "https://app.nextbike.net/station?id=103319780",
                    "ios": "https://app.nextbike.net/station?id=103319780",
                    "web": "https://nxtb.it/p/103319780"
                },
                "short_name": "32085",
                "station_id": "103319780"
            },
            "type": "Feature"
        },
        {
            "geometry": {
                "coordinates": [
                    16.377147,
                    48.194578
                ],
                "type": "Point"
            },
            "properties": {
                "capacity": 22,
                "is_installed": true,
                "is_renting": true,
                "is_returning": true,
                "is_virtual_station": false,
                "last_reported": 1729157682,
                "name": "Pl\u00f6\u00dflgasse",
                "num_bikes_available": 20,
                "num_docks_available": 1,
                "region_id": "748",
                "rental_uris": {
                    "android": "https://app.nextbike.net/station?id=103320049",
                    "ios": "https://app.nextbike.net/station?id=103320049",
                    "web": "https://nxtb.it/p/103320049"
                },
                "short_name": "32083",
                "station_id": "103320049"
            },
            "type": "Feature"
        },
        {
            "geometry": {
                "coordinates": [
                    16.351095,
                    48.213164
                ],
                "type": "Point"
            },
            "properties": {
                "capacity": 22,
                "is_installed": true,
                "is_renting": false,
                "is_returning": false,
                "is_virtual_station": false,
                "last_reported": 1729157682,
                "name": "Sch\u00f6nbornpark",
                "num_bikes_available": 13,
                "num_docks_available": 9,
                "region_id": "748",
                "rental_uris": {
                    "android": "https://app.nextbike.net/station?id=103320500",
                    "ios": "https://app.nextbike.net/station?id=103320500",
                    "web": "https://nxtb.it/p/103320500"
                },
                "short_name": "32111",
                "station_id": "103320500"
            },
            "type": "Feature"
        },
        {
            "geometry": {
                "coordinates": [
                    16.367425,
                    48.222729
                ],
                "type": "Point"
            },
            "properties": {
                "capacity": 28,
                "is_installed": true,
                "is_renting": true,
                "is_returning": true,
                "is_virtual_station": false,
                "last_reported": 1729157682,
                "name": "Rossauer L\u00e4nde U",
                "num_bikes_available": 36,
                "num_docks_available": 0,
                "region_id": "748",
                "rental_uris": {
                    "android": "https://app.nextbike.net/station?id=103320795",
                    "ios": "https://app.nextbike.net/station?id=103320795",
                    "web": "https://nxtb.it/p/103320795"
                },
                "short_name": "32114",
                "station_id": "103320795"
            },
            "type": "Feature"
        },
        {
            "geometry": {
                "coordinates": [
                    16.352461,
                    48.219312
                ],
                "type": "Point"
            },
            "properties": {
                "capacity": 18,
                "is_installed": true,
                "is_renting": true,
                "is_returning": true,
                "is_virtual_station": false,
                "last_reported": 1729157682,
                "name": "Lazarettgasse",
                "num_bikes_available": 8,
                "num_docks_available": 10,
                "region_id": "748",
                "rental_uris": {
                    "android": "https://app.nextbike.net/station?id=103321191",
                    "ios": "https://app.nextbike.net/station?id=103321191",
                    "web": "https://nxtb.it/p/103321191"
                },
                "short_name": "32116",
                "station_id": "103321191"
            },
            "type": "Feature"
        },
        {
            "geometry": {
                "coordinates": [
                    16.310926,
                    48.170578
                ],
                "type": "Point"
            },
            "properties": {
                "capacity": 15,
                "is_installed": true,
                "is_renting": true,
                "is_returning": true,
                "is_virtual_station": false,
                "last_reported": 1729157682,
                "name": "Edelsinnstra\u00dfe",
                "num_bikes_available": 1,
                "num_docks_available": 14,
                "region_id": "748",
                "rental_uris": {
                    "android": "https://app.nextbike.net/station?id=103587074",
                    "ios": "https://app.nextbike.net/station?id=103587074",
                    "web": "https://nxtb.it/p/103587074"
                },
                "short_name": "32129",
                "station_id": "103587074"
            },
            "type": "Feature"
        },
        {
            "geometry": {
                "coordinates": [
                    16.368227,
                    48.199877
                ],
                "type": "Point"
            },
            "properties": {
                "capacity": 19,
                "is_installed": true,
                "is_renting": true,
                "is_returning": true,
                "is_virtual_station": false,
                "last_reported": 1729157682,
                "name": "Karlsplatz U / TU Wien",
                "num_bikes_available": 30,
                "num_docks_available": 0,
                "region_id": "748",
                "rental_uris": {
                    "android": "https://app.nextbike.net/station?id=105011519",
                    "ios": "https://app.nextbike.net/station?id=105011519",
                    "web": "https://nxtb.it/p/105011519"
                },
                "short_name": "32088",
                "station_id": "105011519"
            },
            "type": "Feature"
        },
        {
            "geometry": {
                "coordinates": [
                    16.350981,
                    48.197306
                ],
                "type": "Point"
            },
            "properties": {
                "capacity": 12,
                "is_installed": true,
                "is_renting": false,
                "is_returning": false,
                "is_virtual_station": false,
                "last_reported": 1729157682,
                "name": "Amerlingstra\u00dfe",
                "num_bikes_available": 2,
                "num_docks_available": 10,
                "region_id": "748",
                "rental_uris": {
                    "android": "https://app.nextbike.net/station?id=105539739",
                    "ios": "https://app.nextbike.net/station?id=105539739",
                    "web": "https://nxtb.it/p/105539739"
                },
                "short_name": "32241",
                "station_id": "105539739"
            },
            "type": "Feature"
        },
        {
            "geometry": {
                "coordinates": [
                    16.343998,
                    48.210475
                ],
                "type": "Point"
            },
            "properties": {
                "capacity": 28,
                "is_installed": true,
                "is_renting": true,
                "is_returning": true,
                "is_virtual_station": false,
                "last_reported": 1729157682,
                "name": "Albertgasse",
                "num_bikes_available": 1,
                "num_docks_available": 27,
                "region_id": "748",
                "rental_uris": {
                    "android": "https://app.nextbike.net/station?id=106776330",
                    "ios": "https://app.nextbike.net/station?id=106776330",
                    "web": "https://nxtb.it/p/106776330"
                },
                "short_name": "32109",
                "station_id": "106776330"
            },
            "type": "Feature"
        },
        {
            "geometry": {
                "coordinates": [
                    16.360781,
                    48.21192
                ],
                "type": "Point"
            },
            "properties": {
                "capacity": 33,
                "is_installed": true,
                "is_renting": true,
                "is_returning": true,
                "is_virtual_station": false,
                "last_reported": 1729157682,
                "name": "Universit\u00e4tsring",
                "num_bikes_available": 50,
                "num_docks_available": 0,
                "region_id": "748",
                "rental_uris": {
                    "android": "https://app.nextbike.net/station?id=107176004",
                    "ios": "https://app.nextbike.net/station?id=107176004",
                    "web": "https://nxtb.it/p/107176004"
                },
                "short_name": "32064",
                "station_id": "107176004"
            },
            "type": "Feature"
        },
        {
            "geometry": {
                "coordinates": [
                    16.366685,
                    48.209724
                ],
                "type": "Point"
            },
            "properties": {
                "capacity": 24,
                "is_installed": true,
                "is_renting": true,
                "is_returning": true,
                "is_virtual_station": false,
                "last_reported": 1729157682,
                "name": "Herrengasse U",
                "num_bikes_available": 20,
                "num_docks_available": 4,
                "region_id": "748",
                "rental_uris": {
                    "android": "https://app.nextbike.net/station?id=107176172",
                    "ios": "https://app.nextbike.net/station?id=107176172",
                    "web": "https://nxtb.it/p/107176172"
                },
                "short_name": "32065",
                "station_id": "107176172"
            },
            "type": "Feature"
        },
        {
            "geometry": {
                "coordinates": [
                    16.35638,
                    48.220335
                ],
                "type": "Point"
            },
            "properties": {
                "capacity": 20,
                "is_installed": true,
                "is_renting": true,
                "is_returning": true,
                "is_virtual_station": false,
                "last_reported": 1729157682,
                "name": "Sensengasse",
                "num_bikes_available": 16,
                "num_docks_available": 4,
                "region_id": "748",
                "rental_uris": {
                    "android": "https://app.nextbike.net/station?id=107177260",
                    "ios": "https://app.nextbike.net/station?id=107177260",
                    "web": "https://nxtb.it/p/107177260"
                },
                "short_name": "32115",
                "station_id": "107177260"
            },
            "type": "Feature"
        },
        {
            "geometry": {
                "coordinates": [
                    16.361403,
                    48.173666
                ],
                "type": "Point"
            },
            "properties": {
                "is_installed": true,
                "is_renting": true,
                "is_returning": true,
                "is_virtual_station": true,
                "last_reported": 1729157682,
                "name": "Belgradplatz",
                "num_bikes_available": 0,
                "num_docks_available": 0,
                "region_id": "748",
                "rental_uris": {
                    "android": "https://app.nextbike.net/station?id=108294385",
                    "ios": "https://app.nextbike.net/station?id=108294385",
                    "web": "https://nxtb.it/p/108294385"
                },
                "short_name": "32121",
                "station_id": "108294385"
            },
            "type": "Feature"
        },
        {
            "geometry": {
                "coordinates": [
                    16.360245,
                    48.209923
                ],
                "type": "Point"
            },
            "properties": {
                "capacity": 18,
                "is_installed": true,
                "is_renting": true,
                "is_returning": true,
                "is_virtual_station": false,
                "last_reported": 1729157682,
                "name": "Rathausplatz / Burgtheater",
                "num_bikes_available": 5,
                "num_docks_available": 13,
                "region_id": "748",
                "rental_uris": {
                    "android": "https://app.nextbike.net/station?id=108328961",
                    "ios": "https://app.nextbike.net/station?id=108328961",
                    "web": "https://nxtb.it/p/108328961"
                },
                "short_name": "32070",
                "station_id": "108328961"
            },
            "type": "Feature"
        },
        {
            "geometry": {
                "coordinates": [
                    16.345801,
                    48.18392
                ],
                "type": "Point"
            },
            "properties": {
                "capacity": 20,
                "is_installed": true,
                "is_renting": true,
                "is_returning": true,
                "is_virtual_station": false,
                "last_reported": 1729157682,
                "name": "Arbeitergasse - G\u00fcrtel",
                "num_bikes_available": 27,
                "num_docks_available": 0,
                "region_id": "748",
                "rental_uris": {
                    "android": "https://app.nextbike.net/station?id=108329236",
                    "ios": "https://app.nextbike.net/station?id=108329236",
                    "web": "https://nxtb.it/p/108329236"
                },
                "short_name": "32094",
                "station_id": "108329236"
            },
            "type": "Feature"
        },
        {
            "geometry": {
                "coordinates": [
                    16.360193,
                    48.221085
                ],
                "type": "Point"
            },
            "properties": {
                "capacity": 24,
                "is_installed": true,
                "is_renting": true,
                "is_returning": true,
                "is_virtual_station": false,
                "last_reported": 1729157682,
                "name": "Bauernfeldplatz / Palais Lichtenstein",
                "num_bikes_available": 35,
                "num_docks_available": 0,
                "region_id": "748",
                "rental_uris": {
                    "android": "https://app.nextbike.net/station?id=108330011",
                    "ios": "https://app.nextbike.net/station?id=108330011",
                    "web": "https://nxtb.it/p/108330011"
                },
                "short_name": "32117",
                "station_id": "108330011"
            },
            "type": "Feature"
        },
        {
            "geometry": {
                "coordinates": [
                    16.376708,
                    48.203384
                ],
                "type": "Point"
            },
            "properties": {
                "capacity": 17,
                "is_installed": true,
                "is_renting": true,
                "is_returning": true,
                "is_virtual_station": false,
                "last_reported": 1729157682,
                "name": "Johannesgasse",
                "num_bikes_available": 16,
                "num_docks_available": 0,
                "region_id": "748",
                "rental_uris": {
                    "android": "https://app.nextbike.net/station?id=108330262",
                    "ios": "https://app.nextbike.net/station?id=108330262",
                    "web": "https://nxtb.it/p/108330262"
                },
                "short_name": "32069",
                "station_id": "108330262"
            },
            "type": "Feature"
        },
        {
            "geometry": {
                "coordinates": [
                    16.325099,
                    48.233868
                ],
                "type": "Point"
            },
            "properties": {
                "is_installed": true,
                "is_renting": true,
                "is_returning": true,
                "is_virtual_station": true,
                "last_reported": 1729157682,
                "name": "Bischof-Faber-Platz",
                "num_bikes_available": 0,
                "num_docks_available": 0,
                "region_id": "748",
                "rental_uris": {
                    "android": "https://app.nextbike.net/station?id=108575312",
                    "ios": "https://app.nextbike.net/station?id=108575312",
                    "web": "https://nxtb.it/p/108575312"
                },
                "short_name": "32238",
                "station_id": "108575312"
            },
            "type": "Feature"
        },
        {
            "geometry": {
                "coordinates": [
                    16.324922,
                    48.160951
                ],
                "type": "Point"
            },
            "properties": {
                "capacity": 27,
                "is_installed": true,
                "is_renting": true,
                "is_returning": true,
                "is_virtual_station": false,
                "last_reported": 1729157682,
                "name": "Am Sch\u00f6pfwerk U",
                "num_bikes_available": 15,
                "num_docks_available": 12,
                "region_id": "748",
                "rental_uris": {
                    "android": "https://app.nextbike.net/station?id=110075845",
                    "ios": "https://app.nextbike.net/station?id=110075845",
                    "web": "https://nxtb.it/p/110075845"
                },
                "short_name": "32132",
                "station_id": "110075845"
            },
            "type": "Feature"
        },
        {
            "geometry": {
                "coordinates": [
                    16.354893,
                    48.225138
                ],
                "type": "Point"
            },
            "properties": {
                "capacity": 22,
                "is_installed": true,
                "is_renting": true,
                "is_returning": true,
                "is_virtual_station": false,
                "last_reported": 1729157682,
                "name": "Alserbachstra\u00dfe",
                "num_bikes_available": 30,
                "num_docks_available": 0,
                "region_id": "748",
                "rental_uris": {
                    "android": "https://app.nextbike.net/station?id=110076109",
                    "ios": "https://app.nextbike.net/station?id=110076109",
                    "web": "https://nxtb.it/p/110076109"
                },
                "short_name": "32118",
                "station_id": "110076109"
            },
            "type": "Feature"
        },
        {
            "geometry": {
                "coordinates": [
                    16.398459,
                    48.192988
                ],
                "type": "Point"
            },
            "properties": {
                "capacity": 26,
                "is_installed": true,
                "is_renting": true,
                "is_returning": true,
                "is_virtual_station": false,
                "last_reported": 1729157682,
                "name": "Petrusgasse",
                "num_bikes_available": 16,
                "num_docks_available": 10,
                "region_id": "748",
                "rental_uris": {
                    "android": "https://app.nextbike.net/station?id=110076578",
                    "ios": "https://app.nextbike.net/station?id=110076578",
                    "web": "https://nxtb.it/p/110076578"
                },
                "short_name": "32086",
                "station_id": "110076578"
            },
            "type": "Feature"
        },
        {
            "geometry": {
                "coordinates": [
                    16.394335,
                    48.199234
                ],
                "type": "Point"
            },
            "properties": {
                "capacity": 22,
                "is_installed": true,
                "is_renting": true,
                "is_returning": true,
                "is_virtual_station": false,
                "last_reported": 1729157682,
                "name": "Wassergasse",
                "num_bikes_available": 3,
                "num_docks_available": 19,
                "region_id": "748",
                "rental_uris": {
                    "android": "https://app.nextbike.net/station?id=110076854",
                    "ios": "https://app.nextbike.net/station?id=110076854",
                    "web": "https://nxtb.it/p/110076854"
                },
                "short_name": "32082",
                "station_id": "110076854"
            },
            "type": "Feature"
        },
        {
            "geometry": {
                "coordinates": [
                    16.395998,
                    48.2057
                ],
                "type": "Point"
            },
            "properties": {
                "capacity": 23,
                "is_installed": true,
                "is_renting": true,
                "is_returning": true,
                "is_virtual_station": false,
                "last_reported": 1729157682,
                "name": "L\u00f6wengasse",
                "num_bikes_available": 11,
                "num_docks_available": 12,
                "region_id": "748",
                "rental_uris": {
                    "android": "https://app.nextbike.net/station?id=110077149",
                    "ios": "https://app.nextbike.net/station?id=110077149",
                    "web": "https://nxtb.it/p/110077149"
                },
                "short_name": "32084",
                "station_id": "110077149"
            },
            "type": "Feature"
        },
        {
            "geometry": {
                "coordinates": [
                    16.400874,
                    48.197069
                ],
                "type": "Point"
            },
            "properties": {
                "capacity": 16,
                "is_installed": true,
                "is_renting": true,
                "is_returning": true,
                "is_virtual_station": false,
                "last_reported": 1729157682,
                "name": "Kardinal-Nagl-Platz U",
                "num_bikes_available": 11,
                "num_docks_available": 5,
                "region_id": "748",
                "rental_uris": {
                    "android": "https://app.nextbike.net/station?id=110077394",
                    "ios": "https://app.nextbike.net/station?id=110077394",
                    "web": "https://nxtb.it/p/110077394"
                },
                "short_name": "32087",
                "station_id": "110077394"
            },
            "type": "Feature"
        },
        {
            "geometry": {
                "coordinates": [
                    16.3713,
                    48.202161
                ],
                "type": "Point"
            },
            "properties": {
                "capacity": 17,
                "is_installed": true,
                "is_renting": true,
                "is_returning": true,
                "is_virtual_station": false,
                "last_reported": 1729157682,
                "name": "K\u00e4rntner Ring",
                "num_bikes_available": 12,
                "num_docks_available": 5,
                "region_id": "748",
                "rental_uris": {
                    "android": "https://app.nextbike.net/station?id=110420108",
                    "ios": "https://app.nextbike.net/station?id=110420108",
                    "web": "https://nxtb.it/p/110420108"
                },
                "short_name": "32061",
                "station_id": "110420108"
            },
            "type": "Feature"
        },
        {
            "geometry": {
                "coordinates": [
                    16.372194,
                    48.215972
                ],
                "type": "Point"
            },
            "properties": {
                "capacity": 18,
                "is_installed": true,
                "is_renting": true,
                "is_returning": true,
                "is_virtual_station": false,
                "last_reported": 1729157682,
                "name": "Schottenring U",
                "num_bikes_available": 19,
                "num_docks_available": 0,
                "region_id": "748",
                "rental_uris": {
                    "android": "https://app.nextbike.net/station?id=110474164",
                    "ios": "https://app.nextbike.net/station?id=110474164",
                    "web": "https://nxtb.it/p/110474164"
                },
                "short_name": "32066",
                "station_id": "110474164"
            },
            "type": "Feature"
        },
        {
            "geometry": {
                "coordinates": [
                    16.349122,
                    48.207744
                ],
                "type": "Point"
            },
            "properties": {
                "capacity": 22,
                "is_installed": true,
                "is_renting": true,
                "is_returning": true,
                "is_virtual_station": false,
                "last_reported": 1729157682,
                "name": "Strozzigasse",
                "num_bikes_available": 5,
                "num_docks_available": 17,
                "region_id": "748",
                "rental_uris": {
                    "android": "https://app.nextbike.net/station?id=111035034",
                    "ios": "https://app.nextbike.net/station?id=111035034",
                    "web": "https://nxtb.it/p/111035034"
                },
                "short_name": "32112",
                "station_id": "111035034"
            },
            "type": "Feature"
        },
        {
            "geometry": {
                "coordinates": [
                    16.335624,
                    48.214561
                ],
                "type": "Point"
            },
            "properties": {
                "capacity": 23,
                "is_installed": true,
                "is_renting": true,
                "is_returning": true,
                "is_virtual_station": false,
                "last_reported": 1729157682,
                "name": "Yppengasse",
                "num_bikes_available": 2,
                "num_docks_available": 21,
                "region_id": "748",
                "rental_uris": {
                    "android": "https://app.nextbike.net/station?id=112096063",
                    "ios": "https://app.nextbike.net/station?id=112096063",
                    "web": "https://nxtb.it/p/112096063"
                },
                "short_name": "32235",
                "station_id": "112096063"
            },
            "type": "Feature"
        },
        {
            "geometry": {
                "coordinates": [
                    16.354862,
                    48.168439
                ],
                "type": "Point"
            },
            "properties": {
                "capacity": 12,
                "is_installed": true,
                "is_renting": true,
                "is_returning": true,
                "is_virtual_station": false,
                "last_reported": 1729157682,
                "name": "Stefan-Fadinger-Platz",
                "num_bikes_available": 5,
                "num_docks_available": 7,
                "region_id": "748",
                "rental_uris": {
                    "android": "https://app.nextbike.net/station?id=112972587",
                    "ios": "https://app.nextbike.net/station?id=112972587",
                    "web": "https://nxtb.it/p/112972587"
                },
                "short_name": "32126",
                "station_id": "112972587"
            },
            "type": "Feature"
        },
        {
            "geometry": {
                "coordinates": [
                    16.346523,
                    48.215262
                ],
                "type": "Point"
            },
            "properties": {
                "capacity": 11,
                "is_installed": true,
                "is_renting": true,
                "is_returning": true,
                "is_virtual_station": false,
                "last_reported": 1729157682,
                "name": "Br\u00fcnnlbadgasse",
                "num_bikes_available": 8,
                "num_docks_available": 3,
                "region_id": "748",
                "rental_uris": {
                    "android": "https://app.nextbike.net/station?id=112972732",
                    "ios": "https://app.nextbike.net/station?id=112972732",
                    "web": "https://nxtb.it/p/112972732"
                },
                "short_name": "32110",
                "station_id": "112972732"
            },
            "type": "Feature"
        },
        {
            "geometry": {
                "coordinates": [
                    16.374752,
                    48.223
                ],
                "type": "Point"
            },
            "properties": {
                "capacity": 14,
                "is_installed": true,
                "is_renting": true,
                "is_returning": true,
                "is_virtual_station": false,
                "last_reported": 1729157682,
                "name": "Obere Augartenstra\u00dfe",
                "num_bikes_available": 15,
                "num_docks_available": 0,
                "region_id": "748",
                "rental_uris": {
                    "android": "https://app.nextbike.net/station?id=113851857",
                    "ios": "https://app.nextbike.net/station?id=113851857",
                    "web": "https://nxtb.it/p/113851857"
                },
                "short_name": "32080",
                "station_id": "113851857"
            },
            "type": "Feature"
        },
        {
            "geometry": {
                "coordinates": [
                    16.371572,
                    48.197287
                ],
                "type": "Point"
            },
            "properties": {
                "is_installed": true,
                "is_renting": true,
                "is_returning": true,
                "is_virtual_station": false,
                "last_reported": 1729157682,
                "name": "Gu\u00dfhausstra\u00dfe / Argentinierstra\u00dfe",
                "num_bikes_available": 8,
                "num_docks_available": 0,
                "region_id": "748",
                "rental_uris": {
                    "android": "https://app.nextbike.net/station?id=113852160",
                    "ios": "https://app.nextbike.net/station?id=113852160",
                    "web": "https://nxtb.it/p/113852160"
                },
                "short_name": "32091",
                "station_id": "113852160"
            },
            "type": "Feature"
        },
        {
            "geometry": {
                "coordinates": [
                    16.303146,
                    48.165635
                ],
                "type": "Point"
            },
            "properties": {
                "capacity": 15,
                "is_installed": true,
                "is_renting": true,
                "is_returning": true,
                "is_virtual_station": false,
                "last_reported": 1729157682,
                "name": "Marschallplatz",
                "num_bikes_available": 19,
                "num_docks_available": 0,
                "region_id": "748",
                "rental_uris": {
                    "android": "https://app.nextbike.net/station?id=113852535",
                    "ios": "https://app.nextbike.net/station?id=113852535",
                    "web": "https://nxtb.it/p/113852535"
                },
                "short_name": "32130",
                "station_id": "113852535"
            },
            "type": "Feature"
        },
        {
            "geometry": {
                "coordinates": [
                    16.274813,
                    48.192296
                ],
                "type": "Point"
            },
            "properties": {
                "capacity": 15,
                "is_installed": true,
                "is_renting": true,
                "is_returning": true,
                "is_virtual_station": false,
                "last_reported": 1729157682,
                "name": "Ober St. Veit U",
                "num_bikes_available": 21,
                "num_docks_available": 0,
                "region_id": "748",
                "rental_uris": {
                    "android": "https://app.nextbike.net/station?id=113852718",
                    "ios": "https://app.nextbike.net/station?id=113852718",
                    "web": "https://nxtb.it/p/113852718"
                },
                "short_name": "32212",
                "station_id": "113852718"
            },
            "type": "Feature"
        },
        {
            "geometry": {
                "coordinates": [
                    16.316414,
                    48.203673
                ],
                "type": "Point"
            },
            "properties": {
                "capacity": 20,
                "is_installed": true,
                "is_renting": true,
                "is_returning": true,
                "is_virtual_station": false,
                "last_reported": 1729157682,
                "name": "Auf der Schmelz",
                "num_bikes_available": 10,
                "num_docks_available": 10,
                "region_id": "748",
                "rental_uris": {
                    "android": "https://app.nextbike.net/station?id=113852877",
                    "ios": "https://app.nextbike.net/station?id=113852877",
                    "web": "https://nxtb.it/p/113852877"
                },
                "short_name": "32134",
                "station_id": "113852877"
            },
            "type": "Feature"
        },
        {
            "geometry": {
                "coordinates": [
                    16.327679,
                    48.186805
                ],
                "type": "Point"
            },
            "properties": {
                "capacity": 19,
                "is_installed": true,
                "is_renting": true,
                "is_returning": true,
                "is_virtual_station": false,
                "last_reported": 1729157682,
                "name": "Grimmgasse",
                "num_bikes_available": 8,
                "num_docks_available": 11,
                "region_id": "748",
                "rental_uris": {
                    "android": "https://app.nextbike.net/station?id=113853038",
                    "ios": "https://app.nextbike.net/station?id=113853038",
                    "web": "https://nxtb.it/p/113853038"
                },
                "short_name": "32224",
                "station_id": "113853038"
            },
            "type": "Feature"
        },
        {
            "geometry": {
                "coordinates": [
                    16.328093,
                    48.216137
                ],
                "type": "Point"
            },
            "properties": {
                "capacity": 29,
                "is_installed": true,
                "is_renting": true,
                "is_returning": true,
                "is_virtual_station": false,
                "last_reported": 1729157682,
                "name": "Parhamerplatz",
                "num_bikes_available": 24,
                "num_docks_available": 5,
                "region_id": "748",
                "rental_uris": {
                    "android": "https://app.nextbike.net/station?id=113853202",
                    "ios": "https://app.nextbike.net/station?id=113853202",
                    "web": "https://nxtb.it/p/113853202"
                },
                "short_name": "32215",
                "station_id": "113853202"
            },
            "type": "Feature"
        },
        {
            "geometry": {
                "coordinates": [
                    16.30899,
                    48.20359
                ],
                "type": "Point"
            },
            "properties": {
                "is_installed": true,
                "is_renting": true,
                "is_returning": true,
                "is_virtual_station": true,
                "last_reported": 1729157682,
                "name": "Kendlerstra\u00dfe U",
                "num_bikes_available": 1,
                "num_docks_available": 0,
                "region_id": "748",
                "rental_uris": {
                    "android": "https://app.nextbike.net/station?id=114191041",
                    "ios": "https://app.nextbike.net/station?id=114191041",
                    "web": "https://nxtb.it/p/114191041"
                },
                "short_name": "32272",
                "station_id": "114191041"
            },
            "type": "Feature"
        },
        {
            "geometry": {
                "coordinates": [
                    16.33459,
                    48.221223
                ],
                "type": "Point"
            },
            "properties": {
                "capacity": 22,
                "is_installed": true,
                "is_renting": true,
                "is_returning": true,
                "is_virtual_station": false,
                "last_reported": 1729157682,
                "name": "Dornerplatz",
                "num_bikes_available": 0,
                "num_docks_available": 22,
                "region_id": "748",
                "rental_uris": {
                    "android": "https://app.nextbike.net/station?id=114192844",
                    "ios": "https://app.nextbike.net/station?id=114192844",
                    "web": "https://nxtb.it/p/114192844"
                },
                "short_name": "32141",
                "station_id": "114192844"
            },
            "type": "Feature"
        },
        {
            "geometry": {
                "coordinates": [
                    16.315256,
                    48.22321
                ],
                "type": "Point"
            },
            "properties": {
                "capacity": 20,
                "is_installed": true,
                "is_renting": true,
                "is_returning": true,
                "is_virtual_station": false,
                "last_reported": 1729157682,
                "name": "Hernals S",
                "num_bikes_available": 9,
                "num_docks_available": 11,
                "region_id": "748",
                "rental_uris": {
                    "android": "https://app.nextbike.net/station?id=114193118",
                    "ios": "https://app.nextbike.net/station?id=114193118",
                    "web": "https://nxtb.it/p/114193118"
                },
                "short_name": "32199",
                "station_id": "114193118"
            },
            "type": "Feature"
        },
        {
            "geometry": {
                "coordinates": [
                    16.330241,
                    48.19623
                ],
                "type": "Point"
            },
            "properties": {
                "capacity": 21,
                "is_installed": true,
                "is_renting": true,
                "is_returning": true,
                "is_virtual_station": false,
                "last_reported": 1729157682,
                "name": "Schmelzbr\u00fccke",
                "num_bikes_available": 23,
                "num_docks_available": 0,
                "region_id": "748",
                "rental_uris": {
                    "android": "https://app.nextbike.net/station?id=114193703",
                    "ios": "https://app.nextbike.net/station?id=114193703",
                    "web": "https://nxtb.it/p/114193703"
                },
                "short_name": "32220",
                "station_id": "114193703"
            },
            "type": "Feature"
        },
        {
            "geometry": {
                "coordinates": [
                    16.343735,
                    48.221804
                ],
                "type": "Point"
            },
            "properties": {
                "capacity": 35,
                "is_installed": true,
                "is_renting": true,
                "is_returning": true,
                "is_virtual_station": false,
                "last_reported": 1729157682,
                "name": "Michelbeuern-AKH U",
                "num_bikes_available": 20,
                "num_docks_available": 15,
                "region_id": "748",
                "rental_uris": {
                    "android": "https://app.nextbike.net/station?id=114194532",
                    "ios": "https://app.nextbike.net/station?id=114194532",
                    "web": "https://nxtb.it/p/114194532"
                },
                "short_name": "32210",
                "station_id": "114194532"
            },
            "type": "Feature"
        },
        {
            "geometry": {
                "coordinates": [
                    16.337543,
                    48.223756
                ],
                "type": "Point"
            },
            "properties": {
                "capacity": 12,
                "is_installed": true,
                "is_renting": true,
                "is_returning": true,
                "is_virtual_station": false,
                "last_reported": 1729157682,
                "name": "Johann-Nepomuk-Vogl-Platz",
                "num_bikes_available": 0,
                "num_docks_available": 11,
                "region_id": "748",
                "rental_uris": {
                    "android": "https://app.nextbike.net/station?id=114194796",
                    "ios": "https://app.nextbike.net/station?id=114194796",
                    "web": "https://nxtb.it/p/114194796"
                },
                "short_name": "32203",
                "station_id": "114194796"
            },
            "type": "Feature"
        },
        {
            "geometry": {
                "coordinates": [
                    16.343241,
                    48.201942
                ],
                "type": "Point"
            },
            "properties": {
                "capacity": 15,
                "is_installed": true,
                "is_renting": true,
                "is_returning": true,
                "is_virtual_station": false,
                "last_reported": 1729157682,
                "name": "Westbahnstra\u00dfe / Schottenfeldgasse",
                "num_bikes_available": 9,
                "num_docks_available": 6,
                "region_id": "748",
                "rental_uris": {
                    "android": "https://app.nextbike.net/station?id=114195856",
                    "ios": "https://app.nextbike.net/station?id=114195856",
                    "web": "https://nxtb.it/p/114195856"
                },
                "short_name": "32108",
                "station_id": "114195856"
            },
            "type": "Feature"
        },
        {
            "geometry": {
                "coordinates": [
                    16.399795,
                    48.223192
                ],
                "type": "Point"
            },
            "properties": {
                "capacity": 34,
                "is_installed": true,
                "is_renting": true,
                "is_returning": true,
                "is_virtual_station": false,
                "last_reported": 1729157682,
                "name": "Vorgartenstra\u00dfe U",
                "num_bikes_available": 27,
                "num_docks_available": 7,
                "region_id": "748",
                "rental_uris": {
                    "android": "https://app.nextbike.net/station?id=115734327",
                    "ios": "https://app.nextbike.net/station?id=115734327",
                    "web": "https://nxtb.it/p/115734327"
                },
                "short_name": "32072",
                "station_id": "115734327"
            },
            "type": "Feature"
        },
        {
            "geometry": {
                "coordinates": [
                    16.414663,
                    48.214384
                ],
                "type": "Point"
            },
            "properties": {
                "capacity": 30,
                "is_installed": true,
                "is_renting": true,
                "is_returning": true,
                "is_virtual_station": false,
                "last_reported": 1729157682,
                "name": "Krieau U",
                "num_bikes_available": 25,
                "num_docks_available": 4,
                "region_id": "748",
                "rental_uris": {
                    "android": "https://app.nextbike.net/station?id=115734503",
                    "ios": "https://app.nextbike.net/station?id=115734503",
                    "web": "https://nxtb.it/p/115734503"
                },
                "short_name": "32078",
                "station_id": "115734503"
            },
            "type": "Feature"
        },
        {
            "geometry": {
                "coordinates": [
                    16.311806,
                    48.211841
                ],
                "type": "Point"
            },
            "properties": {
                "capacity": 38,
                "is_installed": true,
                "is_renting": true,
                "is_returning": true,
                "is_virtual_station": false,
                "last_reported": 1729157682,
                "name": "Ottakring S U",
                "num_bikes_available": 34,
                "num_docks_available": 4,
                "region_id": "748",
                "rental_uris": {
                    "android": "https://app.nextbike.net/station?id=115734657",
                    "ios": "https://app.nextbike.net/station?id=115734657",
                    "web": "https://nxtb.it/p/115734657"
                },
                "short_name": "32213",
                "station_id": "115734657"
            },
            "type": "Feature"
        },
        {
            "geometry": {
                "coordinates": [
                    16.363965,
                    48.187123
                ],
                "type": "Point"
            },
            "properties": {
                "capacity": 23,
                "is_installed": true,
                "is_renting": false,
                "is_returning": false,
                "is_virtual_station": false,
                "last_reported": 1729157682,
                "name": "Hartmanngasse ",
                "num_bikes_available": 10,
                "num_docks_available": 11,
                "region_id": "748",
                "rental_uris": {
                    "android": "https://app.nextbike.net/station?id=115735030",
                    "ios": "https://app.nextbike.net/station?id=115735030",
                    "web": "https://nxtb.it/p/115735030"
                },
                "short_name": "32096",
                "station_id": "115735030"
            },
            "type": "Feature"
        },
        {
            "geometry": {
                "coordinates": [
                    16.440139,
                    48.261666
                ],
                "type": "Point"
            },
            "properties": {
                "is_installed": true,
                "is_renting": true,
                "is_returning": true,
                "is_virtual_station": true,
                "last_reported": 1729157682,
                "name": "Georg-Ehrlich-Weg",
                "num_bikes_available": 5,
                "num_docks_available": 0,
                "region_id": "748",
                "rental_uris": {
                    "android": "https://app.nextbike.net/station?id=115738177",
                    "ios": "https://app.nextbike.net/station?id=115738177",
                    "web": "https://nxtb.it/p/115738177"
                },
                "short_name": "32237",
                "station_id": "115738177"
            },
            "type": "Feature"
        },
        {
            "geometry": {
                "coordinates": [
                    16.406163,
                    48.217295
                ],
                "type": "Point"
            },
            "properties": {
                "capacity": 44,
                "is_installed": true,
                "is_renting": true,
                "is_returning": true,
                "is_virtual_station": false,
                "last_reported": 1729157682,
                "name": "Messe-Prater U2",
                "num_bikes_available": 12,
                "num_docks_available": 31,
                "region_id": "748",
                "rental_uris": {
                    "android": "https://app.nextbike.net/station?id=116474003",
                    "ios": "https://app.nextbike.net/station?id=116474003",
                    "web": "https://nxtb.it/p/116474003"
                },
                "short_name": "32077",
                "station_id": "116474003"
            },
            "type": "Feature"
        },
        {
            "geometry": {
                "coordinates": [
                    16.349121,
                    48.194597
                ],
                "type": "Point"
            },
            "properties": {
                "capacity": 19,
                "is_installed": true,
                "is_renting": true,
                "is_returning": true,
                "is_virtual_station": false,
                "last_reported": 1729157682,
                "name": "Loquaiplatz",
                "num_bikes_available": 7,
                "num_docks_available": 12,
                "region_id": "748",
                "rental_uris": {
                    "android": "https://app.nextbike.net/station?id=117147572",
                    "ios": "https://app.nextbike.net/station?id=117147572",
                    "web": "https://nxtb.it/p/117147572"
                },
                "short_name": "32103",
                "station_id": "117147572"
            },
            "type": "Feature"
        },
        {
            "geometry": {
                "coordinates": [
                    16.326586,
                    48.21955
                ],
                "type": "Point"
            },
            "properties": {
                "capacity": 21,
                "is_installed": true,
                "is_renting": true,
                "is_returning": true,
                "is_virtual_station": false,
                "last_reported": 1729157682,
                "name": "Rosensteingasse",
                "num_bikes_available": 17,
                "num_docks_available": 4,
                "region_id": "748",
                "rental_uris": {
                    "android": "https://app.nextbike.net/station?id=117147809",
                    "ios": "https://app.nextbike.net/station?id=117147809",
                    "web": "https://nxtb.it/p/117147809"
                },
                "short_name": "32216",
                "station_id": "117147809"
            },
            "type": "Feature"
        },
        {
            "geometry": {
                "coordinates": [
                    16.338321,
                    48.18934
                ],
                "type": "Point"
            },
            "properties": {
                "capacity": 26,
                "is_installed": true,
                "is_renting": true,
                "is_returning": true,
                "is_virtual_station": false,
                "last_reported": 1729157682,
                "name": "Gumpendorfer G\u00fcrtel",
                "num_bikes_available": 20,
                "num_docks_available": 6,
                "region_id": "748",
                "rental_uris": {
                    "android": "https://app.nextbike.net/station?id=117148042",
                    "ios": "https://app.nextbike.net/station?id=117148042",
                    "web": "https://nxtb.it/p/117148042"
                },
                "short_name": "32100",
                "station_id": "117148042"
            },
            "type": "Feature"
        },
        {
            "geometry": {
                "coordinates": [
                    16.337419,
                    48.203657
                ],
                "type": "Point"
            },
            "properties": {
                "capacity": 20,
                "is_installed": true,
                "is_renting": true,
                "is_returning": true,
                "is_virtual_station": false,
                "last_reported": 1729157682,
                "name": "Burggasse-Stadthalle U",
                "num_bikes_available": 15,
                "num_docks_available": 5,
                "region_id": "748",
                "rental_uris": {
                    "android": "https://app.nextbike.net/station?id=117148276",
                    "ios": "https://app.nextbike.net/station?id=117148276",
                    "web": "https://nxtb.it/p/117148276"
                },
                "short_name": "32105",
                "station_id": "117148276"
            },
            "type": "Feature"
        },
        {
            "geometry": {
                "coordinates": [
                    16.337727,
                    48.201034
                ],
                "type": "Point"
            },
            "properties": {
                "capacity": 22,
                "is_installed": true,
                "is_renting": true,
                "is_returning": true,
                "is_virtual_station": false,
                "last_reported": 1729157682,
                "name": "Urban-Loritz-Platz",
                "num_bikes_available": 6,
                "num_docks_available": 16,
                "region_id": "748",
                "rental_uris": {
                    "android": "https://app.nextbike.net/station?id=117148509",
                    "ios": "https://app.nextbike.net/station?id=117148509",
                    "web": "https://nxtb.it/p/117148509"
                },
                "short_name": "32106",
                "station_id": "117148509"
            },
            "type": "Feature"
        },
        {
            "geometry": {
                "coordinates": [
                    16.29393,
                    48.19853
                ],
                "type": "Point"
            },
            "properties": {
                "capacity": 18,
                "is_installed": true,
                "is_renting": true,
                "is_returning": true,
                "is_virtual_station": false,
                "last_reported": 1729157682,
                "name": "Hanusch Krankenhaus",
                "num_bikes_available": 16,
                "num_docks_available": 2,
                "region_id": "748",
                "rental_uris": {
                    "android": "https://app.nextbike.net/station?id=117148697",
                    "ios": "https://app.nextbike.net/station?id=117148697",
                    "web": "https://nxtb.it/p/117148697"
                },
                "short_name": "32195",
                "station_id": "117148697"
            },
            "type": "Feature"
        },
        {
            "geometry": {
                "coordinates": [
                    16.337344,
                    48.195315
                ],
                "type": "Point"
            },
            "properties": {
                "capacity": 32,
                "is_installed": true,
                "is_renting": true,
                "is_returning": true,
                "is_virtual_station": false,
                "last_reported": 1729157682,
                "name": "Westbahnhof S U / Gerstnerstra\u00dfe",
                "num_bikes_available": 29,
                "num_docks_available": 3,
                "region_id": "748",
                "rental_uris": {
                    "android": "https://app.nextbike.net/station?id=117149012",
                    "ios": "https://app.nextbike.net/station?id=117149012",
                    "web": "https://nxtb.it/p/117149012"
                },
                "short_name": "32230",
                "station_id": "117149012"
            },
            "type": "Feature"
        },
        {
            "geometry": {
                "coordinates": [
                    16.31846,
                    48.194063
                ],
                "type": "Point"
            },
            "properties": {
                "capacity": 22,
                "is_installed": true,
                "is_renting": true,
                "is_returning": true,
                "is_virtual_station": false,
                "last_reported": 1729157682,
                "name": "Wieningerplatz",
                "num_bikes_available": 24,
                "num_docks_available": 0,
                "region_id": "748",
                "rental_uris": {
                    "android": "https://app.nextbike.net/station?id=117149230",
                    "ios": "https://app.nextbike.net/station?id=117149230",
                    "web": "https://nxtb.it/p/117149230"
                },
                "short_name": "32233",
                "station_id": "117149230"
            },
            "type": "Feature"
        },
        {
            "geometry": {
                "coordinates": [
                    16.329897,
                    48.202473
                ],
                "type": "Point"
            },
            "properties": {
                "capacity": 28,
                "is_installed": true,
                "is_renting": true,
                "is_returning": true,
                "is_virtual_station": false,
                "last_reported": 1729157682,
                "name": "Markgraf-R\u00fcdiger Stra\u00dfe",
                "num_bikes_available": 18,
                "num_docks_available": 10,
                "region_id": "748",
                "rental_uris": {
                    "android": "https://app.nextbike.net/station?id=117329509",
                    "ios": "https://app.nextbike.net/station?id=117329509",
                    "web": "https://nxtb.it/p/117329509"
                },
                "short_name": "32208",
                "station_id": "117329509"
            },
            "type": "Feature"
        },
        {
            "geometry": {
                "coordinates": [
                    16.327151,
                    48.199892
                ],
                "type": "Point"
            },
            "properties": {
                "capacity": 24,
                "is_installed": true,
                "is_renting": true,
                "is_returning": true,
                "is_virtual_station": false,
                "last_reported": 1729157682,
                "name": "Plunkergasse",
                "num_bikes_available": 19,
                "num_docks_available": 5,
                "region_id": "748",
                "rental_uris": {
                    "android": "https://app.nextbike.net/station?id=117329675",
                    "ios": "https://app.nextbike.net/station?id=117329675",
                    "web": "https://nxtb.it/p/117329675"
                },
                "short_name": "32222",
                "station_id": "117329675"
            },
            "type": "Feature"
        },
        {
            "geometry": {
                "coordinates": [
                    16.323095,
                    48.196802
                ],
                "type": "Point"
            },
            "properties": {
                "capacity": 22,
                "is_installed": true,
                "is_renting": true,
                "is_returning": true,
                "is_virtual_station": false,
                "last_reported": 1729157682,
                "name": "Selzergasse",
                "num_bikes_available": 21,
                "num_docks_available": 1,
                "region_id": "748",
                "rental_uris": {
                    "android": "https://app.nextbike.net/station?id=117329809",
                    "ios": "https://app.nextbike.net/station?id=117329809",
                    "web": "https://nxtb.it/p/117329809"
                },
                "short_name": "32225",
                "station_id": "117329809"
            },
            "type": "Feature"
        },
        {
            "geometry": {
                "coordinates": [
                    16.3377,
                    48.197958
                ],
                "type": "Point"
            },
            "properties": {
                "capacity": 38,
                "is_installed": true,
                "is_renting": true,
                "is_returning": true,
                "is_virtual_station": false,
                "last_reported": 1729157682,
                "name": "Westbahnhof S U / Felberstra\u00dfe",
                "num_bikes_available": 21,
                "num_docks_available": 17,
                "region_id": "748",
                "rental_uris": {
                    "android": "https://app.nextbike.net/station?id=117329972",
                    "ios": "https://app.nextbike.net/station?id=117329972",
                    "web": "https://nxtb.it/p/117329972"
                },
                "short_name": "32231",
                "station_id": "117329972"
            },
            "type": "Feature"
        },
        {
            "geometry": {
                "coordinates": [
                    16.355224,
                    48.176146
                ],
                "type": "Point"
            },
            "properties": {
                "capacity": 15,
                "is_installed": true,
                "is_renting": true,
                "is_returning": true,
                "is_virtual_station": false,
                "last_reported": 1729157682,
                "name": "Kundratstra\u00dfe",
                "num_bikes_available": 0,
                "num_docks_available": 15,
                "region_id": "748",
                "rental_uris": {
                    "android": "https://app.nextbike.net/station?id=117632826",
                    "ios": "https://app.nextbike.net/station?id=117632826",
                    "web": "https://nxtb.it/p/117632826"
                },
                "short_name": "32125",
                "station_id": "117632826"
            },
            "type": "Feature"
        },
        {
            "geometry": {
                "coordinates": [
                    16.371831,
                    48.173447
                ],
                "type": "Point"
            },
            "properties": {
                "capacity": 24,
                "is_installed": true,
                "is_renting": false,
                "is_returning": false,
                "is_virtual_station": false,
                "last_reported": 1729157682,
                "name": "Arthaberplatz",
                "num_bikes_available": 11,
                "num_docks_available": 13,
                "region_id": "748",
                "rental_uris": {
                    "android": "https://app.nextbike.net/station?id=117633648",
                    "ios": "https://app.nextbike.net/station?id=117633648",
                    "web": "https://nxtb.it/p/117633648"
                },
                "short_name": "32122",
                "station_id": "117633648"
            },
            "type": "Feature"
        },
        {
            "geometry": {
                "coordinates": [
                    16.379649,
                    48.215683
                ],
                "type": "Point"
            },
            "properties": {
                "capacity": 15,
                "is_installed": true,
                "is_renting": true,
                "is_returning": true,
                "is_virtual_station": false,
                "last_reported": 1729157682,
                "name": "Karmeliterplatz",
                "num_bikes_available": 12,
                "num_docks_available": 3,
                "region_id": "748",
                "rental_uris": {
                    "android": "https://app.nextbike.net/station?id=117753032",
                    "ios": "https://app.nextbike.net/station?id=117753032",
                    "web": "https://nxtb.it/p/117753032"
                },
                "short_name": "32075",
                "station_id": "117753032"
            },
            "type": "Feature"
        },
        {
            "geometry": {
                "coordinates": [
                    16.330869,
                    48.205827
                ],
                "type": "Point"
            },
            "properties": {
                "capacity": 24,
                "is_installed": true,
                "is_renting": true,
                "is_returning": true,
                "is_virtual_station": false,
                "last_reported": 1729157682,
                "name": "Fr\u00f6belgasse",
                "num_bikes_available": 4,
                "num_docks_available": 19,
                "region_id": "748",
                "rental_uris": {
                    "android": "https://app.nextbike.net/station?id=117753367",
                    "ios": "https://app.nextbike.net/station?id=117753367",
                    "web": "https://nxtb.it/p/117753367"
                },
                "short_name": "32144",
                "station_id": "117753367"
            },
            "type": "Feature"
        },
        {
            "geometry": {
                "coordinates": [
                    16.378663,
                    48.172937
                ],
                "type": "Point"
            },
            "properties": {
                "capacity": 19,
                "is_installed": true,
                "is_renting": true,
                "is_returning": true,
                "is_virtual_station": false,
                "last_reported": 1729157682,
                "name": "Reumannplatz U",
                "num_bikes_available": 13,
                "num_docks_available": 6,
                "region_id": "748",
                "rental_uris": {
                    "android": "https://app.nextbike.net/station?id=117753498",
                    "ios": "https://app.nextbike.net/station?id=117753498",
                    "web": "https://nxtb.it/p/117753498"
                },
                "short_name": "32123",
                "station_id": "117753498"
            },
            "type": "Feature"
        },
        {
            "geometry": {
                "coordinates": [
                    16.330753,
                    48.214001
                ],
                "type": "Point"
            },
            "properties": {
                "capacity": 13,
                "is_installed": true,
                "is_renting": true,
                "is_returning": true,
                "is_virtual_station": false,
                "last_reported": 1729157682,
                "name": "Brestelgasse",
                "num_bikes_available": 0,
                "num_docks_available": 13,
                "region_id": "748",
                "rental_uris": {
                    "android": "https://app.nextbike.net/station?id=117753757",
                    "ios": "https://app.nextbike.net/station?id=117753757",
                    "web": "https://nxtb.it/p/117753757"
                },
                "short_name": "32139",
                "station_id": "117753757"
            },
            "type": "Feature"
        },
        {
            "geometry": {
                "coordinates": [
                    16.337984,
                    48.207995
                ],
                "type": "Point"
            },
            "properties": {
                "capacity": 24,
                "is_installed": true,
                "is_renting": true,
                "is_returning": true,
                "is_virtual_station": false,
                "last_reported": 1729157682,
                "name": "Thaliastra\u00dfe U",
                "num_bikes_available": 19,
                "num_docks_available": 5,
                "region_id": "748",
                "rental_uris": {
                    "android": "https://app.nextbike.net/station?id=117753925",
                    "ios": "https://app.nextbike.net/station?id=117753925",
                    "web": "https://nxtb.it/p/117753925"
                },
                "short_name": "32227",
                "station_id": "117753925"
            },
            "type": "Feature"
        },
        {
            "geometry": {
                "coordinates": [
                    16.353124,
                    48.231717
                ],
                "type": "Point"
            },
            "properties": {
                "capacity": 17,
                "is_installed": true,
                "is_renting": true,
                "is_returning": true,
                "is_virtual_station": false,
                "last_reported": 1729157682,
                "name": "Nussdorfer Stra\u00dfe U",
                "num_bikes_available": 1,
                "num_docks_available": 15,
                "region_id": "748",
                "rental_uris": {
                    "android": "https://app.nextbike.net/station?id=119161164",
                    "ios": "https://app.nextbike.net/station?id=119161164",
                    "web": "https://nxtb.it/p/119161164"
                },
                "short_name": "32211",
                "station_id": "119161164"
            },
            "type": "Feature"
        },
        {
            "geometry": {
                "coordinates": [
                    16.332358,
                    48.218034
                ],
                "type": "Point"
            },
            "properties": {
                "capacity": 14,
                "is_installed": true,
                "is_renting": true,
                "is_returning": true,
                "is_virtual_station": false,
                "last_reported": 1729157682,
                "name": "Elterleinplatz",
                "num_bikes_available": 5,
                "num_docks_available": 9,
                "region_id": "748",
                "rental_uris": {
                    "android": "https://app.nextbike.net/station?id=119161712",
                    "ios": "https://app.nextbike.net/station?id=119161712",
                    "web": "https://nxtb.it/p/119161712"
                },
                "short_name": "32142",
                "station_id": "119161712"
            },
            "type": "Feature"
        },
        {
            "geometry": {
                "coordinates": [
                    16.354359,
                    48.229011
                ],
                "type": "Point"
            },
            "properties": {
                "capacity": 22,
                "is_installed": true,
                "is_renting": true,
                "is_returning": true,
                "is_virtual_station": false,
                "last_reported": 1729157682,
                "name": "Canisiusgasse",
                "num_bikes_available": 4,
                "num_docks_available": 18,
                "region_id": "748",
                "rental_uris": {
                    "android": "https://app.nextbike.net/station?id=119161997",
                    "ios": "https://app.nextbike.net/station?id=119161997",
                    "web": "https://nxtb.it/p/119161997"
                },
                "short_name": "32120",
                "station_id": "119161997"
            },
            "type": "Feature"
        },
        {
            "geometry": {
                "coordinates": [
                    16.337131,
                    48.217217
                ],
                "type": "Point"
            },
            "properties": {
                "capacity": 25,
                "is_installed": true,
                "is_renting": true,
                "is_returning": true,
                "is_virtual_station": false,
                "last_reported": 1729157682,
                "name": "Palffygasse",
                "num_bikes_available": 16,
                "num_docks_available": 9,
                "region_id": "748",
                "rental_uris": {
                    "android": "https://app.nextbike.net/station?id=119164521",
                    "ios": "https://app.nextbike.net/station?id=119164521",
                    "web": "https://nxtb.it/p/119164521"
                },
                "short_name": "32214",
                "station_id": "119164521"
            },
            "type": "Feature"
        },
        {
            "geometry": {
                "coordinates": [
                    16.329505,
                    48.231029
                ],
                "type": "Point"
            },
            "properties": {
                "capacity": 24,
                "is_installed": true,
                "is_renting": true,
                "is_returning": true,
                "is_virtual_station": false,
                "last_reported": 1729157682,
                "name": "Gersthof S",
                "num_bikes_available": 24,
                "num_docks_available": 0,
                "region_id": "748",
                "rental_uris": {
                    "android": "https://app.nextbike.net/station?id=119164831",
                    "ios": "https://app.nextbike.net/station?id=119164831",
                    "web": "https://nxtb.it/p/119164831"
                },
                "short_name": "32194",
                "station_id": "119164831"
            },
            "type": "Feature"
        },
        {
            "geometry": {
                "coordinates": [
                    16.351143,
                    48.189633
                ],
                "type": "Point"
            },
            "properties": {
                "capacity": 20,
                "is_installed": true,
                "is_renting": true,
                "is_returning": true,
                "is_virtual_station": false,
                "last_reported": 1729157682,
                "name": "Reinprechtsdorfer Br\u00fccke",
                "num_bikes_available": 15,
                "num_docks_available": 5,
                "region_id": "748",
                "rental_uris": {
                    "android": "https://app.nextbike.net/station?id=119165095",
                    "ios": "https://app.nextbike.net/station?id=119165095",
                    "web": "https://nxtb.it/p/119165095"
                },
                "short_name": "32095",
                "station_id": "119165095"
            },
            "type": "Feature"
        },
        {
            "geometry": {
                "coordinates": [
                    16.352486,
                    48.202223
                ],
                "type": "Point"
            },
            "properties": {
                "capacity": 18,
                "is_installed": true,
                "is_renting": true,
                "is_returning": true,
                "is_virtual_station": false,
                "last_reported": 1729157682,
                "name": "Siebensternplatz",
                "num_bikes_available": 18,
                "num_docks_available": 0,
                "region_id": "748",
                "rental_uris": {
                    "android": "https://app.nextbike.net/station?id=119165301",
                    "ios": "https://app.nextbike.net/station?id=119165301",
                    "web": "https://nxtb.it/p/119165301"
                },
                "short_name": "32107",
                "station_id": "119165301"
            },
            "type": "Feature"
        },
        {
            "geometry": {
                "coordinates": [
                    16.352986,
                    48.184975
                ],
                "type": "Point"
            },
            "properties": {
                "capacity": 20,
                "is_installed": true,
                "is_renting": true,
                "is_returning": true,
                "is_virtual_station": false,
                "last_reported": 1729157682,
                "name": "Siebenbrunnenplatz",
                "num_bikes_available": 8,
                "num_docks_available": 11,
                "region_id": "748",
                "rental_uris": {
                    "android": "https://app.nextbike.net/station?id=119165695",
                    "ios": "https://app.nextbike.net/station?id=119165695",
                    "web": "https://nxtb.it/p/119165695"
                },
                "short_name": "32097",
                "station_id": "119165695"
            },
            "type": "Feature"
        },
        {
            "geometry": {
                "coordinates": [
                    16.328474,
                    48.222824
                ],
                "type": "Point"
            },
            "properties": {
                "capacity": 22,
                "is_installed": true,
                "is_renting": true,
                "is_returning": true,
                "is_virtual_station": false,
                "last_reported": 1729157682,
                "name": "Rosensteingasse / Blumengasse",
                "num_bikes_available": 12,
                "num_docks_available": 9,
                "region_id": "748",
                "rental_uris": {
                    "android": "https://app.nextbike.net/station?id=119166015",
                    "ios": "https://app.nextbike.net/station?id=119166015",
                    "web": "https://nxtb.it/p/119166015"
                },
                "short_name": "32136",
                "station_id": "119166015"
            },
            "type": "Feature"
        },
        {
            "geometry": {
                "coordinates": [
                    16.373083,
                    48.217784
                ],
                "type": "Point"
            },
            "properties": {
                "capacity": 18,
                "is_installed": true,
                "is_renting": true,
                "is_returning": true,
                "is_virtual_station": false,
                "last_reported": 1729157682,
                "name": "Schottenring U /Herminengasse",
                "num_bikes_available": 18,
                "num_docks_available": 0,
                "region_id": "748",
                "rental_uris": {
                    "android": "https://app.nextbike.net/station?id=119166984",
                    "ios": "https://app.nextbike.net/station?id=119166984",
                    "web": "https://nxtb.it/p/119166984"
                },
                "short_name": "32076",
                "station_id": "119166984"
            },
            "type": "Feature"
        },
        {
            "geometry": {
                "coordinates": [
                    16.33912,
                    48.212106
                ],
                "type": "Point"
            },
            "properties": {
                "capacity": 22,
                "is_installed": true,
                "is_renting": true,
                "is_returning": true,
                "is_virtual_station": false,
                "last_reported": 1729157682,
                "name": "Josefst\u00e4dter Stra\u00dfe U",
                "num_bikes_available": 24,
                "num_docks_available": 0,
                "region_id": "748",
                "rental_uris": {
                    "android": "https://app.nextbike.net/station?id=119199656",
                    "ios": "https://app.nextbike.net/station?id=119199656",
                    "web": "https://nxtb.it/p/119199656"
                },
                "short_name": "32204",
                "station_id": "119199656"
            },
            "type": "Feature"
        },
        {
            "geometry": {
                "coordinates": [
                    16.379304,
                    48.244111
                ],
                "type": "Point"
            },
            "properties": {
                "capacity": 25,
                "is_installed": true,
                "is_renting": true,
                "is_returning": true,
                "is_virtual_station": false,
                "last_reported": 1729157682,
                "name": "Friedrich-Engels-Platz",
                "num_bikes_available": 17,
                "num_docks_available": 8,
                "region_id": "748",
                "rental_uris": {
                    "android": "https://app.nextbike.net/station?id=119467705",
                    "ios": "https://app.nextbike.net/station?id=119467705",
                    "web": "https://nxtb.it/p/119467705"
                },
                "short_name": "32143",
                "station_id": "119467705"
            },
            "type": "Feature"
        },
        {
            "geometry": {
                "coordinates": [
                    16.380363,
                    48.237487
                ],
                "type": "Point"
            },
            "properties": {
                "capacity": 26,
                "is_installed": true,
                "is_renting": true,
                "is_returning": true,
                "is_virtual_station": false,
                "last_reported": 1729157682,
                "name": "Dresdner Stra\u00dfe U",
                "num_bikes_available": 24,
                "num_docks_available": 2,
                "region_id": "748",
                "rental_uris": {
                    "android": "https://app.nextbike.net/station?id=119468010",
                    "ios": "https://app.nextbike.net/station?id=119468010",
                    "web": "https://nxtb.it/p/119468010"
                },
                "short_name": "32198",
                "station_id": "119468010"
            },
            "type": "Feature"
        },
        {
            "geometry": {
                "coordinates": [
                    16.369919,
                    48.235062
                ],
                "type": "Point"
            },
            "properties": {
                "capacity": 22,
                "is_installed": true,
                "is_renting": true,
                "is_returning": true,
                "is_virtual_station": false,
                "last_reported": 1729157682,
                "name": "J\u00e4gerstra\u00dfe U",
                "num_bikes_available": 7,
                "num_docks_available": 15,
                "region_id": "748",
                "rental_uris": {
                    "android": "https://app.nextbike.net/station?id=119471185",
                    "ios": "https://app.nextbike.net/station?id=119471185",
                    "web": "https://nxtb.it/p/119471185"
                },
                "short_name": "32202",
                "station_id": "119471185"
            },
            "type": "Feature"
        },
        {
            "geometry": {
                "coordinates": [
                    16.383263,
                    48.233821
                ],
                "type": "Point"
            },
            "properties": {
                "capacity": 22,
                "is_installed": true,
                "is_renting": true,
                "is_returning": true,
                "is_virtual_station": false,
                "last_reported": 1729157682,
                "name": "Traisengasse S",
                "num_bikes_available": 17,
                "num_docks_available": 5,
                "region_id": "748",
                "rental_uris": {
                    "android": "https://app.nextbike.net/station?id=119471390",
                    "ios": "https://app.nextbike.net/station?id=119471390",
                    "web": "https://nxtb.it/p/119471390"
                },
                "short_name": "32228",
                "station_id": "119471390"
            },
            "type": "Feature"
        },
        {
            "geometry": {
                "coordinates": [
                    16.357468,
                    48.196328
                ],
                "type": "Point"
            },
            "properties": {
                "capacity": 14,
                "is_installed": true,
                "is_renting": true,
                "is_returning": true,
                "is_virtual_station": false,
                "last_reported": 1729157682,
                "name": "Kettenbr\u00fcckengasse U ",
                "num_bikes_available": 9,
                "num_docks_available": 5,
                "region_id": "748",
                "rental_uris": {
                    "android": "https://app.nextbike.net/station?id=120664252",
                    "ios": "https://app.nextbike.net/station?id=120664252",
                    "web": "https://nxtb.it/p/120664252"
                },
                "short_name": "32093",
                "station_id": "120664252"
            },
            "type": "Feature"
        },
        {
            "geometry": {
                "coordinates": [
                    16.335125,
                    48.228561
                ],
                "type": "Point"
            },
            "properties": {
                "capacity": 22,
                "is_installed": true,
                "is_renting": true,
                "is_returning": true,
                "is_virtual_station": false,
                "last_reported": 1729157682,
                "name": "Aumannplatz",
                "num_bikes_available": 20,
                "num_docks_available": 2,
                "region_id": "748",
                "rental_uris": {
                    "android": "https://app.nextbike.net/station?id=120665264",
                    "ios": "https://app.nextbike.net/station?id=120665264",
                    "web": "https://nxtb.it/p/120665264"
                },
                "short_name": "32135",
                "station_id": "120665264"
            },
            "type": "Feature"
        },
        {
            "geometry": {
                "coordinates": [
                    16.333886,
                    48.18424
                ],
                "type": "Point"
            },
            "properties": {
                "capacity": 24,
                "is_installed": true,
                "is_renting": true,
                "is_returning": true,
                "is_virtual_station": false,
                "last_reported": 1729157682,
                "name": "L\u00e4ngenfeldgasse U",
                "num_bikes_available": 17,
                "num_docks_available": 7,
                "region_id": "748",
                "rental_uris": {
                    "android": "https://app.nextbike.net/station?id=120665659",
                    "ios": "https://app.nextbike.net/station?id=120665659",
                    "web": "https://nxtb.it/p/120665659"
                },
                "short_name": "32127",
                "station_id": "120665659"
            },
            "type": "Feature"
        },
        {
            "geometry": {
                "coordinates": [
                    16.3596,
                    48.228936
                ],
                "type": "Point"
            },
            "properties": {
                "capacity": 20,
                "is_installed": true,
                "is_renting": true,
                "is_returning": true,
                "is_virtual_station": false,
                "last_reported": 1729157682,
                "name": "Althanstra\u00dfe",
                "num_bikes_available": 6,
                "num_docks_available": 14,
                "region_id": "748",
                "rental_uris": {
                    "android": "https://app.nextbike.net/station?id=120666295",
                    "ios": "https://app.nextbike.net/station?id=120666295",
                    "web": "https://nxtb.it/p/120666295"
                },
                "short_name": "32119",
                "station_id": "120666295"
            },
            "type": "Feature"
        },
        {
            "geometry": {
                "coordinates": [
                    16.361492,
                    48.214558
                ],
                "type": "Point"
            },
            "properties": {
                "capacity": 36,
                "is_installed": true,
                "is_renting": true,
                "is_returning": true,
                "is_virtual_station": false,
                "last_reported": 1729157682,
                "name": "Schottentor U",
                "num_bikes_available": 43,
                "num_docks_available": 0,
                "region_id": "748",
                "rental_uris": {
                    "android": "https://app.nextbike.net/station?id=120666475",
                    "ios": "https://app.nextbike.net/station?id=120666475",
                    "web": "https://nxtb.it/p/120666475"
                },
                "short_name": "32113",
                "station_id": "120666475"
            },
            "type": "Feature"
        },
        {
            "geometry": {
                "coordinates": [
                    16.35093,
                    48.198527
                ],
                "type": "Point"
            },
            "properties": {
                "capacity": 18,
                "is_installed": true,
                "is_renting": true,
                "is_returning": true,
                "is_virtual_station": false,
                "last_reported": 1729157682,
                "name": "Neubaugasse U",
                "num_bikes_available": 15,
                "num_docks_available": 3,
                "region_id": "748",
                "rental_uris": {
                    "android": "https://app.nextbike.net/station?id=120666709",
                    "ios": "https://app.nextbike.net/station?id=120666709",
                    "web": "https://nxtb.it/p/120666709"
                },
                "short_name": "32099",
                "station_id": "120666709"
            },
            "type": "Feature"
        },
        {
            "geometry": {
                "coordinates": [
                    16.361117,
                    48.202344
                ],
                "type": "Point"
            },
            "properties": {
                "capacity": 34,
                "is_installed": true,
                "is_renting": true,
                "is_returning": true,
                "is_virtual_station": false,
                "last_reported": 1729157682,
                "name": "Museumsquartier U2",
                "num_bikes_available": 31,
                "num_docks_available": 3,
                "region_id": "748",
                "rental_uris": {
                    "android": "https://app.nextbike.net/station?id=120666888",
                    "ios": "https://app.nextbike.net/station?id=120666888",
                    "web": "https://nxtb.it/p/120666888"
                },
                "short_name": "32104",
                "station_id": "120666888"
            },
            "type": "Feature"
        },
        {
            "geometry": {
                "coordinates": [
                    16.318975,
                    48.19834
                ],
                "type": "Point"
            },
            "properties": {
                "capacity": 22,
                "is_installed": true,
                "is_renting": true,
                "is_returning": true,
                "is_virtual_station": false,
                "last_reported": 1729157682,
                "name": "Johnstrasse U",
                "num_bikes_available": 8,
                "num_docks_available": 14,
                "region_id": "748",
                "rental_uris": {
                    "android": "https://app.nextbike.net/station?id=120667066",
                    "ios": "https://app.nextbike.net/station?id=120667066",
                    "web": "https://nxtb.it/p/120667066"
                },
                "short_name": "32209",
                "station_id": "120667066"
            },
            "type": "Feature"
        },
        {
            "geometry": {
                "coordinates": [
                    16.334103,
                    48.193083
                ],
                "type": "Point"
            },
            "properties": {
                "capacity": 18,
                "is_installed": true,
                "is_renting": true,
                "is_returning": true,
                "is_virtual_station": false,
                "last_reported": 1729157682,
                "name": "Turnergasse",
                "num_bikes_available": 13,
                "num_docks_available": 5,
                "region_id": "748",
                "rental_uris": {
                    "android": "https://app.nextbike.net/station?id=120667255",
                    "ios": "https://app.nextbike.net/station?id=120667255",
                    "web": "https://nxtb.it/p/120667255"
                },
                "short_name": "32229",
                "station_id": "120667255"
            },
            "type": "Feature"
        },
        {
            "geometry": {
                "coordinates": [
                    16.344196,
                    48.225707
                ],
                "type": "Point"
            },
            "properties": {
                "capacity": 16,
                "is_installed": true,
                "is_renting": true,
                "is_returning": true,
                "is_virtual_station": false,
                "last_reported": 1729157682,
                "name": "Kutschkergasse",
                "num_bikes_available": 16,
                "num_docks_available": 0,
                "region_id": "748",
                "rental_uris": {
                    "android": "https://app.nextbike.net/station?id=136959192",
                    "ios": "https://app.nextbike.net/station?id=136959192",
                    "web": "https://nxtb.it/p/136959192"
                },
                "short_name": "32206",
                "station_id": "136959192"
            },
            "type": "Feature"
        },
        {
            "geometry": {
                "coordinates": [
                    16.420795,
                    48.210893
                ],
                "type": "Point"
            },
            "properties": {
                "capacity": 21,
                "is_installed": true,
                "is_renting": true,
                "is_returning": true,
                "is_virtual_station": false,
                "last_reported": 1729157682,
                "name": "Stadion U",
                "num_bikes_available": 13,
                "num_docks_available": 8,
                "region_id": "748",
                "rental_uris": {
                    "android": "https://app.nextbike.net/station?id=140182214",
                    "ios": "https://app.nextbike.net/station?id=140182214",
                    "web": "https://nxtb.it/p/140182214"
                },
                "short_name": "32079",
                "station_id": "140182214"
            },
            "type": "Feature"
        },
        {
            "geometry": {
                "coordinates": [
                    16.347918,
                    48.19126
                ],
                "type": "Point"
            },
            "properties": {
                "capacity": 22,
                "is_installed": true,
                "is_renting": true,
                "is_returning": true,
                "is_virtual_station": false,
                "last_reported": 1729157682,
                "name": "Br\u00fcckengasse",
                "num_bikes_available": 8,
                "num_docks_available": 14,
                "region_id": "748",
                "rental_uris": {
                    "android": "https://app.nextbike.net/station?id=141457598",
                    "ios": "https://app.nextbike.net/station?id=141457598",
                    "web": "https://nxtb.it/p/141457598"
                },
                "short_name": "32102",
                "station_id": "141457598"
            },
            "type": "Feature"
        },
        {
            "geometry": {
                "coordinates": [
                    16.318802,
                    48.21069
                ],
                "type": "Point"
            },
            "properties": {
                "capacity": 20,
                "is_installed": true,
                "is_renting": true,
                "is_returning": true,
                "is_virtual_station": false,
                "last_reported": 1729157682,
                "name": "Schuhmeierplatz",
                "num_bikes_available": 18,
                "num_docks_available": 2,
                "region_id": "748",
                "rental_uris": {
                    "android": "https://app.nextbike.net/station?id=167316120",
                    "ios": "https://app.nextbike.net/station?id=167316120",
                    "web": "https://nxtb.it/p/167316120"
                },
                "short_name": "32221",
                "station_id": "167316120"
            },
            "type": "Feature"
        },
        {
            "geometry": {
                "coordinates": [
                    16.319898,
                    48.185845
                ],
                "type": "Point"
            },
            "properties": {
                "capacity": 14,
                "is_installed": true,
                "is_renting": true,
                "is_returning": true,
                "is_virtual_station": false,
                "last_reported": 1729157682,
                "name": "Sch\u00f6nbrunn U",
                "num_bikes_available": 4,
                "num_docks_available": 10,
                "region_id": "748",
                "rental_uris": {
                    "android": "https://app.nextbike.net/station?id=167316710",
                    "ios": "https://app.nextbike.net/station?id=167316710",
                    "web": "https://nxtb.it/p/167316710"
                },
                "short_name": "32236",
                "station_id": "167316710"
            },
            "type": "Feature"
        },
        {
            "geometry": {
                "coordinates": [
                    16.282246,
                    48.167976
                ],
                "type": "Point"
            },
            "properties": {
                "capacity": 16,
                "is_installed": true,
                "is_renting": true,
                "is_returning": true,
                "is_virtual_station": false,
                "last_reported": 1729157682,
                "name": "Hermesstra\u00dfe / Oscar-Straus-Park ",
                "num_bikes_available": 13,
                "num_docks_available": 3,
                "region_id": "748",
                "rental_uris": {
                    "android": "https://app.nextbike.net/station?id=179031019",
                    "ios": "https://app.nextbike.net/station?id=179031019",
                    "web": "https://nxtb.it/p/179031019"
                },
                "short_name": "32264",
                "station_id": "179031019"
            },
            "type": "Feature"
        },
        {
            "geometry": {
                "coordinates": [
                    16.413837,
                    48.184348
                ],
                "type": "Point"
            },
            "properties": {
                "capacity": 20,
                "is_installed": true,
                "is_renting": false,
                "is_returning": false,
                "is_virtual_station": false,
                "last_reported": 1729157682,
                "name": "Modecenterstra\u00dfe / The Marks",
                "num_bikes_available": 22,
                "num_docks_available": 0,
                "region_id": "748",
                "rental_uris": {
                    "android": "https://app.nextbike.net/station?id=189949517",
                    "ios": "https://app.nextbike.net/station?id=189949517",
                    "web": "https://nxtb.it/p/189949517"
                },
                "short_name": "32273",
                "station_id": "189949517"
            },
            "type": "Feature"
        },
        {
            "geometry": {
                "coordinates": [
                    16.450206,
                    48.250336
                ],
                "type": "Point"
            },
            "properties": {
                "capacity": 10,
                "is_installed": true,
                "is_renting": true,
                "is_returning": true,
                "is_virtual_station": false,
                "last_reported": 1729157682,
                "name": "Am Langen Felde",
                "num_bikes_available": 11,
                "num_docks_available": 0,
                "region_id": "748",
                "rental_uris": {
                    "android": "https://app.nextbike.net/station?id=189949978",
                    "ios": "https://app.nextbike.net/station?id=189949978",
                    "web": "https://nxtb.it/p/189949978"
                },
                "short_name": "32274",
                "station_id": "189949978"
            },
            "type": "Feature"
        },
        {
            "geometry": {
                "coordinates": [
                    16.413964,
                    48.184929
                ],
                "type": "Point"
            },
            "properties": {
                "is_installed": true,
                "is_renting": true,
                "is_returning": true,
                "is_virtual_station": false,
                "last_reported": 1729157682,
                "name": "eLastenr\u00e4der- Modecenterstra\u00dfe / The Marks",
                "num_bikes_available": 3,
                "num_docks_available": 0,
                "region_id": "748",
                "rental_uris": {
                    "android": "https://app.nextbike.net/station?id=227576666",
                    "ios": "https://app.nextbike.net/station?id=227576666",
                    "web": "https://nxtb.it/p/227576666"
                },
                "short_name": "32283",
                "station_id": "227576666"
            },
            "type": "Feature"
        },
        {
            "geometry": {
                "coordinates": [
                    16.354936,
                    48.192945
                ],
                "type": "Point"
            },
            "properties": {
                "capacity": 15,
                "is_installed": true,
                "is_renting": true,
                "is_returning": true,
                "is_virtual_station": false,
                "last_reported": 1729157682,
                "name": "Pilgramgasse U",
                "num_bikes_available": 2,
                "num_docks_available": 13,
                "region_id": "748",
                "rental_uris": {
                    "android": "https://app.nextbike.net/station?id=233846163",
                    "ios": "https://app.nextbike.net/station?id=233846163",
                    "web": "https://nxtb.it/p/233846163"
                },
                "short_name": "32092",
                "station_id": "233846163"
            },
            "type": "Feature"
        },
        {
            "geometry": {
                "coordinates": [
                    16.45065,
                    48.250224
                ],
                "type": "Point"
            },
            "properties": {
                "is_installed": true,
                "is_renting": true,
                "is_returning": true,
                "is_virtual_station": false,
                "last_reported": 1729157682,
                "name": "eLastenr\u00e4der - Am langen Felde",
                "num_bikes_available": 2,
                "num_docks_available": 0,
                "region_id": "748",
                "rental_uris": {
                    "android": "https://app.nextbike.net/station?id=282041231",
                    "ios": "https://app.nextbike.net/station?id=282041231",
                    "web": "https://nxtb.it/p/282041231"
                },
                "short_name": "32275",
                "station_id": "282041231"
            },
            "type": "Feature"
        },
        {
            "geometry": {
                "coordinates": [
                    16.391516,
                    48.227914
                ],
                "type": "Point"
            },
            "properties": {
                "is_installed": true,
                "is_renting": true,
                "is_returning": true,
                "is_virtual_station": false,
                "last_reported": 1729157682,
                "name": "eLastenr\u00e4der - Bruno-Marek-Allee 6",
                "num_bikes_available": 4,
                "num_docks_available": 0,
                "region_id": "748",
                "rental_uris": {
                    "android": "https://app.nextbike.net/station?id=282777229",
                    "ios": "https://app.nextbike.net/station?id=282777229",
                    "web": "https://nxtb.it/p/282777229"
                },
                "short_name": "32277",
                "station_id": "282777229"
            },
            "type": "Feature"
        },
        {
            "geometry": {
                "coordinates": [
                    16.39209,
                    48.224598
                ],
                "type": "Point"
            },
            "properties": {
                "is_installed": true,
                "is_renting": true,
                "is_returning": true,
                "is_virtual_station": false,
                "last_reported": 1729157682,
                "name": "eLastenr\u00e4der - Am Tabor 23",
                "num_bikes_available": 3,
                "num_docks_available": 0,
                "region_id": "748",
                "rental_uris": {
                    "android": "https://app.nextbike.net/station?id=282777705",
                    "ios": "https://app.nextbike.net/station?id=282777705",
                    "web": "https://nxtb.it/p/282777705"
                },
                "short_name": "32278",
                "station_id": "282777705"
            },
            "type": "Feature"
        },
        {
            "geometry": {
                "coordinates": [
                    16.33364,
                    48.15011
                ],
                "type": "Point"
            },
            "properties": {
                "capacity": 10,
                "is_installed": true,
                "is_renting": true,
                "is_returning": true,
                "is_virtual_station": false,
                "last_reported": 1729157682,
                "name": "Purkytgasse ",
                "num_bikes_available": 16,
                "num_docks_available": 0,
                "region_id": "748",
                "rental_uris": {
                    "android": "https://app.nextbike.net/station?id=314316648",
                    "ios": "https://app.nextbike.net/station?id=314316648",
                    "web": "https://nxtb.it/p/314316648"
                },
                "short_name": "32049",
                "station_id": "314316648"
            },
            "type": "Feature"
        },
        {
            "geometry": {
                "coordinates": [
                    16.360327,
                    48.225991
                ],
                "type": "Point"
            },
            "properties": {
                "capacity": 19,
                "is_installed": true,
                "is_renting": true,
                "is_returning": true,
                "is_virtual_station": false,
                "last_reported": 1729157682,
                "name": "Franz-Josef Bahnhof S",
                "num_bikes_available": 6,
                "num_docks_available": 12,
                "region_id": "748",
                "rental_uris": {
                    "android": "https://app.nextbike.net/station?id=314317548",
                    "ios": "https://app.nextbike.net/station?id=314317548",
                    "web": "https://nxtb.it/p/314317548"
                },
                "short_name": "32098",
                "station_id": "314317548"
            },
            "type": "Feature"
        },
        {
            "geometry": {
                "coordinates": [
                    16.352644,
                    48.18142
                ],
                "type": "Point"
            },
            "properties": {
                "is_installed": true,
                "is_renting": true,
                "is_returning": true,
                "is_virtual_station": false,
                "last_reported": 1729157682,
                "name": "Siebenbrunnenfeldgasse",
                "num_bikes_available": 4,
                "num_docks_available": 0,
                "region_id": "748",
                "rental_uris": {
                    "android": "https://app.nextbike.net/station?id=315515024",
                    "ios": "https://app.nextbike.net/station?id=315515024",
                    "web": "https://nxtb.it/p/315515024"
                },
                "short_name": "32218",
                "station_id": "315515024"
            },
            "type": "Feature"
        },
        {
            "geometry": {
                "coordinates": [
                    16.317929,
                    48.190316
                ],
                "type": "Point"
            },
            "properties": {
                "capacity": 25,
                "is_installed": true,
                "is_renting": true,
                "is_returning": true,
                "is_virtual_station": false,
                "last_reported": 1729157682,
                "name": "Technisches Museum",
                "num_bikes_available": 25,
                "num_docks_available": 0,
                "region_id": "748",
                "rental_uris": {
                    "android": "https://app.nextbike.net/station?id=382198275",
                    "ios": "https://app.nextbike.net/station?id=382198275",
                    "web": "https://nxtb.it/p/382198275"
                },
                "short_name": "32226",
                "station_id": "382198275"
            },
            "type": "Feature"
        },
        {
            "geometry": {
                "coordinates": [
                    16.42316,
                    48.181554
                ],
                "type": "Point"
            },
            "properties": {
                "is_installed": true,
                "is_renting": true,
                "is_returning": true,
                "is_virtual_station": true,
                "last_reported": 1729157682,
                "name": "Nussbaumallee / Campus Wiener Netze",
                "num_bikes_available": 15,
                "num_docks_available": 0,
                "region_id": "748",
                "rental_uris": {
                    "android": "https://app.nextbike.net/station?id=382868775",
                    "ios": "https://app.nextbike.net/station?id=382868775",
                    "web": "https://nxtb.it/p/382868775"
                },
                "short_name": "32250",
                "station_id": "382868775"
            },
            "type": "Feature"
        },
        {
            "geometry": {
                "coordinates": [
                    16.45281,
                    48.251355
                ],
                "type": "Point"
            },
            "properties": {
                "capacity": 6,
                "is_installed": true,
                "is_renting": true,
                "is_returning": true,
                "is_virtual_station": true,
                "last_reported": 1729157682,
                "name": "Bertha-von-Suttner-Gasse",
                "num_bikes_available": 4,
                "num_docks_available": 2,
                "region_id": "748",
                "rental_uris": {
                    "android": "https://app.nextbike.net/station?id=469857109",
                    "ios": "https://app.nextbike.net/station?id=469857109",
                    "web": "https://nxtb.it/p/469857109"
                },
                "short_name": "32280",
                "station_id": "469857109"
            },
            "type": "Feature"
        },
        {
            "geometry": {
                "coordinates": [
                    16.375605,
                    48.18453
                ],
                "type": "Point"
            },
            "properties": {
                "is_installed": true,
                "is_renting": true,
                "is_returning": true,
                "is_virtual_station": true,
                "last_reported": 1729157682,
                "name": "Hauptbahnhof S\u00fcd",
                "num_bikes_available": 29,
                "num_docks_available": 0,
                "region_id": "748",
                "rental_uris": {
                    "android": "https://app.nextbike.net/station?id=484600160",
                    "ios": "https://app.nextbike.net/station?id=484600160",
                    "web": "https://nxtb.it/p/484600160"
                },
                "short_name": "32256",
                "station_id": "484600160"
            },
            "type": "Feature"
        },
        {
            "geometry": {
                "coordinates": [
                    16.377944,
                    48.239709
                ],
                "type": "Point"
            },
            "properties": {
                "is_installed": true,
                "is_renting": true,
                "is_returning": true,
                "is_virtual_station": true,
                "last_reported": 1729157682,
                "name": "FH Technikum",
                "num_bikes_available": 19,
                "num_docks_available": 0,
                "region_id": "748",
                "rental_uris": {
                    "android": "https://app.nextbike.net/station?id=485064275",
                    "ios": "https://app.nextbike.net/station?id=485064275",
                    "web": "https://nxtb.it/p/485064275"
                },
                "short_name": "32259",
                "station_id": "485064275"
            },
            "type": "Feature"
        },
        {
            "geometry": {
                "coordinates": [
                    16.382374,
                    48.211544
                ],
                "type": "Point"
            },
            "properties": {
                "capacity": 17,
                "is_installed": true,
                "is_renting": true,
                "is_returning": true,
                "is_virtual_station": false,
                "last_reported": 1729157682,
                "name": "Julius-Raab-Platz",
                "num_bikes_available": 12,
                "num_docks_available": 5,
                "region_id": "748",
                "rental_uris": {
                    "android": "https://app.nextbike.net/station?id=68577704",
                    "ios": "https://app.nextbike.net/station?id=68577704",
                    "web": "https://nxtb.it/p/68577704"
                },
                "short_name": "32000",
                "station_id": "68577704"
            },
            "type": "Feature"
        },
        {
            "geometry": {
                "coordinates": [
                    16.372983,
                    48.210666
                ],
                "type": "Point"
            },
            "properties": {
                "capacity": 25,
                "is_installed": true,
                "is_renting": true,
                "is_returning": true,
                "is_virtual_station": false,
                "last_reported": 1729157682,
                "name": "Hoher Markt",
                "num_bikes_available": 9,
                "num_docks_available": 15,
                "region_id": "748",
                "rental_uris": {
                    "android": "https://app.nextbike.net/station?id=68577989",
                    "ios": "https://app.nextbike.net/station?id=68577989",
                    "web": "https://nxtb.it/p/68577989"
                },
                "short_name": "32001",
                "station_id": "68577989"
            },
            "type": "Feature"
        },
        {
            "geometry": {
                "coordinates": [
                    16.369702,
                    48.202683
                ],
                "type": "Point"
            },
            "properties": {
                "capacity": 21,
                "is_installed": true,
                "is_renting": true,
                "is_returning": true,
                "is_virtual_station": false,
                "last_reported": 1729157682,
                "name": "Oper",
                "num_bikes_available": 34,
                "num_docks_available": 0,
                "region_id": "748",
                "rental_uris": {
                    "android": "https://app.nextbike.net/station?id=68578292",
                    "ios": "https://app.nextbike.net/station?id=68578292",
                    "web": "https://nxtb.it/p/68578292"
                },
                "short_name": "32002",
                "station_id": "68578292"
            },
            "type": "Feature"
        },
        {
            "geometry": {
                "coordinates": [
                    16.3604,
                    48.206516
                ],
                "type": "Point"
            },
            "properties": {
                "capacity": 15,
                "is_installed": true,
                "is_renting": true,
                "is_returning": true,
                "is_virtual_station": false,
                "last_reported": 1729157682,
                "name": "Volksgarten",
                "num_bikes_available": 0,
                "num_docks_available": 15,
                "region_id": "748",
                "rental_uris": {
                    "android": "https://app.nextbike.net/station?id=68578979",
                    "ios": "https://app.nextbike.net/station?id=68578979",
                    "web": "https://nxtb.it/p/68578979"
                },
                "short_name": "32003",
                "station_id": "68578979"
            },
            "type": "Feature"
        },
        {
            "geometry": {
                "coordinates": [
                    16.372111,
                    48.207836
                ],
                "type": "Point"
            },
            "properties": {
                "capacity": 22,
                "is_installed": true,
                "is_renting": true,
                "is_returning": true,
                "is_virtual_station": false,
                "last_reported": 1729157682,
                "name": "Stephansplatz U",
                "num_bikes_available": 6,
                "num_docks_available": 16,
                "region_id": "748",
                "rental_uris": {
                    "android": "https://app.nextbike.net/station?id=68579304",
                    "ios": "https://app.nextbike.net/station?id=68579304",
                    "web": "https://nxtb.it/p/68579304"
                },
                "short_name": "32062",
                "station_id": "68579304"
            },
            "type": "Feature"
        },
        {
            "geometry": {
                "coordinates": [
                    16.382218,
                    48.219522
                ],
                "type": "Point"
            },
            "properties": {
                "capacity": 23,
                "is_installed": true,
                "is_renting": true,
                "is_returning": true,
                "is_virtual_station": false,
                "last_reported": 1729157682,
                "name": "Taborstra\u00dfe U2",
                "num_bikes_available": 8,
                "num_docks_available": 15,
                "region_id": "748",
                "rental_uris": {
                    "android": "https://app.nextbike.net/station?id=68579972",
                    "ios": "https://app.nextbike.net/station?id=68579972",
                    "web": "https://nxtb.it/p/68579972"
                },
                "short_name": "32004",
                "station_id": "68579972"
            },
            "type": "Feature"
        },
        {
            "geometry": {
                "coordinates": [
                    16.407665,
                    48.212856
                ],
                "type": "Point"
            },
            "properties": {
                "capacity": 35,
                "is_installed": true,
                "is_renting": true,
                "is_returning": true,
                "is_virtual_station": false,
                "last_reported": 1729157682,
                "name": "WU-Campus / S\u00fcdportalstra\u00dfe ",
                "num_bikes_available": 17,
                "num_docks_available": 17,
                "region_id": "748",
                "rental_uris": {
                    "android": "https://app.nextbike.net/station?id=68580182",
                    "ios": "https://app.nextbike.net/station?id=68580182",
                    "web": "https://nxtb.it/p/68580182"
                },
                "short_name": "32005",
                "station_id": "68580182"
            },
            "type": "Feature"
        },
        {
            "geometry": {
                "coordinates": [
                    16.390221,
                    48.210682
                ],
                "type": "Point"
            },
            "properties": {
                "capacity": 26,
                "is_installed": true,
                "is_renting": true,
                "is_returning": true,
                "is_virtual_station": false,
                "last_reported": 1729157682,
                "name": "Radetzkyplatz",
                "num_bikes_available": 16,
                "num_docks_available": 10,
                "region_id": "748",
                "rental_uris": {
                    "android": "https://app.nextbike.net/station?id=68580553",
                    "ios": "https://app.nextbike.net/station?id=68580553",
                    "web": "https://nxtb.it/p/68580553"
                },
                "short_name": "32006",
                "station_id": "68580553"
            },
            "type": "Feature"
        },
        {
            "geometry": {
                "coordinates": [
                    16.384459,
                    48.201628
                ],
                "type": "Point"
            },
            "properties": {
                "capacity": 27,
                "is_installed": true,
                "is_renting": true,
                "is_returning": true,
                "is_virtual_station": false,
                "last_reported": 1729157682,
                "name": "Bahngasse / mdw-University of Music and Performing Arts",
                "num_bikes_available": 18,
                "num_docks_available": 9,
                "region_id": "748",
                "rental_uris": {
                    "android": "https://app.nextbike.net/station?id=68580716",
                    "ios": "https://app.nextbike.net/station?id=68580716",
                    "web": "https://nxtb.it/p/68580716"
                },
                "short_name": "32007",
                "station_id": "68580716"
            },
            "type": "Feature"
        },
        {
            "geometry": {
                "coordinates": [
                    16.415318,
                    48.190465
                ],
                "type": "Point"
            },
            "properties": {
                "capacity": 36,
                "is_installed": true,
                "is_renting": true,
                "is_returning": true,
                "is_virtual_station": false,
                "last_reported": 1729157682,
                "name": "Erdberg U3",
                "num_bikes_available": 30,
                "num_docks_available": 5,
                "region_id": "748",
                "rental_uris": {
                    "android": "https://app.nextbike.net/station?id=68580955",
                    "ios": "https://app.nextbike.net/station?id=68580955",
                    "web": "https://nxtb.it/p/68580955"
                },
                "short_name": "32008",
                "station_id": "68580955"
            },
            "type": "Feature"
        },
        {
            "geometry": {
                "coordinates": [
                    16.404503,
                    48.188763
                ],
                "type": "Point"
            },
            "properties": {
                "capacity": 24,
                "is_installed": true,
                "is_renting": true,
                "is_returning": true,
                "is_virtual_station": false,
                "last_reported": 1729157682,
                "name": "Media Quarter Marx",
                "num_bikes_available": 12,
                "num_docks_available": 12,
                "region_id": "748",
                "rental_uris": {
                    "android": "https://app.nextbike.net/station?id=68581183",
                    "ios": "https://app.nextbike.net/station?id=68581183",
                    "web": "https://nxtb.it/p/68581183"
                },
                "short_name": "32009",
                "station_id": "68581183"
            },
            "type": "Feature"
        },
        {
            "geometry": {
                "coordinates": [
                    16.386578,
                    48.194261
                ],
                "type": "Point"
            },
            "properties": {
                "capacity": 9,
                "is_installed": true,
                "is_renting": true,
                "is_returning": true,
                "is_virtual_station": false,
                "last_reported": 1729157682,
                "name": "Rennweg S",
                "num_bikes_available": 8,
                "num_docks_available": 1,
                "region_id": "748",
                "rental_uris": {
                    "android": "https://app.nextbike.net/station?id=68582032",
                    "ios": "https://app.nextbike.net/station?id=68582032",
                    "web": "https://nxtb.it/p/68582032"
                },
                "short_name": "32010",
                "station_id": "68582032"
            },
            "type": "Feature"
        },
        {
            "geometry": {
                "coordinates": [
                    16.389789,
                    48.203416
                ],
                "type": "Point"
            },
            "properties": {
                "capacity": 16,
                "is_installed": true,
                "is_renting": true,
                "is_returning": true,
                "is_virtual_station": false,
                "last_reported": 1729157682,
                "name": "Rochusmarkt",
                "num_bikes_available": 13,
                "num_docks_available": 3,
                "region_id": "748",
                "rental_uris": {
                    "android": "https://app.nextbike.net/station?id=68582393",
                    "ios": "https://app.nextbike.net/station?id=68582393",
                    "web": "https://nxtb.it/p/68582393"
                },
                "short_name": "32011",
                "station_id": "68582393"
            },
            "type": "Feature"
        },
        {
            "geometry": {
                "coordinates": [
                    16.376962,
                    48.198852
                ],
                "type": "Point"
            },
            "properties": {
                "capacity": 20,
                "is_installed": true,
                "is_renting": true,
                "is_returning": true,
                "is_virtual_station": false,
                "last_reported": 1729157682,
                "name": "Schwarzenbergplatz",
                "num_bikes_available": 3,
                "num_docks_available": 17,
                "region_id": "748",
                "rental_uris": {
                    "android": "https://app.nextbike.net/station?id=68582598",
                    "ios": "https://app.nextbike.net/station?id=68582598",
                    "web": "https://nxtb.it/p/68582598"
                },
                "short_name": "32012",
                "station_id": "68582598"
            },
            "type": "Feature"
        },
        {
            "geometry": {
                "coordinates": [
                    16.363308,
                    48.195304
                ],
                "type": "Point"
            },
            "properties": {
                "capacity": 18,
                "is_installed": true,
                "is_renting": true,
                "is_returning": true,
                "is_virtual_station": false,
                "last_reported": 1729157682,
                "name": "Heum\u00fchlgasse",
                "num_bikes_available": 14,
                "num_docks_available": 4,
                "region_id": "748",
                "rental_uris": {
                    "android": "https://app.nextbike.net/station?id=68582758",
                    "ios": "https://app.nextbike.net/station?id=68582758",
                    "web": "https://nxtb.it/p/68582758"
                },
                "short_name": "32013",
                "station_id": "68582758"
            },
            "type": "Feature"
        },
        {
            "geometry": {
                "coordinates": [
                    16.343992,
                    48.188489
                ],
                "type": "Point"
            },
            "properties": {
                "capacity": 30,
                "is_installed": true,
                "is_renting": true,
                "is_returning": true,
                "is_virtual_station": false,
                "last_reported": 1729157682,
                "name": "Margareteng\u00fcrtel U4",
                "num_bikes_available": 32,
                "num_docks_available": 0,
                "region_id": "748",
                "rental_uris": {
                    "android": "https://app.nextbike.net/station?id=68583064",
                    "ios": "https://app.nextbike.net/station?id=68583064",
                    "web": "https://nxtb.it/p/68583064"
                },
                "short_name": "32014",
                "station_id": "68583064"
            },
            "type": "Feature"
        },
        {
            "geometry": {
                "coordinates": [
                    16.361331,
                    48.189735
                ],
                "type": "Point"
            },
            "properties": {
                "capacity": 23,
                "is_installed": true,
                "is_renting": true,
                "is_returning": true,
                "is_virtual_station": false,
                "last_reported": 1729157682,
                "name": "Mittersteig",
                "num_bikes_available": 23,
                "num_docks_available": 0,
                "region_id": "748",
                "rental_uris": {
                    "android": "https://app.nextbike.net/station?id=68583190",
                    "ios": "https://app.nextbike.net/station?id=68583190",
                    "web": "https://nxtb.it/p/68583190"
                },
                "short_name": "32015",
                "station_id": "68583190"
            },
            "type": "Feature"
        },
        {
            "geometry": {
                "coordinates": [
                    16.342199,
                    48.207702
                ],
                "type": "Point"
            },
            "properties": {
                "capacity": 11,
                "is_installed": true,
                "is_renting": false,
                "is_returning": false,
                "is_virtual_station": false,
                "last_reported": 1729157682,
                "name": "Ceija-Stojka-Platz",
                "num_bikes_available": 0,
                "num_docks_available": 11,
                "region_id": "748",
                "rental_uris": {
                    "android": "https://app.nextbike.net/station?id=68583368",
                    "ios": "https://app.nextbike.net/station?id=68583368",
                    "web": "https://nxtb.it/p/68583368"
                },
                "short_name": "32016",
                "station_id": "68583368"
            },
            "type": "Feature"
        },
        {
            "geometry": {
                "coordinates": [
                    16.356442,
                    48.205994
                ],
                "type": "Point"
            },
            "properties": {
                "capacity": 18,
                "is_installed": true,
                "is_renting": true,
                "is_returning": true,
                "is_virtual_station": false,
                "last_reported": 1729157682,
                "name": "Volkstheater U",
                "num_bikes_available": 3,
                "num_docks_available": 15,
                "region_id": "748",
                "rental_uris": {
                    "android": "https://app.nextbike.net/station?id=68583487",
                    "ios": "https://app.nextbike.net/station?id=68583487",
                    "web": "https://nxtb.it/p/68583487"
                },
                "short_name": "32017",
                "station_id": "68583487"
            },
            "type": "Feature"
        },
        {
            "geometry": {
                "coordinates": [
                    16.343985,
                    48.196724
                ],
                "type": "Point"
            },
            "properties": {
                "capacity": 14,
                "is_installed": true,
                "is_renting": true,
                "is_returning": true,
                "is_virtual_station": false,
                "last_reported": 1729157682,
                "name": "Zieglergasse U3",
                "num_bikes_available": 0,
                "num_docks_available": 14,
                "region_id": "748",
                "rental_uris": {
                    "android": "https://app.nextbike.net/station?id=68583665",
                    "ios": "https://app.nextbike.net/station?id=68583665",
                    "web": "https://nxtb.it/p/68583665"
                },
                "short_name": "32018",
                "station_id": "68583665"
            },
            "type": "Feature"
        },
        {
            "geometry": {
                "coordinates": [
                    16.366349,
                    48.219182
                ],
                "type": "Point"
            },
            "properties": {
                "capacity": 38,
                "is_installed": true,
                "is_renting": true,
                "is_returning": true,
                "is_virtual_station": false,
                "last_reported": 1729157682,
                "name": "Berggasse",
                "num_bikes_available": 54,
                "num_docks_available": 0,
                "region_id": "748",
                "rental_uris": {
                    "android": "https://app.nextbike.net/station?id=68583873",
                    "ios": "https://app.nextbike.net/station?id=68583873",
                    "web": "https://nxtb.it/p/68583873"
                },
                "short_name": "32019",
                "station_id": "68583873"
            },
            "type": "Feature"
        },
        {
            "geometry": {
                "coordinates": [
                    16.355172,
                    48.215164
                ],
                "type": "Point"
            },
            "properties": {
                "capacity": 21,
                "is_installed": true,
                "is_renting": true,
                "is_returning": true,
                "is_virtual_station": false,
                "last_reported": 1729157682,
                "name": "Frankhplatz",
                "num_bikes_available": 23,
                "num_docks_available": 0,
                "region_id": "748",
                "rental_uris": {
                    "android": "https://app.nextbike.net/station?id=68584195",
                    "ios": "https://app.nextbike.net/station?id=68584195",
                    "web": "https://nxtb.it/p/68584195"
                },
                "short_name": "32020",
                "station_id": "68584195"
            },
            "type": "Feature"
        },
        {
            "geometry": {
                "coordinates": [
                    16.365311,
                    48.226825
                ],
                "type": "Point"
            },
            "properties": {
                "capacity": 9,
                "is_installed": true,
                "is_renting": false,
                "is_returning": false,
                "is_virtual_station": false,
                "last_reported": 1729157682,
                "name": "Friedensbr\u00fccke U4",
                "num_bikes_available": 15,
                "num_docks_available": 0,
                "region_id": "748",
                "rental_uris": {
                    "android": "https://app.nextbike.net/station?id=68584504",
                    "ios": "https://app.nextbike.net/station?id=68584504",
                    "web": "https://nxtb.it/p/68584504"
                },
                "short_name": "32021",
                "station_id": "68584504"
            },
            "type": "Feature"
        },
        {
            "geometry": {
                "coordinates": [
                    16.35875,
                    48.235289
                ],
                "type": "Point"
            },
            "properties": {
                "capacity": 19,
                "is_installed": true,
                "is_renting": true,
                "is_returning": true,
                "is_virtual_station": false,
                "last_reported": 1729157682,
                "name": "Spittelau S U",
                "num_bikes_available": 2,
                "num_docks_available": 17,
                "region_id": "748",
                "rental_uris": {
                    "android": "https://app.nextbike.net/station?id=68584898",
                    "ios": "https://app.nextbike.net/station?id=68584898",
                    "web": "https://nxtb.it/p/68584898"
                },
                "short_name": "32022",
                "station_id": "68584898"
            },
            "type": "Feature"
        },
        {
            "geometry": {
                "coordinates": [
                    16.386339,
                    48.167276
                ],
                "type": "Point"
            },
            "properties": {
                "capacity": 24,
                "is_installed": true,
                "is_renting": true,
                "is_returning": true,
                "is_virtual_station": false,
                "last_reported": 1729157682,
                "name": "Alfred-B\u00f6hm-Park",
                "num_bikes_available": 24,
                "num_docks_available": 0,
                "region_id": "748",
                "rental_uris": {
                    "android": "https://app.nextbike.net/station?id=68585081",
                    "ios": "https://app.nextbike.net/station?id=68585081",
                    "web": "https://nxtb.it/p/68585081"
                },
                "short_name": "32023",
                "station_id": "68585081"
            },
            "type": "Feature"
        },
        {
            "geometry": {
                "coordinates": [
                    16.383653,
                    48.160985
                ],
                "type": "Point"
            },
            "properties": {
                "capacity": 30,
                "is_installed": true,
                "is_renting": true,
                "is_returning": true,
                "is_virtual_station": false,
                "last_reported": 1729157682,
                "name": "Altes Landgut U1",
                "num_bikes_available": 18,
                "num_docks_available": 12,
                "region_id": "748",
                "rental_uris": {
                    "android": "https://app.nextbike.net/station?id=68586340",
                    "ios": "https://app.nextbike.net/station?id=68586340",
                    "web": "https://nxtb.it/p/68586340"
                },
                "short_name": "32024",
                "station_id": "68586340"
            },
            "type": "Feature"
        },
        {
            "geometry": {
                "coordinates": [
                    16.385926,
                    48.179521
                ],
                "type": "Point"
            },
            "properties": {
                "capacity": 6,
                "is_installed": true,
                "is_renting": true,
                "is_returning": true,
                "is_virtual_station": false,
                "last_reported": 1729157682,
                "name": "Bloch-Bauer-Promenade",
                "num_bikes_available": 0,
                "num_docks_available": 6,
                "region_id": "748",
                "rental_uris": {
                    "android": "https://app.nextbike.net/station?id=68586628",
                    "ios": "https://app.nextbike.net/station?id=68586628",
                    "web": "https://nxtb.it/p/68586628"
                },
                "short_name": "32025",
                "station_id": "68586628"
            },
            "type": "Feature"
        },
        {
            "geometry": {
                "coordinates": [
                    16.375631,
                    48.186287
                ],
                "type": "Point"
            },
            "properties": {
                "capacity": 54,
                "is_installed": true,
                "is_renting": true,
                "is_returning": true,
                "is_virtual_station": false,
                "last_reported": 1729157682,
                "name": "Hauptbahnhof S U ",
                "num_bikes_available": 37,
                "num_docks_available": 16,
                "region_id": "748",
                "rental_uris": {
                    "android": "https://app.nextbike.net/station?id=68586882",
                    "ios": "https://app.nextbike.net/station?id=68586882",
                    "web": "https://nxtb.it/p/68586882"
                },
                "short_name": "32026",
                "station_id": "68586882"
            },
            "type": "Feature"
        },
        {
            "geometry": {
                "coordinates": [
                    16.375793,
                    48.179192
                ],
                "type": "Point"
            },
            "properties": {
                "capacity": 16,
                "is_installed": true,
                "is_renting": true,
                "is_returning": true,
                "is_virtual_station": false,
                "last_reported": 1729157682,
                "name": "Keplerplatz U1",
                "num_bikes_available": 3,
                "num_docks_available": 13,
                "region_id": "748",
                "rental_uris": {
                    "android": "https://app.nextbike.net/station?id=68587431",
                    "ios": "https://app.nextbike.net/station?id=68587431",
                    "web": "https://nxtb.it/p/68587431"
                },
                "short_name": "32027",
                "station_id": "68587431"
            },
            "type": "Feature"
        },
        {
            "geometry": {
                "coordinates": [
                    16.389296,
                    48.172123
                ],
                "type": "Point"
            },
            "properties": {
                "capacity": 13,
                "is_installed": true,
                "is_renting": true,
                "is_returning": true,
                "is_virtual_station": false,
                "last_reported": 1729157682,
                "name": "Absberggasse",
                "num_bikes_available": 13,
                "num_docks_available": 0,
                "region_id": "748",
                "rental_uris": {
                    "android": "https://app.nextbike.net/station?id=68587603",
                    "ios": "https://app.nextbike.net/station?id=68587603",
                    "web": "https://nxtb.it/p/68587603"
                },
                "short_name": "32028",
                "station_id": "68587603"
            },
            "type": "Feature"
        },
        {
            "geometry": {
                "coordinates": [
                    16.417358,
                    48.185253
                ],
                "type": "Point"
            },
            "properties": {
                "capacity": 16,
                "is_installed": true,
                "is_renting": true,
                "is_returning": true,
                "is_virtual_station": false,
                "last_reported": 1729157682,
                "name": "Gasometer U3",
                "num_bikes_available": 12,
                "num_docks_available": 4,
                "region_id": "748",
                "rental_uris": {
                    "android": "https://app.nextbike.net/station?id=68588081",
                    "ios": "https://app.nextbike.net/station?id=68588081",
                    "web": "https://nxtb.it/p/68588081"
                },
                "short_name": "32030",
                "station_id": "68588081"
            },
            "type": "Feature"
        },
        {
            "geometry": {
                "coordinates": [
                    16.406785,
                    48.174951
                ],
                "type": "Point"
            },
            "properties": {
                "capacity": 16,
                "is_installed": true,
                "is_renting": true,
                "is_returning": true,
                "is_virtual_station": false,
                "last_reported": 1729157682,
                "name": "Geiselbergstra\u00dfe S",
                "num_bikes_available": 14,
                "num_docks_available": 2,
                "region_id": "748",
                "rental_uris": {
                    "android": "https://app.nextbike.net/station?id=68588324",
                    "ios": "https://app.nextbike.net/station?id=68588324",
                    "web": "https://nxtb.it/p/68588324"
                },
                "short_name": "32031",
                "station_id": "68588324"
            },
            "type": "Feature"
        },
        {
            "geometry": {
                "coordinates": [
                    16.420754,
                    48.169601
                ],
                "type": "Point"
            },
            "properties": {
                "capacity": 16,
                "is_installed": true,
                "is_renting": true,
                "is_returning": true,
                "is_virtual_station": false,
                "last_reported": 1729157682,
                "name": "Simmering S U",
                "num_bikes_available": 9,
                "num_docks_available": 7,
                "region_id": "748",
                "rental_uris": {
                    "android": "https://app.nextbike.net/station?id=68588588",
                    "ios": "https://app.nextbike.net/station?id=68588588",
                    "web": "https://nxtb.it/p/68588588"
                },
                "short_name": "32032",
                "station_id": "68588588"
            },
            "type": "Feature"
        },
        {
            "geometry": {
                "coordinates": [
                    16.330812,
                    48.180233
                ],
                "type": "Point"
            },
            "properties": {
                "capacity": 14,
                "is_installed": true,
                "is_renting": true,
                "is_returning": true,
                "is_virtual_station": false,
                "last_reported": 1729157682,
                "name": "Niederhofstra\u00dfe U6",
                "num_bikes_available": 18,
                "num_docks_available": 0,
                "region_id": "748",
                "rental_uris": {
                    "android": "https://app.nextbike.net/station?id=68588759",
                    "ios": "https://app.nextbike.net/station?id=68588759",
                    "web": "https://nxtb.it/p/68588759"
                },
                "short_name": "32034",
                "station_id": "68588759"
            },
            "type": "Feature"
        },
        {
            "geometry": {
                "coordinates": [
                    16.302814,
                    48.187739
                ],
                "type": "Point"
            },
            "properties": {
                "capacity": 32,
                "is_installed": true,
                "is_renting": true,
                "is_returning": true,
                "is_virtual_station": false,
                "last_reported": 1729157682,
                "name": "Hietzing U4",
                "num_bikes_available": 32,
                "num_docks_available": 0,
                "region_id": "748",
                "rental_uris": {
                    "android": "https://app.nextbike.net/station?id=68589011",
                    "ios": "https://app.nextbike.net/station?id=68589011",
                    "web": "https://nxtb.it/p/68589011"
                },
                "short_name": "32035",
                "station_id": "68589011"
            },
            "type": "Feature"
        },
        {
            "geometry": {
                "coordinates": [
                    16.338577,
                    48.19681
                ],
                "type": "Point"
            },
            "properties": {
                "capacity": 40,
                "is_installed": true,
                "is_renting": true,
                "is_returning": true,
                "is_virtual_station": false,
                "last_reported": 1729157682,
                "name": "Westbahnhof S U",
                "num_bikes_available": 14,
                "num_docks_available": 26,
                "region_id": "748",
                "rental_uris": {
                    "android": "https://app.nextbike.net/station?id=68589226",
                    "ios": "https://app.nextbike.net/station?id=68589226",
                    "web": "https://nxtb.it/p/68589226"
                },
                "short_name": "32036",
                "station_id": "68589226"
            },
            "type": "Feature"
        },
        {
            "geometry": {
                "coordinates": [
                    16.328049,
                    48.210054
                ],
                "type": "Point"
            },
            "properties": {
                "capacity": 24,
                "is_installed": true,
                "is_renting": true,
                "is_returning": true,
                "is_virtual_station": false,
                "last_reported": 1729157682,
                "name": "Richard-Wagner-Platz",
                "num_bikes_available": 17,
                "num_docks_available": 7,
                "region_id": "748",
                "rental_uris": {
                    "android": "https://app.nextbike.net/station?id=68589424",
                    "ios": "https://app.nextbike.net/station?id=68589424",
                    "web": "https://nxtb.it/p/68589424"
                },
                "short_name": "32037",
                "station_id": "68589424"
            },
            "type": "Feature"
        },
        {
            "geometry": {
                "coordinates": [
                    16.3416,
                    48.216588
                ],
                "type": "Point"
            },
            "properties": {
                "capacity": 21,
                "is_installed": true,
                "is_renting": true,
                "is_returning": true,
                "is_virtual_station": false,
                "last_reported": 1729157682,
                "name": "Alser Stra\u00dfe U6",
                "num_bikes_available": 19,
                "num_docks_available": 2,
                "region_id": "748",
                "rental_uris": {
                    "android": "https://app.nextbike.net/station?id=68589618",
                    "ios": "https://app.nextbike.net/station?id=68589618",
                    "web": "https://nxtb.it/p/68589618"
                },
                "short_name": "32038",
                "station_id": "68589618"
            },
            "type": "Feature"
        },
        {
            "geometry": {
                "coordinates": [
                    16.349795,
                    48.225482
                ],
                "type": "Point"
            },
            "properties": {
                "capacity": 24,
                "is_installed": true,
                "is_renting": true,
                "is_returning": true,
                "is_virtual_station": false,
                "last_reported": 1729157682,
                "name": "W\u00e4hringer Stra\u00dfe U6",
                "num_bikes_available": 28,
                "num_docks_available": 0,
                "region_id": "748",
                "rental_uris": {
                    "android": "https://app.nextbike.net/station?id=68589785",
                    "ios": "https://app.nextbike.net/station?id=68589785",
                    "web": "https://nxtb.it/p/68589785"
                },
                "short_name": "32039",
                "station_id": "68589785"
            },
            "type": "Feature"
        },
        {
            "geometry": {
                "coordinates": [
                    16.348719,
                    48.236591
                ],
                "type": "Point"
            },
            "properties": {
                "capacity": 25,
                "is_installed": true,
                "is_renting": true,
                "is_returning": true,
                "is_virtual_station": false,
                "last_reported": 1729157682,
                "name": "Gymnasiumstra\u00dfe",
                "num_bikes_available": 19,
                "num_docks_available": 6,
                "region_id": "748",
                "rental_uris": {
                    "android": "https://app.nextbike.net/station?id=68590091",
                    "ios": "https://app.nextbike.net/station?id=68590091",
                    "web": "https://nxtb.it/p/68590091"
                },
                "short_name": "32040",
                "station_id": "68590091"
            },
            "type": "Feature"
        },
        {
            "geometry": {
                "coordinates": [
                    16.384797,
                    48.24201
                ],
                "type": "Point"
            },
            "properties": {
                "capacity": 34,
                "is_installed": true,
                "is_renting": true,
                "is_returning": true,
                "is_virtual_station": false,
                "last_reported": 1729157682,
                "name": "Handelskai S U",
                "num_bikes_available": 24,
                "num_docks_available": 10,
                "region_id": "748",
                "rental_uris": {
                    "android": "https://app.nextbike.net/station?id=68590324",
                    "ios": "https://app.nextbike.net/station?id=68590324",
                    "web": "https://nxtb.it/p/68590324"
                },
                "short_name": "32041",
                "station_id": "68590324"
            },
            "type": "Feature"
        },
        {
            "geometry": {
                "coordinates": [
                    16.371579,
                    48.229911
                ],
                "type": "Point"
            },
            "properties": {
                "capacity": 23,
                "is_installed": true,
                "is_renting": true,
                "is_returning": true,
                "is_virtual_station": false,
                "last_reported": 1729157682,
                "name": "Wallensteinplatz",
                "num_bikes_available": 25,
                "num_docks_available": 0,
                "region_id": "748",
                "rental_uris": {
                    "android": "https://app.nextbike.net/station?id=68590453",
                    "ios": "https://app.nextbike.net/station?id=68590453",
                    "web": "https://nxtb.it/p/68590453"
                },
                "short_name": "32042",
                "station_id": "68590453"
            },
            "type": "Feature"
        },
        {
            "geometry": {
                "coordinates": [
                    16.403725,
                    48.267376
                ],
                "type": "Point"
            },
            "properties": {
                "capacity": 17,
                "is_installed": true,
                "is_renting": true,
                "is_returning": true,
                "is_virtual_station": false,
                "last_reported": 1729157682,
                "name": "Br\u00fcnner Stra\u00dfe S",
                "num_bikes_available": 18,
                "num_docks_available": 0,
                "region_id": "748",
                "rental_uris": {
                    "android": "https://app.nextbike.net/station?id=68590734",
                    "ios": "https://app.nextbike.net/station?id=68590734",
                    "web": "https://nxtb.it/p/68590734"
                },
                "short_name": "32043",
                "station_id": "68590734"
            },
            "type": "Feature"
        },
        {
            "geometry": {
                "coordinates": [
                    16.400137,
                    48.255621
                ],
                "type": "Point"
            },
            "properties": {
                "capacity": 28,
                "is_installed": true,
                "is_renting": true,
                "is_returning": true,
                "is_virtual_station": false,
                "last_reported": 1729157682,
                "name": "Floridsdorf S U",
                "num_bikes_available": 20,
                "num_docks_available": 7,
                "region_id": "748",
                "rental_uris": {
                    "android": "https://app.nextbike.net/station?id=68590949",
                    "ios": "https://app.nextbike.net/station?id=68590949",
                    "web": "https://nxtb.it/p/68590949"
                },
                "short_name": "32044",
                "station_id": "68590949"
            },
            "type": "Feature"
        },
        {
            "geometry": {
                "coordinates": [
                    16.447562,
                    48.271948
                ],
                "type": "Point"
            },
            "properties": {
                "capacity": 14,
                "is_installed": true,
                "is_renting": true,
                "is_returning": true,
                "is_virtual_station": false,
                "last_reported": 1729157682,
                "name": "Gro\u00dffeldsiedlung U1",
                "num_bikes_available": 14,
                "num_docks_available": 0,
                "region_id": "748",
                "rental_uris": {
                    "android": "https://app.nextbike.net/station?id=68591140",
                    "ios": "https://app.nextbike.net/station?id=68591140",
                    "web": "https://nxtb.it/p/68591140"
                },
                "short_name": "32045",
                "station_id": "68591140"
            },
            "type": "Feature"
        },
        {
            "geometry": {
                "coordinates": [
                    16.42081,
                    48.27113
                ],
                "type": "Point"
            },
            "properties": {
                "capacity": 12,
                "is_installed": true,
                "is_renting": true,
                "is_returning": true,
                "is_virtual_station": false,
                "last_reported": 1729157682,
                "name": "Siemensstra\u00dfe S",
                "num_bikes_available": 10,
                "num_docks_available": 2,
                "region_id": "748",
                "rental_uris": {
                    "android": "https://app.nextbike.net/station?id=68591336",
                    "ios": "https://app.nextbike.net/station?id=68591336",
                    "web": "https://nxtb.it/p/68591336"
                },
                "short_name": "32046",
                "station_id": "68591336"
            },
            "type": "Feature"
        },
        {
            "geometry": {
                "coordinates": [
                    16.475255,
                    48.223008
                ],
                "type": "Point"
            },
            "properties": {
                "capacity": 24,
                "is_installed": true,
                "is_renting": true,
                "is_returning": true,
                "is_virtual_station": false,
                "last_reported": 1729157682,
                "name": "Aspernstra\u00dfe U2",
                "num_bikes_available": 11,
                "num_docks_available": 13,
                "region_id": "748",
                "rental_uris": {
                    "android": "https://app.nextbike.net/station?id=68592270",
                    "ios": "https://app.nextbike.net/station?id=68592270",
                    "web": "https://nxtb.it/p/68592270"
                },
                "short_name": "32047",
                "station_id": "68592270"
            },
            "type": "Feature"
        },
        {
            "geometry": {
                "coordinates": [
                    16.464588,
                    48.219878
                ],
                "type": "Point"
            },
            "properties": {
                "capacity": 22,
                "is_installed": true,
                "is_renting": true,
                "is_returning": true,
                "is_virtual_station": false,
                "last_reported": 1729157682,
                "name": "Donauspital U2",
                "num_bikes_available": 8,
                "num_docks_available": 14,
                "region_id": "748",
                "rental_uris": {
                    "android": "https://app.nextbike.net/station?id=68592591",
                    "ios": "https://app.nextbike.net/station?id=68592591",
                    "web": "https://nxtb.it/p/68592591"
                },
                "short_name": "32048",
                "station_id": "68592591"
            },
            "type": "Feature"
        },
        {
            "geometry": {
                "coordinates": [
                    16.45357,
                    48.229619
                ],
                "type": "Point"
            },
            "properties": {
                "capacity": 20,
                "is_installed": true,
                "is_renting": true,
                "is_returning": true,
                "is_virtual_station": false,
                "last_reported": 1729157682,
                "name": "Erzherzog-Karl-Stra\u00dfe S",
                "num_bikes_available": 14,
                "num_docks_available": 6,
                "region_id": "748",
                "rental_uris": {
                    "android": "https://app.nextbike.net/station?id=68593797",
                    "ios": "https://app.nextbike.net/station?id=68593797",
                    "web": "https://nxtb.it/p/68593797"
                },
                "short_name": "32050",
                "station_id": "68593797"
            },
            "type": "Feature"
        },
        {
            "geometry": {
                "coordinates": [
                    16.486825,
                    48.233624
                ],
                "type": "Point"
            },
            "properties": {
                "capacity": 22,
                "is_installed": true,
                "is_renting": true,
                "is_returning": true,
                "is_virtual_station": false,
                "last_reported": 1729157682,
                "name": "Hausfeldstra\u00dfe S U",
                "num_bikes_available": 24,
                "num_docks_available": 0,
                "region_id": "748",
                "rental_uris": {
                    "android": "https://app.nextbike.net/station?id=68594003",
                    "ios": "https://app.nextbike.net/station?id=68594003",
                    "web": "https://nxtb.it/p/68594003"
                },
                "short_name": "32051",
                "station_id": "68594003"
            },
            "type": "Feature"
        },
        {
            "geometry": {
                "coordinates": [
                    16.433594,
                    48.244086
                ],
                "type": "Point"
            },
            "properties": {
                "capacity": 32,
                "is_installed": true,
                "is_renting": true,
                "is_returning": true,
                "is_virtual_station": false,
                "last_reported": 1729157682,
                "name": "Kagran U1",
                "num_bikes_available": 24,
                "num_docks_available": 8,
                "region_id": "748",
                "rental_uris": {
                    "android": "https://app.nextbike.net/station?id=68594176",
                    "ios": "https://app.nextbike.net/station?id=68594176",
                    "web": "https://nxtb.it/p/68594176"
                },
                "short_name": "32052",
                "station_id": "68594176"
            },
            "type": "Feature"
        },
        {
            "geometry": {
                "coordinates": [
                    16.498557,
                    48.224719
                ],
                "type": "Point"
            },
            "properties": {
                "capacity": 30,
                "is_installed": true,
                "is_renting": true,
                "is_returning": true,
                "is_virtual_station": false,
                "last_reported": 1729157682,
                "name": "Maria-Tusch-Stra\u00dfe",
                "num_bikes_available": 11,
                "num_docks_available": 19,
                "region_id": "748",
                "rental_uris": {
                    "android": "https://app.nextbike.net/station?id=68594313",
                    "ios": "https://app.nextbike.net/station?id=68594313",
                    "web": "https://nxtb.it/p/68594313"
                },
                "short_name": "32053",
                "station_id": "68594313"
            },
            "type": "Feature"
        },
        {
            "geometry": {
                "coordinates": [
                    16.44959,
                    48.257535
                ],
                "type": "Point"
            },
            "properties": {
                "capacity": 20,
                "is_installed": true,
                "is_renting": true,
                "is_returning": true,
                "is_virtual_station": false,
                "last_reported": 1729157682,
                "name": "Rennbahnweg U1",
                "num_bikes_available": 18,
                "num_docks_available": 2,
                "region_id": "748",
                "rental_uris": {
                    "android": "https://app.nextbike.net/station?id=68594670",
                    "ios": "https://app.nextbike.net/station?id=68594670",
                    "web": "https://nxtb.it/p/68594670"
                },
                "short_name": "32055",
                "station_id": "68594670"
            },
            "type": "Feature"
        },
        {
            "geometry": {
                "coordinates": [
                    16.423761,
                    48.225856
                ],
                "type": "Point"
            },
            "properties": {
                "capacity": 16,
                "is_installed": true,
                "is_renting": true,
                "is_returning": true,
                "is_virtual_station": false,
                "last_reported": 1729157682,
                "name": "Sch\u00fcttauplatz",
                "num_bikes_available": 7,
                "num_docks_available": 9,
                "region_id": "748",
                "rental_uris": {
                    "android": "https://app.nextbike.net/station?id=68594877",
                    "ios": "https://app.nextbike.net/station?id=68594877",
                    "web": "https://nxtb.it/p/68594877"
                },
                "short_name": "32056",
                "station_id": "68594877"
            },
            "type": "Feature"
        },
        {
            "geometry": {
                "coordinates": [
                    16.44922,
                    48.21978
                ],
                "type": "Point"
            },
            "properties": {
                "capacity": 18,
                "is_installed": true,
                "is_renting": true,
                "is_returning": true,
                "is_virtual_station": false,
                "last_reported": 1729157682,
                "name": "Stadlau U 2",
                "num_bikes_available": 5,
                "num_docks_available": 13,
                "region_id": "748",
                "rental_uris": {
                    "android": "https://app.nextbike.net/station?id=68595050",
                    "ios": "https://app.nextbike.net/station?id=68595050",
                    "web": "https://nxtb.it/p/68595050"
                },
                "short_name": "32057",
                "station_id": "68595050"
            },
            "type": "Feature"
        },
        {
            "geometry": {
                "coordinates": [
                    16.415692,
                    48.232362
                ],
                "type": "Point"
            },
            "properties": {
                "capacity": 22,
                "is_installed": true,
                "is_renting": true,
                "is_returning": true,
                "is_virtual_station": false,
                "last_reported": 1729157682,
                "name": "VIC Kaiserm\u00fchlen U1",
                "num_bikes_available": 5,
                "num_docks_available": 17,
                "region_id": "748",
                "rental_uris": {
                    "android": "https://app.nextbike.net/station?id=68595226",
                    "ios": "https://app.nextbike.net/station?id=68595226",
                    "web": "https://nxtb.it/p/68595226"
                },
                "short_name": "32058",
                "station_id": "68595226"
            },
            "type": "Feature"
        },
        {
            "geometry": {
                "coordinates": [
                    16.443794,
                    48.251071
                ],
                "type": "Point"
            },
            "properties": {
                "capacity": 14,
                "is_installed": true,
                "is_renting": true,
                "is_returning": true,
                "is_virtual_station": false,
                "last_reported": 1729157682,
                "name": "Kagraner Platz U1",
                "num_bikes_available": 14,
                "num_docks_available": 0,
                "region_id": "748",
                "rental_uris": {
                    "android": "https://app.nextbike.net/station?id=68595381",
                    "ios": "https://app.nextbike.net/station?id=68595381",
                    "web": "https://nxtb.it/p/68595381"
                },
                "short_name": "32060",
                "station_id": "68595381"
            },
            "type": "Feature"
        },
        {
            "geometry": {
                "coordinates": [
                    16.317214,
                    48.150204
                ],
                "type": "Point"
            },
            "properties": {
                "capacity": 22,
                "is_installed": true,
                "is_renting": true,
                "is_returning": true,
                "is_virtual_station": false,
                "last_reported": 1729157682,
                "name": "Alterlaa U6",
                "num_bikes_available": 5,
                "num_docks_available": 17,
                "region_id": "748",
                "rental_uris": {
                    "android": "https://app.nextbike.net/station?id=68595540",
                    "ios": "https://app.nextbike.net/station?id=68595540",
                    "web": "https://nxtb.it/p/68595540"
                },
                "short_name": "32059",
                "station_id": "68595540"
            },
            "type": "Feature"
        },
        {
            "geometry": {
                "coordinates": [
                    16.355089,
                    48.188009
                ],
                "type": "Point"
            },
            "properties": {
                "is_installed": true,
                "is_renting": true,
                "is_returning": true,
                "is_virtual_station": true,
                "last_reported": 1729157682,
                "name": "Bacherplatz",
                "num_bikes_available": 4,
                "num_docks_available": 0,
                "region_id": "748",
                "rental_uris": {
                    "android": "https://app.nextbike.net/station?id=71501335",
                    "ios": "https://app.nextbike.net/station?id=71501335",
                    "web": "https://nxtb.it/p/71501335"
                },
                "short_name": "32145",
                "station_id": "71501335"
            },
            "type": "Feature"
        },
        {
            "geometry": {
                "coordinates": [
                    16.358912,
                    48.191881
                ],
                "type": "Point"
            },
            "properties": {
                "is_installed": true,
                "is_renting": true,
                "is_returning": true,
                "is_virtual_station": true,
                "last_reported": 1729157682,
                "name": "Margaretenplatz",
                "num_bikes_available": 15,
                "num_docks_available": 0,
                "region_id": "748",
                "rental_uris": {
                    "android": "https://app.nextbike.net/station?id=71501798",
                    "ios": "https://app.nextbike.net/station?id=71501798",
                    "web": "https://nxtb.it/p/71501798"
                },
                "short_name": "32146",
                "station_id": "71501798"
            },
            "type": "Feature"
        },
        {
            "geometry": {
                "coordinates": [
                    16.343611,
                    48.169012
                ],
                "type": "Point"
            },
            "properties": {
                "capacity": 18,
                "is_installed": true,
                "is_renting": true,
                "is_returning": true,
                "is_virtual_station": false,
                "last_reported": 1729157682,
                "name": "Carl-Appel-Stra\u00dfe",
                "num_bikes_available": 10,
                "num_docks_available": 8,
                "region_id": "748",
                "rental_uris": {
                    "android": "https://app.nextbike.net/station?id=71502675",
                    "ios": "https://app.nextbike.net/station?id=71502675",
                    "web": "https://nxtb.it/p/71502675"
                },
                "short_name": "32147",
                "station_id": "71502675"
            },
            "type": "Feature"
        },
        {
            "geometry": {
                "coordinates": [
                    16.348017,
                    48.15468
                ],
                "type": "Point"
            },
            "properties": {
                "is_installed": true,
                "is_renting": true,
                "is_returning": true,
                "is_virtual_station": true,
                "last_reported": 1729157682,
                "name": "Otto-Probst-Platz",
                "num_bikes_available": 11,
                "num_docks_available": 0,
                "region_id": "748",
                "rental_uris": {
                    "android": "https://app.nextbike.net/station?id=71502970",
                    "ios": "https://app.nextbike.net/station?id=71502970",
                    "web": "https://nxtb.it/p/71502970"
                },
                "short_name": "32148",
                "station_id": "71502970"
            },
            "type": "Feature"
        },
        {
            "geometry": {
                "coordinates": [
                    16.401945,
                    48.151915
                ],
                "type": "Point"
            },
            "properties": {
                "is_installed": true,
                "is_renting": true,
                "is_returning": true,
                "is_virtual_station": true,
                "last_reported": 1729157682,
                "name": "Laaer Berg / Kurpark Nordeingang",
                "num_bikes_available": 6,
                "num_docks_available": 0,
                "region_id": "748",
                "rental_uris": {
                    "android": "https://app.nextbike.net/station?id=71503311",
                    "ios": "https://app.nextbike.net/station?id=71503311",
                    "web": "https://nxtb.it/p/71503311"
                },
                "short_name": "32150",
                "station_id": "71503311"
            },
            "type": "Feature"
        },
        {
            "geometry": {
                "coordinates": [
                    16.38247,
                    48.15271
                ],
                "type": "Point"
            },
            "properties": {
                "is_installed": true,
                "is_renting": true,
                "is_returning": true,
                "is_virtual_station": true,
                "last_reported": 1729157682,
                "name": "Alaudagasse U1",
                "num_bikes_available": 5,
                "num_docks_available": 0,
                "region_id": "748",
                "rental_uris": {
                    "android": "https://app.nextbike.net/station?id=71504091",
                    "ios": "https://app.nextbike.net/station?id=71504091",
                    "web": "https://nxtb.it/p/71504091"
                },
                "short_name": "32240",
                "station_id": "71504091"
            },
            "type": "Feature"
        },
        {
            "geometry": {
                "coordinates": [
                    16.46573,
                    48.15403
                ],
                "type": "Point"
            },
            "properties": {
                "is_installed": true,
                "is_renting": true,
                "is_returning": true,
                "is_virtual_station": true,
                "last_reported": 1729157682,
                "name": "Svetelskystra\u00dfe",
                "num_bikes_available": 8,
                "num_docks_available": 0,
                "region_id": "748",
                "rental_uris": {
                    "android": "https://app.nextbike.net/station?id=71504398",
                    "ios": "https://app.nextbike.net/station?id=71504398",
                    "web": "https://nxtb.it/p/71504398"
                },
                "short_name": "32151",
                "station_id": "71504398"
            },
            "type": "Feature"
        },
        {
            "geometry": {
                "coordinates": [
                    16.42849,
                    48.162067
                ],
                "type": "Point"
            },
            "properties": {
                "is_installed": true,
                "is_renting": true,
                "is_returning": true,
                "is_virtual_station": true,
                "last_reported": 1729157682,
                "name": "Wei\u00dfenb\u00f6ckstra\u00dfe",
                "num_bikes_available": 8,
                "num_docks_available": 0,
                "region_id": "748",
                "rental_uris": {
                    "android": "https://app.nextbike.net/station?id=71504628",
                    "ios": "https://app.nextbike.net/station?id=71504628",
                    "web": "https://nxtb.it/p/71504628"
                },
                "short_name": "32152",
                "station_id": "71504628"
            },
            "type": "Feature"
        },
        {
            "geometry": {
                "coordinates": [
                    16.429984,
                    48.171252
                ],
                "type": "Point"
            },
            "properties": {
                "is_installed": true,
                "is_renting": true,
                "is_returning": true,
                "is_virtual_station": true,
                "last_reported": 1729157682,
                "name": "Rohrhofergasse",
                "num_bikes_available": 8,
                "num_docks_available": 0,
                "region_id": "748",
                "rental_uris": {
                    "android": "https://app.nextbike.net/station?id=71504898",
                    "ios": "https://app.nextbike.net/station?id=71504898",
                    "web": "https://nxtb.it/p/71504898"
                },
                "short_name": "32153",
                "station_id": "71504898"
            },
            "type": "Feature"
        },
        {
            "geometry": {
                "coordinates": [
                    16.442269,
                    48.154665
                ],
                "type": "Point"
            },
            "properties": {
                "capacity": 20,
                "is_installed": true,
                "is_renting": true,
                "is_returning": true,
                "is_virtual_station": false,
                "last_reported": 1729157682,
                "name": "Zentralfriedhof 2. Tor",
                "num_bikes_available": 10,
                "num_docks_available": 10,
                "region_id": "748",
                "rental_uris": {
                    "android": "https://app.nextbike.net/station?id=71506305",
                    "ios": "https://app.nextbike.net/station?id=71506305",
                    "web": "https://nxtb.it/p/71506305"
                },
                "short_name": "32155",
                "station_id": "71506305"
            },
            "type": "Feature"
        },
        {
            "geometry": {
                "coordinates": [
                    16.420426,
                    48.179565
                ],
                "type": "Point"
            },
            "properties": {
                "is_installed": true,
                "is_renting": true,
                "is_returning": true,
                "is_virtual_station": true,
                "last_reported": 1729157682,
                "name": "Simoningplatz",
                "num_bikes_available": 5,
                "num_docks_available": 0,
                "region_id": "748",
                "rental_uris": {
                    "android": "https://app.nextbike.net/station?id=71506495",
                    "ios": "https://app.nextbike.net/station?id=71506495",
                    "web": "https://nxtb.it/p/71506495"
                },
                "short_name": "32156",
                "station_id": "71506495"
            },
            "type": "Feature"
        },
        {
            "geometry": {
                "coordinates": [
                    16.462393,
                    48.14826
                ],
                "type": "Point"
            },
            "properties": {
                "is_installed": true,
                "is_renting": true,
                "is_returning": true,
                "is_virtual_station": true,
                "last_reported": 1729157682,
                "name": "Hauptwerkst\u00e4tte / Etrichstra\u00dfe",
                "num_bikes_available": 3,
                "num_docks_available": 0,
                "region_id": "748",
                "rental_uris": {
                    "android": "https://app.nextbike.net/station?id=71506714",
                    "ios": "https://app.nextbike.net/station?id=71506714",
                    "web": "https://nxtb.it/p/71506714"
                },
                "short_name": "32234",
                "station_id": "71506714"
            },
            "type": "Feature"
        },
        {
            "geometry": {
                "coordinates": [
                    16.411067,
                    48.179323
                ],
                "type": "Point"
            },
            "properties": {
                "is_installed": true,
                "is_renting": true,
                "is_returning": true,
                "is_virtual_station": true,
                "last_reported": 1729157682,
                "name": "Zippererstra\u00dfe U",
                "num_bikes_available": 0,
                "num_docks_available": 0,
                "region_id": "748",
                "rental_uris": {
                    "android": "https://app.nextbike.net/station?id=71507082",
                    "ios": "https://app.nextbike.net/station?id=71507082",
                    "web": "https://nxtb.it/p/71507082"
                },
                "short_name": "32033",
                "station_id": "71507082"
            },
            "type": "Feature"
        },
        {
            "geometry": {
                "coordinates": [
                    16.316119,
                    48.167527
                ],
                "type": "Point"
            },
            "properties": {
                "capacity": 12,
                "is_installed": true,
                "is_renting": true,
                "is_returning": true,
                "is_virtual_station": false,
                "last_reported": 1729157682,
                "name": "Hetzendorf S",
                "num_bikes_available": 8,
                "num_docks_available": 3,
                "region_id": "748",
                "rental_uris": {
                    "android": "https://app.nextbike.net/station?id=71507263",
                    "ios": "https://app.nextbike.net/station?id=71507263",
                    "web": "https://nxtb.it/p/71507263"
                },
                "short_name": "32157",
                "station_id": "71507263"
            },
            "type": "Feature"
        },
        {
            "geometry": {
                "coordinates": [
                    16.30589,
                    48.154273
                ],
                "type": "Point"
            },
            "properties": {
                "is_installed": true,
                "is_renting": false,
                "is_returning": false,
                "is_virtual_station": true,
                "last_reported": 1729157682,
                "name": "Auer-Welsbach-Stra\u00dfe",
                "num_bikes_available": 10,
                "num_docks_available": 0,
                "region_id": "748",
                "rental_uris": {
                    "android": "https://app.nextbike.net/station?id=71507438",
                    "ios": "https://app.nextbike.net/station?id=71507438",
                    "web": "https://nxtb.it/p/71507438"
                },
                "short_name": "32158",
                "station_id": "71507438"
            },
            "type": "Feature"
        },
        {
            "geometry": {
                "coordinates": [
                    16.330518,
                    48.17048
                ],
                "type": "Point"
            },
            "properties": {
                "is_installed": true,
                "is_renting": true,
                "is_returning": true,
                "is_virtual_station": true,
                "last_reported": 1729157682,
                "name": "Pottendorfer Stra\u00dfe",
                "num_bikes_available": 3,
                "num_docks_available": 0,
                "region_id": "748",
                "rental_uris": {
                    "android": "https://app.nextbike.net/station?id=71508657",
                    "ios": "https://app.nextbike.net/station?id=71508657",
                    "web": "https://nxtb.it/p/71508657"
                },
                "short_name": "32159",
                "station_id": "71508657"
            },
            "type": "Feature"
        },
        {
            "geometry": {
                "coordinates": [
                    16.320534,
                    48.175409
                ],
                "type": "Point"
            },
            "properties": {
                "capacity": 14,
                "is_installed": true,
                "is_renting": true,
                "is_returning": true,
                "is_virtual_station": false,
                "last_reported": 1729157682,
                "name": "Gatterh\u00f6lzl",
                "num_bikes_available": 2,
                "num_docks_available": 12,
                "region_id": "748",
                "rental_uris": {
                    "android": "https://app.nextbike.net/station?id=71508860",
                    "ios": "https://app.nextbike.net/station?id=71508860",
                    "web": "https://nxtb.it/p/71508860"
                },
                "short_name": "32160",
                "station_id": "71508860"
            },
            "type": "Feature"
        },
        {
            "geometry": {
                "coordinates": [
                    16.282425,
                    48.17377
                ],
                "type": "Point"
            },
            "properties": {
                "is_installed": true,
                "is_renting": true,
                "is_returning": true,
                "is_virtual_station": true,
                "last_reported": 1729157682,
                "name": "Speising S",
                "num_bikes_available": 6,
                "num_docks_available": 0,
                "region_id": "748",
                "rental_uris": {
                    "android": "https://app.nextbike.net/station?id=71510056",
                    "ios": "https://app.nextbike.net/station?id=71510056",
                    "web": "https://nxtb.it/p/71510056"
                },
                "short_name": "32217",
                "station_id": "71510056"
            },
            "type": "Feature"
        },
        {
            "geometry": {
                "coordinates": [
                    16.332566,
                    48.208195
                ],
                "type": "Point"
            },
            "properties": {
                "capacity": 15,
                "is_installed": true,
                "is_renting": true,
                "is_returning": true,
                "is_virtual_station": false,
                "last_reported": 1729157682,
                "name": "Hasnerstra\u00dfe / Hofferplatz",
                "num_bikes_available": 2,
                "num_docks_available": 13,
                "region_id": "748",
                "rental_uris": {
                    "android": "https://app.nextbike.net/station?id=71511715",
                    "ios": "https://app.nextbike.net/station?id=71511715",
                    "web": "https://nxtb.it/p/71511715"
                },
                "short_name": "32140",
                "station_id": "71511715"
            },
            "type": "Feature"
        },
        {
            "geometry": {
                "coordinates": [
                    16.306062,
                    48.220455
                ],
                "type": "Point"
            },
            "properties": {
                "is_installed": true,
                "is_renting": true,
                "is_returning": true,
                "is_virtual_station": true,
                "last_reported": 1729157682,
                "name": "Nietzscheplatz",
                "num_bikes_available": 1,
                "num_docks_available": 0,
                "region_id": "748",
                "rental_uris": {
                    "android": "https://app.nextbike.net/station?id=71511892",
                    "ios": "https://app.nextbike.net/station?id=71511892",
                    "web": "https://nxtb.it/p/71511892"
                },
                "short_name": "32164",
                "station_id": "71511892"
            },
            "type": "Feature"
        },
        {
            "geometry": {
                "coordinates": [
                    16.319961,
                    48.217837
                ],
                "type": "Point"
            },
            "properties": {
                "capacity": 15,
                "is_installed": true,
                "is_renting": true,
                "is_returning": true,
                "is_virtual_station": false,
                "last_reported": 1729157682,
                "name": "Wattgasse",
                "num_bikes_available": 5,
                "num_docks_available": 10,
                "region_id": "748",
                "rental_uris": {
                    "android": "https://app.nextbike.net/station?id=71512025",
                    "ios": "https://app.nextbike.net/station?id=71512025",
                    "web": "https://nxtb.it/p/71512025"
                },
                "short_name": "32165",
                "station_id": "71512025"
            },
            "type": "Feature"
        },
        {
            "geometry": {
                "coordinates": [
                    16.342947,
                    48.255793
                ],
                "type": "Point"
            },
            "properties": {
                "capacity": 11,
                "is_installed": true,
                "is_renting": true,
                "is_returning": true,
                "is_virtual_station": false,
                "last_reported": 1729157682,
                "name": "Grinzing",
                "num_bikes_available": 0,
                "num_docks_available": 11,
                "region_id": "748",
                "rental_uris": {
                    "android": "https://app.nextbike.net/station?id=71512384",
                    "ios": "https://app.nextbike.net/station?id=71512384",
                    "web": "https://nxtb.it/p/71512384"
                },
                "short_name": "32167",
                "station_id": "71512384"
            },
            "type": "Feature"
        },
        {
            "geometry": {
                "coordinates": [
                    16.320682,
                    48.24376
                ],
                "type": "Point"
            },
            "properties": {
                "is_installed": true,
                "is_renting": true,
                "is_returning": true,
                "is_virtual_station": true,
                "last_reported": 1729157682,
                "name": "Glanzing",
                "num_bikes_available": 1,
                "num_docks_available": 0,
                "region_id": "748",
                "rental_uris": {
                    "android": "https://app.nextbike.net/station?id=71512535",
                    "ios": "https://app.nextbike.net/station?id=71512535",
                    "web": "https://nxtb.it/p/71512535"
                },
                "short_name": "32168",
                "station_id": "71512535"
            },
            "type": "Feature"
        },
        {
            "geometry": {
                "coordinates": [
                    16.344711,
                    48.244386
                ],
                "type": "Point"
            },
            "properties": {
                "capacity": 15,
                "is_installed": true,
                "is_renting": true,
                "is_returning": true,
                "is_virtual_station": false,
                "last_reported": 1729157682,
                "name": "Oberd\u00f6bling S",
                "num_bikes_available": 10,
                "num_docks_available": 5,
                "region_id": "748",
                "rental_uris": {
                    "android": "https://app.nextbike.net/station?id=71512698",
                    "ios": "https://app.nextbike.net/station?id=71512698",
                    "web": "https://nxtb.it/p/71512698"
                },
                "short_name": "32169",
                "station_id": "71512698"
            },
            "type": "Feature"
        },
        {
            "geometry": {
                "coordinates": [
                    16.410042,
                    48.278108
                ],
                "type": "Point"
            },
            "properties": {
                "is_installed": true,
                "is_renting": true,
                "is_returning": true,
                "is_virtual_station": true,
                "last_reported": 1729157682,
                "name": "Kantergasse",
                "num_bikes_available": 11,
                "num_docks_available": 0,
                "region_id": "748",
                "rental_uris": {
                    "android": "https://app.nextbike.net/station?id=71513155",
                    "ios": "https://app.nextbike.net/station?id=71513155",
                    "web": "https://nxtb.it/p/71513155"
                },
                "short_name": "32172",
                "station_id": "71513155"
            },
            "type": "Feature"
        },
        {
            "geometry": {
                "coordinates": [
                    16.451058,
                    48.278087
                ],
                "type": "Point"
            },
            "properties": {
                "is_installed": true,
                "is_renting": true,
                "is_returning": true,
                "is_virtual_station": true,
                "last_reported": 1729157682,
                "name": "Leopoldau S U",
                "num_bikes_available": 0,
                "num_docks_available": 0,
                "region_id": "748",
                "rental_uris": {
                    "android": "https://app.nextbike.net/station?id=71513386",
                    "ios": "https://app.nextbike.net/station?id=71513386",
                    "web": "https://nxtb.it/p/71513386"
                },
                "short_name": "32173",
                "station_id": "71513386"
            },
            "type": "Feature"
        },
        {
            "geometry": {
                "coordinates": [
                    16.430805,
                    48.25227
                ],
                "type": "Point"
            },
            "properties": {
                "capacity": 14,
                "is_installed": true,
                "is_renting": true,
                "is_returning": true,
                "is_virtual_station": false,
                "last_reported": 1729157682,
                "name": "Josef-Baumann-Gasse / Vetmeduni",
                "num_bikes_available": 17,
                "num_docks_available": 0,
                "region_id": "748",
                "rental_uris": {
                    "android": "https://app.nextbike.net/station?id=71513576",
                    "ios": "https://app.nextbike.net/station?id=71513576",
                    "web": "https://nxtb.it/p/71513576"
                },
                "short_name": "32174",
                "station_id": "71513576"
            },
            "type": "Feature"
        },
        {
            "geometry": {
                "coordinates": [
                    16.413794,
                    48.252933
                ],
                "type": "Point"
            },
            "properties": {
                "is_installed": true,
                "is_renting": true,
                "is_returning": true,
                "is_virtual_station": false,
                "last_reported": 1729157682,
                "name": "Fultonstra\u00dfe",
                "num_bikes_available": 14,
                "num_docks_available": 0,
                "region_id": "748",
                "rental_uris": {
                    "android": "https://app.nextbike.net/station?id=71513732",
                    "ios": "https://app.nextbike.net/station?id=71513732",
                    "web": "https://nxtb.it/p/71513732"
                },
                "short_name": "32175",
                "station_id": "71513732"
            },
            "type": "Feature"
        },
        {
            "geometry": {
                "coordinates": [
                    16.392704,
                    48.27059
                ],
                "type": "Point"
            },
            "properties": {
                "is_installed": true,
                "is_renting": true,
                "is_returning": true,
                "is_virtual_station": true,
                "last_reported": 1729157682,
                "name": "Hopfengasse",
                "num_bikes_available": 3,
                "num_docks_available": 0,
                "region_id": "748",
                "rental_uris": {
                    "android": "https://app.nextbike.net/station?id=71513842",
                    "ios": "https://app.nextbike.net/station?id=71513842",
                    "web": "https://nxtb.it/p/71513842"
                },
                "short_name": "32176",
                "station_id": "71513842"
            },
            "type": "Feature"
        },
        {
            "geometry": {
                "coordinates": [
                    16.387658,
                    48.262127
                ],
                "type": "Point"
            },
            "properties": {
                "is_installed": true,
                "is_renting": true,
                "is_returning": true,
                "is_virtual_station": true,
                "last_reported": 1729157682,
                "name": "Jedlesee / Bellgasse",
                "num_bikes_available": 5,
                "num_docks_available": 0,
                "region_id": "748",
                "rental_uris": {
                    "android": "https://app.nextbike.net/station?id=71513967",
                    "ios": "https://app.nextbike.net/station?id=71513967",
                    "web": "https://nxtb.it/p/71513967"
                },
                "short_name": "32177",
                "station_id": "71513967"
            },
            "type": "Feature"
        },
        {
            "geometry": {
                "coordinates": [
                    16.383093,
                    48.271593
                ],
                "type": "Point"
            },
            "properties": {
                "is_installed": true,
                "is_renting": true,
                "is_returning": true,
                "is_virtual_station": true,
                "last_reported": 1729157682,
                "name": "Audorfgasse",
                "num_bikes_available": 1,
                "num_docks_available": 0,
                "region_id": "748",
                "rental_uris": {
                    "android": "https://app.nextbike.net/station?id=71514129",
                    "ios": "https://app.nextbike.net/station?id=71514129",
                    "web": "https://nxtb.it/p/71514129"
                },
                "short_name": "32178",
                "station_id": "71514129"
            },
            "type": "Feature"
        },
        {
            "geometry": {
                "coordinates": [
                    16.386725,
                    48.291646
                ],
                "type": "Point"
            },
            "properties": {
                "is_installed": true,
                "is_renting": true,
                "is_returning": true,
                "is_virtual_station": true,
                "last_reported": 1729157682,
                "name": "Strebersdorf S / Edmund-Hawranek-Platz",
                "num_bikes_available": 8,
                "num_docks_available": 0,
                "region_id": "748",
                "rental_uris": {
                    "android": "https://app.nextbike.net/station?id=71514234",
                    "ios": "https://app.nextbike.net/station?id=71514234",
                    "web": "https://nxtb.it/p/71514234"
                },
                "short_name": "32179",
                "station_id": "71514234"
            },
            "type": "Feature"
        },
        {
            "geometry": {
                "coordinates": [
                    16.446051,
                    48.239676
                ],
                "type": "Point"
            },
            "properties": {
                "is_installed": true,
                "is_renting": true,
                "is_returning": true,
                "is_virtual_station": true,
                "last_reported": 1729157682,
                "name": "Bernoullistra\u00dfe",
                "num_bikes_available": 10,
                "num_docks_available": 0,
                "region_id": "748",
                "rental_uris": {
                    "android": "https://app.nextbike.net/station?id=71514394",
                    "ios": "https://app.nextbike.net/station?id=71514394",
                    "web": "https://nxtb.it/p/71514394"
                },
                "short_name": "32182",
                "station_id": "71514394"
            },
            "type": "Feature"
        },
        {
            "geometry": {
                "coordinates": [
                    16.47486,
                    48.213389
                ],
                "type": "Point"
            },
            "properties": {
                "is_installed": true,
                "is_renting": true,
                "is_returning": true,
                "is_virtual_station": true,
                "last_reported": 1729157682,
                "name": "Stavangergasse",
                "num_bikes_available": 13,
                "num_docks_available": 0,
                "region_id": "748",
                "rental_uris": {
                    "android": "https://app.nextbike.net/station?id=71514663",
                    "ios": "https://app.nextbike.net/station?id=71514663",
                    "web": "https://nxtb.it/p/71514663"
                },
                "short_name": "32184",
                "station_id": "71514663"
            },
            "type": "Feature"
        },
        {
            "geometry": {
                "coordinates": [
                    16.456443,
                    48.224906
                ],
                "type": "Point"
            },
            "properties": {
                "is_installed": true,
                "is_renting": true,
                "is_returning": true,
                "is_virtual_station": true,
                "last_reported": 1729157682,
                "name": "Hans-Steger-Gasse",
                "num_bikes_available": 1,
                "num_docks_available": 0,
                "region_id": "748",
                "rental_uris": {
                    "android": "https://app.nextbike.net/station?id=71514791",
                    "ios": "https://app.nextbike.net/station?id=71514791",
                    "web": "https://nxtb.it/p/71514791"
                },
                "short_name": "32186",
                "station_id": "71514791"
            },
            "type": "Feature"
        },
        {
            "geometry": {
                "coordinates": [
                    16.470367,
                    48.232992
                ],
                "type": "Point"
            },
            "properties": {
                "capacity": 12,
                "is_installed": true,
                "is_renting": true,
                "is_returning": true,
                "is_virtual_station": false,
                "last_reported": 1729157682,
                "name": "Hirschstetten S",
                "num_bikes_available": 10,
                "num_docks_available": 2,
                "region_id": "748",
                "rental_uris": {
                    "android": "https://app.nextbike.net/station?id=71514929",
                    "ios": "https://app.nextbike.net/station?id=71514929",
                    "web": "https://nxtb.it/p/71514929"
                },
                "short_name": "32187",
                "station_id": "71514929"
            },
            "type": "Feature"
        },
        {
            "geometry": {
                "coordinates": [
                    16.472797,
                    48.246187
                ],
                "type": "Point"
            },
            "properties": {
                "is_installed": true,
                "is_renting": true,
                "is_returning": true,
                "is_virtual_station": true,
                "last_reported": 1729157682,
                "name": "Jakob-Bindel-Platz",
                "num_bikes_available": 4,
                "num_docks_available": 0,
                "region_id": "748",
                "rental_uris": {
                    "android": "https://app.nextbike.net/station?id=71515044",
                    "ios": "https://app.nextbike.net/station?id=71515044",
                    "web": "https://nxtb.it/p/71515044"
                },
                "short_name": "32188",
                "station_id": "71515044"
            },
            "type": "Feature"
        },
        {
            "geometry": {
                "coordinates": [
                    16.287907,
                    48.146654
                ],
                "type": "Point"
            },
            "properties": {
                "is_installed": true,
                "is_renting": true,
                "is_returning": true,
                "is_virtual_station": true,
                "last_reported": 1729157682,
                "name": "Atzgersdorf S",
                "num_bikes_available": 1,
                "num_docks_available": 0,
                "region_id": "748",
                "rental_uris": {
                    "android": "https://app.nextbike.net/station?id=71515384",
                    "ios": "https://app.nextbike.net/station?id=71515384",
                    "web": "https://nxtb.it/p/71515384"
                },
                "short_name": "32190",
                "station_id": "71515384"
            },
            "type": "Feature"
        },
        {
            "geometry": {
                "coordinates": [
                    16.310018,
                    48.129845
                ],
                "type": "Point"
            },
            "properties": {
                "is_installed": true,
                "is_renting": true,
                "is_returning": true,
                "is_virtual_station": true,
                "last_reported": 1729157682,
                "name": "Siebenhirten U",
                "num_bikes_available": 9,
                "num_docks_available": 0,
                "region_id": "748",
                "rental_uris": {
                    "android": "https://app.nextbike.net/station?id=71515681",
                    "ios": "https://app.nextbike.net/station?id=71515681",
                    "web": "https://nxtb.it/p/71515681"
                },
                "short_name": "32193",
                "station_id": "71515681"
            },
            "type": "Feature"
        },
        {
            "geometry": {
                "coordinates": [
                    16.316855,
                    48.141515
                ],
                "type": "Point"
            },
            "properties": {
                "is_installed": true,
                "is_renting": false,
                "is_returning": false,
                "is_virtual_station": true,
                "last_reported": 1729157682,
                "name": "Erlaaerstra\u00dfe U6",
                "num_bikes_available": 1,
                "num_docks_available": 0,
                "region_id": "748",
                "rental_uris": {
                    "android": "https://app.nextbike.net/station?id=84043210",
                    "ios": "https://app.nextbike.net/station?id=84043210",
                    "web": "https://nxtb.it/p/84043210"
                },
                "short_name": "32257",
                "station_id": "84043210"
            },
            "type": "Feature"
        },
        {
            "geometry": {
                "coordinates": [
                    16.313308,
                    48.136398
                ],
                "type": "Point"
            },
            "properties": {
                "is_installed": true,
                "is_renting": true,
                "is_returning": true,
                "is_virtual_station": true,
                "last_reported": 1729157682,
                "name": "Perfektastra\u00dfe U6",
                "num_bikes_available": 3,
                "num_docks_available": 0,
                "region_id": "748",
                "rental_uris": {
                    "android": "https://app.nextbike.net/station?id=84043446",
                    "ios": "https://app.nextbike.net/station?id=84043446",
                    "web": "https://nxtb.it/p/84043446"
                },
                "short_name": "32258",
                "station_id": "84043446"
            },
            "type": "Feature"
        },
        {
            "geometry": {
                "coordinates": [
                    16.260386,
                    48.196133
                ],
                "type": "Point"
            },
            "properties": {
                "is_installed": true,
                "is_renting": false,
                "is_returning": false,
                "is_virtual_station": true,
                "last_reported": 1729157682,
                "name": "H\u00fctteldorf / Hackinger Steg",
                "num_bikes_available": 5,
                "num_docks_available": 0,
                "region_id": "748",
                "rental_uris": {
                    "android": "https://app.nextbike.net/station?id=84043886",
                    "ios": "https://app.nextbike.net/station?id=84043886",
                    "web": "https://nxtb.it/p/84043886"
                },
                "short_name": "32262",
                "station_id": "84043886"
            },
            "type": "Feature"
        },
        {
            "geometry": {
                "coordinates": [
                    16.395483,
                    48.21785
                ],
                "type": "Point"
            },
            "properties": {
                "capacity": 25,
                "is_installed": true,
                "is_renting": true,
                "is_returning": true,
                "is_virtual_station": false,
                "last_reported": 1729157682,
                "name": "Praterstern Ausstellungsstra\u00dfe",
                "num_bikes_available": 9,
                "num_docks_available": 16,
                "region_id": "748",
                "rental_uris": {
                    "android": "https://app.nextbike.net/station?id=84044298",
                    "ios": "https://app.nextbike.net/station?id=84044298",
                    "web": "https://nxtb.it/p/84044298"
                },
                "short_name": "32261",
                "station_id": "84044298"
            },
            "type": "Feature"
        },
        {
            "geometry": {
                "coordinates": [
                    16.283428,
                    48.134253
                ],
                "type": "Point"
            },
            "properties": {
                "capacity": 13,
                "is_installed": true,
                "is_renting": false,
                "is_returning": false,
                "is_virtual_station": false,
                "last_reported": 1729157682,
                "name": "Liesing S",
                "num_bikes_available": 16,
                "num_docks_available": 0,
                "region_id": "748",
                "rental_uris": {
                    "android": "https://app.nextbike.net/station?id=87590679",
                    "ios": "https://app.nextbike.net/station?id=87590679",
                    "web": "https://nxtb.it/p/87590679"
                },
                "short_name": "32260",
                "station_id": "87590679"
            },
            "type": "Feature"
        },
        {
            "geometry": {
                "coordinates": [
                    16.504027,
                    48.23576
                ],
                "type": "Point"
            },
            "properties": {
                "is_installed": true,
                "is_renting": true,
                "is_returning": true,
                "is_virtual_station": true,
                "last_reported": 1729157682,
                "name": "Aspern Nord S U",
                "num_bikes_available": 5,
                "num_docks_available": 0,
                "region_id": "748",
                "rental_uris": {
                    "android": "https://app.nextbike.net/station?id=94505684",
                    "ios": "https://app.nextbike.net/station?id=94505684",
                    "web": "https://nxtb.it/p/94505684"
                },
                "short_name": "32265",
                "station_id": "94505684"
            },
            "type": "Feature"
        },
        {
            "geometry": {
                "coordinates": [
                    16.504506,
                    48.226515
                ],
                "type": "Point"
            },
            "properties": {
                "is_installed": true,
                "is_renting": true,
                "is_returning": true,
                "is_virtual_station": true,
                "last_reported": 1729157682,
                "name": "Seepark",
                "num_bikes_available": 6,
                "num_docks_available": 0,
                "region_id": "748",
                "rental_uris": {
                    "android": "https://app.nextbike.net/station?id=94506147",
                    "ios": "https://app.nextbike.net/station?id=94506147",
                    "web": "https://nxtb.it/p/94506147"
                },
                "short_name": "32267",
                "station_id": "94506147"
            },
            "type": "Feature"
        },
        {
            "geometry": {
                "coordinates": [
                    16.507619,
                    48.224865
                ],
                "type": "Point"
            },
            "properties": {
                "capacity": 18,
                "is_installed": true,
                "is_renting": true,
                "is_returning": true,
                "is_virtual_station": false,
                "last_reported": 1729157682,
                "name": "Seestadt U",
                "num_bikes_available": 4,
                "num_docks_available": 14,
                "region_id": "748",
                "rental_uris": {
                    "android": "https://app.nextbike.net/station?id=94506325",
                    "ios": "https://app.nextbike.net/station?id=94506325",
                    "web": "https://nxtb.it/p/94506325"
                },
                "short_name": "32268",
                "station_id": "94506325"
            },
            "type": "Feature"
        }
    ],
    "type": "FeatureCollection"
}