{
    "features": [
        {
            "geometry": {
                "coordinates": [
                    7.081681,
                    51.014494
                ],
                "type": "Point"
            },
            "properties": {
                "is_installed": true,
                "is_renting": true,
                "is_returning": true,
                "is_virtual_station": false,
                "last_reported": 1789246896,
                "name": "Bergisch Gladbach Schildgen - wupsi",
                "num_bikes_available": 6,
                "num_docks_available": 0,
                "region_id": "607",
                "rental_uris": {
                    "android": "https://app.nextbike.net/station?id=114159214",
                    "ios": "https://app.nextbike.net/station?id=114159214",
                    "web": "https://nxtb.it/p/114159214"
                },
                "short_name": "5639",
                "station_id": "114159214",
                "vehicle_types_available": [
                    {
                        "count": 1,
                        "vehicle_type_id": "196"
                    },
                    {
                        "count": 5,
                        "vehicle_type_id": "183"
                    }
                ]
            },
            "type": "Feature"
        },
        {
            "geometry": {
                "coordinates": [
                    7.01589,
                    51.105272
                ],
                "type": "Point"
            },
            "properties": {
                "is_installed": true,
                "is_renting": true,
                "is_returning": true,
                "is_virtual_station": false,
                "last_reported": 1789246896,
                "name": "Leichlingen Busbahnhof - wupsi",
                "num_bikes_available": 2,
                "num_docks_available": 0,
                "region_id": "607",
                "rental_uris": {
                    "android": "https://app.nextbike.net/station?id=114160192",
                    "ios": "https://app.nextbike.net/station?id=114160192",
                    "web": "https://nxtb.it/p/114160192"
                },
                "short_name": "5638",
                "station_id": "114160192",
                "vehicle_types_available": [
                    {
                        "count": 2,
                        "vehicle_type_id": "183"
                    }
                ]
            },
            "type": "Feature"
        },
        {
            "geometry": {
                "coordinates": [
                    7.120106,
                    51.082842
                ],
                "type": "Point"
            },
            "properties": {
                "is_installed": true,
                "is_renting": true,
                "is_returning": true,
                "is_virtual_station": false,
                "last_reported": 1789246896,
                "name": "Burscheid Rathaus - wupsi",
                "num_bikes_available": 2,
                "num_docks_available": 0,
                "region_id": "607",
                "rental_uris": {
                    "android": "https://app.nextbike.net/station?id=114160615",
                    "ios": "https://app.nextbike.net/station?id=114160615",
                    "web": "https://nxtb.it/p/114160615"
                },
                "short_name": "5637",
                "station_id": "114160615",
                "vehicle_types_available": [
                    {
                        "count": 2,
                        "vehicle_type_id": "183"
                    }
                ]
            },
            "type": "Feature"
        },
        {
            "geometry": {
                "coordinates": [
                    7.117301,
                    51.031935
                ],
                "type": "Point"
            },
            "properties": {
                "is_installed": true,
                "is_renting": true,
                "is_returning": true,
                "is_virtual_station": false,
                "last_reported": 1789246896,
                "name": "Odenthal Herzogenfeld - wupsi",
                "num_bikes_available": 0,
                "num_docks_available": 0,
                "region_id": "607",
                "rental_uris": {
                    "android": "https://app.nextbike.net/station?id=114161226",
                    "ios": "https://app.nextbike.net/station?id=114161226",
                    "web": "https://nxtb.it/p/114161226"
                },
                "short_name": "5636",
                "station_id": "114161226",
                "vehicle_types_available": []
            },
            "type": "Feature"
        },
        {
            "geometry": {
                "coordinates": [
                    6.993919,
                    51.046156
                ],
                "type": "Point"
            },
            "properties": {
                "is_installed": true,
                "is_renting": true,
                "is_returning": true,
                "is_virtual_station": false,
                "last_reported": 1789246896,
                "name": "K\u00fcppersteger Stra\u00dfe (Hardenbergstra\u00dfe)",
                "num_bikes_available": 4,
                "num_docks_available": 0,
                "region_id": "607",
                "rental_uris": {
                    "android": "https://app.nextbike.net/station?id=12993380",
                    "ios": "https://app.nextbike.net/station?id=12993380",
                    "web": "https://nxtb.it/p/12993380"
                },
                "short_name": "5660",
                "station_id": "12993380",
                "vehicle_types_available": [
                    {
                        "count": 4,
                        "vehicle_type_id": "196"
                    }
                ]
            },
            "type": "Feature"
        },
        {
            "geometry": {
                "coordinates": [
                    6.983399,
                    51.02784
                ],
                "type": "Point"
            },
            "properties": {
                "is_installed": true,
                "is_renting": true,
                "is_returning": true,
                "is_virtual_station": false,
                "last_reported": 1789246896,
                "name": "Chempark Tor 4 ",
                "num_bikes_available": 8,
                "num_docks_available": 0,
                "region_id": "607",
                "rental_uris": {
                    "android": "https://app.nextbike.net/station?id=12993415",
                    "ios": "https://app.nextbike.net/station?id=12993415",
                    "web": "https://nxtb.it/p/12993415"
                },
                "short_name": "5662",
                "station_id": "12993415",
                "vehicle_types_available": [
                    {
                        "count": 7,
                        "vehicle_type_id": "196"
                    },
                    {
                        "count": 1,
                        "vehicle_type_id": "183"
                    }
                ]
            },
            "type": "Feature"
        },
        {
            "geometry": {
                "coordinates": [
                    7.017527,
                    51.05378
                ],
                "type": "Point"
            },
            "properties": {
                "is_installed": true,
                "is_renting": true,
                "is_returning": true,
                "is_virtual_station": false,
                "last_reported": 1789246896,
                "name": "wupsi-Betriebshof",
                "num_bikes_available": 3,
                "num_docks_available": 0,
                "region_id": "607",
                "rental_uris": {
                    "android": "https://app.nextbike.net/station?id=12993439",
                    "ios": "https://app.nextbike.net/station?id=12993439",
                    "web": "https://nxtb.it/p/12993439"
                },
                "short_name": "5663",
                "station_id": "12993439",
                "vehicle_types_available": [
                    {
                        "count": 3,
                        "vehicle_type_id": "196"
                    }
                ]
            },
            "type": "Feature"
        },
        {
            "geometry": {
                "coordinates": [
                    6.970718,
                    51.030458
                ],
                "type": "Point"
            },
            "properties": {
                "is_installed": true,
                "is_renting": true,
                "is_returning": true,
                "is_virtual_station": false,
                "last_reported": 1789246896,
                "name": "Rheinallee",
                "num_bikes_available": 12,
                "num_docks_available": 0,
                "region_id": "607",
                "rental_uris": {
                    "android": "https://app.nextbike.net/station?id=12993456",
                    "ios": "https://app.nextbike.net/station?id=12993456",
                    "web": "https://nxtb.it/p/12993456"
                },
                "short_name": "5664",
                "station_id": "12993456",
                "vehicle_types_available": [
                    {
                        "count": 10,
                        "vehicle_type_id": "196"
                    },
                    {
                        "count": 2,
                        "vehicle_type_id": "183"
                    }
                ]
            },
            "type": "Feature"
        },
        {
            "geometry": {
                "coordinates": [
                    7.0481,
                    51.033582
                ],
                "type": "Point"
            },
            "properties": {
                "is_installed": true,
                "is_renting": true,
                "is_returning": true,
                "is_virtual_station": false,
                "last_reported": 1789246896,
                "name": "Von-Diergardt-Stra\u00dfe",
                "num_bikes_available": 9,
                "num_docks_available": 0,
                "region_id": "607",
                "rental_uris": {
                    "android": "https://app.nextbike.net/station?id=12993527",
                    "ios": "https://app.nextbike.net/station?id=12993527",
                    "web": "https://nxtb.it/p/12993527"
                },
                "short_name": "5665",
                "station_id": "12993527",
                "vehicle_types_available": [
                    {
                        "count": 9,
                        "vehicle_type_id": "196"
                    }
                ]
            },
            "type": "Feature"
        },
        {
            "geometry": {
                "coordinates": [
                    7.009953,
                    51.066819
                ],
                "type": "Point"
            },
            "properties": {
                "is_installed": true,
                "is_renting": true,
                "is_returning": true,
                "is_virtual_station": false,
                "last_reported": 1789246896,
                "name": "Werkst\u00e4ttenstra\u00dfe ",
                "num_bikes_available": 8,
                "num_docks_available": 0,
                "region_id": "607",
                "rental_uris": {
                    "android": "https://app.nextbike.net/station?id=12993542",
                    "ios": "https://app.nextbike.net/station?id=12993542",
                    "web": "https://nxtb.it/p/12993542"
                },
                "short_name": "5666",
                "station_id": "12993542",
                "vehicle_types_available": [
                    {
                        "count": 8,
                        "vehicle_type_id": "196"
                    }
                ]
            },
            "type": "Feature"
        },
        {
            "geometry": {
                "coordinates": [
                    7.036614,
                    51.029999
                ],
                "type": "Point"
            },
            "properties": {
                "is_installed": true,
                "is_renting": true,
                "is_returning": true,
                "is_virtual_station": false,
                "last_reported": 1789246896,
                "name": "Am Gesundheitspark",
                "num_bikes_available": 0,
                "num_docks_available": 0,
                "region_id": "607",
                "rental_uris": {
                    "android": "https://app.nextbike.net/station?id=12993557",
                    "ios": "https://app.nextbike.net/station?id=12993557",
                    "web": "https://nxtb.it/p/12993557"
                },
                "short_name": "5667",
                "station_id": "12993557",
                "vehicle_types_available": []
            },
            "type": "Feature"
        },
        {
            "geometry": {
                "coordinates": [
                    7.018687,
                    51.0598
                ],
                "type": "Point"
            },
            "properties": {
                "is_installed": true,
                "is_renting": true,
                "is_returning": true,
                "is_virtual_station": false,
                "last_reported": 1789246896,
                "name": "Quettinger Stra\u00dfe",
                "num_bikes_available": 3,
                "num_docks_available": 0,
                "region_id": "607",
                "rental_uris": {
                    "android": "https://app.nextbike.net/station?id=12993572",
                    "ios": "https://app.nextbike.net/station?id=12993572",
                    "web": "https://nxtb.it/p/12993572"
                },
                "short_name": "5668",
                "station_id": "12993572",
                "vehicle_types_available": [
                    {
                        "count": 3,
                        "vehicle_type_id": "196"
                    }
                ]
            },
            "type": "Feature"
        },
        {
            "geometry": {
                "coordinates": [
                    7.003698,
                    51.058984
                ],
                "type": "Point"
            },
            "properties": {
                "is_installed": true,
                "is_renting": true,
                "is_returning": true,
                "is_virtual_station": false,
                "last_reported": 1789246896,
                "name": "Neustadtstra\u00dfe",
                "num_bikes_available": 9,
                "num_docks_available": 0,
                "region_id": "607",
                "rental_uris": {
                    "android": "https://app.nextbike.net/station?id=12993599",
                    "ios": "https://app.nextbike.net/station?id=12993599",
                    "web": "https://nxtb.it/p/12993599"
                },
                "short_name": "5669",
                "station_id": "12993599",
                "vehicle_types_available": [
                    {
                        "count": 9,
                        "vehicle_type_id": "196"
                    }
                ]
            },
            "type": "Feature"
        },
        {
            "geometry": {
                "coordinates": [
                    6.987739,
                    51.033824
                ],
                "type": "Point"
            },
            "properties": {
                "is_installed": true,
                "is_renting": true,
                "is_returning": true,
                "is_virtual_station": false,
                "last_reported": 1789246896,
                "name": "Rathaus-Galerie",
                "num_bikes_available": 7,
                "num_docks_available": 0,
                "region_id": "607",
                "rental_uris": {
                    "android": "https://app.nextbike.net/station?id=12993612",
                    "ios": "https://app.nextbike.net/station?id=12993612",
                    "web": "https://nxtb.it/p/12993612"
                },
                "short_name": "5670",
                "station_id": "12993612",
                "vehicle_types_available": [
                    {
                        "count": 7,
                        "vehicle_type_id": "196"
                    }
                ]
            },
            "type": "Feature"
        },
        {
            "geometry": {
                "coordinates": [
                    7.028487,
                    51.043208
                ],
                "type": "Point"
            },
            "properties": {
                "is_installed": true,
                "is_renting": true,
                "is_returning": true,
                "is_virtual_station": false,
                "last_reported": 1789246896,
                "name": "Geschwister-Scholl-Stra\u00dfe",
                "num_bikes_available": 8,
                "num_docks_available": 0,
                "region_id": "607",
                "rental_uris": {
                    "android": "https://app.nextbike.net/station?id=12993630",
                    "ios": "https://app.nextbike.net/station?id=12993630",
                    "web": "https://nxtb.it/p/12993630"
                },
                "short_name": "5671",
                "station_id": "12993630",
                "vehicle_types_available": [
                    {
                        "count": 8,
                        "vehicle_type_id": "196"
                    }
                ]
            },
            "type": "Feature"
        },
        {
            "geometry": {
                "coordinates": [
                    7.031529,
                    51.030012
                ],
                "type": "Point"
            },
            "properties": {
                "is_installed": true,
                "is_renting": true,
                "is_returning": true,
                "is_virtual_station": false,
                "last_reported": 1789246896,
                "name": "Klinikum Leverkusen",
                "num_bikes_available": 5,
                "num_docks_available": 0,
                "region_id": "607",
                "rental_uris": {
                    "android": "https://app.nextbike.net/station?id=12993646",
                    "ios": "https://app.nextbike.net/station?id=12993646",
                    "web": "https://nxtb.it/p/12993646"
                },
                "short_name": "5672",
                "station_id": "12993646",
                "vehicle_types_available": [
                    {
                        "count": 5,
                        "vehicle_type_id": "196"
                    }
                ]
            },
            "type": "Feature"
        },
        {
            "geometry": {
                "coordinates": [
                    6.995775,
                    51.075367
                ],
                "type": "Point"
            },
            "properties": {
                "is_installed": true,
                "is_renting": true,
                "is_returning": true,
                "is_virtual_station": false,
                "last_reported": 1789246896,
                "name": "Miselohestra\u00dfe",
                "num_bikes_available": 7,
                "num_docks_available": 0,
                "region_id": "607",
                "rental_uris": {
                    "android": "https://app.nextbike.net/station?id=12993664",
                    "ios": "https://app.nextbike.net/station?id=12993664",
                    "web": "https://nxtb.it/p/12993664"
                },
                "short_name": "5673",
                "station_id": "12993664",
                "vehicle_types_available": [
                    {
                        "count": 6,
                        "vehicle_type_id": "196"
                    },
                    {
                        "count": 1,
                        "vehicle_type_id": "183"
                    }
                ]
            },
            "type": "Feature"
        },
        {
            "geometry": {
                "coordinates": [
                    6.98252,
                    51.032725
                ],
                "type": "Point"
            },
            "properties": {
                "is_installed": true,
                "is_renting": true,
                "is_returning": true,
                "is_virtual_station": false,
                "last_reported": 1789246896,
                "name": "Die Luminaden",
                "num_bikes_available": 0,
                "num_docks_available": 0,
                "region_id": "607",
                "rental_uris": {
                    "android": "https://app.nextbike.net/station?id=12993674",
                    "ios": "https://app.nextbike.net/station?id=12993674",
                    "web": "https://nxtb.it/p/12993674"
                },
                "short_name": "5674",
                "station_id": "12993674",
                "vehicle_types_available": []
            },
            "type": "Feature"
        },
        {
            "geometry": {
                "coordinates": [
                    7.044822,
                    51.027934
                ],
                "type": "Point"
            },
            "properties": {
                "is_installed": true,
                "is_renting": true,
                "is_returning": true,
                "is_virtual_station": false,
                "last_reported": 1789246896,
                "name": "Bensberger Stra\u00dfe",
                "num_bikes_available": 1,
                "num_docks_available": 0,
                "region_id": "607",
                "rental_uris": {
                    "android": "https://app.nextbike.net/station?id=12993690",
                    "ios": "https://app.nextbike.net/station?id=12993690",
                    "web": "https://nxtb.it/p/12993690"
                },
                "short_name": "5675",
                "station_id": "12993690",
                "vehicle_types_available": [
                    {
                        "count": 1,
                        "vehicle_type_id": "196"
                    }
                ]
            },
            "type": "Feature"
        },
        {
            "geometry": {
                "coordinates": [
                    7.003435,
                    51.064236
                ],
                "type": "Point"
            },
            "properties": {
                "is_installed": true,
                "is_renting": true,
                "is_returning": true,
                "is_virtual_station": false,
                "last_reported": 1789246896,
                "name": "Schillerstra\u00dfe",
                "num_bikes_available": 6,
                "num_docks_available": 0,
                "region_id": "607",
                "rental_uris": {
                    "android": "https://app.nextbike.net/station?id=12993702",
                    "ios": "https://app.nextbike.net/station?id=12993702",
                    "web": "https://nxtb.it/p/12993702"
                },
                "short_name": "5676",
                "station_id": "12993702",
                "vehicle_types_available": [
                    {
                        "count": 6,
                        "vehicle_type_id": "196"
                    }
                ]
            },
            "type": "Feature"
        },
        {
            "geometry": {
                "coordinates": [
                    7.015918,
                    51.031382
                ],
                "type": "Point"
            },
            "properties": {
                "is_installed": true,
                "is_renting": true,
                "is_returning": true,
                "is_virtual_station": false,
                "last_reported": 1789246896,
                "name": "Manfort Bahnhof",
                "num_bikes_available": 7,
                "num_docks_available": 0,
                "region_id": "607",
                "rental_uris": {
                    "android": "https://app.nextbike.net/station?id=12993715",
                    "ios": "https://app.nextbike.net/station?id=12993715",
                    "web": "https://nxtb.it/p/12993715"
                },
                "short_name": "5677",
                "station_id": "12993715",
                "vehicle_types_available": [
                    {
                        "count": 6,
                        "vehicle_type_id": "196"
                    },
                    {
                        "count": 1,
                        "vehicle_type_id": "183"
                    }
                ]
            },
            "type": "Feature"
        },
        {
            "geometry": {
                "coordinates": [
                    6.977236,
                    51.03713
                ],
                "type": "Point"
            },
            "properties": {
                "is_installed": true,
                "is_renting": true,
                "is_returning": true,
                "is_virtual_station": false,
                "last_reported": 1789246896,
                "name": "Neulandpark",
                "num_bikes_available": 20,
                "num_docks_available": 0,
                "region_id": "607",
                "rental_uris": {
                    "android": "https://app.nextbike.net/station?id=12993785",
                    "ios": "https://app.nextbike.net/station?id=12993785",
                    "web": "https://nxtb.it/p/12993785"
                },
                "short_name": "5678",
                "station_id": "12993785",
                "vehicle_types_available": [
                    {
                        "count": 19,
                        "vehicle_type_id": "196"
                    },
                    {
                        "count": 1,
                        "vehicle_type_id": "183"
                    }
                ]
            },
            "type": "Feature"
        },
        {
            "geometry": {
                "coordinates": [
                    6.979521,
                    51.031028
                ],
                "type": "Point"
            },
            "properties": {
                "is_installed": true,
                "is_renting": true,
                "is_returning": true,
                "is_virtual_station": false,
                "last_reported": 1789246896,
                "name": "Elberfelder Haus",
                "num_bikes_available": 5,
                "num_docks_available": 0,
                "region_id": "607",
                "rental_uris": {
                    "android": "https://app.nextbike.net/station?id=12993795",
                    "ios": "https://app.nextbike.net/station?id=12993795",
                    "web": "https://nxtb.it/p/12993795"
                },
                "short_name": "5679",
                "station_id": "12993795",
                "vehicle_types_available": [
                    {
                        "count": 4,
                        "vehicle_type_id": "196"
                    },
                    {
                        "count": 1,
                        "vehicle_type_id": "359"
                    }
                ]
            },
            "type": "Feature"
        },
        {
            "geometry": {
                "coordinates": [
                    7.01397,
                    51.06366
                ],
                "type": "Point"
            },
            "properties": {
                "is_installed": true,
                "is_renting": true,
                "is_returning": true,
                "is_virtual_station": false,
                "last_reported": 1789246896,
                "name": "Funkenturm",
                "num_bikes_available": 9,
                "num_docks_available": 0,
                "region_id": "607",
                "rental_uris": {
                    "android": "https://app.nextbike.net/station?id=12993810",
                    "ios": "https://app.nextbike.net/station?id=12993810",
                    "web": "https://nxtb.it/p/12993810"
                },
                "short_name": "5680",
                "station_id": "12993810",
                "vehicle_types_available": [
                    {
                        "count": 8,
                        "vehicle_type_id": "196"
                    },
                    {
                        "count": 1,
                        "vehicle_type_id": "363"
                    }
                ]
            },
            "type": "Feature"
        },
        {
            "geometry": {
                "coordinates": [
                    6.962634,
                    51.064348
                ],
                "type": "Point"
            },
            "properties": {
                "is_installed": true,
                "is_renting": true,
                "is_returning": true,
                "is_virtual_station": false,
                "last_reported": 1789246896,
                "name": "Rheindorf S-Bahn",
                "num_bikes_available": 7,
                "num_docks_available": 0,
                "region_id": "607",
                "rental_uris": {
                    "android": "https://app.nextbike.net/station?id=12993818",
                    "ios": "https://app.nextbike.net/station?id=12993818",
                    "web": "https://nxtb.it/p/12993818"
                },
                "short_name": "5681",
                "station_id": "12993818",
                "vehicle_types_available": [
                    {
                        "count": 7,
                        "vehicle_type_id": "196"
                    }
                ]
            },
            "type": "Feature"
        },
        {
            "geometry": {
                "coordinates": [
                    6.950397,
                    51.050685
                ],
                "type": "Point"
            },
            "properties": {
                "is_installed": true,
                "is_renting": true,
                "is_returning": true,
                "is_virtual_station": false,
                "last_reported": 1789246896,
                "name": "P\u00fctzdelle",
                "num_bikes_available": 15,
                "num_docks_available": 0,
                "region_id": "607",
                "rental_uris": {
                    "android": "https://app.nextbike.net/station?id=12993830",
                    "ios": "https://app.nextbike.net/station?id=12993830",
                    "web": "https://nxtb.it/p/12993830"
                },
                "short_name": "5682",
                "station_id": "12993830",
                "vehicle_types_available": [
                    {
                        "count": 15,
                        "vehicle_type_id": "196"
                    }
                ]
            },
            "type": "Feature"
        },
        {
            "geometry": {
                "coordinates": [
                    7.056125,
                    51.065244
                ],
                "type": "Point"
            },
            "properties": {
                "is_installed": true,
                "is_renting": true,
                "is_returning": true,
                "is_virtual_station": false,
                "last_reported": 1789246896,
                "name": "L\u00fctzenkirchen Mitte",
                "num_bikes_available": 4,
                "num_docks_available": 0,
                "region_id": "607",
                "rental_uris": {
                    "android": "https://app.nextbike.net/station?id=12993858",
                    "ios": "https://app.nextbike.net/station?id=12993858",
                    "web": "https://nxtb.it/p/12993858"
                },
                "short_name": "5684",
                "station_id": "12993858",
                "vehicle_types_available": [
                    {
                        "count": 1,
                        "vehicle_type_id": "196"
                    },
                    {
                        "count": 2,
                        "vehicle_type_id": "183"
                    },
                    {
                        "count": 1,
                        "vehicle_type_id": "361"
                    }
                ]
            },
            "type": "Feature"
        },
        {
            "geometry": {
                "coordinates": [
                    7.07527,
                    51.048197
                ],
                "type": "Point"
            },
            "properties": {
                "is_installed": true,
                "is_renting": true,
                "is_returning": true,
                "is_virtual_station": false,
                "last_reported": 1789246896,
                "name": "Spreestra\u00dfe",
                "num_bikes_available": 4,
                "num_docks_available": 0,
                "region_id": "607",
                "rental_uris": {
                    "android": "https://app.nextbike.net/station?id=12993870",
                    "ios": "https://app.nextbike.net/station?id=12993870",
                    "web": "https://nxtb.it/p/12993870"
                },
                "short_name": "5685",
                "station_id": "12993870",
                "vehicle_types_available": [
                    {
                        "count": 4,
                        "vehicle_type_id": "196"
                    }
                ]
            },
            "type": "Feature"
        },
        {
            "geometry": {
                "coordinates": [
                    6.988592,
                    51.046487
                ],
                "type": "Point"
            },
            "properties": {
                "is_installed": true,
                "is_renting": true,
                "is_returning": true,
                "is_virtual_station": false,
                "last_reported": 1789246896,
                "name": "K\u00fcppersteg S-Bahn",
                "num_bikes_available": 7,
                "num_docks_available": 0,
                "region_id": "607",
                "rental_uris": {
                    "android": "https://app.nextbike.net/station?id=12993890",
                    "ios": "https://app.nextbike.net/station?id=12993890",
                    "web": "https://nxtb.it/p/12993890"
                },
                "short_name": "5686",
                "station_id": "12993890",
                "vehicle_types_available": [
                    {
                        "count": 6,
                        "vehicle_type_id": "196"
                    },
                    {
                        "count": 1,
                        "vehicle_type_id": "368"
                    }
                ]
            },
            "type": "Feature"
        },
        {
            "geometry": {
                "coordinates": [
                    7.031829,
                    51.035484
                ],
                "type": "Point"
            },
            "properties": {
                "is_installed": true,
                "is_renting": true,
                "is_returning": true,
                "is_virtual_station": false,
                "last_reported": 1789246896,
                "name": "Museum Morsbroich",
                "num_bikes_available": 4,
                "num_docks_available": 0,
                "region_id": "607",
                "rental_uris": {
                    "android": "https://app.nextbike.net/station?id=12993915",
                    "ios": "https://app.nextbike.net/station?id=12993915",
                    "web": "https://nxtb.it/p/12993915"
                },
                "short_name": "5687",
                "station_id": "12993915",
                "vehicle_types_available": [
                    {
                        "count": 4,
                        "vehicle_type_id": "196"
                    }
                ]
            },
            "type": "Feature"
        },
        {
            "geometry": {
                "coordinates": [
                    7.052203,
                    51.036166
                ],
                "type": "Point"
            },
            "properties": {
                "is_installed": true,
                "is_renting": true,
                "is_returning": true,
                "is_virtual_station": false,
                "last_reported": 1789246896,
                "name": "Schlebusch Post",
                "num_bikes_available": 10,
                "num_docks_available": 0,
                "region_id": "607",
                "rental_uris": {
                    "android": "https://app.nextbike.net/station?id=12993928",
                    "ios": "https://app.nextbike.net/station?id=12993928",
                    "web": "https://nxtb.it/p/12993928"
                },
                "short_name": "5644",
                "station_id": "12993928",
                "vehicle_types_available": [
                    {
                        "count": 9,
                        "vehicle_type_id": "196"
                    },
                    {
                        "count": 1,
                        "vehicle_type_id": "360"
                    }
                ]
            },
            "type": "Feature"
        },
        {
            "geometry": {
                "coordinates": [
                    7.004642,
                    51.036543
                ],
                "type": "Point"
            },
            "properties": {
                "is_installed": true,
                "is_renting": true,
                "is_returning": true,
                "is_virtual_station": false,
                "last_reported": 1789246896,
                "name": "CaLevornia",
                "num_bikes_available": 5,
                "num_docks_available": 0,
                "region_id": "607",
                "rental_uris": {
                    "android": "https://app.nextbike.net/station?id=12993953",
                    "ios": "https://app.nextbike.net/station?id=12993953",
                    "web": "https://nxtb.it/p/12993953"
                },
                "short_name": "5689",
                "station_id": "12993953",
                "vehicle_types_available": [
                    {
                        "count": 5,
                        "vehicle_type_id": "196"
                    }
                ]
            },
            "type": "Feature"
        },
        {
            "geometry": {
                "coordinates": [
                    7.044237,
                    51.019195
                ],
                "type": "Point"
            },
            "properties": {
                "is_installed": true,
                "is_renting": true,
                "is_returning": true,
                "is_virtual_station": false,
                "last_reported": 1789246896,
                "name": "Schlebusch Stadtbahn",
                "num_bikes_available": 3,
                "num_docks_available": 0,
                "region_id": "607",
                "rental_uris": {
                    "android": "https://app.nextbike.net/station?id=12993963",
                    "ios": "https://app.nextbike.net/station?id=12993963",
                    "web": "https://nxtb.it/p/12993963"
                },
                "short_name": "5690",
                "station_id": "12993963",
                "vehicle_types_available": [
                    {
                        "count": 3,
                        "vehicle_type_id": "196"
                    }
                ]
            },
            "type": "Feature"
        },
        {
            "geometry": {
                "coordinates": [
                    6.996424,
                    51.011149
                ],
                "type": "Point"
            },
            "properties": {
                "is_installed": true,
                "is_renting": true,
                "is_returning": true,
                "is_virtual_station": false,
                "last_reported": 1789246896,
                "name": "Chempark S-Bahn",
                "num_bikes_available": 9,
                "num_docks_available": 0,
                "region_id": "607",
                "rental_uris": {
                    "android": "https://app.nextbike.net/station?id=12993979",
                    "ios": "https://app.nextbike.net/station?id=12993979",
                    "web": "https://nxtb.it/p/12993979"
                },
                "short_name": "5691",
                "station_id": "12993979",
                "vehicle_types_available": [
                    {
                        "count": 9,
                        "vehicle_type_id": "196"
                    }
                ]
            },
            "type": "Feature"
        },
        {
            "geometry": {
                "coordinates": [
                    6.985245,
                    51.05367
                ],
                "type": "Point"
            },
            "properties": {
                "is_installed": true,
                "is_renting": true,
                "is_returning": true,
                "is_virtual_station": false,
                "last_reported": 1789246896,
                "name": "Reuschenberg",
                "num_bikes_available": 8,
                "num_docks_available": 0,
                "region_id": "607",
                "rental_uris": {
                    "android": "https://app.nextbike.net/station?id=12993990",
                    "ios": "https://app.nextbike.net/station?id=12993990",
                    "web": "https://nxtb.it/p/12993990"
                },
                "short_name": "5692",
                "station_id": "12993990",
                "vehicle_types_available": [
                    {
                        "count": 8,
                        "vehicle_type_id": "196"
                    }
                ]
            },
            "type": "Feature"
        },
        {
            "geometry": {
                "coordinates": [
                    6.985867,
                    51.014126
                ],
                "type": "Point"
            },
            "properties": {
                "is_installed": true,
                "is_renting": true,
                "is_returning": true,
                "is_virtual_station": false,
                "last_reported": 1789246896,
                "name": "Chempark Kasino",
                "num_bikes_available": 4,
                "num_docks_available": 0,
                "region_id": "607",
                "rental_uris": {
                    "android": "https://app.nextbike.net/station?id=12994000",
                    "ios": "https://app.nextbike.net/station?id=12994000",
                    "web": "https://nxtb.it/p/12994000"
                },
                "short_name": "5693",
                "station_id": "12994000",
                "vehicle_types_available": [
                    {
                        "count": 4,
                        "vehicle_type_id": "196"
                    }
                ]
            },
            "type": "Feature"
        },
        {
            "geometry": {
                "coordinates": [
                    7.004246,
                    51.039013
                ],
                "type": "Point"
            },
            "properties": {
                "is_installed": true,
                "is_renting": true,
                "is_returning": true,
                "is_virtual_station": false,
                "last_reported": 1789246896,
                "name": "Sportpark",
                "num_bikes_available": 0,
                "num_docks_available": 0,
                "region_id": "607",
                "rental_uris": {
                    "android": "https://app.nextbike.net/station?id=12994010",
                    "ios": "https://app.nextbike.net/station?id=12994010",
                    "web": "https://nxtb.it/p/12994010"
                },
                "short_name": "5694",
                "station_id": "12994010",
                "vehicle_types_available": []
            },
            "type": "Feature"
        },
        {
            "geometry": {
                "coordinates": [
                    6.996014,
                    51.037118
                ],
                "type": "Point"
            },
            "properties": {
                "is_installed": true,
                "is_renting": true,
                "is_returning": true,
                "is_virtual_station": false,
                "last_reported": 1789246896,
                "name": "TSV Bayer 04 Leverkusen e.V",
                "num_bikes_available": 18,
                "num_docks_available": 0,
                "region_id": "607",
                "rental_uris": {
                    "android": "https://app.nextbike.net/station?id=141585347",
                    "ios": "https://app.nextbike.net/station?id=141585347",
                    "web": "https://nxtb.it/p/141585347"
                },
                "short_name": "5698",
                "station_id": "141585347",
                "vehicle_types_available": [
                    {
                        "count": 18,
                        "vehicle_type_id": "196"
                    }
                ]
            },
            "type": "Feature"
        },
        {
            "geometry": {
                "coordinates": [
                    7.042515,
                    51.001191
                ],
                "type": "Point"
            },
            "properties": {
                "is_installed": true,
                "is_renting": true,
                "is_returning": true,
                "is_virtual_station": false,
                "last_reported": 1789246896,
                "name": "Odenthaler Stra\u00dfe - wupsi",
                "num_bikes_available": 1,
                "num_docks_available": 0,
                "region_id": "607",
                "rental_uris": {
                    "android": "https://app.nextbike.net/station?id=149975228",
                    "ios": "https://app.nextbike.net/station?id=149975228",
                    "web": "https://nxtb.it/p/149975228"
                },
                "short_name": "5713",
                "station_id": "149975228",
                "vehicle_types_available": [
                    {
                        "count": 1,
                        "vehicle_type_id": "183"
                    }
                ]
            },
            "type": "Feature"
        },
        {
            "geometry": {
                "coordinates": [
                    7.032146,
                    51.080052
                ],
                "type": "Point"
            },
            "properties": {
                "is_installed": true,
                "is_renting": true,
                "is_returning": true,
                "is_virtual_station": false,
                "last_reported": 1789246896,
                "name": "Bergisch Neukirchen Stadthalle",
                "num_bikes_available": 3,
                "num_docks_available": 0,
                "region_id": "607",
                "rental_uris": {
                    "android": "https://app.nextbike.net/station?id=18547235",
                    "ios": "https://app.nextbike.net/station?id=18547235",
                    "web": "https://nxtb.it/p/18547235"
                },
                "short_name": "5654",
                "station_id": "18547235",
                "vehicle_types_available": [
                    {
                        "count": 1,
                        "vehicle_type_id": "196"
                    },
                    {
                        "count": 2,
                        "vehicle_type_id": "183"
                    }
                ]
            },
            "type": "Feature"
        },
        {
            "geometry": {
                "coordinates": [
                    6.994616,
                    51.063967
                ],
                "type": "Point"
            },
            "properties": {
                "is_installed": true,
                "is_renting": true,
                "is_returning": true,
                "is_virtual_station": false,
                "last_reported": 1789246896,
                "name": "Rhein-Wupper-Platz",
                "num_bikes_available": 15,
                "num_docks_available": 0,
                "region_id": "607",
                "rental_uris": {
                    "android": "https://app.nextbike.net/station?id=18547251",
                    "ios": "https://app.nextbike.net/station?id=18547251",
                    "web": "https://nxtb.it/p/18547251"
                },
                "short_name": "5653",
                "station_id": "18547251",
                "vehicle_types_available": [
                    {
                        "count": 14,
                        "vehicle_type_id": "196"
                    },
                    {
                        "count": 1,
                        "vehicle_type_id": "183"
                    }
                ]
            },
            "type": "Feature"
        },
        {
            "geometry": {
                "coordinates": [
                    6.951728,
                    51.059415
                ],
                "type": "Point"
            },
            "properties": {
                "is_installed": true,
                "is_renting": true,
                "is_returning": true,
                "is_virtual_station": false,
                "last_reported": 1789246896,
                "name": "Baumberger Stra\u00dfe",
                "num_bikes_available": 0,
                "num_docks_available": 0,
                "region_id": "607",
                "rental_uris": {
                    "android": "https://app.nextbike.net/station?id=18547260",
                    "ios": "https://app.nextbike.net/station?id=18547260",
                    "web": "https://nxtb.it/p/18547260"
                },
                "short_name": "5652",
                "station_id": "18547260",
                "vehicle_types_available": []
            },
            "type": "Feature"
        },
        {
            "geometry": {
                "coordinates": [
                    7.021648,
                    51.067257
                ],
                "type": "Point"
            },
            "properties": {
                "is_installed": true,
                "is_renting": true,
                "is_returning": true,
                "is_virtual_station": false,
                "last_reported": 1789246896,
                "name": "Feldstra\u00dfe",
                "num_bikes_available": 1,
                "num_docks_available": 0,
                "region_id": "607",
                "rental_uris": {
                    "android": "https://app.nextbike.net/station?id=18547289",
                    "ios": "https://app.nextbike.net/station?id=18547289",
                    "web": "https://nxtb.it/p/18547289"
                },
                "short_name": "5650",
                "station_id": "18547289",
                "vehicle_types_available": [
                    {
                        "count": 1,
                        "vehicle_type_id": "196"
                    }
                ]
            },
            "type": "Feature"
        },
        {
            "geometry": {
                "coordinates": [
                    6.915808,
                    51.06163
                ],
                "type": "Point"
            },
            "properties": {
                "is_installed": true,
                "is_renting": true,
                "is_returning": true,
                "is_virtual_station": false,
                "last_reported": 1789246896,
                "name": "Parkstra\u00dfe",
                "num_bikes_available": 6,
                "num_docks_available": 0,
                "region_id": "607",
                "rental_uris": {
                    "android": "https://app.nextbike.net/station?id=18547306",
                    "ios": "https://app.nextbike.net/station?id=18547306",
                    "web": "https://nxtb.it/p/18547306"
                },
                "short_name": "5649",
                "station_id": "18547306",
                "vehicle_types_available": [
                    {
                        "count": 5,
                        "vehicle_type_id": "196"
                    },
                    {
                        "count": 1,
                        "vehicle_type_id": "367"
                    }
                ]
            },
            "type": "Feature"
        },
        {
            "geometry": {
                "coordinates": [
                    6.920764,
                    51.062483
                ],
                "type": "Point"
            },
            "properties": {
                "is_installed": true,
                "is_renting": true,
                "is_returning": true,
                "is_virtual_station": false,
                "last_reported": 1789246896,
                "name": "Ringstra\u00dfe",
                "num_bikes_available": 7,
                "num_docks_available": 0,
                "region_id": "607",
                "rental_uris": {
                    "android": "https://app.nextbike.net/station?id=18547314",
                    "ios": "https://app.nextbike.net/station?id=18547314",
                    "web": "https://nxtb.it/p/18547314"
                },
                "short_name": "5648",
                "station_id": "18547314",
                "vehicle_types_available": [
                    {
                        "count": 6,
                        "vehicle_type_id": "196"
                    },
                    {
                        "count": 1,
                        "vehicle_type_id": "183"
                    }
                ]
            },
            "type": "Feature"
        },
        {
            "geometry": {
                "coordinates": [
                    7.00018,
                    51.045036
                ],
                "type": "Point"
            },
            "properties": {
                "is_installed": true,
                "is_renting": true,
                "is_returning": true,
                "is_virtual_station": false,
                "last_reported": 1789246896,
                "name": "Aquilapark",
                "num_bikes_available": 2,
                "num_docks_available": 0,
                "region_id": "607",
                "rental_uris": {
                    "android": "https://app.nextbike.net/station?id=218635878",
                    "ios": "https://app.nextbike.net/station?id=218635878",
                    "web": "https://nxtb.it/p/218635878"
                },
                "short_name": "5714",
                "station_id": "218635878",
                "vehicle_types_available": [
                    {
                        "count": 2,
                        "vehicle_type_id": "196"
                    }
                ]
            },
            "type": "Feature"
        },
        {
            "geometry": {
                "coordinates": [
                    6.986227,
                    51.043953
                ],
                "type": "Point"
            },
            "properties": {
                "is_installed": true,
                "is_renting": true,
                "is_returning": true,
                "is_virtual_station": false,
                "last_reported": 1789246896,
                "name": "Energieversorgung Leverkusen (EVL)",
                "num_bikes_available": 10,
                "num_docks_available": 0,
                "region_id": "607",
                "rental_uris": {
                    "android": "https://app.nextbike.net/station?id=251712801",
                    "ios": "https://app.nextbike.net/station?id=251712801",
                    "web": "https://nxtb.it/p/251712801"
                },
                "short_name": "5696",
                "station_id": "251712801",
                "vehicle_types_available": [
                    {
                        "count": 10,
                        "vehicle_type_id": "196"
                    }
                ]
            },
            "type": "Feature"
        },
        {
            "geometry": {
                "coordinates": [
                    7.000962,
                    50.990026
                ],
                "type": "Point"
            },
            "properties": {
                "is_installed": true,
                "is_renting": true,
                "is_returning": true,
                "is_virtual_station": false,
                "last_reported": 1789246896,
                "name": "Stammheim S-Bahn - wupsi",
                "num_bikes_available": 1,
                "num_docks_available": 0,
                "region_id": "607",
                "rental_uris": {
                    "android": "https://app.nextbike.net/station?id=261810211",
                    "ios": "https://app.nextbike.net/station?id=261810211",
                    "web": "https://nxtb.it/p/261810211"
                },
                "short_name": "5740",
                "station_id": "261810211",
                "vehicle_types_available": [
                    {
                        "count": 1,
                        "vehicle_type_id": "183"
                    }
                ]
            },
            "type": "Feature"
        },
        {
            "geometry": {
                "coordinates": [
                    7.009444,
                    51.069167
                ],
                "type": "Point"
            },
            "properties": {
                "is_installed": true,
                "is_renting": true,
                "is_returning": true,
                "is_virtual_station": false,
                "last_reported": 1789246896,
                "name": "NaturGut Ophoven",
                "num_bikes_available": 3,
                "num_docks_available": 0,
                "region_id": "607",
                "rental_uris": {
                    "android": "https://app.nextbike.net/station?id=347562403",
                    "ios": "https://app.nextbike.net/station?id=347562403",
                    "web": "https://nxtb.it/p/347562403"
                },
                "short_name": "5742",
                "station_id": "347562403",
                "vehicle_types_available": [
                    {
                        "count": 3,
                        "vehicle_type_id": "196"
                    }
                ]
            },
            "type": "Feature"
        },
        {
            "geometry": {
                "coordinates": [
                    6.995859,
                    51.004467
                ],
                "type": "Point"
            },
            "properties": {
                "is_installed": true,
                "is_renting": true,
                "is_returning": true,
                "is_virtual_station": false,
                "last_reported": 1789246896,
                "name": "Bayer Kantine",
                "num_bikes_available": 5,
                "num_docks_available": 0,
                "region_id": "607",
                "rental_uris": {
                    "android": "https://app.nextbike.net/station?id=366460341",
                    "ios": "https://app.nextbike.net/station?id=366460341",
                    "web": "https://nxtb.it/p/366460341"
                },
                "short_name": "5699",
                "station_id": "366460341",
                "vehicle_types_available": [
                    {
                        "count": 4,
                        "vehicle_type_id": "196"
                    },
                    {
                        "count": 1,
                        "vehicle_type_id": "183"
                    }
                ]
            },
            "type": "Feature"
        },
        {
            "geometry": {
                "coordinates": [
                    7.055783,
                    51.048852
                ],
                "type": "Point"
            },
            "properties": {
                "is_installed": true,
                "is_renting": true,
                "is_returning": true,
                "is_virtual_station": false,
                "last_reported": 1789246896,
                "name": "K\u00e4the-Kollwitz-Stra\u00dfe (Vonovia)",
                "num_bikes_available": 2,
                "num_docks_available": 0,
                "region_id": "607",
                "rental_uris": {
                    "android": "https://app.nextbike.net/station?id=395349832",
                    "ios": "https://app.nextbike.net/station?id=395349832",
                    "web": "https://nxtb.it/p/395349832"
                },
                "short_name": "5743",
                "station_id": "395349832",
                "vehicle_types_available": [
                    {
                        "count": 2,
                        "vehicle_type_id": "196"
                    }
                ]
            },
            "type": "Feature"
        },
        {
            "geometry": {
                "coordinates": [
                    7.02529,
                    51.044279
                ],
                "type": "Point"
            },
            "properties": {
                "is_installed": true,
                "is_renting": true,
                "is_returning": true,
                "is_virtual_station": false,
                "last_reported": 1789246896,
                "name": "Elisabeth-von-Tadden-Stra\u00dfe (Vonovia)",
                "num_bikes_available": 5,
                "num_docks_available": 0,
                "region_id": "607",
                "rental_uris": {
                    "android": "https://app.nextbike.net/station?id=395350329",
                    "ios": "https://app.nextbike.net/station?id=395350329",
                    "web": "https://nxtb.it/p/395350329"
                },
                "short_name": "5744",
                "station_id": "395350329",
                "vehicle_types_available": [
                    {
                        "count": 4,
                        "vehicle_type_id": "196"
                    },
                    {
                        "count": 1,
                        "vehicle_type_id": "366"
                    }
                ]
            },
            "type": "Feature"
        },
        {
            "geometry": {
                "coordinates": [
                    7.040667,
                    51.081794
                ],
                "type": "Point"
            },
            "properties": {
                "is_installed": true,
                "is_renting": true,
                "is_returning": true,
                "is_virtual_station": false,
                "last_reported": 1789246896,
                "name": "Atzlenbacher Stra\u00dfe",
                "num_bikes_available": 3,
                "num_docks_available": 0,
                "region_id": "607",
                "rental_uris": {
                    "android": "https://app.nextbike.net/station?id=409552657",
                    "ios": "https://app.nextbike.net/station?id=409552657",
                    "web": "https://nxtb.it/p/409552657"
                },
                "short_name": "5745",
                "station_id": "409552657",
                "vehicle_types_available": [
                    {
                        "count": 3,
                        "vehicle_type_id": "183"
                    }
                ]
            },
            "type": "Feature"
        },
        {
            "geometry": {
                "coordinates": [
                    6.980315,
                    51.044453
                ],
                "type": "Point"
            },
            "properties": {
                "is_installed": true,
                "is_renting": true,
                "is_returning": true,
                "is_virtual_station": false,
                "last_reported": 1789246896,
                "name": "Moselstra\u00dfe",
                "num_bikes_available": 13,
                "num_docks_available": 0,
                "region_id": "607",
                "rental_uris": {
                    "android": "https://app.nextbike.net/station?id=409556834",
                    "ios": "https://app.nextbike.net/station?id=409556834",
                    "web": "https://nxtb.it/p/409556834"
                },
                "short_name": "5746",
                "station_id": "409556834",
                "vehicle_types_available": [
                    {
                        "count": 13,
                        "vehicle_type_id": "196"
                    }
                ]
            },
            "type": "Feature"
        },
        {
            "geometry": {
                "coordinates": [
                    6.97019,
                    51.050412
                ],
                "type": "Point"
            },
            "properties": {
                "is_installed": true,
                "is_renting": true,
                "is_returning": true,
                "is_virtual_station": false,
                "last_reported": 1789246896,
                "name": "Rheindorfer Stra\u00dfe",
                "num_bikes_available": 7,
                "num_docks_available": 0,
                "region_id": "607",
                "rental_uris": {
                    "android": "https://app.nextbike.net/station?id=409557409",
                    "ios": "https://app.nextbike.net/station?id=409557409",
                    "web": "https://nxtb.it/p/409557409"
                },
                "short_name": "5747",
                "station_id": "409557409",
                "vehicle_types_available": [
                    {
                        "count": 7,
                        "vehicle_type_id": "196"
                    }
                ]
            },
            "type": "Feature"
        },
        {
            "geometry": {
                "coordinates": [
                    6.911539,
                    51.065516
                ],
                "type": "Point"
            },
            "properties": {
                "is_installed": true,
                "is_renting": true,
                "is_returning": true,
                "is_virtual_station": false,
                "last_reported": 1789246896,
                "name": "Ringstra\u00dfe/St\u00f6ckenstra\u00dfe",
                "num_bikes_available": 4,
                "num_docks_available": 0,
                "region_id": "607",
                "rental_uris": {
                    "android": "https://app.nextbike.net/station?id=409557871",
                    "ios": "https://app.nextbike.net/station?id=409557871",
                    "web": "https://nxtb.it/p/409557871"
                },
                "short_name": "5748",
                "station_id": "409557871",
                "vehicle_types_available": [
                    {
                        "count": 4,
                        "vehicle_type_id": "196"
                    }
                ]
            },
            "type": "Feature"
        },
        {
            "geometry": {
                "coordinates": [
                    7.008271,
                    51.044588
                ],
                "type": "Point"
            },
            "properties": {
                "is_installed": true,
                "is_renting": true,
                "is_returning": true,
                "is_virtual_station": false,
                "last_reported": 1789246896,
                "name": "Im Eisholz",
                "num_bikes_available": 5,
                "num_docks_available": 0,
                "region_id": "607",
                "rental_uris": {
                    "android": "https://app.nextbike.net/station?id=409558412",
                    "ios": "https://app.nextbike.net/station?id=409558412",
                    "web": "https://nxtb.it/p/409558412"
                },
                "short_name": "5749",
                "station_id": "409558412",
                "vehicle_types_available": [
                    {
                        "count": 5,
                        "vehicle_type_id": "196"
                    }
                ]
            },
            "type": "Feature"
        },
        {
            "geometry": {
                "coordinates": [
                    6.998345,
                    51.052252
                ],
                "type": "Point"
            },
            "properties": {
                "is_installed": true,
                "is_renting": true,
                "is_returning": true,
                "is_virtual_station": false,
                "last_reported": 1789246896,
                "name": "Karl-Ulitzka-Stra\u00dfe",
                "num_bikes_available": 0,
                "num_docks_available": 0,
                "region_id": "607",
                "rental_uris": {
                    "android": "https://app.nextbike.net/station?id=409558859",
                    "ios": "https://app.nextbike.net/station?id=409558859",
                    "web": "https://nxtb.it/p/409558859"
                },
                "short_name": "5750",
                "station_id": "409558859",
                "vehicle_types_available": []
            },
            "type": "Feature"
        },
        {
            "geometry": {
                "coordinates": [
                    7.050896,
                    51.062799
                ],
                "type": "Point"
            },
            "properties": {
                "is_installed": true,
                "is_renting": true,
                "is_returning": true,
                "is_virtual_station": false,
                "last_reported": 1789246896,
                "name": "In Holzhausen/Leineweberstra\u00dfe",
                "num_bikes_available": 0,
                "num_docks_available": 0,
                "region_id": "607",
                "rental_uris": {
                    "android": "https://app.nextbike.net/station?id=409559470",
                    "ios": "https://app.nextbike.net/station?id=409559470",
                    "web": "https://nxtb.it/p/409559470"
                },
                "short_name": "5751",
                "station_id": "409559470",
                "vehicle_types_available": []
            },
            "type": "Feature"
        },
        {
            "geometry": {
                "coordinates": [
                    7.02386,
                    51.033931
                ],
                "type": "Point"
            },
            "properties": {
                "is_installed": true,
                "is_renting": true,
                "is_returning": true,
                "is_virtual_station": false,
                "last_reported": 1789246896,
                "name": "Mauspfad",
                "num_bikes_available": 10,
                "num_docks_available": 0,
                "region_id": "607",
                "rental_uris": {
                    "android": "https://app.nextbike.net/station?id=409559989",
                    "ios": "https://app.nextbike.net/station?id=409559989",
                    "web": "https://nxtb.it/p/409559989"
                },
                "short_name": "5752",
                "station_id": "409559989",
                "vehicle_types_available": [
                    {
                        "count": 9,
                        "vehicle_type_id": "196"
                    },
                    {
                        "count": 1,
                        "vehicle_type_id": "183"
                    }
                ]
            },
            "type": "Feature"
        },
        {
            "geometry": {
                "coordinates": [
                    6.999477,
                    51.080942
                ],
                "type": "Point"
            },
            "properties": {
                "is_installed": true,
                "is_renting": true,
                "is_returning": true,
                "is_virtual_station": false,
                "last_reported": 1789246896,
                "name": "Beerenstra\u00dfe",
                "num_bikes_available": 5,
                "num_docks_available": 0,
                "region_id": "607",
                "rental_uris": {
                    "android": "https://app.nextbike.net/station?id=409562807",
                    "ios": "https://app.nextbike.net/station?id=409562807",
                    "web": "https://nxtb.it/p/409562807"
                },
                "short_name": "5753",
                "station_id": "409562807",
                "vehicle_types_available": [
                    {
                        "count": 5,
                        "vehicle_type_id": "196"
                    }
                ]
            },
            "type": "Feature"
        },
        {
            "geometry": {
                "coordinates": [
                    7.005222,
                    51.071711
                ],
                "type": "Point"
            },
            "properties": {
                "is_installed": true,
                "is_renting": true,
                "is_returning": true,
                "is_virtual_station": false,
                "last_reported": 1789246896,
                "name": "Wiembachallee",
                "num_bikes_available": 6,
                "num_docks_available": 0,
                "region_id": "607",
                "rental_uris": {
                    "android": "https://app.nextbike.net/station?id=409568774",
                    "ios": "https://app.nextbike.net/station?id=409568774",
                    "web": "https://nxtb.it/p/409568774"
                },
                "short_name": "5754",
                "station_id": "409568774",
                "vehicle_types_available": [
                    {
                        "count": 5,
                        "vehicle_type_id": "196"
                    },
                    {
                        "count": 1,
                        "vehicle_type_id": "183"
                    }
                ]
            },
            "type": "Feature"
        },
        {
            "geometry": {
                "coordinates": [
                    7.00596,
                    51.0629
                ],
                "type": "Point"
            },
            "properties": {
                "is_installed": true,
                "is_renting": true,
                "is_returning": true,
                "is_virtual_station": false,
                "last_reported": 1789246896,
                "name": "Uhlandstra\u00dfe",
                "num_bikes_available": 3,
                "num_docks_available": 0,
                "region_id": "607",
                "rental_uris": {
                    "android": "https://app.nextbike.net/station?id=409569724",
                    "ios": "https://app.nextbike.net/station?id=409569724",
                    "web": "https://nxtb.it/p/409569724"
                },
                "short_name": "5755",
                "station_id": "409569724",
                "vehicle_types_available": [
                    {
                        "count": 2,
                        "vehicle_type_id": "196"
                    },
                    {
                        "count": 1,
                        "vehicle_type_id": "183"
                    }
                ]
            },
            "type": "Feature"
        },
        {
            "geometry": {
                "coordinates": [
                    7.000864,
                    51.064874
                ],
                "type": "Point"
            },
            "properties": {
                "is_installed": true,
                "is_renting": true,
                "is_returning": true,
                "is_virtual_station": false,
                "last_reported": 1789246896,
                "name": "Gartenstra\u00dfe",
                "num_bikes_available": 1,
                "num_docks_available": 0,
                "region_id": "607",
                "rental_uris": {
                    "android": "https://app.nextbike.net/station?id=409570484",
                    "ios": "https://app.nextbike.net/station?id=409570484",
                    "web": "https://nxtb.it/p/409570484"
                },
                "short_name": "5756",
                "station_id": "409570484",
                "vehicle_types_available": [
                    {
                        "count": 1,
                        "vehicle_type_id": "196"
                    }
                ]
            },
            "type": "Feature"
        },
        {
            "geometry": {
                "coordinates": [
                    7.025011,
                    51.068832
                ],
                "type": "Point"
            },
            "properties": {
                "is_installed": true,
                "is_renting": true,
                "is_returning": true,
                "is_virtual_station": false,
                "last_reported": 1789246896,
                "name": "Am Weidenbusch",
                "num_bikes_available": 11,
                "num_docks_available": 0,
                "region_id": "607",
                "rental_uris": {
                    "android": "https://app.nextbike.net/station?id=409570962",
                    "ios": "https://app.nextbike.net/station?id=409570962",
                    "web": "https://nxtb.it/p/409570962"
                },
                "short_name": "5757",
                "station_id": "409570962",
                "vehicle_types_available": [
                    {
                        "count": 11,
                        "vehicle_type_id": "196"
                    }
                ]
            },
            "type": "Feature"
        },
        {
            "geometry": {
                "coordinates": [
                    6.94719,
                    51.0689
                ],
                "type": "Point"
            },
            "properties": {
                "is_installed": true,
                "is_renting": true,
                "is_returning": true,
                "is_virtual_station": false,
                "last_reported": 1789246896,
                "name": "Peenestra\u00dfe",
                "num_bikes_available": 11,
                "num_docks_available": 0,
                "region_id": "607",
                "rental_uris": {
                    "android": "https://app.nextbike.net/station?id=409571485",
                    "ios": "https://app.nextbike.net/station?id=409571485",
                    "web": "https://nxtb.it/p/409571485"
                },
                "short_name": "5758",
                "station_id": "409571485",
                "vehicle_types_available": [
                    {
                        "count": 11,
                        "vehicle_type_id": "196"
                    }
                ]
            },
            "type": "Feature"
        },
        {
            "geometry": {
                "coordinates": [
                    7.067691,
                    51.031995
                ],
                "type": "Point"
            },
            "properties": {
                "is_installed": true,
                "is_renting": true,
                "is_returning": true,
                "is_virtual_station": false,
                "last_reported": 1789246896,
                "name": "Edelrather Weg",
                "num_bikes_available": 5,
                "num_docks_available": 0,
                "region_id": "607",
                "rental_uris": {
                    "android": "https://app.nextbike.net/station?id=409572028",
                    "ios": "https://app.nextbike.net/station?id=409572028",
                    "web": "https://nxtb.it/p/409572028"
                },
                "short_name": "5759",
                "station_id": "409572028",
                "vehicle_types_available": [
                    {
                        "count": 4,
                        "vehicle_type_id": "196"
                    },
                    {
                        "count": 1,
                        "vehicle_type_id": "183"
                    }
                ]
            },
            "type": "Feature"
        },
        {
            "geometry": {
                "coordinates": [
                    7.045121,
                    51.023852
                ],
                "type": "Point"
            },
            "properties": {
                "is_installed": true,
                "is_renting": true,
                "is_returning": true,
                "is_virtual_station": false,
                "last_reported": 1789246896,
                "name": "Stra\u00dfburger Stra\u00dfe",
                "num_bikes_available": 8,
                "num_docks_available": 0,
                "region_id": "607",
                "rental_uris": {
                    "android": "https://app.nextbike.net/station?id=409572557",
                    "ios": "https://app.nextbike.net/station?id=409572557",
                    "web": "https://nxtb.it/p/409572557"
                },
                "short_name": "5760",
                "station_id": "409572557",
                "vehicle_types_available": [
                    {
                        "count": 8,
                        "vehicle_type_id": "196"
                    }
                ]
            },
            "type": "Feature"
        },
        {
            "geometry": {
                "coordinates": [
                    7.066882,
                    51.036825
                ],
                "type": "Point"
            },
            "properties": {
                "is_installed": true,
                "is_renting": true,
                "is_returning": true,
                "is_virtual_station": false,
                "last_reported": 1789246896,
                "name": "Ernst-Ludwig-Kirchner-Stra\u00dfe",
                "num_bikes_available": 2,
                "num_docks_available": 0,
                "region_id": "607",
                "rental_uris": {
                    "android": "https://app.nextbike.net/station?id=409573174",
                    "ios": "https://app.nextbike.net/station?id=409573174",
                    "web": "https://nxtb.it/p/409573174"
                },
                "short_name": "5761",
                "station_id": "409573174",
                "vehicle_types_available": [
                    {
                        "count": 1,
                        "vehicle_type_id": "196"
                    },
                    {
                        "count": 1,
                        "vehicle_type_id": "183"
                    }
                ]
            },
            "type": "Feature"
        },
        {
            "geometry": {
                "coordinates": [
                    7.050617,
                    51.022116
                ],
                "type": "Point"
            },
            "properties": {
                "is_installed": true,
                "is_renting": true,
                "is_returning": true,
                "is_virtual_station": false,
                "last_reported": 1789246896,
                "name": "V\u00f6lklinger Stra\u00dfe",
                "num_bikes_available": 9,
                "num_docks_available": 0,
                "region_id": "607",
                "rental_uris": {
                    "android": "https://app.nextbike.net/station?id=409573768",
                    "ios": "https://app.nextbike.net/station?id=409573768",
                    "web": "https://nxtb.it/p/409573768"
                },
                "short_name": "5762",
                "station_id": "409573768",
                "vehicle_types_available": [
                    {
                        "count": 9,
                        "vehicle_type_id": "196"
                    }
                ]
            },
            "type": "Feature"
        },
        {
            "geometry": {
                "coordinates": [
                    7.058819,
                    51.038767
                ],
                "type": "Point"
            },
            "properties": {
                "is_installed": true,
                "is_renting": true,
                "is_returning": true,
                "is_virtual_station": false,
                "last_reported": 1789246896,
                "name": "Am Mittelberg",
                "num_bikes_available": 0,
                "num_docks_available": 0,
                "region_id": "607",
                "rental_uris": {
                    "android": "https://app.nextbike.net/station?id=409574402",
                    "ios": "https://app.nextbike.net/station?id=409574402",
                    "web": "https://nxtb.it/p/409574402"
                },
                "short_name": "5763",
                "station_id": "409574402",
                "vehicle_types_available": []
            },
            "type": "Feature"
        },
        {
            "geometry": {
                "coordinates": [
                    7.052447,
                    51.047566
                ],
                "type": "Point"
            },
            "properties": {
                "is_installed": true,
                "is_renting": true,
                "is_returning": true,
                "is_virtual_station": false,
                "last_reported": 1789246896,
                "name": "Am Eselsdamm",
                "num_bikes_available": 5,
                "num_docks_available": 0,
                "region_id": "607",
                "rental_uris": {
                    "android": "https://app.nextbike.net/station?id=409574899",
                    "ios": "https://app.nextbike.net/station?id=409574899",
                    "web": "https://nxtb.it/p/409574899"
                },
                "short_name": "5764",
                "station_id": "409574899",
                "vehicle_types_available": [
                    {
                        "count": 5,
                        "vehicle_type_id": "196"
                    }
                ]
            },
            "type": "Feature"
        },
        {
            "geometry": {
                "coordinates": [
                    7.075872,
                    51.050584
                ],
                "type": "Point"
            },
            "properties": {
                "is_installed": true,
                "is_renting": true,
                "is_returning": true,
                "is_virtual_station": false,
                "last_reported": 1789246896,
                "name": "Wilmersdorfer Stra\u00dfe",
                "num_bikes_available": 1,
                "num_docks_available": 0,
                "region_id": "607",
                "rental_uris": {
                    "android": "https://app.nextbike.net/station?id=409575561",
                    "ios": "https://app.nextbike.net/station?id=409575561",
                    "web": "https://nxtb.it/p/409575561"
                },
                "short_name": "5765",
                "station_id": "409575561",
                "vehicle_types_available": [
                    {
                        "count": 1,
                        "vehicle_type_id": "183"
                    }
                ]
            },
            "type": "Feature"
        },
        {
            "geometry": {
                "coordinates": [
                    7.057475,
                    51.054776
                ],
                "type": "Point"
            },
            "properties": {
                "is_installed": true,
                "is_renting": true,
                "is_returning": true,
                "is_virtual_station": false,
                "last_reported": 1789246896,
                "name": "Theodor-Adorno-Stra\u00dfe",
                "num_bikes_available": 0,
                "num_docks_available": 0,
                "region_id": "607",
                "rental_uris": {
                    "android": "https://app.nextbike.net/station?id=409576129",
                    "ios": "https://app.nextbike.net/station?id=409576129",
                    "web": "https://nxtb.it/p/409576129"
                },
                "short_name": "5766",
                "station_id": "409576129",
                "vehicle_types_available": []
            },
            "type": "Feature"
        },
        {
            "geometry": {
                "coordinates": [
                    6.98288,
                    51.035039
                ],
                "type": "Point"
            },
            "properties": {
                "is_installed": true,
                "is_renting": true,
                "is_returning": true,
                "is_virtual_station": false,
                "last_reported": 1789246896,
                "name": "Kaiserplatz",
                "num_bikes_available": 3,
                "num_docks_available": 0,
                "region_id": "607",
                "rental_uris": {
                    "android": "https://app.nextbike.net/station?id=409576858",
                    "ios": "https://app.nextbike.net/station?id=409576858",
                    "web": "https://nxtb.it/p/409576858"
                },
                "short_name": "5767",
                "station_id": "409576858",
                "vehicle_types_available": [
                    {
                        "count": 3,
                        "vehicle_type_id": "196"
                    }
                ]
            },
            "type": "Feature"
        },
        {
            "geometry": {
                "coordinates": [
                    6.974482,
                    51.033438
                ],
                "type": "Point"
            },
            "properties": {
                "is_installed": true,
                "is_renting": true,
                "is_returning": true,
                "is_virtual_station": false,
                "last_reported": 1789246896,
                "name": "Adolfsstra\u00dfe/Dh\u00fcnnstra\u00dfe",
                "num_bikes_available": 14,
                "num_docks_available": 0,
                "region_id": "607",
                "rental_uris": {
                    "android": "https://app.nextbike.net/station?id=409577509",
                    "ios": "https://app.nextbike.net/station?id=409577509",
                    "web": "https://nxtb.it/p/409577509"
                },
                "short_name": "5768",
                "station_id": "409577509",
                "vehicle_types_available": [
                    {
                        "count": 14,
                        "vehicle_type_id": "196"
                    }
                ]
            },
            "type": "Feature"
        },
        {
            "geometry": {
                "coordinates": [
                    6.98348,
                    51.03076
                ],
                "type": "Point"
            },
            "properties": {
                "is_installed": true,
                "is_renting": true,
                "is_returning": true,
                "is_virtual_station": false,
                "last_reported": 1789246896,
                "name": "Wiesdorf Marktplatz",
                "num_bikes_available": 0,
                "num_docks_available": 0,
                "region_id": "607",
                "rental_uris": {
                    "android": "https://app.nextbike.net/station?id=409577990",
                    "ios": "https://app.nextbike.net/station?id=409577990",
                    "web": "https://nxtb.it/p/409577990"
                },
                "short_name": "5769",
                "station_id": "409577990",
                "vehicle_types_available": []
            },
            "type": "Feature"
        },
        {
            "geometry": {
                "coordinates": [
                    6.991382,
                    51.017892
                ],
                "type": "Point"
            },
            "properties": {
                "is_installed": true,
                "is_renting": true,
                "is_returning": true,
                "is_virtual_station": false,
                "last_reported": 1789246896,
                "name": "Covestro-Zentrale",
                "num_bikes_available": 12,
                "num_docks_available": 0,
                "region_id": "607",
                "rental_uris": {
                    "android": "https://app.nextbike.net/station?id=42060748",
                    "ios": "https://app.nextbike.net/station?id=42060748",
                    "web": "https://nxtb.it/p/42060748"
                },
                "short_name": "5646",
                "station_id": "42060748",
                "vehicle_types_available": [
                    {
                        "count": 12,
                        "vehicle_type_id": "196"
                    }
                ]
            },
            "type": "Feature"
        },
        {
            "geometry": {
                "coordinates": [
                    7.001665,
                    51.068771
                ],
                "type": "Point"
            },
            "properties": {
                "is_installed": true,
                "is_renting": true,
                "is_returning": true,
                "is_virtual_station": false,
                "last_reported": 1789246896,
                "name": "Gerhart-Hauptmann-Stra\u00dfe",
                "num_bikes_available": 9,
                "num_docks_available": 0,
                "region_id": "607",
                "rental_uris": {
                    "android": "https://app.nextbike.net/station?id=44498596",
                    "ios": "https://app.nextbike.net/station?id=44498596",
                    "web": "https://nxtb.it/p/44498596"
                },
                "short_name": "5700",
                "station_id": "44498596",
                "vehicle_types_available": [
                    {
                        "count": 9,
                        "vehicle_type_id": "196"
                    }
                ]
            },
            "type": "Feature"
        },
        {
            "geometry": {
                "coordinates": [
                    7.053821,
                    51.025985
                ],
                "type": "Point"
            },
            "properties": {
                "is_installed": true,
                "is_renting": true,
                "is_returning": true,
                "is_virtual_station": false,
                "last_reported": 1789246896,
                "name": "Am M\u00e4rchen",
                "num_bikes_available": 6,
                "num_docks_available": 0,
                "region_id": "607",
                "rental_uris": {
                    "android": "https://app.nextbike.net/station?id=44499302",
                    "ios": "https://app.nextbike.net/station?id=44499302",
                    "web": "https://nxtb.it/p/44499302"
                },
                "short_name": "5701",
                "station_id": "44499302",
                "vehicle_types_available": [
                    {
                        "count": 6,
                        "vehicle_type_id": "196"
                    }
                ]
            },
            "type": "Feature"
        },
        {
            "geometry": {
                "coordinates": [
                    7.037124,
                    51.025382
                ],
                "type": "Point"
            },
            "properties": {
                "is_installed": true,
                "is_renting": true,
                "is_returning": true,
                "is_virtual_station": false,
                "last_reported": 1789246896,
                "name": "D\u00fcnenweg",
                "num_bikes_available": 8,
                "num_docks_available": 0,
                "region_id": "607",
                "rental_uris": {
                    "android": "https://app.nextbike.net/station?id=44499437",
                    "ios": "https://app.nextbike.net/station?id=44499437",
                    "web": "https://nxtb.it/p/44499437"
                },
                "short_name": "5702",
                "station_id": "44499437",
                "vehicle_types_available": [
                    {
                        "count": 8,
                        "vehicle_type_id": "196"
                    }
                ]
            },
            "type": "Feature"
        },
        {
            "geometry": {
                "coordinates": [
                    7.056592,
                    51.072967
                ],
                "type": "Point"
            },
            "properties": {
                "is_installed": true,
                "is_renting": true,
                "is_returning": true,
                "is_virtual_station": false,
                "last_reported": 1789246896,
                "name": "Sch\u00f6ne Aussicht",
                "num_bikes_available": 1,
                "num_docks_available": 0,
                "region_id": "607",
                "rental_uris": {
                    "android": "https://app.nextbike.net/station?id=44499510",
                    "ios": "https://app.nextbike.net/station?id=44499510",
                    "web": "https://nxtb.it/p/44499510"
                },
                "short_name": "5703",
                "station_id": "44499510",
                "vehicle_types_available": [
                    {
                        "count": 1,
                        "vehicle_type_id": "196"
                    },
                    {
                        "count": 1,
                        "vehicle_type_id": "183"
                    }
                ]
            },
            "type": "Feature"
        },
        {
            "geometry": {
                "coordinates": [
                    6.956931,
                    51.063953
                ],
                "type": "Point"
            },
            "properties": {
                "is_installed": true,
                "is_renting": true,
                "is_returning": true,
                "is_virtual_station": false,
                "last_reported": 1789246896,
                "name": "K\u00f6nigsberger Platz",
                "num_bikes_available": 8,
                "num_docks_available": 0,
                "region_id": "607",
                "rental_uris": {
                    "android": "https://app.nextbike.net/station?id=44499625",
                    "ios": "https://app.nextbike.net/station?id=44499625",
                    "web": "https://nxtb.it/p/44499625"
                },
                "short_name": "5704",
                "station_id": "44499625",
                "vehicle_types_available": [
                    {
                        "count": 8,
                        "vehicle_type_id": "196"
                    }
                ]
            },
            "type": "Feature"
        },
        {
            "geometry": {
                "coordinates": [
                    7.07114,
                    51.042109
                ],
                "type": "Point"
            },
            "properties": {
                "is_installed": true,
                "is_renting": true,
                "is_returning": true,
                "is_virtual_station": false,
                "last_reported": 1789246896,
                "name": "Vincent-van-Gogh-Stra\u00dfe",
                "num_bikes_available": 1,
                "num_docks_available": 0,
                "region_id": "607",
                "rental_uris": {
                    "android": "https://app.nextbike.net/station?id=44499734",
                    "ios": "https://app.nextbike.net/station?id=44499734",
                    "web": "https://nxtb.it/p/44499734"
                },
                "short_name": "5705",
                "station_id": "44499734",
                "vehicle_types_available": [
                    {
                        "count": 1,
                        "vehicle_type_id": "183"
                    }
                ]
            },
            "type": "Feature"
        },
        {
            "geometry": {
                "coordinates": [
                    7.072824,
                    51.057807
                ],
                "type": "Point"
            },
            "properties": {
                "is_installed": true,
                "is_renting": true,
                "is_returning": true,
                "is_virtual_station": false,
                "last_reported": 1789246896,
                "name": "Fichtestra\u00dfe",
                "num_bikes_available": 1,
                "num_docks_available": 0,
                "region_id": "607",
                "rental_uris": {
                    "android": "https://app.nextbike.net/station?id=44499837",
                    "ios": "https://app.nextbike.net/station?id=44499837",
                    "web": "https://nxtb.it/p/44499837"
                },
                "short_name": "5706",
                "station_id": "44499837",
                "vehicle_types_available": [
                    {
                        "count": 1,
                        "vehicle_type_id": "196"
                    }
                ]
            },
            "type": "Feature"
        },
        {
            "geometry": {
                "coordinates": [
                    7.059966,
                    51.048176
                ],
                "type": "Point"
            },
            "properties": {
                "is_installed": true,
                "is_renting": true,
                "is_returning": true,
                "is_virtual_station": false,
                "last_reported": 1789246896,
                "name": "Kurt-Schumacher-Ring",
                "num_bikes_available": 3,
                "num_docks_available": 0,
                "region_id": "607",
                "rental_uris": {
                    "android": "https://app.nextbike.net/station?id=44499913",
                    "ios": "https://app.nextbike.net/station?id=44499913",
                    "web": "https://nxtb.it/p/44499913"
                },
                "short_name": "5707",
                "station_id": "44499913",
                "vehicle_types_available": [
                    {
                        "count": 2,
                        "vehicle_type_id": "196"
                    },
                    {
                        "count": 2,
                        "vehicle_type_id": "183"
                    }
                ]
            },
            "type": "Feature"
        },
        {
            "geometry": {
                "coordinates": [
                    7.054655,
                    51.091842
                ],
                "type": "Point"
            },
            "properties": {
                "is_installed": true,
                "is_renting": true,
                "is_returning": true,
                "is_virtual_station": false,
                "last_reported": 1789246896,
                "name": "Muhrgasse",
                "num_bikes_available": 1,
                "num_docks_available": 0,
                "region_id": "607",
                "rental_uris": {
                    "android": "https://app.nextbike.net/station?id=44500076",
                    "ios": "https://app.nextbike.net/station?id=44500076",
                    "web": "https://nxtb.it/p/44500076"
                },
                "short_name": "5708",
                "station_id": "44500076",
                "vehicle_types_available": [
                    {
                        "count": 1,
                        "vehicle_type_id": "183"
                    }
                ]
            },
            "type": "Feature"
        },
        {
            "geometry": {
                "coordinates": [
                    7.013928,
                    51.074429
                ],
                "type": "Point"
            },
            "properties": {
                "is_installed": true,
                "is_renting": true,
                "is_returning": true,
                "is_virtual_station": false,
                "last_reported": 1789246896,
                "name": "Elsbachstra\u00dfe/Imbacher Weg",
                "num_bikes_available": 1,
                "num_docks_available": 0,
                "region_id": "607",
                "rental_uris": {
                    "android": "https://app.nextbike.net/station?id=44500225",
                    "ios": "https://app.nextbike.net/station?id=44500225",
                    "web": "https://nxtb.it/p/44500225"
                },
                "short_name": "5709",
                "station_id": "44500225",
                "vehicle_types_available": [
                    {
                        "count": 1,
                        "vehicle_type_id": "196"
                    }
                ]
            },
            "type": "Feature"
        },
        {
            "geometry": {
                "coordinates": [
                    7.037057,
                    51.063286
                ],
                "type": "Point"
            },
            "properties": {
                "is_installed": true,
                "is_renting": true,
                "is_returning": true,
                "is_virtual_station": false,
                "last_reported": 1789246896,
                "name": "In der Dasladen",
                "num_bikes_available": 1,
                "num_docks_available": 0,
                "region_id": "607",
                "rental_uris": {
                    "android": "https://app.nextbike.net/station?id=44500300",
                    "ios": "https://app.nextbike.net/station?id=44500300",
                    "web": "https://nxtb.it/p/44500300"
                },
                "short_name": "5640",
                "station_id": "44500300",
                "vehicle_types_available": [
                    {
                        "count": 1,
                        "vehicle_type_id": "196"
                    }
                ]
            },
            "type": "Feature"
        },
        {
            "geometry": {
                "coordinates": [
                    7.005374,
                    51.029653
                ],
                "type": "Point"
            },
            "properties": {
                "is_installed": true,
                "is_renting": true,
                "is_returning": true,
                "is_virtual_station": false,
                "last_reported": 1789246896,
                "name": "Friedhof Manfort",
                "num_bikes_available": 18,
                "num_docks_available": 0,
                "region_id": "607",
                "rental_uris": {
                    "android": "https://app.nextbike.net/station?id=44500487",
                    "ios": "https://app.nextbike.net/station?id=44500487",
                    "web": "https://nxtb.it/p/44500487"
                },
                "short_name": "5642",
                "station_id": "44500487",
                "vehicle_types_available": [
                    {
                        "count": 16,
                        "vehicle_type_id": "196"
                    },
                    {
                        "count": 1,
                        "vehicle_type_id": "183"
                    },
                    {
                        "count": 1,
                        "vehicle_type_id": "364"
                    }
                ]
            },
            "type": "Feature"
        },
        {
            "geometry": {
                "coordinates": [
                    6.930095,
                    51.07062
                ],
                "type": "Point"
            },
            "properties": {
                "is_installed": true,
                "is_renting": true,
                "is_returning": true,
                "is_virtual_station": false,
                "last_reported": 1789246896,
                "name": "Hitdorfer See",
                "num_bikes_available": 5,
                "num_docks_available": 0,
                "region_id": "607",
                "rental_uris": {
                    "android": "https://app.nextbike.net/station?id=449442524",
                    "ios": "https://app.nextbike.net/station?id=449442524",
                    "web": "https://nxtb.it/p/449442524"
                },
                "short_name": "5771",
                "station_id": "449442524",
                "vehicle_types_available": [
                    {
                        "count": 4,
                        "vehicle_type_id": "196"
                    },
                    {
                        "count": 1,
                        "vehicle_type_id": "183"
                    }
                ]
            },
            "type": "Feature"
        },
        {
            "geometry": {
                "coordinates": [
                    7.007491,
                    51.032677
                ],
                "type": "Point"
            },
            "properties": {
                "is_installed": true,
                "is_renting": true,
                "is_returning": true,
                "is_virtual_station": false,
                "last_reported": 1789246896,
                "name": "Konrad-Adenauer-Platz",
                "num_bikes_available": 7,
                "num_docks_available": 0,
                "region_id": "607",
                "rental_uris": {
                    "android": "https://app.nextbike.net/station?id=46562768",
                    "ios": "https://app.nextbike.net/station?id=46562768",
                    "web": "https://nxtb.it/p/46562768"
                },
                "short_name": "5710",
                "station_id": "46562768",
                "vehicle_types_available": [
                    {
                        "count": 7,
                        "vehicle_type_id": "196"
                    }
                ]
            },
            "type": "Feature"
        },
        {
            "geometry": {
                "coordinates": [
                    7.030729,
                    51.041649
                ],
                "type": "Point"
            },
            "properties": {
                "is_installed": true,
                "is_renting": true,
                "is_returning": true,
                "is_virtual_station": false,
                "last_reported": 1789246896,
                "name": "Graf-Galen-Platz",
                "num_bikes_available": 19,
                "num_docks_available": 0,
                "region_id": "607",
                "rental_uris": {
                    "android": "https://app.nextbike.net/station?id=519923256",
                    "ios": "https://app.nextbike.net/station?id=519923256",
                    "web": "https://nxtb.it/p/519923256"
                },
                "short_name": "5772",
                "station_id": "519923256",
                "vehicle_types_available": [
                    {
                        "count": 18,
                        "vehicle_type_id": "196"
                    },
                    {
                        "count": 1,
                        "vehicle_type_id": "183"
                    }
                ]
            },
            "type": "Feature"
        },
        {
            "geometry": {
                "coordinates": [
                    6.924943,
                    51.058143
                ],
                "type": "Point"
            },
            "properties": {
                "is_installed": true,
                "is_renting": true,
                "is_returning": true,
                "is_virtual_station": false,
                "last_reported": 1789246896,
                "name": "Gr\u00fcnstra\u00dfe",
                "num_bikes_available": 5,
                "num_docks_available": 0,
                "region_id": "607",
                "rental_uris": {
                    "android": "https://app.nextbike.net/station?id=519923795",
                    "ios": "https://app.nextbike.net/station?id=519923795",
                    "web": "https://nxtb.it/p/519923795"
                },
                "short_name": "5773",
                "station_id": "519923795",
                "vehicle_types_available": [
                    {
                        "count": 5,
                        "vehicle_type_id": "196"
                    }
                ]
            },
            "type": "Feature"
        },
        {
            "geometry": {
                "coordinates": [
                    6.995677,
                    51.046012
                ],
                "type": "Point"
            },
            "properties": {
                "is_installed": true,
                "is_renting": true,
                "is_returning": true,
                "is_virtual_station": false,
                "last_reported": 1789246896,
                "name": "K\u00fcppersteger Stra\u00dfe (Bismarckstra\u00dfe)",
                "num_bikes_available": 5,
                "num_docks_available": 0,
                "region_id": "607",
                "rental_uris": {
                    "android": "https://app.nextbike.net/station?id=519924415",
                    "ios": "https://app.nextbike.net/station?id=519924415",
                    "web": "https://nxtb.it/p/519924415"
                },
                "short_name": "5774",
                "station_id": "519924415",
                "vehicle_types_available": [
                    {
                        "count": 5,
                        "vehicle_type_id": "196"
                    }
                ]
            },
            "type": "Feature"
        },
        {
            "geometry": {
                "coordinates": [
                    7.05901,
                    51.061363
                ],
                "type": "Point"
            },
            "properties": {
                "is_installed": true,
                "is_renting": true,
                "is_returning": true,
                "is_virtual_station": false,
                "last_reported": 1789246896,
                "name": "Hufer Weg",
                "num_bikes_available": 0,
                "num_docks_available": 0,
                "region_id": "607",
                "rental_uris": {
                    "android": "https://app.nextbike.net/station?id=519924623",
                    "ios": "https://app.nextbike.net/station?id=519924623",
                    "web": "https://nxtb.it/p/519924623"
                },
                "short_name": "5775",
                "station_id": "519924623",
                "vehicle_types_available": []
            },
            "type": "Feature"
        },
        {
            "geometry": {
                "coordinates": [
                    7.017427,
                    51.036669
                ],
                "type": "Point"
            },
            "properties": {
                "is_installed": true,
                "is_renting": true,
                "is_returning": true,
                "is_virtual_station": false,
                "last_reported": 1789246896,
                "name": "Innovationspark",
                "num_bikes_available": 6,
                "num_docks_available": 0,
                "region_id": "607",
                "rental_uris": {
                    "android": "https://app.nextbike.net/station?id=519925036",
                    "ios": "https://app.nextbike.net/station?id=519925036",
                    "web": "https://nxtb.it/p/519925036"
                },
                "short_name": "5776",
                "station_id": "519925036",
                "vehicle_types_available": [
                    {
                        "count": 6,
                        "vehicle_type_id": "196"
                    }
                ]
            },
            "type": "Feature"
        },
        {
            "geometry": {
                "coordinates": [
                    6.991282,
                    51.064818
                ],
                "type": "Point"
            },
            "properties": {
                "is_installed": true,
                "is_renting": true,
                "is_returning": true,
                "is_virtual_station": false,
                "last_reported": 1789246896,
                "name": "An der Luisenburg",
                "num_bikes_available": 9,
                "num_docks_available": 0,
                "region_id": "607",
                "rental_uris": {
                    "android": "https://app.nextbike.net/station?id=519925345",
                    "ios": "https://app.nextbike.net/station?id=519925345",
                    "web": "https://nxtb.it/p/519925345"
                },
                "short_name": "5777",
                "station_id": "519925345",
                "vehicle_types_available": [
                    {
                        "count": 9,
                        "vehicle_type_id": "196"
                    }
                ]
            },
            "type": "Feature"
        },
        {
            "geometry": {
                "coordinates": [
                    6.995133,
                    51.079362
                ],
                "type": "Point"
            },
            "properties": {
                "is_installed": true,
                "is_renting": true,
                "is_returning": true,
                "is_virtual_station": false,
                "last_reported": 1789246896,
                "name": "Ulrichstra\u00dfe",
                "num_bikes_available": 5,
                "num_docks_available": 0,
                "region_id": "607",
                "rental_uris": {
                    "android": "https://app.nextbike.net/station?id=519925571",
                    "ios": "https://app.nextbike.net/station?id=519925571",
                    "web": "https://nxtb.it/p/519925571"
                },
                "short_name": "5778",
                "station_id": "519925571",
                "vehicle_types_available": [
                    {
                        "count": 4,
                        "vehicle_type_id": "196"
                    },
                    {
                        "count": 1,
                        "vehicle_type_id": "183"
                    }
                ]
            },
            "type": "Feature"
        },
        {
            "geometry": {
                "coordinates": [
                    7.04553,
                    51.064032
                ],
                "type": "Point"
            },
            "properties": {
                "is_installed": true,
                "is_renting": true,
                "is_returning": true,
                "is_virtual_station": false,
                "last_reported": 1789246896,
                "name": "In Holzhausen (L\u00fctzenkirchener Stra\u00dfe)",
                "num_bikes_available": 4,
                "num_docks_available": 0,
                "region_id": "607",
                "rental_uris": {
                    "android": "https://app.nextbike.net/station?id=519926090",
                    "ios": "https://app.nextbike.net/station?id=519926090",
                    "web": "https://nxtb.it/p/519926090"
                },
                "short_name": "5779",
                "station_id": "519926090",
                "vehicle_types_available": [
                    {
                        "count": 4,
                        "vehicle_type_id": "196"
                    }
                ]
            },
            "type": "Feature"
        },
        {
            "geometry": {
                "coordinates": [
                    7.027733,
                    51.061509
                ],
                "type": "Point"
            },
            "properties": {
                "is_installed": true,
                "is_renting": true,
                "is_returning": true,
                "is_virtual_station": false,
                "last_reported": 1789246896,
                "name": "Jakobistra\u00dfe",
                "num_bikes_available": 3,
                "num_docks_available": 0,
                "region_id": "607",
                "rental_uris": {
                    "android": "https://app.nextbike.net/station?id=519926304",
                    "ios": "https://app.nextbike.net/station?id=519926304",
                    "web": "https://nxtb.it/p/519926304"
                },
                "short_name": "5780",
                "station_id": "519926304",
                "vehicle_types_available": [
                    {
                        "count": 3,
                        "vehicle_type_id": "196"
                    }
                ]
            },
            "type": "Feature"
        },
        {
            "geometry": {
                "coordinates": [
                    7.030743,
                    51.065893
                ],
                "type": "Point"
            },
            "properties": {
                "is_installed": true,
                "is_renting": true,
                "is_returning": true,
                "is_virtual_station": false,
                "last_reported": 1789246896,
                "name": "Maashofstra\u00dfe",
                "num_bikes_available": 5,
                "num_docks_available": 0,
                "region_id": "607",
                "rental_uris": {
                    "android": "https://app.nextbike.net/station?id=519926744",
                    "ios": "https://app.nextbike.net/station?id=519926744",
                    "web": "https://nxtb.it/p/519926744"
                },
                "short_name": "5781",
                "station_id": "519926744",
                "vehicle_types_available": [
                    {
                        "count": 4,
                        "vehicle_type_id": "196"
                    },
                    {
                        "count": 1,
                        "vehicle_type_id": "183"
                    }
                ]
            },
            "type": "Feature"
        },
        {
            "geometry": {
                "coordinates": [
                    6.94227,
                    51.05042
                ],
                "type": "Point"
            },
            "properties": {
                "is_installed": true,
                "is_renting": true,
                "is_returning": true,
                "is_virtual_station": false,
                "last_reported": 1789246896,
                "name": "Unterstra\u00dfe",
                "num_bikes_available": 4,
                "num_docks_available": 0,
                "region_id": "607",
                "rental_uris": {
                    "android": "https://app.nextbike.net/station?id=519927185",
                    "ios": "https://app.nextbike.net/station?id=519927185",
                    "web": "https://nxtb.it/p/519927185"
                },
                "short_name": "5782",
                "station_id": "519927185",
                "vehicle_types_available": [
                    {
                        "count": 4,
                        "vehicle_type_id": "196"
                    }
                ]
            },
            "type": "Feature"
        },
        {
            "geometry": {
                "coordinates": [
                    7.043745,
                    51.039403
                ],
                "type": "Point"
            },
            "properties": {
                "is_installed": true,
                "is_renting": true,
                "is_returning": true,
                "is_virtual_station": false,
                "last_reported": 1789246896,
                "name": "Albertus-Magnus-Stra\u00dfe",
                "num_bikes_available": 8,
                "num_docks_available": 0,
                "region_id": "607",
                "rental_uris": {
                    "android": "https://app.nextbike.net/station?id=519927366",
                    "ios": "https://app.nextbike.net/station?id=519927366",
                    "web": "https://nxtb.it/p/519927366"
                },
                "short_name": "5783",
                "station_id": "519927366",
                "vehicle_types_available": [
                    {
                        "count": 8,
                        "vehicle_type_id": "196"
                    }
                ]
            },
            "type": "Feature"
        },
        {
            "geometry": {
                "coordinates": [
                    7.044803,
                    51.043111
                ],
                "type": "Point"
            },
            "properties": {
                "is_installed": true,
                "is_renting": true,
                "is_returning": true,
                "is_virtual_station": false,
                "last_reported": 1789246896,
                "name": "Ligusterweg",
                "num_bikes_available": 9,
                "num_docks_available": 0,
                "region_id": "607",
                "rental_uris": {
                    "android": "https://app.nextbike.net/station?id=519927598",
                    "ios": "https://app.nextbike.net/station?id=519927598",
                    "web": "https://nxtb.it/p/519927598"
                },
                "short_name": "5784",
                "station_id": "519927598",
                "vehicle_types_available": [
                    {
                        "count": 8,
                        "vehicle_type_id": "196"
                    },
                    {
                        "count": 1,
                        "vehicle_type_id": "183"
                    }
                ]
            },
            "type": "Feature"
        },
        {
            "geometry": {
                "coordinates": [
                    7.040039,
                    51.035335
                ],
                "type": "Point"
            },
            "properties": {
                "is_installed": true,
                "is_renting": true,
                "is_returning": true,
                "is_virtual_station": false,
                "last_reported": 1789246896,
                "name": "Morsbroicher Stra\u00dfe",
                "num_bikes_available": 3,
                "num_docks_available": 0,
                "region_id": "607",
                "rental_uris": {
                    "android": "https://app.nextbike.net/station?id=519929059",
                    "ios": "https://app.nextbike.net/station?id=519929059",
                    "web": "https://nxtb.it/p/519929059"
                },
                "short_name": "5641",
                "station_id": "519929059",
                "vehicle_types_available": [
                    {
                        "count": 2,
                        "vehicle_type_id": "196"
                    },
                    {
                        "count": 1,
                        "vehicle_type_id": "183"
                    }
                ]
            },
            "type": "Feature"
        },
        {
            "geometry": {
                "coordinates": [
                    7.083274,
                    51.048104
                ],
                "type": "Point"
            },
            "properties": {
                "is_installed": true,
                "is_renting": true,
                "is_returning": true,
                "is_virtual_station": false,
                "last_reported": 1789246896,
                "name": "Meckhofer Feld",
                "num_bikes_available": 0,
                "num_docks_available": 0,
                "region_id": "607",
                "rental_uris": {
                    "android": "https://app.nextbike.net/station?id=519929302",
                    "ios": "https://app.nextbike.net/station?id=519929302",
                    "web": "https://nxtb.it/p/519929302"
                },
                "short_name": "5645",
                "station_id": "519929302",
                "vehicle_types_available": []
            },
            "type": "Feature"
        },
        {
            "geometry": {
                "coordinates": [
                    7.086849,
                    51.05936
                ],
                "type": "Point"
            },
            "properties": {
                "is_installed": true,
                "is_renting": true,
                "is_returning": true,
                "is_virtual_station": false,
                "last_reported": 1789246896,
                "name": "Ropenstall",
                "num_bikes_available": 5,
                "num_docks_available": 0,
                "region_id": "607",
                "rental_uris": {
                    "android": "https://app.nextbike.net/station?id=519929623",
                    "ios": "https://app.nextbike.net/station?id=519929623",
                    "web": "https://nxtb.it/p/519929623"
                },
                "short_name": "5647",
                "station_id": "519929623",
                "vehicle_types_available": [
                    {
                        "count": 5,
                        "vehicle_type_id": "196"
                    }
                ]
            },
            "type": "Feature"
        },
        {
            "geometry": {
                "coordinates": [
                    6.999304,
                    51.023188
                ],
                "type": "Point"
            },
            "properties": {
                "is_installed": true,
                "is_renting": true,
                "is_returning": true,
                "is_virtual_station": false,
                "last_reported": 1789246896,
                "name": "Heymannstra\u00dfe",
                "num_bikes_available": 6,
                "num_docks_available": 0,
                "region_id": "607",
                "rental_uris": {
                    "android": "https://app.nextbike.net/station?id=519929911",
                    "ios": "https://app.nextbike.net/station?id=519929911",
                    "web": "https://nxtb.it/p/519929911"
                },
                "short_name": "5655",
                "station_id": "519929911",
                "vehicle_types_available": [
                    {
                        "count": 6,
                        "vehicle_type_id": "196"
                    }
                ]
            },
            "type": "Feature"
        },
        {
            "geometry": {
                "coordinates": [
                    6.995216,
                    51.028264
                ],
                "type": "Point"
            },
            "properties": {
                "is_installed": true,
                "is_renting": true,
                "is_returning": true,
                "is_virtual_station": false,
                "last_reported": 1789246896,
                "name": "K\u00f6rnerstra\u00dfe",
                "num_bikes_available": 3,
                "num_docks_available": 0,
                "region_id": "607",
                "rental_uris": {
                    "android": "https://app.nextbike.net/station?id=519930160",
                    "ios": "https://app.nextbike.net/station?id=519930160",
                    "web": "https://nxtb.it/p/519930160"
                },
                "short_name": "5656",
                "station_id": "519930160",
                "vehicle_types_available": [
                    {
                        "count": 3,
                        "vehicle_type_id": "196"
                    }
                ]
            },
            "type": "Feature"
        },
        {
            "geometry": {
                "coordinates": [
                    6.997114,
                    51.046674
                ],
                "type": "Point"
            },
            "properties": {
                "is_installed": true,
                "is_renting": true,
                "is_returning": true,
                "is_virtual_station": false,
                "last_reported": 1789246896,
                "name": "K\u00fcppersteg (Vonovia)",
                "num_bikes_available": 1,
                "num_docks_available": 0,
                "region_id": "607",
                "rental_uris": {
                    "android": "https://app.nextbike.net/station?id=540150385",
                    "ios": "https://app.nextbike.net/station?id=540150385",
                    "web": "https://nxtb.it/p/540150385"
                },
                "short_name": "5795",
                "station_id": "540150385",
                "vehicle_types_available": [
                    {
                        "count": 1,
                        "vehicle_type_id": "365"
                    }
                ]
            },
            "type": "Feature"
        },
        {
            "geometry": {
                "coordinates": [
                    6.99011,
                    51.031939
                ],
                "type": "Point"
            },
            "properties": {
                "capacity": 5,
                "is_installed": true,
                "is_renting": true,
                "is_returning": true,
                "is_virtual_station": false,
                "last_reported": 1789246896,
                "name": "Leverkusen Mitte (E-Station DLS)",
                "num_bikes_available": 1,
                "num_docks_available": 5,
                "region_id": "607",
                "rental_uris": {
                    "android": "https://app.nextbike.net/station?id=54420164",
                    "ios": "https://app.nextbike.net/station?id=54420164",
                    "web": "https://nxtb.it/p/54420164"
                },
                "short_name": "5683",
                "station_id": "54420164",
                "vehicle_types_available": [
                    {
                        "count": 1,
                        "vehicle_type_id": "196"
                    }
                ]
            },
            "type": "Feature"
        },
        {
            "geometry": {
                "coordinates": [
                    7.052085,
                    51.035852
                ],
                "type": "Point"
            },
            "properties": {
                "capacity": 5,
                "is_installed": true,
                "is_renting": true,
                "is_returning": true,
                "is_virtual_station": false,
                "last_reported": 1789246896,
                "name": "Schlebusch Post (E-Station DLS)",
                "num_bikes_available": 6,
                "num_docks_available": 0,
                "region_id": "607",
                "rental_uris": {
                    "android": "https://app.nextbike.net/station?id=54657208",
                    "ios": "https://app.nextbike.net/station?id=54657208",
                    "web": "https://nxtb.it/p/54657208"
                },
                "short_name": "5688",
                "station_id": "54657208",
                "vehicle_types_available": [
                    {
                        "count": 6,
                        "vehicle_type_id": "196"
                    }
                ]
            },
            "type": "Feature"
        },
        {
            "geometry": {
                "coordinates": [
                    7.006482,
                    51.066667
                ],
                "type": "Point"
            },
            "properties": {
                "capacity": 5,
                "is_installed": true,
                "is_renting": true,
                "is_returning": true,
                "is_virtual_station": false,
                "last_reported": 1789246896,
                "name": "Opladen Busbahnhof (E-Station DLS)",
                "num_bikes_available": 22,
                "num_docks_available": 0,
                "region_id": "607",
                "rental_uris": {
                    "android": "https://app.nextbike.net/station?id=54657965",
                    "ios": "https://app.nextbike.net/station?id=54657965",
                    "web": "https://nxtb.it/p/54657965"
                },
                "short_name": "5661",
                "station_id": "54657965",
                "vehicle_types_available": [
                    {
                        "count": 22,
                        "vehicle_type_id": "196"
                    }
                ]
            },
            "type": "Feature"
        },
        {
            "geometry": {
                "coordinates": [
                    7.017603,
                    51.039835
                ],
                "type": "Point"
            },
            "properties": {
                "is_installed": true,
                "is_renting": true,
                "is_returning": true,
                "is_virtual_station": false,
                "last_reported": 1789246896,
                "name": "Friedrich-Sert\u00fcrner-Stra\u00dfe",
                "num_bikes_available": 6,
                "num_docks_available": 0,
                "region_id": "607",
                "rental_uris": {
                    "android": "https://app.nextbike.net/station?id=563244825",
                    "ios": "https://app.nextbike.net/station?id=563244825",
                    "web": "https://nxtb.it/p/563244825"
                },
                "short_name": "5741",
                "station_id": "563244825",
                "vehicle_types_available": [
                    {
                        "count": 6,
                        "vehicle_type_id": "196"
                    }
                ]
            },
            "type": "Feature"
        },
        {
            "geometry": {
                "coordinates": [
                    7.007223,
                    51.017789
                ],
                "type": "Point"
            },
            "properties": {
                "is_installed": true,
                "is_renting": true,
                "is_returning": true,
                "is_virtual_station": false,
                "last_reported": 1789246896,
                "name": "RTHC Bayer Leverkusen e.V.",
                "num_bikes_available": 0,
                "num_docks_available": 0,
                "region_id": "607",
                "rental_uris": {
                    "android": "https://app.nextbike.net/station?id=582059505",
                    "ios": "https://app.nextbike.net/station?id=582059505",
                    "web": "https://nxtb.it/p/582059505"
                },
                "short_name": "5785",
                "station_id": "582059505",
                "vehicle_types_available": []
            },
            "type": "Feature"
        },
        {
            "geometry": {
                "coordinates": [
                    6.945311,
                    51.056601
                ],
                "type": "Point"
            },
            "properties": {
                "is_installed": true,
                "is_renting": true,
                "is_returning": true,
                "is_virtual_station": false,
                "last_reported": 1789246896,
                "name": "Heinrich-B\u00f6ll-Stra\u00dfe",
                "num_bikes_available": 2,
                "num_docks_available": 0,
                "region_id": "607",
                "rental_uris": {
                    "android": "https://app.nextbike.net/station?id=598236380",
                    "ios": "https://app.nextbike.net/station?id=598236380",
                    "web": "https://nxtb.it/p/598236380"
                },
                "short_name": "5786",
                "station_id": "598236380",
                "vehicle_types_available": [
                    {
                        "count": 1,
                        "vehicle_type_id": "196"
                    },
                    {
                        "count": 1,
                        "vehicle_type_id": "183"
                    }
                ]
            },
            "type": "Feature"
        },
        {
            "geometry": {
                "coordinates": [
                    7.019188,
                    51.070494
                ],
                "type": "Point"
            },
            "properties": {
                "is_installed": true,
                "is_renting": true,
                "is_returning": true,
                "is_virtual_station": false,
                "last_reported": 1789246896,
                "name": "Freibad Wiembachtal",
                "num_bikes_available": 4,
                "num_docks_available": 0,
                "region_id": "607",
                "rental_uris": {
                    "android": "https://app.nextbike.net/station?id=87608604",
                    "ios": "https://app.nextbike.net/station?id=87608604",
                    "web": "https://nxtb.it/p/87608604"
                },
                "short_name": "5643",
                "station_id": "87608604",
                "vehicle_types_available": [
                    {
                        "count": 4,
                        "vehicle_type_id": "196"
                    }
                ]
            },
            "type": "Feature"
        },
        {
            "geometry": {
                "coordinates": [
                    6.993036,
                    51.031523
                ],
                "type": "Point"
            },
            "properties": {
                "is_installed": true,
                "is_renting": true,
                "is_returning": true,
                "is_virtual_station": false,
                "last_reported": 1789246896,
                "name": "Hindenburgpark",
                "num_bikes_available": 9,
                "num_docks_available": 0,
                "region_id": "607",
                "rental_uris": {
                    "android": "https://app.nextbike.net/station?id=91217025",
                    "ios": "https://app.nextbike.net/station?id=91217025",
                    "web": "https://nxtb.it/p/91217025"
                },
                "short_name": "5697",
                "station_id": "91217025",
                "vehicle_types_available": [
                    {
                        "count": 9,
                        "vehicle_type_id": "196"
                    }
                ]
            },
            "type": "Feature"
        },
        {
            "geometry": {
                "coordinates": [
                    7.015669,
                    51.061955
                ],
                "type": "Point"
            },
            "properties": {
                "capacity": 5,
                "is_installed": true,
                "is_renting": true,
                "is_returning": true,
                "is_virtual_station": false,
                "last_reported": 1789246896,
                "name": "Mobilstation Neue Bahnstadt (E-Station DLS)",
                "num_bikes_available": 3,
                "num_docks_available": 2,
                "region_id": "607",
                "rental_uris": {
                    "android": "https://app.nextbike.net/station?id=99977331",
                    "ios": "https://app.nextbike.net/station?id=99977331",
                    "web": "https://nxtb.it/p/99977331"
                },
                "short_name": "5712",
                "station_id": "99977331",
                "vehicle_types_available": [
                    {
                        "count": 1,
                        "vehicle_type_id": "196"
                    },
                    {
                        "count": 2,
                        "vehicle_type_id": "183"
                    }
                ]
            },
            "type": "Feature"
        }
    ],
    "gbfs": {
        "station_information": {
            "last_updated": 1789246896,
            "ttl": 60,
            "version": "2.3"
        },
        "station_status": {
            "last_updated": 1789246896,
            "ttl": 60,
            "version": "2.3"
        }
    },
    "type": "FeatureCollection"
}