{
    "features": [
        {
            "geometry": {
                "coordinates": [
                    6.137526,
                    49.598211
                ],
                "type": "Point"
            },
            "properties": {
                "address": "LEON XIII-RUE DE BONNEVOIE ( DEVANT N\u00b0 103 )",
                "available_bike_stands": 1,
                "available_bikes": 11,
                "banking": false,
                "bike_stands": 20,
                "bonus": false,
                "contract_name": "luxembourg",
                "last_update": 1789254680000,
                "name": "#00001-LEON XIII",
                "number": 1,
                "status": "OPEN"
            },
            "type": "Feature"
        },
        {
            "geometry": {
                "coordinates": [
                    6.133744,
                    49.601051
                ],
                "type": "Point"
            },
            "properties": {
                "address": "GARE CENTRALE 2 - PLACE DE LA GARE N\u00b03-5",
                "available_bike_stands": 1,
                "available_bikes": 14,
                "banking": false,
                "bike_stands": 21,
                "bonus": false,
                "contract_name": "luxembourg",
                "last_update": 1789254726000,
                "name": "#00002-GARE CENTRALE 2",
                "number": 2,
                "status": "OPEN"
            },
            "type": "Feature"
        },
        {
            "geometry": {
                "coordinates": [
                    6.129234,
                    49.600415
                ],
                "type": "Point"
            },
            "properties": {
                "address": "17 Rue du Commerce ,Face 19",
                "available_bike_stands": 0,
                "available_bikes": 16,
                "banking": false,
                "bike_stands": 20,
                "bonus": false,
                "contract_name": "luxembourg",
                "last_update": 1789254742000,
                "name": "#00003-STROOSSBUERGER PLAZ",
                "number": 3,
                "status": "OPEN"
            },
            "type": "Feature"
        },
        {
            "geometry": {
                "coordinates": [
                    6.136083,
                    49.602989
                ],
                "type": "Point"
            },
            "properties": {
                "address": "ROCADE-RUE DU LABORATOIRE ( DEVANT VDL )",
                "available_bike_stands": 20,
                "available_bikes": 2,
                "banking": false,
                "bike_stands": 25,
                "bonus": false,
                "contract_name": "luxembourg",
                "last_update": 1789254532000,
                "name": "#00004-ROCADE",
                "number": 4,
                "status": "OPEN"
            },
            "type": "Feature"
        },
        {
            "geometry": {
                "coordinates": [
                    6.130189,
                    49.603694
                ],
                "type": "Point"
            },
            "properties": {
                "address": "PARAISER PLAZ - Rue Sainte ZITHE devant n\u00b049 angle Place de Paris",
                "available_bike_stands": 13,
                "available_bikes": 3,
                "banking": false,
                "bike_stands": 25,
                "bonus": false,
                "contract_name": "luxembourg",
                "last_update": 1789254700000,
                "name": "#00005-PARAISER PLAZ",
                "number": 5,
                "status": "OPEN"
            },
            "type": "Feature"
        },
        {
            "geometry": {
                "coordinates": [
                    6.133404,
                    49.60481
                ],
                "type": "Point"
            },
            "properties": {
                "address": "AL BR\u00c9CK - VIADUC / BOULEVARD DE LA PETRUSSE",
                "available_bike_stands": 12,
                "available_bikes": 3,
                "banking": false,
                "bike_stands": 15,
                "bonus": false,
                "contract_name": "luxembourg",
                "last_update": 1789254752000,
                "name": "#00006-AL BR\u00c9CK",
                "number": 6,
                "status": "OPEN"
            },
            "type": "Feature"
        },
        {
            "geometry": {
                "coordinates": [
                    6.129062,
                    49.605818
                ],
                "type": "Point"
            },
            "properties": {
                "address": "ROUSEGAERTCHEN - PLACE DES MARTYRS",
                "available_bike_stands": 5,
                "available_bikes": 6,
                "banking": false,
                "bike_stands": 15,
                "bonus": false,
                "contract_name": "luxembourg",
                "last_update": 1789254745000,
                "name": "#00007-ROUSEGAERTCHEN",
                "number": 7,
                "status": "OPEN"
            },
            "type": "Feature"
        },
        {
            "geometry": {
                "coordinates": [
                    6.12762,
                    49.607346
                ],
                "type": "Point"
            },
            "properties": {
                "address": "METZER PLAZ - PLACE DE METZ",
                "available_bike_stands": 14,
                "available_bikes": 1,
                "banking": false,
                "bike_stands": 20,
                "bonus": false,
                "contract_name": "luxembourg",
                "last_update": 1789254512000,
                "name": "#00008-METZER PLAZ",
                "number": 8,
                "status": "OPEN"
            },
            "type": "Feature"
        },
        {
            "geometry": {
                "coordinates": [
                    6.1199,
                    49.6059
                ],
                "type": "Point"
            },
            "properties": {
                "address": "CONVICT - PLACE DU FOYER",
                "available_bike_stands": 12,
                "available_bikes": 3,
                "banking": false,
                "bike_stands": 20,
                "bonus": false,
                "contract_name": "luxembourg",
                "last_update": 1789254553000,
                "name": "#00009-CONVICT",
                "number": 9,
                "status": "OPEN"
            },
            "type": "Feature"
        },
        {
            "geometry": {
                "coordinates": [
                    6.111627,
                    49.608146
                ],
                "type": "Point"
            },
            "properties": {
                "address": "M\u00c4RELER PARC - RUE DU 10 SEPTEMBRE ( DEVANT N\u00b0 108 )",
                "available_bike_stands": 6,
                "available_bikes": 8,
                "banking": false,
                "bike_stands": 15,
                "bonus": false,
                "contract_name": "luxembourg",
                "last_update": 1789254748000,
                "name": "#00010-M\u00c4RELER PARC",
                "number": 10,
                "status": "OPEN"
            },
            "type": "Feature"
        },
        {
            "geometry": {
                "coordinates": [
                    6.120003,
                    49.611317
                ],
                "type": "Point"
            },
            "properties": {
                "address": "WINSTON CHURCHILL - PLACE CHURCHILL",
                "available_bike_stands": 13,
                "available_bikes": 1,
                "banking": false,
                "bike_stands": 15,
                "bonus": false,
                "contract_name": "luxembourg",
                "last_update": 1789254592000,
                "name": "#00011-WINSTON CHURCHILL",
                "number": 11,
                "status": "OPEN"
            },
            "type": "Feature"
        },
        {
            "geometry": {
                "coordinates": [
                    6.126743,
                    49.610738
                ],
                "type": "Point"
            },
            "properties": {
                "address": "HAMILIUS - Avenue Monterey",
                "available_bike_stands": 15,
                "available_bikes": 0,
                "banking": false,
                "bike_stands": 20,
                "bonus": false,
                "contract_name": "luxembourg",
                "last_update": 1789254539000,
                "name": "#00012-HAMILIUS",
                "number": 12,
                "status": "OPEN"
            },
            "type": "Feature"
        },
        {
            "geometry": {
                "coordinates": [
                    6.128503,
                    49.60951
                ],
                "type": "Point"
            },
            "properties": {
                "address": "GELLE FRA - Bd Franklin Delano Roosevelt 33",
                "available_bike_stands": 24,
                "available_bikes": 0,
                "banking": false,
                "bike_stands": 25,
                "bonus": false,
                "contract_name": "luxembourg",
                "last_update": 1789254553000,
                "name": "#00013-GELLE FRA",
                "number": 13,
                "status": "OPEN"
            },
            "type": "Feature"
        },
        {
            "geometry": {
                "coordinates": [
                    6.132084,
                    49.610126
                ],
                "type": "Point"
            },
            "properties": {
                "address": "KNUEDLER - PLACE GUILLAUME",
                "available_bike_stands": 19,
                "available_bikes": 0,
                "banking": false,
                "bike_stands": 23,
                "bonus": false,
                "contract_name": "luxembourg",
                "last_update": 1789254754000,
                "name": "#00014-KNUEDLER",
                "number": 14,
                "status": "OPEN"
            },
            "type": "Feature"
        },
        {
            "geometry": {
                "coordinates": [
                    6.131208,
                    49.612782
                ],
                "type": "Point"
            },
            "properties": {
                "address": "THEATER PLAZ - PLACE DU THEATRE ( FACE N\u00b01 )",
                "available_bike_stands": 18,
                "available_bikes": 0,
                "banking": false,
                "bike_stands": 20,
                "bonus": false,
                "contract_name": "luxembourg",
                "last_update": 1789254533000,
                "name": "#00015-THEATER PLAZ",
                "number": 15,
                "status": "OPEN"
            },
            "type": "Feature"
        },
        {
            "geometry": {
                "coordinates": [
                    6.125794,
                    49.613339
                ],
                "type": "Point"
            },
            "properties": {
                "address": "- AMELIE - BOULEVARD ROYAL / AVENUE AMELIE",
                "available_bike_stands": 16,
                "available_bikes": 2,
                "banking": false,
                "bike_stands": 20,
                "bonus": false,
                "contract_name": "luxembourg",
                "last_update": 1789254744000,
                "name": "#00016-AMELIE",
                "number": 16,
                "status": "OPEN"
            },
            "type": "Feature"
        },
        {
            "geometry": {
                "coordinates": [
                    6.126069,
                    49.616669
                ],
                "type": "Point"
            },
            "properties": {
                "address": "ROBERT SCHUMAN - SQUARE SCHUMAN",
                "available_bike_stands": 19,
                "available_bikes": 0,
                "banking": false,
                "bike_stands": 25,
                "bonus": false,
                "contract_name": "luxembourg",
                "last_update": 1789254619000,
                "name": "#00017-ROBERT SCHUMAN",
                "number": 17,
                "status": "OPEN"
            },
            "type": "Feature"
        },
        {
            "geometry": {
                "coordinates": [
                    6.1118,
                    49.6219
                ],
                "type": "Point"
            },
            "properties": {
                "address": "CAMPUS LAMPERTSBIERG - RUE DE LA FAIENCERIE ( DEVANT N\u00b0 151 )",
                "available_bike_stands": 12,
                "available_bikes": 7,
                "banking": false,
                "bike_stands": 19,
                "bonus": false,
                "contract_name": "luxembourg",
                "last_update": 1789254583000,
                "name": "#00018-CAMPUS LAMPERTSBIERG",
                "number": 18,
                "status": "OPEN"
            },
            "type": "Feature"
        },
        {
            "geometry": {
                "coordinates": [
                    6.143907,
                    49.619345
                ],
                "type": "Point"
            },
            "properties": {
                "address": "PHILHARMONIE - AVENUE JF KENNEDY / PLACE DE L'EUROPE",
                "available_bike_stands": 18,
                "available_bikes": 4,
                "banking": false,
                "bike_stands": 25,
                "bonus": false,
                "contract_name": "luxembourg",
                "last_update": 1789254753000,
                "name": "#00019-PHILHARMONIE",
                "number": 19,
                "status": "OPEN"
            },
            "type": "Feature"
        },
        {
            "geometry": {
                "coordinates": [
                    6.15497,
                    49.62297
                ],
                "type": "Point"
            },
            "properties": {
                "address": "COQUE - AVENUE JF KENNEDY / RUE ERASME",
                "available_bike_stands": 19,
                "available_bikes": 1,
                "banking": false,
                "bike_stands": 20,
                "bonus": false,
                "contract_name": "luxembourg",
                "last_update": 1789254722000,
                "name": "#00020-COQUE",
                "number": 20,
                "status": "OPEN"
            },
            "type": "Feature"
        },
        {
            "geometry": {
                "coordinates": [
                    6.1613,
                    49.6264
                ],
                "type": "Point"
            },
            "properties": {
                "address": "CAMPUS KIRCHBIERG - BOULEVARD JF KENNEDY / RUE K KALERGI",
                "available_bike_stands": 16,
                "available_bikes": 2,
                "banking": false,
                "bike_stands": 20,
                "bonus": false,
                "contract_name": "luxembourg",
                "last_update": 1789254591000,
                "name": "#00022-CAMPUS KIRCHBIERG",
                "number": 22,
                "status": "OPEN"
            },
            "type": "Feature"
        },
        {
            "geometry": {
                "coordinates": [
                    6.157348,
                    49.629448
                ],
                "type": "Point"
            },
            "properties": {
                "address": "REIMERWEE - BOULEVARD K ADENAUER / RUE K KALERGI",
                "available_bike_stands": 0,
                "available_bikes": 0,
                "banking": false,
                "bike_stands": 18,
                "bonus": false,
                "contract_name": "luxembourg",
                "last_update": 1778646738000,
                "name": "#00023-REIMERWEE",
                "number": 23,
                "status": "CLOSED"
            },
            "type": "Feature"
        },
        {
            "geometry": {
                "coordinates": [
                    6.17048,
                    49.631952
                ],
                "type": "Point"
            },
            "properties": {
                "address": "WEICKER - AVENUE JF KENNEDY / RUE ALPHONSE WEICKER",
                "available_bike_stands": 19,
                "available_bikes": 0,
                "banking": false,
                "bike_stands": 20,
                "bonus": false,
                "contract_name": "luxembourg",
                "last_update": 1789254547000,
                "name": "#00024-WEICKER",
                "number": 24,
                "status": "OPEN"
            },
            "type": "Feature"
        },
        {
            "geometry": {
                "coordinates": [
                    6.166633,
                    49.634283
                ],
                "type": "Point"
            },
            "properties": {
                "address": "KIEM - CIRCUIT DE LA FOIRE / RUE ALPHONSE WEICKER",
                "available_bike_stands": 18,
                "available_bikes": 0,
                "banking": false,
                "bike_stands": 20,
                "bonus": false,
                "contract_name": "luxembourg",
                "last_update": 1789254669000,
                "name": "#00025-KIEM",
                "number": 25,
                "status": "OPEN"
            },
            "type": "Feature"
        },
        {
            "geometry": {
                "coordinates": [
                    6.117957,
                    49.598613
                ],
                "type": "Point"
            },
            "properties": {
                "address": "HOLLERECHER PLAZ - PLACE SAINT PIERRE ET PAUL / RUE BAUDOUIN",
                "available_bike_stands": 12,
                "available_bikes": 8,
                "banking": false,
                "bike_stands": 25,
                "bonus": false,
                "contract_name": "luxembourg",
                "last_update": 1789254761000,
                "name": "#00026-HOLLERECHER PLAZ",
                "number": 26,
                "status": "OPEN"
            },
            "type": "Feature"
        },
        {
            "geometry": {
                "coordinates": [
                    6.132119,
                    49.5986
                ],
                "type": "Point"
            },
            "properties": {
                "address": "MERCIER - PLACE DE LA GARE / RUE DU COMMERCE / PARKING",
                "available_bike_stands": 4,
                "available_bikes": 8,
                "banking": false,
                "bike_stands": 15,
                "bonus": false,
                "contract_name": "luxembourg",
                "last_update": 1789254727000,
                "name": "#00027-MERCIER",
                "number": 27,
                "status": "OPEN"
            },
            "type": "Feature"
        },
        {
            "geometry": {
                "coordinates": [
                    6.12391,
                    49.61258
                ],
                "type": "Point"
            },
            "properties": {
                "address": "CHARLY'S GARE - BOULEVARD PRINCE HENRI",
                "available_bike_stands": 16,
                "available_bikes": 1,
                "banking": false,
                "bike_stands": 20,
                "bonus": false,
                "contract_name": "luxembourg",
                "last_update": 1789254474000,
                "name": "#00028-CHARLY'S GARE",
                "number": 28,
                "status": "OPEN"
            },
            "type": "Feature"
        },
        {
            "geometry": {
                "coordinates": [
                    6.119523,
                    49.609583
                ],
                "type": "Point"
            },
            "properties": {
                "address": "MONTEREY - AVENUE DE MONTEREY ( FACE N\u00b0 49 )",
                "available_bike_stands": 18,
                "available_bikes": 0,
                "banking": false,
                "bike_stands": 20,
                "bonus": false,
                "contract_name": "luxembourg",
                "last_update": 1789254663000,
                "name": "#00029-MONTEREY",
                "number": 29,
                "status": "OPEN"
            },
            "type": "Feature"
        },
        {
            "geometry": {
                "coordinates": [
                    6.122565,
                    49.599846
                ],
                "type": "Point"
            },
            "properties": {
                "address": "MERKELS PLAZ - RUE JEAN BAPTISTE MERKELS / Bd CHARLES MARX",
                "available_bike_stands": 6,
                "available_bikes": 6,
                "banking": false,
                "bike_stands": 20,
                "bonus": false,
                "contract_name": "luxembourg",
                "last_update": 1789254740000,
                "name": "#00030-MERKELS PLAZ",
                "number": 30,
                "status": "OPEN"
            },
            "type": "Feature"
        },
        {
            "geometry": {
                "coordinates": [
                    6.105961,
                    49.60625
                ],
                "type": "Point"
            },
            "properties": {
                "address": "PLACE DE FRANCE - PLACE DE FRANCE",
                "available_bike_stands": 3,
                "available_bikes": 14,
                "banking": false,
                "bike_stands": 20,
                "bonus": false,
                "contract_name": "luxembourg",
                "last_update": 1789254635000,
                "name": "#00031-PLACE DE FRANCE",
                "number": 31,
                "status": "OPEN"
            },
            "type": "Feature"
        },
        {
            "geometry": {
                "coordinates": [
                    6.150013,
                    49.623901
                ],
                "type": "Point"
            },
            "properties": {
                "address": "PISCINE OLYMPIQUE - RUE LEON HENGEN",
                "available_bike_stands": 15,
                "available_bikes": 4,
                "banking": false,
                "bike_stands": 20,
                "bonus": false,
                "contract_name": "luxembourg",
                "last_update": 1789254642000,
                "name": "#00032-PISCINE OLYMPIQUE",
                "number": 32,
                "status": "OPEN"
            },
            "type": "Feature"
        },
        {
            "geometry": {
                "coordinates": [
                    6.138998,
                    49.620586
                ],
                "type": "Point"
            },
            "properties": {
                "address": "K. ADENAUER - BOULEVARD KONRAD ADENAUER ( DEVANT BEI )",
                "available_bike_stands": 0,
                "available_bikes": 0,
                "banking": false,
                "bike_stands": 15,
                "bonus": false,
                "contract_name": "luxembourg",
                "last_update": 1782292332000,
                "name": "#00033-K. ADENAUER",
                "number": 33,
                "status": "CLOSED"
            },
            "type": "Feature"
        },
        {
            "geometry": {
                "coordinates": [
                    6.111927,
                    49.604577
                ],
                "type": "Point"
            },
            "properties": {
                "address": "- KOLLEISCH - RUE DE BRAGANCE",
                "available_bike_stands": 3,
                "available_bikes": 16,
                "banking": false,
                "bike_stands": 30,
                "bonus": false,
                "contract_name": "luxembourg",
                "last_update": 1789254714000,
                "name": "#00034-KOLLEISCH",
                "number": 34,
                "status": "OPEN"
            },
            "type": "Feature"
        },
        {
            "geometry": {
                "coordinates": [
                    6.106099,
                    49.609904
                ],
                "type": "Point"
            },
            "properties": {
                "address": "GASTON DIDERICH - AVENUE GASTON DIDERICH",
                "available_bike_stands": 3,
                "available_bikes": 9,
                "banking": false,
                "bike_stands": 15,
                "bonus": false,
                "contract_name": "luxembourg",
                "last_update": 1789254515000,
                "name": "#00035-GASTON DIDERICH",
                "number": 35,
                "status": "OPEN"
            },
            "type": "Feature"
        },
        {
            "geometry": {
                "coordinates": [
                    6.140615,
                    49.596838
                ],
                "type": "Point"
            },
            "properties": {
                "address": "J.B. GELLE - RUE JEAN- BAPTISTE GELLE ( DEVANT N\u00b0 6 )",
                "available_bike_stands": 8,
                "available_bikes": 6,
                "banking": false,
                "bike_stands": 15,
                "bonus": false,
                "contract_name": "luxembourg",
                "last_update": 1789254596000,
                "name": "#00036-J.B. GELLE",
                "number": 36,
                "status": "OPEN"
            },
            "type": "Feature"
        },
        {
            "geometry": {
                "coordinates": [
                    6.13736,
                    49.60164
                ],
                "type": "Point"
            },
            "properties": {
                "address": "GAULOIS - RUE DES GAULOIS 11",
                "available_bike_stands": 0,
                "available_bikes": 9,
                "banking": false,
                "bike_stands": 15,
                "bonus": false,
                "contract_name": "luxembourg",
                "last_update": 1789254730000,
                "name": "#00037-GAULOIS",
                "number": 37,
                "status": "OPEN"
            },
            "type": "Feature"
        },
        {
            "geometry": {
                "coordinates": [
                    6.13456,
                    49.60771
                ],
                "type": "Point"
            },
            "properties": {
                "address": "HELLEG GEESCHT - PLATEAU SAINT ESPRIT",
                "available_bike_stands": 15,
                "available_bikes": 1,
                "banking": false,
                "bike_stands": 20,
                "bonus": false,
                "contract_name": "luxembourg",
                "last_update": 1789254480000,
                "name": "#00038-HELLEG GEESCHT",
                "number": 38,
                "status": "OPEN"
            },
            "type": "Feature"
        },
        {
            "geometry": {
                "coordinates": [
                    6.117582,
                    49.613316
                ],
                "type": "Point"
            },
            "properties": {
                "address": "KRAIZGRENNCHEN - SQUARE DE NEW- YORK",
                "available_bike_stands": 17,
                "available_bikes": 0,
                "banking": false,
                "bike_stands": 20,
                "bonus": false,
                "contract_name": "luxembourg",
                "last_update": 1789254462000,
                "name": "#00039-KRAIZGRENNCHEN",
                "number": 39,
                "status": "OPEN"
            },
            "type": "Feature"
        },
        {
            "geometry": {
                "coordinates": [
                    6.1211,
                    49.6147
                ],
                "type": "Point"
            },
            "properties": {
                "address": "GLACIS KAPELL - BOULEVARD DE LA FOIRE ( DEVANT N\u00b0 21 )",
                "available_bike_stands": 10,
                "available_bikes": 2,
                "banking": false,
                "bike_stands": 15,
                "bonus": false,
                "contract_name": "luxembourg",
                "last_update": 1789254673000,
                "name": "#00040-GLACIS KAPELL",
                "number": 40,
                "status": "OPEN"
            },
            "type": "Feature"
        },
        {
            "geometry": {
                "coordinates": [
                    6.122905,
                    49.620066
                ],
                "type": "Point"
            },
            "properties": {
                "address": "PLACE LAURENT - PLACE AUGUSTE LAURENT",
                "available_bike_stands": 16,
                "available_bikes": 1,
                "banking": false,
                "bike_stands": 20,
                "bonus": false,
                "contract_name": "luxembourg",
                "last_update": 1789254619000,
                "name": "#00041-PLACE LAURENT",
                "number": 41,
                "status": "OPEN"
            },
            "type": "Feature"
        },
        {
            "geometry": {
                "coordinates": [
                    6.1188,
                    49.6238
                ],
                "type": "Point"
            },
            "properties": {
                "address": "SQUARE ANDRE - SQUARE EDOUARD ANDRE ( DEVANT N\u00b0 1 )",
                "available_bike_stands": 17,
                "available_bikes": 1,
                "banking": false,
                "bike_stands": 20,
                "bonus": false,
                "contract_name": "luxembourg",
                "last_update": 1789254724000,
                "name": "#00042-SQUARE ANDRE",
                "number": 42,
                "status": "OPEN"
            },
            "type": "Feature"
        },
        {
            "geometry": {
                "coordinates": [
                    6.1416,
                    49.5911
                ],
                "type": "Point"
            },
            "properties": {
                "address": "LYCEE TECHNIQUE DE BONNEVOIE - RUE DU CIMETIERE ( DEVANT N\u00b0 110 )",
                "available_bike_stands": 11,
                "available_bikes": 6,
                "banking": false,
                "bike_stands": 20,
                "bonus": false,
                "contract_name": "luxembourg",
                "last_update": 1789254571000,
                "name": "#00043-LYCEE TECHNIQUE DE BONNEVOIE",
                "number": 43,
                "status": "OPEN"
            },
            "type": "Feature"
        },
        {
            "geometry": {
                "coordinates": [
                    6.0984,
                    49.6162
                ],
                "type": "Point"
            },
            "properties": {
                "address": "ARELER STROOSS - RUE DES AUBEPINES ( FACE N\u00b0 187 )",
                "available_bike_stands": 11,
                "available_bikes": 4,
                "banking": false,
                "bike_stands": 20,
                "bonus": false,
                "contract_name": "luxembourg",
                "last_update": 1789254635000,
                "name": "#00044-ARELER STROOSS",
                "number": 44,
                "status": "OPEN"
            },
            "type": "Feature"
        },
        {
            "geometry": {
                "coordinates": [
                    6.09749,
                    49.61212
                ],
                "type": "Point"
            },
            "properties": {
                "address": "AUBEPINES - VAL SAINTE CROIX / RUE DES AUBEPINES",
                "available_bike_stands": 8,
                "available_bikes": 8,
                "banking": false,
                "bike_stands": 20,
                "bonus": false,
                "contract_name": "luxembourg",
                "last_update": 1789254741000,
                "name": "#00045-AUBEPINES",
                "number": 45,
                "status": "OPEN"
            },
            "type": "Feature"
        },
        {
            "geometry": {
                "coordinates": [
                    6.10003,
                    49.60563
                ],
                "type": "Point"
            },
            "properties": {
                "address": "LONKECHER STROOSS - ROUTE DE LONGWY ( DEVANT N\u00b0 241 )",
                "available_bike_stands": 7,
                "available_bikes": 3,
                "banking": false,
                "bike_stands": 15,
                "bonus": false,
                "contract_name": "luxembourg",
                "last_update": 1789254738000,
                "name": "#00046-LONKECHER STROOSS",
                "number": 46,
                "status": "OPEN"
            },
            "type": "Feature"
        },
        {
            "geometry": {
                "coordinates": [
                    6.1072,
                    49.6122
                ],
                "type": "Point"
            },
            "properties": {
                "address": "LEOPOLD GOEBEL - ALLEE LEOPOLD GOEBEL ( DEVANT N\u00b0 109 )",
                "available_bike_stands": 17,
                "available_bikes": 3,
                "banking": false,
                "bike_stands": 20,
                "bonus": false,
                "contract_name": "luxembourg",
                "last_update": 1789254546000,
                "name": "#00047-LEOPOLD GOEBEL",
                "number": 47,
                "status": "OPEN"
            },
            "type": "Feature"
        },
        {
            "geometry": {
                "coordinates": [
                    6.174446,
                    49.632179
                ],
                "type": "Point"
            },
            "properties": {
                "address": "BGL BNP PARIBAS  - RUE EDOUARD STEICHEN ( FACE N\u00b0 10 )",
                "available_bike_stands": 18,
                "available_bikes": 1,
                "banking": false,
                "bike_stands": 20,
                "bonus": false,
                "contract_name": "luxembourg",
                "last_update": 1789254571000,
                "name": "#00048-BGL BNP PARIBAS",
                "number": 48,
                "status": "OPEN"
            },
            "type": "Feature"
        },
        {
            "geometry": {
                "coordinates": [
                    6.147885,
                    49.620607
                ],
                "type": "Point"
            },
            "properties": {
                "address": "EUROPAPARLAMENT - Rue L\u00e9on Hammes, pr\u00e9s de l'arr\u00eat Europaparlament",
                "available_bike_stands": 17,
                "available_bikes": 2,
                "banking": false,
                "bike_stands": 20,
                "bonus": false,
                "contract_name": "luxembourg",
                "last_update": 1789254654000,
                "name": "#00050-EUROPAPARLAMENT",
                "number": 50,
                "status": "OPEN"
            },
            "type": "Feature"
        },
        {
            "geometry": {
                "coordinates": [
                    6.125123,
                    49.594088
                ],
                "type": "Point"
            },
            "properties": {
                "address": "SAUERWISS - RUE ABBE FRANCOIS LASCOMBE ( DEVANT N\u00b0 54 )",
                "available_bike_stands": 11,
                "available_bikes": 8,
                "banking": false,
                "bike_stands": 20,
                "bonus": false,
                "contract_name": "luxembourg",
                "last_update": 1789254668000,
                "name": "#00051-SAUERWISS",
                "number": 51,
                "status": "OPEN"
            },
            "type": "Feature"
        },
        {
            "geometry": {
                "coordinates": [
                    6.125333,
                    49.591404
                ],
                "type": "Point"
            },
            "properties": {
                "address": "BEI DER AUER - RUE DE GASPERICH ( DEVANT N\u00b0 20 )",
                "available_bike_stands": 16,
                "available_bikes": 4,
                "banking": false,
                "bike_stands": 20,
                "bonus": false,
                "contract_name": "luxembourg",
                "last_update": 1789254584000,
                "name": "#00052-BEI DER AUER",
                "number": 52,
                "status": "OPEN"
            },
            "type": "Feature"
        },
        {
            "geometry": {
                "coordinates": [
                    6.1172,
                    49.59
                ],
                "type": "Point"
            },
            "properties": {
                "address": "- LUDWIG VAN BEETHOVEN - RUE LUDWIG VAN BEETHOVEN ( DEVANT N\u00b0 45 )",
                "available_bike_stands": 11,
                "available_bikes": 8,
                "banking": false,
                "bike_stands": 20,
                "bonus": false,
                "contract_name": "luxembourg",
                "last_update": 1789254727000,
                "name": "#00053-LUDWIG VAN BEETHOVEN",
                "number": 53,
                "status": "OPEN"
            },
            "type": "Feature"
        },
        {
            "geometry": {
                "coordinates": [
                    6.115817,
                    49.583377
                ],
                "type": "Point"
            },
            "properties": {
                "address": "CLOCHE D'OR - RUE JEAN PIRET ( DEVANT N\u00b0 3 )",
                "available_bike_stands": 19,
                "available_bikes": 1,
                "banking": false,
                "bike_stands": 20,
                "bonus": false,
                "contract_name": "luxembourg",
                "last_update": 1789254490000,
                "name": "#00054-CLOCHE D'OR",
                "number": 54,
                "status": "OPEN"
            },
            "type": "Feature"
        },
        {
            "geometry": {
                "coordinates": [
                    6.11465,
                    49.58043
                ],
                "type": "Point"
            },
            "properties": {
                "address": "- SCHAARFEN ECK- RUE EMILE BIAN",
                "available_bike_stands": 20,
                "available_bikes": 0,
                "banking": false,
                "bike_stands": 20,
                "bonus": false,
                "contract_name": "luxembourg",
                "last_update": 1789254760000,
                "name": "#00055-SCHAARFEN ECK",
                "number": 55,
                "status": "OPEN"
            },
            "type": "Feature"
        },
        {
            "geometry": {
                "coordinates": [
                    6.1057,
                    49.5911
                ],
                "type": "Point"
            },
            "properties": {
                "address": "FISCHERHAFF- RUE DE CESSANGE 177",
                "available_bike_stands": 14,
                "available_bikes": 8,
                "banking": false,
                "bike_stands": 25,
                "bonus": false,
                "contract_name": "luxembourg",
                "last_update": 1789254662000,
                "name": "#00056-FISCHERHAFF",
                "number": 56,
                "status": "OPEN"
            },
            "type": "Feature"
        },
        {
            "geometry": {
                "coordinates": [
                    6.10826,
                    49.60001
                ],
                "type": "Point"
            },
            "properties": {
                "address": "BOUILLON - RUE DE BOUILLON / PARKING",
                "available_bike_stands": 14,
                "available_bikes": 19,
                "banking": false,
                "bike_stands": 35,
                "bonus": false,
                "contract_name": "luxembourg",
                "last_update": 1789254694000,
                "name": "#00057-BOUILLON",
                "number": 57,
                "status": "OPEN"
            },
            "type": "Feature"
        },
        {
            "geometry": {
                "coordinates": [
                    6.11581,
                    49.60136
                ],
                "type": "Point"
            },
            "properties": {
                "address": "SCHLUECHTHAUS - RUE DE L'ABATTOIR",
                "available_bike_stands": 12,
                "available_bikes": 4,
                "banking": false,
                "bike_stands": 20,
                "bonus": false,
                "contract_name": "luxembourg",
                "last_update": 1789254760000,
                "name": "#00058-SCHLUECHTHAUS",
                "number": 58,
                "status": "OPEN"
            },
            "type": "Feature"
        },
        {
            "geometry": {
                "coordinates": [
                    6.09322,
                    49.60289
                ],
                "type": "Point"
            },
            "properties": {
                "address": "ST HUBERT - RUE DE MERL 147 / RUE ST HUBERT",
                "available_bike_stands": 11,
                "available_bikes": 7,
                "banking": false,
                "bike_stands": 20,
                "bonus": false,
                "contract_name": "luxembourg",
                "last_update": 1789254481000,
                "name": "#00059-ST HUBERT",
                "number": 59,
                "status": "OPEN"
            },
            "type": "Feature"
        },
        {
            "geometry": {
                "coordinates": [
                    6.10842,
                    49.61925
                ],
                "type": "Point"
            },
            "properties": {
                "address": "BOCH - RUE J-F BOCH",
                "available_bike_stands": 3,
                "available_bikes": 12,
                "banking": false,
                "bike_stands": 20,
                "bonus": false,
                "contract_name": "luxembourg",
                "last_update": 1789254683000,
                "name": "#00060-BOCH",
                "number": 60,
                "status": "OPEN"
            },
            "type": "Feature"
        },
        {
            "geometry": {
                "coordinates": [
                    6.16333,
                    49.636754
                ],
                "type": "Point"
            },
            "properties": {
                "address": "49 Bd Pierre Frieden, 1860 Kirchberg",
                "available_bike_stands": 16,
                "available_bikes": 2,
                "banking": false,
                "bike_stands": 20,
                "bonus": false,
                "contract_name": "luxembourg",
                "last_update": 1789254726000,
                "name": "#00061-FRIEDEN",
                "number": 61,
                "status": "OPEN"
            },
            "type": "Feature"
        },
        {
            "geometry": {
                "coordinates": [
                    6.173101,
                    49.62915
                ],
                "type": "Point"
            },
            "properties": {
                "address": "LEYDENBACH - RUE LEYDENBACH / RUE DES LABOURS",
                "available_bike_stands": 18,
                "available_bikes": 0,
                "banking": false,
                "bike_stands": 20,
                "bonus": false,
                "contract_name": "luxembourg",
                "last_update": 1789254622000,
                "name": "#00062-LEYDENBACH",
                "number": 62,
                "status": "OPEN"
            },
            "type": "Feature"
        },
        {
            "geometry": {
                "coordinates": [
                    6.16843,
                    49.6301
                ],
                "type": "Point"
            },
            "properties": {
                "address": "LABOURS - RUE DES LABOURS / BLD J.F.KENNEDY",
                "available_bike_stands": 16,
                "available_bikes": 0,
                "banking": false,
                "bike_stands": 20,
                "bonus": false,
                "contract_name": "luxembourg",
                "last_update": 1789254723000,
                "name": "#00063-LABOURS",
                "number": 63,
                "status": "OPEN"
            },
            "type": "Feature"
        },
        {
            "geometry": {
                "coordinates": [
                    6.14327,
                    49.59383
                ],
                "type": "Point"
            },
            "properties": {
                "address": "GRENIER - RUE EDOUARD GRENIER",
                "available_bike_stands": 18,
                "available_bikes": 2,
                "banking": false,
                "bike_stands": 20,
                "bonus": false,
                "contract_name": "luxembourg",
                "last_update": 1789254753000,
                "name": "#00064-GRENIER",
                "number": 64,
                "status": "OPEN"
            },
            "type": "Feature"
        },
        {
            "geometry": {
                "coordinates": [
                    6.14202,
                    49.58421
                ],
                "type": "Point"
            },
            "properties": {
                "address": "BEI DER SCHOUL - RUE FERDINAND KUHN",
                "available_bike_stands": 11,
                "available_bikes": 7,
                "banking": false,
                "bike_stands": 20,
                "bonus": false,
                "contract_name": "luxembourg",
                "last_update": 1789254503000,
                "name": "#00065-BEI DER SCHOUL",
                "number": 65,
                "status": "OPEN"
            },
            "type": "Feature"
        },
        {
            "geometry": {
                "coordinates": [
                    6.134018,
                    49.579231
                ],
                "type": "Point"
            },
            "properties": {
                "address": "Rue des Scillas 55 / Banque de Luxembourg",
                "available_bike_stands": 11,
                "available_bikes": 5,
                "banking": false,
                "bike_stands": 20,
                "bonus": false,
                "contract_name": "luxembourg",
                "last_update": 1789254745000,
                "name": "#00066-BEIM TENNIS",
                "number": 66,
                "status": "OPEN"
            },
            "type": "Feature"
        },
        {
            "geometry": {
                "coordinates": [
                    6.15965,
                    49.571924
                ],
                "type": "Point"
            },
            "properties": {
                "address": "MAIRIE DE HESPERANGE - ROUTE DE THIONVILLE 474",
                "available_bike_stands": 2,
                "available_bikes": 16,
                "banking": false,
                "bike_stands": 20,
                "bonus": false,
                "contract_name": "luxembourg",
                "last_update": 1789254610000,
                "name": "#00067-MAIRIE DE HESPERANGE",
                "number": 67,
                "status": "OPEN"
            },
            "type": "Feature"
        },
        {
            "geometry": {
                "coordinates": [
                    6.14397,
                    49.57337
                ],
                "type": "Point"
            },
            "properties": {
                "address": "UM SCHLASS - CEINTURE UM SCHLASS",
                "available_bike_stands": 5,
                "available_bikes": 7,
                "banking": false,
                "bike_stands": 15,
                "bonus": false,
                "contract_name": "luxembourg",
                "last_update": 1789254756000,
                "name": "#00068-UM SCHLASS",
                "number": 68,
                "status": "OPEN"
            },
            "type": "Feature"
        },
        {
            "geometry": {
                "coordinates": [
                    6.08276,
                    49.61769
                ],
                "type": "Point"
            },
            "properties": {
                "address": "UM REIMERWEE - RUE DU KIEM",
                "available_bike_stands": 11,
                "available_bikes": 3,
                "banking": false,
                "bike_stands": 20,
                "bonus": false,
                "contract_name": "luxembourg",
                "last_update": 1789254508000,
                "name": "#00069-UM REIMERWEE",
                "number": 69,
                "status": "OPEN"
            },
            "type": "Feature"
        },
        {
            "geometry": {
                "coordinates": [
                    6.07227,
                    49.61909
                ],
                "type": "Point"
            },
            "properties": {
                "address": "GEMENG STROOSSEN - Rue des Romains",
                "available_bike_stands": 7,
                "available_bikes": 10,
                "banking": false,
                "bike_stands": 20,
                "bonus": false,
                "contract_name": "luxembourg",
                "last_update": 1789254656000,
                "name": "#00070-GEMENG STROOSSEN",
                "number": 70,
                "status": "OPEN"
            },
            "type": "Feature"
        },
        {
            "geometry": {
                "coordinates": [
                    6.07275,
                    49.61489
                ],
                "type": "Point"
            },
            "properties": {
                "address": "LES THERMES - RUE DU CIMETIERE",
                "available_bike_stands": 16,
                "available_bikes": 1,
                "banking": false,
                "bike_stands": 20,
                "bonus": false,
                "contract_name": "luxembourg",
                "last_update": 1789254547000,
                "name": "#00071-LES THERMES",
                "number": 71,
                "status": "OPEN"
            },
            "type": "Feature"
        },
        {
            "geometry": {
                "coordinates": [
                    6.08097,
                    49.61086
                ],
                "type": "Point"
            },
            "properties": {
                "address": "- AN DER BOURMICHT - ZONE INDUSTRIELLE BOURMICHT / RES DES MEROVINGIENS",
                "available_bike_stands": 17,
                "available_bikes": 2,
                "banking": false,
                "bike_stands": 20,
                "bonus": false,
                "contract_name": "luxembourg",
                "last_update": 1789254747000,
                "name": "#00072-AN DER BOURMICHT",
                "number": 72,
                "status": "OPEN"
            },
            "type": "Feature"
        },
        {
            "geometry": {
                "coordinates": [
                    6.147957,
                    49.59691
                ],
                "type": "Point"
            },
            "properties": {
                "address": "- JEANNE D'ARC - PLACE JEANNE D'ARC",
                "available_bike_stands": 6,
                "available_bikes": 8,
                "banking": false,
                "bike_stands": 20,
                "bonus": false,
                "contract_name": "luxembourg",
                "last_update": 1789254711000,
                "name": "#00073-JEANNE D'ARC",
                "number": 73,
                "status": "OPEN"
            },
            "type": "Feature"
        },
        {
            "geometry": {
                "coordinates": [
                    6.14283,
                    49.6146
                ],
                "type": "Point"
            },
            "properties": {
                "address": "SAINTE CUNEGONDE - PLACE STE CUNEGONDE",
                "available_bike_stands": 3,
                "available_bikes": 10,
                "banking": false,
                "bike_stands": 15,
                "bonus": false,
                "contract_name": "luxembourg",
                "last_update": 1789254757000,
                "name": "#00074-SAINTE CUNEGONDE",
                "number": 74,
                "status": "OPEN"
            },
            "type": "Feature"
        },
        {
            "geometry": {
                "coordinates": [
                    6.13097,
                    49.61561
                ],
                "type": "Point"
            },
            "properties": {
                "address": "BEINCHEN - RUE DU PONT",
                "available_bike_stands": 5,
                "available_bikes": 3,
                "banking": false,
                "bike_stands": 15,
                "bonus": false,
                "contract_name": "luxembourg",
                "last_update": 1789254623000,
                "name": "#00075-BEINCHEN",
                "number": 75,
                "status": "OPEN"
            },
            "type": "Feature"
        },
        {
            "geometry": {
                "coordinates": [
                    6.13938,
                    49.62521
                ],
                "type": "Point"
            },
            "properties": {
                "address": "SAUVAGE - RUE JEAN-PIERRE SAUVAGE",
                "available_bike_stands": 9,
                "available_bikes": 4,
                "banking": false,
                "bike_stands": 15,
                "bonus": false,
                "contract_name": "luxembourg",
                "last_update": 1789254670000,
                "name": "#00076-SAUVAGE",
                "number": 76,
                "status": "OPEN"
            },
            "type": "Feature"
        },
        {
            "geometry": {
                "coordinates": [
                    6.136324,
                    49.618823
                ],
                "type": "Point"
            },
            "properties": {
                "address": "Avenue J.F.Kennedy/Parvis au Plateau KB pr\u00e9s de l'arr\u00eat Pafendall",
                "available_bike_stands": 0,
                "available_bikes": 0,
                "banking": false,
                "bike_stands": 20,
                "bonus": false,
                "contract_name": "luxembourg",
                "last_update": 1787216285000,
                "name": "#00077-FUNICULAIRE",
                "number": 77,
                "status": "CLOSED"
            },
            "type": "Feature"
        },
        {
            "geometry": {
                "coordinates": [
                    6.1323,
                    49.619061
                ],
                "type": "Point"
            },
            "properties": {
                "address": "Rue St.Mathieu/ pr\u00e9s de l'arr\u00eat Pafendall",
                "available_bike_stands": 7,
                "available_bikes": 5,
                "banking": false,
                "bike_stands": 18,
                "bonus": false,
                "contract_name": "luxembourg",
                "last_update": 1789254729000,
                "name": "#00078-ST MATHIEU",
                "number": 78,
                "status": "OPEN"
            },
            "type": "Feature"
        },
        {
            "geometry": {
                "coordinates": [
                    6.1331,
                    49.6017
                ],
                "type": "Point"
            },
            "properties": {
                "address": "GARE CENTRALE - PLACE DE LA GARE (Quai n\u00b01)",
                "available_bike_stands": 1,
                "available_bikes": 9,
                "banking": false,
                "bike_stands": 20,
                "bonus": false,
                "contract_name": "luxembourg",
                "last_update": 1789254700000,
                "name": "#00079-GARE CENTRALE",
                "number": 79,
                "status": "OPEN"
            },
            "type": "Feature"
        },
        {
            "geometry": {
                "coordinates": [
                    6.147918,
                    49.612542
                ],
                "type": "Point"
            },
            "properties": {
                "address": "Rue du Fort Dumoulin/Rue de Tr\u00e8ves",
                "available_bike_stands": 14,
                "available_bikes": 5,
                "banking": false,
                "bike_stands": 20,
                "bonus": false,
                "contract_name": "luxembourg",
                "last_update": 1789254692000,
                "name": "#00080-INS",
                "number": 80,
                "status": "OPEN"
            },
            "type": "Feature"
        },
        {
            "geometry": {
                "coordinates": [
                    6.172682,
                    49.62019
                ],
                "type": "Point"
            },
            "properties": {
                "address": "All\u00e9e du Carmel/Rue Paul Albrecht face Police",
                "available_bike_stands": 14,
                "available_bikes": 5,
                "banking": false,
                "bike_stands": 20,
                "bonus": false,
                "contract_name": "luxembourg",
                "last_update": 1789254658000,
                "name": "#00081-CARMEL",
                "number": 81,
                "status": "OPEN"
            },
            "type": "Feature"
        },
        {
            "geometry": {
                "coordinates": [
                    6.164772,
                    49.614749
                ],
                "type": "Point"
            },
            "properties": {
                "address": "GARE CENTS-HAMM - RUE DES ALOUETTES / GARE DE CENTS-HAMM",
                "available_bike_stands": 15,
                "available_bikes": 3,
                "banking": false,
                "bike_stands": 20,
                "bonus": false,
                "contract_name": "luxembourg",
                "last_update": 1789254614000,
                "name": "#00082-GARE CENTS-HAMM",
                "number": 82,
                "status": "OPEN"
            },
            "type": "Feature"
        },
        {
            "geometry": {
                "coordinates": [
                    6.149591,
                    49.608758
                ],
                "type": "Point"
            },
            "properties": {
                "address": "Rue de Pulverm\u00fbhl/Rue du Fort Dumoulin",
                "available_bike_stands": 1,
                "available_bikes": 10,
                "banking": false,
                "bike_stands": 20,
                "bonus": false,
                "contract_name": "luxembourg",
                "last_update": 1789254695000,
                "name": "#00083-PULVERM\u00dcHL",
                "number": 83,
                "status": "OPEN"
            },
            "type": "Feature"
        },
        {
            "geometry": {
                "coordinates": [
                    6.17066,
                    49.61349
                ],
                "type": "Point"
            },
            "properties": {
                "address": "Rue de Bitbourg devant n\u00b020",
                "available_bike_stands": 17,
                "available_bikes": 1,
                "banking": false,
                "bike_stands": 20,
                "bonus": false,
                "contract_name": "luxembourg",
                "last_update": 1789254702000,
                "name": "#00084-BITBOURG",
                "number": 84,
                "status": "OPEN"
            },
            "type": "Feature"
        },
        {
            "geometry": {
                "coordinates": [
                    6.1249,
                    49.5842
                ],
                "type": "Point"
            },
            "properties": {
                "address": "Rue Albert Einstein/Bd de Kockelscheuer",
                "available_bike_stands": 9,
                "available_bikes": 3,
                "banking": false,
                "bike_stands": 18,
                "bonus": false,
                "contract_name": "luxembourg",
                "last_update": 1789254750000,
                "name": "#00085-EINSTEIN",
                "number": 85,
                "status": "OPEN"
            },
            "type": "Feature"
        },
        {
            "geometry": {
                "coordinates": [
                    6.120862,
                    49.580242
                ],
                "type": "Point"
            },
            "properties": {
                "address": "Rue Gerhard Mercator n\u00b02/Bd de Kockelscheuer",
                "available_bike_stands": 19,
                "available_bikes": 0,
                "banking": false,
                "bike_stands": 20,
                "bonus": false,
                "contract_name": "luxembourg",
                "last_update": 1789254291000,
                "name": "#00086-PWC - BD KOCKELSCHEUER",
                "number": 86,
                "status": "OPEN"
            },
            "type": "Feature"
        },
        {
            "geometry": {
                "coordinates": [
                    6.166252,
                    49.629865
                ],
                "type": "Point"
            },
            "properties": {
                "address": "NATIONALBIBLIOTHEIK - Bd. KONRAD ADENAUER (Immeuble Biblioth\u00e8que Nationale)",
                "available_bike_stands": 20,
                "available_bikes": 0,
                "banking": false,
                "bike_stands": 20,
                "bonus": false,
                "contract_name": "luxembourg",
                "last_update": 1789254600000,
                "name": "#00087-NATIONALBIBLIOTHEIK",
                "number": 87,
                "status": "OPEN"
            },
            "type": "Feature"
        },
        {
            "geometry": {
                "coordinates": [
                    6.17623092845448,
                    49.6354391284749
                ],
                "type": "Point"
            },
            "properties": {
                "address": "SERRA - AVENUE J.F. KENNEDY / CIRCUIT DE LA FOIRE (Arr\u00eat Luxexpo)",
                "available_bike_stands": 27,
                "available_bikes": 1,
                "banking": false,
                "bike_stands": 30,
                "bonus": false,
                "contract_name": "luxembourg",
                "last_update": 1789254705000,
                "name": "#00088-SERRA",
                "number": 88,
                "status": "OPEN"
            },
            "type": "Feature"
        },
        {
            "geometry": {
                "coordinates": [
                    6.10278,
                    49.60361
                ],
                "type": "Point"
            },
            "properties": {
                "address": "Place Thorn/Bd Marcel Cahen ,50m avant rue B\u00e9atrix",
                "available_bike_stands": 1,
                "available_bikes": 15,
                "banking": false,
                "bike_stands": 20,
                "bonus": false,
                "contract_name": "luxembourg",
                "last_update": 1789254750000,
                "name": "#00089-PLACE THORN",
                "number": 89,
                "status": "OPEN"
            },
            "type": "Feature"
        },
        {
            "geometry": {
                "coordinates": [
                    6.11780413988129,
                    49.6294701613971
                ],
                "type": "Point"
            },
            "properties": {
                "address": "Rue de M\u00fchlenbach/Rue Jean-Pierre Huberty",
                "available_bike_stands": 6,
                "available_bikes": 10,
                "banking": false,
                "bike_stands": 20,
                "bonus": false,
                "contract_name": "luxembourg",
                "last_update": 1789254647000,
                "name": "#00090-HUBERTY (M\u00dcHLENBACH)",
                "number": 90,
                "status": "OPEN"
            },
            "type": "Feature"
        },
        {
            "geometry": {
                "coordinates": [
                    6.122333,
                    49.627834
                ],
                "type": "Point"
            },
            "properties": {
                "address": "Rue de M\u00fchlenbach/ Rue Jules Mersch",
                "available_bike_stands": 9,
                "available_bikes": 7,
                "banking": false,
                "bike_stands": 20,
                "bonus": false,
                "contract_name": "luxembourg",
                "last_update": 1789254753000,
                "name": "#00091-MERSCH (M\u00dcHLENBACH)",
                "number": 91,
                "status": "OPEN"
            },
            "type": "Feature"
        },
        {
            "geometry": {
                "coordinates": [
                    6.099213,
                    49.58914
                ],
                "type": "Point"
            },
            "properties": {
                "address": "Rue des Prunelles/Bd du Brill",
                "available_bike_stands": 11,
                "available_bikes": 5,
                "banking": false,
                "bike_stands": 20,
                "bonus": false,
                "contract_name": "luxembourg",
                "last_update": 1789254752000,
                "name": "#00092-BRILL (CESSANGE)",
                "number": 92,
                "status": "OPEN"
            },
            "type": "Feature"
        },
        {
            "geometry": {
                "coordinates": [
                    6.145533,
                    49.601652
                ],
                "type": "Point"
            },
            "properties": {
                "address": "Rue Auguste Charles/Rue Godchaux",
                "available_bike_stands": 19,
                "available_bikes": 0,
                "banking": false,
                "bike_stands": 20,
                "bonus": false,
                "contract_name": "luxembourg",
                "last_update": 1789254676000,
                "name": "#00093-GODCHAUX (BONNEVOIE)",
                "number": 93,
                "status": "OPEN"
            },
            "type": "Feature"
        },
        {
            "geometry": {
                "coordinates": [
                    6.154863,
                    49.606983
                ],
                "type": "Point"
            },
            "properties": {
                "address": "Rue de Hamm/Rue des pruniers",
                "available_bike_stands": 20,
                "available_bikes": 0,
                "banking": false,
                "bike_stands": 20,
                "bonus": false,
                "contract_name": "luxembourg",
                "last_update": 1789254747000,
                "name": "#00094-HAMM-COLONIE",
                "number": 94,
                "status": "OPEN"
            },
            "type": "Feature"
        },
        {
            "geometry": {
                "coordinates": [
                    6.051527,
                    49.61093
                ],
                "type": "Point"
            },
            "properties": {
                "address": "MAIRIE DE BERTRANGE-2 Beim Schlass/ Rue de Leudelange",
                "available_bike_stands": 3,
                "available_bikes": 15,
                "banking": false,
                "bike_stands": 20,
                "bonus": false,
                "contract_name": "luxembourg",
                "last_update": 1789254660000,
                "name": "#00095-MAIRIE DE BERTRANGE",
                "number": 95,
                "status": "OPEN"
            },
            "type": "Feature"
        },
        {
            "geometry": {
                "coordinates": [
                    6.060382,
                    49.613161
                ],
                "type": "Point"
            },
            "properties": {
                "address": "Rue de l'industrie/Rue Chemin de Fer/ Rue de Strassen",
                "available_bike_stands": 7,
                "available_bikes": 7,
                "banking": false,
                "bike_stands": 15,
                "bonus": false,
                "contract_name": "luxembourg",
                "last_update": 1789254693000,
                "name": "#00096-BERTRANGE - GARE",
                "number": 96,
                "status": "OPEN"
            },
            "type": "Feature"
        },
        {
            "geometry": {
                "coordinates": [
                    6.077783,
                    49.603644
                ],
                "type": "Point"
            },
            "properties": {
                "address": "Rue de Luxembourg/Route de Longwy",
                "available_bike_stands": 6,
                "available_bikes": 6,
                "banking": false,
                "bike_stands": 15,
                "bonus": false,
                "contract_name": "luxembourg",
                "last_update": 1789254757000,
                "name": "#00097-HELFENT (PARKING)",
                "number": 97,
                "status": "OPEN"
            },
            "type": "Feature"
        },
        {
            "geometry": {
                "coordinates": [
                    6.065794,
                    49.600592
                ],
                "type": "Point"
            },
            "properties": {
                "address": "CITY CONCORDE - Route de Longwy face n\u00b0 80 (City Concorde)",
                "available_bike_stands": 15,
                "available_bikes": 1,
                "banking": false,
                "bike_stands": 20,
                "bonus": false,
                "contract_name": "luxembourg",
                "last_update": 1789254748000,
                "name": "#00098-CITY CONCORDE",
                "number": 98,
                "status": "OPEN"
            },
            "type": "Feature"
        },
        {
            "geometry": {
                "coordinates": [
                    6.165165,
                    49.617566
                ],
                "type": "Point"
            },
            "properties": {
                "address": "CAMPUS CENTS - RUE L\u00c9ON KAUFFMAN/RUE ROBERT BRUCH",
                "available_bike_stands": 15,
                "available_bikes": 3,
                "banking": false,
                "bike_stands": 20,
                "bonus": false,
                "contract_name": "luxembourg",
                "last_update": 1789254612000,
                "name": "#00099-CAMPUS CENTS",
                "number": 99,
                "status": "OPEN"
            },
            "type": "Feature"
        },
        {
            "geometry": {
                "coordinates": [
                    6.140894,
                    49.619439
                ],
                "type": "Point"
            },
            "properties": {
                "address": "FORT NIEDERGR\u00dcNEWALD - RUE DU FORT NIEDERGR\u00dcNEWALD/KENNEDY",
                "available_bike_stands": 4,
                "available_bikes": 12,
                "banking": false,
                "bike_stands": 20,
                "bonus": false,
                "contract_name": "luxembourg",
                "last_update": 1789254730000,
                "name": "#00100-FORT NIEDERGR\u00dcNEWALD",
                "number": 100,
                "status": "OPEN"
            },
            "type": "Feature"
        },
        {
            "geometry": {
                "coordinates": [
                    6.133301,
                    49.628293
                ],
                "type": "Point"
            },
            "properties": {
                "address": "M\u00dcNCHEN-TESCH - RUE M\u00dcNCHEN-TESCH",
                "available_bike_stands": 14,
                "available_bikes": 4,
                "banking": false,
                "bike_stands": 20,
                "bonus": false,
                "contract_name": "luxembourg",
                "last_update": 1789254743000,
                "name": "#00101-M\u00dcNCHEN-TESCH",
                "number": 101,
                "status": "OPEN"
            },
            "type": "Feature"
        },
        {
            "geometry": {
                "coordinates": [
                    6.152463,
                    49.567771
                ],
                "type": "Point"
            },
            "properties": {
                "address": "FENTANGE HIEHL - RUE DE BETTEMBOURG DEVANT N\u00b075",
                "available_bike_stands": 2,
                "available_bikes": 12,
                "banking": false,
                "bike_stands": 14,
                "bonus": false,
                "contract_name": "luxembourg",
                "last_update": 1789254650000,
                "name": "#00102-FENTANGE HIEHL",
                "number": 102,
                "status": "OPEN"
            },
            "type": "Feature"
        },
        {
            "geometry": {
                "coordinates": [
                    6.163927,
                    49.568074
                ],
                "type": "Point"
            },
            "properties": {
                "address": "ALZINGEN G\u00c4SSEL - RUE DE L'ECOLE ANGLE RUE DE SYREN",
                "available_bike_stands": 4,
                "available_bikes": 9,
                "banking": false,
                "bike_stands": 15,
                "bonus": false,
                "contract_name": "luxembourg",
                "last_update": 1789254727000,
                "name": "#00103-ALZINGEN G\u00c4SSEL",
                "number": 103,
                "status": "OPEN"
            },
            "type": "Feature"
        },
        {
            "geometry": {
                "coordinates": [
                    6.171965,
                    49.58574
                ],
                "type": "Point"
            },
            "properties": {
                "address": "ITZIG VILLAGE/PLACE MANDERSCHEID - RUE DE HESP\u00c9RANGE N\u00b03",
                "available_bike_stands": 2,
                "available_bikes": 13,
                "banking": false,
                "bike_stands": 15,
                "bonus": false,
                "contract_name": "luxembourg",
                "last_update": 1789254693000,
                "name": "#00104-ITZIG VILLAGE/PLACE MANDERSCHEID",
                "number": 104,
                "status": "OPEN"
            },
            "type": "Feature"
        },
        {
            "geometry": {
                "coordinates": [
                    6.170123,
                    49.587633
                ],
                "type": "Point"
            },
            "properties": {
                "address": "ITZIG PLATEAU/HUBERTUSPAD - RUE DE LA LIB\u00c9RATION N\u00b028",
                "available_bike_stands": 7,
                "available_bikes": 5,
                "banking": false,
                "bike_stands": 14,
                "bonus": false,
                "contract_name": "luxembourg",
                "last_update": 1789254608000,
                "name": "#00105-ITZIG PLATEAU/HUBERTUSPAD",
                "number": 105,
                "status": "OPEN"
            },
            "type": "Feature"
        },
        {
            "geometry": {
                "coordinates": [
                    6.064291,
                    49.567305
                ],
                "type": "Point"
            },
            "properties": {
                "address": "CENTRE - RUE DU LAVOIR",
                "available_bike_stands": 9,
                "available_bikes": 5,
                "banking": false,
                "bike_stands": 15,
                "bonus": false,
                "contract_name": "luxembourg",
                "last_update": 1789254620000,
                "name": "#00106-LEUDELANGE CENTRE",
                "number": 106,
                "status": "OPEN"
            },
            "type": "Feature"
        },
        {
            "geometry": {
                "coordinates": [
                    6.05966,
                    49.586736
                ],
                "type": "Point"
            },
            "properties": {
                "address": "GARE - RUE DE LA GARE N\u00b0166",
                "available_bike_stands": 11,
                "available_bikes": 6,
                "banking": false,
                "bike_stands": 20,
                "bonus": false,
                "contract_name": "luxembourg",
                "last_update": 1789254609000,
                "name": "#00107-LEUDELANGE GARE",
                "number": 107,
                "status": "OPEN"
            },
            "type": "Feature"
        },
        {
            "geometry": {
                "coordinates": [
                    6.079436,
                    49.565477
                ],
                "type": "Point"
            },
            "properties": {
                "address": "EDELECK - RUE DE LUXEMBOURG / EDELECK",
                "available_bike_stands": 17,
                "available_bikes": 1,
                "banking": false,
                "bike_stands": 20,
                "bonus": false,
                "contract_name": "luxembourg",
                "last_update": 1789254572000,
                "name": "#00108-EDELECK",
                "number": 108,
                "status": "OPEN"
            },
            "type": "Feature"
        },
        {
            "geometry": {
                "coordinates": [
                    6.08175,
                    49.569178
                ],
                "type": "Point"
            },
            "properties": {
                "address": "FOYER - RUE L\u00c9ON LAVAL N\u00b021",
                "available_bike_stands": 12,
                "available_bikes": 3,
                "banking": false,
                "bike_stands": 15,
                "bonus": false,
                "contract_name": "luxembourg",
                "last_update": 1789254760000,
                "name": "#00109-FOYER",
                "number": 109,
                "status": "OPEN"
            },
            "type": "Feature"
        },
        {
            "geometry": {
                "coordinates": [
                    6.031948,
                    49.627159
                ],
                "type": "Point"
            },
            "properties": {
                "address": "Route d'Arlon x Rue de la Lib\u00e9ration",
                "available_bike_stands": 8,
                "available_bikes": 11,
                "banking": false,
                "bike_stands": 20,
                "bonus": false,
                "contract_name": "luxembourg",
                "last_update": 1789254553000,
                "name": "#00110-ROND-POINT GAASSCHTBIERG",
                "number": 110,
                "status": "OPEN"
            },
            "type": "Feature"
        },
        {
            "geometry": {
                "coordinates": [
                    6.024879,
                    49.623154
                ],
                "type": "Point"
            },
            "properties": {
                "address": "HALL SPORTIF NICOLAS FRANTZ - RUE DE BERTRANGE / HALL SPORTIF NICOLAS FRANTZ",
                "available_bike_stands": 9,
                "available_bikes": 10,
                "banking": false,
                "bike_stands": 20,
                "bonus": false,
                "contract_name": "luxembourg",
                "last_update": 1789254707000,
                "name": "#00111-HALL SPORTIF NICOLAS FRANTZ",
                "number": 111,
                "status": "OPEN"
            },
            "type": "Feature"
        },
        {
            "geometry": {
                "coordinates": [
                    6.022996,
                    49.62635
                ],
                "type": "Point"
            },
            "properties": {
                "address": "ADMINISTRATION COMMUNALE - RUE DE MARCH\u00c9 / PLACE DE L'IND\u00c9PENDANCE",
                "available_bike_stands": 8,
                "available_bikes": 9,
                "banking": false,
                "bike_stands": 20,
                "bonus": false,
                "contract_name": "luxembourg",
                "last_update": 1789254750000,
                "name": "#00112-PLACE DE L'INDEPENDANCE",
                "number": 112,
                "status": "OPEN"
            },
            "type": "Feature"
        },
        {
            "geometry": {
                "coordinates": [
                    6.017927,
                    49.629363
                ],
                "type": "Point"
            },
            "properties": {
                "address": "EDEMER - QUARTIER EDEMER / RUE D'ATH\u00c8NES / RUE DE PARIS",
                "available_bike_stands": 11,
                "available_bikes": 8,
                "banking": false,
                "bike_stands": 20,
                "bonus": false,
                "contract_name": "luxembourg",
                "last_update": 1789254737000,
                "name": "#00113-EDEMER",
                "number": 113,
                "status": "OPEN"
            },
            "type": "Feature"
        },
        {
            "geometry": {
                "coordinates": [
                    6.001651,
                    49.641375
                ],
                "type": "Point"
            },
            "properties": {
                "address": "ROND-POINT MOTEL - ROUTE D'ARLON N\u00b01 / ROUTE DE KOERICH",
                "available_bike_stands": 13,
                "available_bikes": 2,
                "banking": false,
                "bike_stands": 16,
                "bonus": false,
                "contract_name": "luxembourg",
                "last_update": 1789254601000,
                "name": "#00114-ROND-POINT MOTEL",
                "number": 114,
                "status": "OPEN"
            },
            "type": "Feature"
        },
        {
            "geometry": {
                "coordinates": [
                    5.987938,
                    49.645239
                ],
                "type": "Point"
            },
            "properties": {
                "address": "CENTRE CULTUREL CAP - ROUTE D'ARLON N\u00b049 / PLACE DE L'EGLISE",
                "available_bike_stands": 4,
                "available_bikes": 7,
                "banking": false,
                "bike_stands": 15,
                "bonus": false,
                "contract_name": "luxembourg",
                "last_update": 1789254470000,
                "name": "#00115-CENTRE CULTUREL CAP",
                "number": 115,
                "status": "OPEN"
            },
            "type": "Feature"
        },
        {
            "geometry": {
                "coordinates": [
                    6.225796,
                    49.649823
                ],
                "type": "Point"
            },
            "properties": {
                "address": "CHARLY'S STATION - RUE DE GR\u00dcNEWALD / CH\u00c2TEAU D'EAU \u00c0 2633 SENNINGERBERG",
                "available_bike_stands": 18,
                "available_bikes": 2,
                "banking": false,
                "bike_stands": 20,
                "bonus": false,
                "contract_name": "luxembourg",
                "last_update": 1789254555000,
                "name": "#00116-CHARLY'S STATION",
                "number": 116,
                "status": "OPEN"
            },
            "type": "Feature"
        },
        {
            "geometry": {
                "coordinates": [
                    6.245365,
                    49.65314
                ],
                "type": "Point"
            },
            "properties": {
                "address": "SYRDALL SCHWEMM - ROUTSCHEED N\u00b08",
                "available_bike_stands": 8,
                "available_bikes": 11,
                "banking": false,
                "bike_stands": 20,
                "bonus": false,
                "contract_name": "luxembourg",
                "last_update": 1789254716000,
                "name": "#00117-SYRDALL SCHWEMM",
                "number": 117,
                "status": "OPEN"
            },
            "type": "Feature"
        },
        {
            "geometry": {
                "coordinates": [
                    6.074244,
                    49.622956
                ],
                "type": "Point"
            },
            "properties": {
                "address": "Rue des Lavandes \u00e0 cot\u00e9 du n\u00b039B \u00e0 8022 STRASSEN",
                "available_bike_stands": 0,
                "available_bikes": 13,
                "banking": false,
                "bike_stands": 15,
                "bonus": false,
                "contract_name": "luxembourg",
                "last_update": 1789254603000,
                "name": "#00118-PESCHER 4",
                "number": 118,
                "status": "OPEN"
            },
            "type": "Feature"
        },
        {
            "geometry": {
                "coordinates": [
                    6.063326,
                    49.619953
                ],
                "type": "Point"
            },
            "properties": {
                "address": "RUE HENRI DUNANT \u00e0 cot\u00e9 du n\u00b045 \u00e0 8024 STRASSEN",
                "available_bike_stands": 11,
                "available_bikes": 3,
                "banking": false,
                "bike_stands": 15,
                "bonus": false,
                "contract_name": "luxembourg",
                "last_update": 1789254633000,
                "name": "#00119-RIEDGEN",
                "number": 119,
                "status": "OPEN"
            },
            "type": "Feature"
        },
        {
            "geometry": {
                "coordinates": [
                    6.045842,
                    49.60751
                ],
                "type": "Point"
            },
            "properties": {
                "address": "Rue des Platanes",
                "available_bike_stands": 10,
                "available_bikes": 5,
                "banking": false,
                "bike_stands": 15,
                "bonus": false,
                "contract_name": "luxembourg",
                "last_update": 1789254653000,
                "name": "#00120-A RILSPERT",
                "number": 120,
                "status": "OPEN"
            },
            "type": "Feature"
        },
        {
            "geometry": {
                "coordinates": [
                    6.047817,
                    49.617394
                ],
                "type": "Point"
            },
            "properties": {
                "address": "RUE KIEM/RUE DE MAMER",
                "available_bike_stands": 12,
                "available_bikes": 1,
                "banking": false,
                "bike_stands": 15,
                "bonus": false,
                "contract_name": "luxembourg",
                "last_update": 1789254579000,
                "name": "#00121-BARTRENG - RUE KIEM",
                "number": 121,
                "status": "OPEN"
            },
            "type": "Feature"
        },
        {
            "geometry": {
                "coordinates": [
                    6.05228,
                    49.604944
                ],
                "type": "Point"
            },
            "properties": {
                "address": "RUE DE LEUDELANGE",
                "available_bike_stands": 10,
                "available_bikes": 4,
                "banking": false,
                "bike_stands": 15,
                "bonus": false,
                "contract_name": "luxembourg",
                "last_update": 1789254692000,
                "name": "#00122-DICKS",
                "number": 122,
                "status": "OPEN"
            },
            "type": "Feature"
        },
        {
            "geometry": {
                "coordinates": [
                    6.051072,
                    49.62187
                ],
                "type": "Point"
            },
            "properties": {
                "address": "Route d'Arlon/Shopping Belle Etoile",
                "available_bike_stands": 17,
                "available_bikes": 1,
                "banking": false,
                "bike_stands": 20,
                "bonus": false,
                "contract_name": "luxembourg",
                "last_update": 1789254757000,
                "name": "#00123-BELLE ETOILE",
                "number": 123,
                "status": "OPEN"
            },
            "type": "Feature"
        },
        {
            "geometry": {
                "coordinates": [
                    6.058614,
                    49.616795
                ],
                "type": "Point"
            },
            "properties": {
                "address": "CIT\u00c9 RIEDGEN",
                "available_bike_stands": 13,
                "available_bikes": 2,
                "banking": false,
                "bike_stands": 15,
                "bonus": false,
                "contract_name": "luxembourg",
                "last_update": 1789254605000,
                "name": "#00124-BARTRENG - CITE RIEDGEN",
                "number": 124,
                "status": "OPEN"
            },
            "type": "Feature"
        },
        {
            "geometry": {
                "coordinates": [
                    5.992759,
                    49.644089
                ],
                "type": "Point"
            },
            "properties": {
                "address": "Route d'Arlon",
                "available_bike_stands": 13,
                "available_bikes": 2,
                "banking": false,
                "bike_stands": 15,
                "bonus": false,
                "contract_name": "luxembourg",
                "last_update": 1789254631000,
                "name": "#00125-POLICE CAPELLEN",
                "number": 125,
                "status": "OPEN"
            },
            "type": "Feature"
        },
        {
            "geometry": {
                "coordinates": [
                    5.993194,
                    49.615901
                ],
                "type": "Point"
            },
            "properties": {
                "address": "Route de Garnich 3",
                "available_bike_stands": 12,
                "available_bikes": 8,
                "banking": false,
                "bike_stands": 20,
                "bonus": false,
                "contract_name": "luxembourg",
                "last_update": 1789254725000,
                "name": "#00126-SALLES DES F\u00caTES HOLZEM",
                "number": 126,
                "status": "OPEN"
            },
            "type": "Feature"
        },
        {
            "geometry": {
                "coordinates": [
                    6.021562,
                    49.63189
                ],
                "type": "Point"
            },
            "properties": {
                "address": "Route d'Arlon 106",
                "available_bike_stands": 17,
                "available_bikes": 1,
                "banking": false,
                "bike_stands": 20,
                "bonus": false,
                "contract_name": "luxembourg",
                "last_update": 1789254697000,
                "name": "#00127-MAMBRA",
                "number": 127,
                "status": "OPEN"
            },
            "type": "Feature"
        },
        {
            "geometry": {
                "coordinates": [
                    6.020409,
                    49.625695
                ],
                "type": "Point"
            },
            "properties": {
                "address": "Rue de la Gare 2",
                "available_bike_stands": 17,
                "available_bikes": 3,
                "banking": false,
                "bike_stands": 20,
                "bonus": false,
                "contract_name": "luxembourg",
                "last_update": 1789254690000,
                "name": "#00128-GARE MAMER",
                "number": 128,
                "status": "OPEN"
            },
            "type": "Feature"
        },
        {
            "geometry": {
                "coordinates": [
                    5.982361,
                    49.638604
                ],
                "type": "Point"
            },
            "properties": {
                "address": "Rue de la Gare 106",
                "available_bike_stands": 12,
                "available_bikes": 7,
                "banking": false,
                "bike_stands": 20,
                "bonus": false,
                "contract_name": "luxembourg",
                "last_update": 1789254636000,
                "name": "#00129-GARE CAPELLEN",
                "number": 129,
                "status": "OPEN"
            },
            "type": "Feature"
        },
        {
            "geometry": {
                "coordinates": [
                    6.036232,
                    49.622397
                ],
                "type": "Point"
            },
            "properties": {
                "address": "Rue Gaston Thorn 4",
                "available_bike_stands": 10,
                "available_bikes": 9,
                "banking": false,
                "bike_stands": 20,
                "bonus": false,
                "contract_name": "luxembourg",
                "last_update": 1789254753000,
                "name": "#00130-LYC\u00c9E JOSY BARTEL MAMER",
                "number": 130,
                "status": "OPEN"
            },
            "type": "Feature"
        },
        {
            "geometry": {
                "coordinates": [
                    6.037591,
                    49.618073
                ],
                "type": "Point"
            },
            "properties": {
                "address": "Rue Gaston Thorn 6",
                "available_bike_stands": 16,
                "available_bikes": 3,
                "banking": false,
                "bike_stands": 20,
                "bonus": false,
                "contract_name": "luxembourg",
                "last_update": 1789254707000,
                "name": "#00131-EUROPASCHOUL MAMER",
                "number": 131,
                "status": "OPEN"
            },
            "type": "Feature"
        },
        {
            "geometry": {
                "coordinates": [
                    5.99179,
                    49.642519
                ],
                "type": "Point"
            },
            "properties": {
                "address": "Rannerwee 13",
                "available_bike_stands": 10,
                "available_bikes": 10,
                "banking": false,
                "bike_stands": 20,
                "bonus": false,
                "contract_name": "luxembourg",
                "last_update": 1789254746000,
                "name": "#00132-CENTRE DE TENNIS PAUL GL\u00dcCK",
                "number": 132,
                "status": "OPEN"
            },
            "type": "Feature"
        },
        {
            "geometry": {
                "coordinates": [
                    6.128075,
                    49.645359
                ],
                "type": "Point"
            },
            "properties": {
                "address": "En face de Rue Fran\u00e7ois-S\u00e9bastien Tinant 156",
                "available_bike_stands": 0,
                "available_bikes": 19,
                "banking": false,
                "bike_stands": 20,
                "bonus": false,
                "contract_name": "luxembourg",
                "last_update": 1789254742000,
                "name": "#00133-HALANZY",
                "number": 133,
                "status": "OPEN"
            },
            "type": "Feature"
        },
        {
            "geometry": {
                "coordinates": [
                    6.134279,
                    49.646906
                ],
                "type": "Point"
            },
            "properties": {
                "address": "Rue Henri Dunant x Rue de Bastogne",
                "available_bike_stands": 5,
                "available_bikes": 13,
                "banking": false,
                "bike_stands": 20,
                "bonus": false,
                "contract_name": "luxembourg",
                "last_update": 1789254760000,
                "name": "#00134-STADE HENRI-DUNANT",
                "number": 134,
                "status": "OPEN"
            },
            "type": "Feature"
        },
        {
            "geometry": {
                "coordinates": [
                    6.143717,
                    49.623341
                ],
                "type": "Point"
            },
            "properties": {
                "address": "Rue Charles-Leon Hammes x Bd Konrad Adenauer",
                "available_bike_stands": 13,
                "available_bikes": 4,
                "banking": false,
                "bike_stands": 20,
                "bonus": false,
                "contract_name": "luxembourg",
                "last_update": 1789254663000,
                "name": "#00135-HAMMES",
                "number": 135,
                "status": "OPEN"
            },
            "type": "Feature"
        },
        {
            "geometry": {
                "coordinates": [
                    6.136676,
                    49.633322
                ],
                "type": "Point"
            },
            "properties": {
                "address": "Rue Nennig",
                "available_bike_stands": 7,
                "available_bikes": 3,
                "banking": false,
                "bike_stands": 20,
                "bonus": false,
                "contract_name": "luxembourg",
                "last_update": 1789254500000,
                "name": "#00136-NENNIG",
                "number": 136,
                "status": "OPEN"
            },
            "type": "Feature"
        },
        {
            "geometry": {
                "coordinates": [
                    6.122404,
                    49.586766
                ],
                "type": "Point"
            },
            "properties": {
                "address": "PARC GASPERICH-RUE CHARLES DARWIN x RUE FRANCOIS HOGENBERG",
                "available_bike_stands": 14,
                "available_bikes": 5,
                "banking": false,
                "bike_stands": 20,
                "bonus": false,
                "contract_name": "luxembourg",
                "last_update": 1789254586000,
                "name": "#00137-PARC GASPERICH",
                "number": 137,
                "status": "OPEN"
            },
            "type": "Feature"
        },
        {
            "geometry": {
                "coordinates": [
                    6.241714,
                    49.659778
                ],
                "type": "Point"
            },
            "properties": {
                "address": "Rue d'Ernster 18",
                "available_bike_stands": 14,
                "available_bikes": 4,
                "banking": false,
                "bike_stands": 20,
                "bonus": false,
                "contract_name": "luxembourg",
                "last_update": 1789254731000,
                "name": "#00138-A SCHOMMESCH",
                "number": 138,
                "status": "OPEN"
            },
            "type": "Feature"
        },
        {
            "geometry": {
                "coordinates": [
                    6.231683,
                    49.657941
                ],
                "type": "Point"
            },
            "properties": {
                "address": "Rue de la Gare 9 x Place Charly 1",
                "available_bike_stands": 12,
                "available_bikes": 3,
                "banking": false,
                "bike_stands": 15,
                "bonus": false,
                "contract_name": "luxembourg",
                "last_update": 1789254616000,
                "name": "#00139-HUESCHTERT",
                "number": 139,
                "status": "OPEN"
            },
            "type": "Feature"
        },
        {
            "geometry": {
                "coordinates": [
                    6.255547,
                    49.651348
                ],
                "type": "Point"
            },
            "properties": {
                "address": "Route de Tr\u00e8ves 177 x Rue Laach",
                "available_bike_stands": 6,
                "available_bikes": 14,
                "banking": false,
                "bike_stands": 20,
                "bonus": false,
                "contract_name": "luxembourg",
                "last_update": 1789254688000,
                "name": "#00140-LAACH",
                "number": 140,
                "status": "OPEN"
            },
            "type": "Feature"
        },
        {
            "geometry": {
                "coordinates": [
                    6.127049,
                    49.653525
                ],
                "type": "Point"
            },
            "properties": {
                "address": "Route de Luxembourg 98",
                "available_bike_stands": 0,
                "available_bikes": 14,
                "banking": false,
                "bike_stands": 15,
                "bonus": false,
                "contract_name": "luxembourg",
                "last_update": 1789254625000,
                "name": "#00142-BERELER SCHOUL",
                "number": 142,
                "status": "OPEN"
            },
            "type": "Feature"
        },
        {
            "geometry": {
                "coordinates": [
                    6.130167,
                    49.658862
                ],
                "type": "Point"
            },
            "properties": {
                "address": "Pl. de la Mairie",
                "available_bike_stands": 1,
                "available_bikes": 17,
                "banking": false,
                "bike_stands": 20,
                "bonus": false,
                "contract_name": "luxembourg",
                "last_update": 1789254675000,
                "name": "#00143-MAIRIE DE WALFERDANGE",
                "number": 143,
                "status": "OPEN"
            },
            "type": "Feature"
        },
        {
            "geometry": {
                "coordinates": [
                    6.135785,
                    49.66151
                ],
                "type": "Point"
            },
            "properties": {
                "address": "Rue de la Gare 19 - Terminus Bus",
                "available_bike_stands": 1,
                "available_bikes": 10,
                "banking": false,
                "bike_stands": 15,
                "bonus": false,
                "contract_name": "luxembourg",
                "last_update": 1789254738000,
                "name": "#00144-WALFERDANGE GARE",
                "number": 144,
                "status": "OPEN"
            },
            "type": "Feature"
        },
        {
            "geometry": {
                "coordinates": [
                    6.131494,
                    49.580898
                ],
                "type": "Point"
            },
            "properties": {
                "address": "Bd Friedrich Wilhelm Raiffeisen",
                "available_bike_stands": 18,
                "available_bikes": 0,
                "banking": false,
                "bike_stands": 20,
                "bonus": false,
                "contract_name": "luxembourg",
                "last_update": 1789254584000,
                "name": "#00145-P\u00d4LE D'\u00c9CHANGE HOWALD",
                "number": 145,
                "status": "OPEN"
            },
            "type": "Feature"
        },
        {
            "geometry": {
                "coordinates": [
                    6.110465,
                    49.57681
                ],
                "type": "Point"
            },
            "properties": {
                "address": "Route d'Esch",
                "available_bike_stands": 16,
                "available_bikes": 8,
                "banking": false,
                "bike_stands": 25,
                "bonus": false,
                "contract_name": "luxembourg",
                "last_update": 1789254688000,
                "name": "#00146-STADE DE LUXEMBOURG",
                "number": 146,
                "status": "OPEN"
            },
            "type": "Feature"
        },
        {
            "geometry": {
                "coordinates": [
                    6.1411026,
                    49.6051104
                ],
                "type": "Point"
            },
            "properties": {
                "address": "Rue Auguste Lumi\u00e8re 17",
                "available_bike_stands": 9,
                "available_bikes": 4,
                "banking": false,
                "bike_stands": 15,
                "bonus": false,
                "contract_name": "luxembourg",
                "last_update": 1789254601000,
                "name": "#00147-VERLUEREKASCHT",
                "number": 147,
                "status": "OPEN"
            },
            "type": "Feature"
        },
        {
            "geometry": {
                "coordinates": [
                    6.05420384349982,
                    49.6168333870108
                ],
                "type": "Point"
            },
            "properties": {
                "address": "DEPOT CYCLO - Rue des Romains 209 \u00e0 8041 Bertrange",
                "available_bike_stands": 3,
                "available_bikes": 0,
                "banking": false,
                "bike_stands": 4,
                "bonus": false,
                "contract_name": "luxembourg",
                "last_update": 1789254587000,
                "name": "BORNE ATELIER LUX",
                "number": 65009,
                "status": "OPEN"
            },
            "type": "Feature"
        }
    ],
    "type": "FeatureCollection"
}