{
    "features": [
        {
            "geometry": {
                "coordinates": [
                    -75.16423,
                    39.95371
                ],
                "type": "Point"
            },
            "properties": {
                "address": "1401 John F. Kennedy Blvd.",
                "name": "Municipal Services Building Plaza",
                "rental_uris": {
                    "android": "https://www.bcycle.com/applink?system_id=bcycle_indego&station_id=bcycle_indego_3004&platform=android",
                    "ios": "https://www.bcycle.com/applink?system_id=bcycle_indego&station_id=bcycle_indego_3004&platform=iOS"
                },
                "station_id": "bcycle_indego_3004"
            },
            "type": "Feature"
        },
        {
            "geometry": {
                "coordinates": [
                    -75.14403,
                    39.94733
                ],
                "type": "Point"
            },
            "properties": {
                "address": "191 S. 2nd St.",
                "name": "Welcome Park, NPS",
                "rental_uris": {
                    "android": "https://www.bcycle.com/applink?system_id=bcycle_indego&station_id=bcycle_indego_3005&platform=android",
                    "ios": "https://www.bcycle.com/applink?system_id=bcycle_indego&station_id=bcycle_indego_3005&platform=iOS"
                },
                "station_id": "bcycle_indego_3005"
            },
            "type": "Feature"
        },
        {
            "geometry": {
                "coordinates": [
                    -75.20311,
                    39.9522
                ],
                "type": "Point"
            },
            "properties": {
                "address": "246 S. 40th St.",
                "name": "40th & Spruce",
                "rental_uris": {
                    "android": "https://www.bcycle.com/applink?system_id=bcycle_indego&station_id=bcycle_indego_3006&platform=android",
                    "ios": "https://www.bcycle.com/applink?system_id=bcycle_indego&station_id=bcycle_indego_3006&platform=iOS"
                },
                "station_id": "bcycle_indego_3006"
            },
            "type": "Feature"
        },
        {
            "geometry": {
                "coordinates": [
                    -75.15993,
                    39.94517
                ],
                "type": "Point"
            },
            "properties": {
                "address": "328 S. 11th St.",
                "name": "11th & Pine, Kahn Park",
                "rental_uris": {
                    "android": "https://www.bcycle.com/applink?system_id=bcycle_indego&station_id=bcycle_indego_3007&platform=android",
                    "ios": "https://www.bcycle.com/applink?system_id=bcycle_indego&station_id=bcycle_indego_3007&platform=iOS"
                },
                "station_id": "bcycle_indego_3007"
            },
            "type": "Feature"
        },
        {
            "geometry": {
                "coordinates": [
                    -75.15067,
                    39.98081
                ],
                "type": "Point"
            },
            "properties": {
                "address": "1076 Berks Street",
                "name": "Temple University Station",
                "rental_uris": {
                    "android": "https://www.bcycle.com/applink?system_id=bcycle_indego&station_id=bcycle_indego_3008&platform=android",
                    "ios": "https://www.bcycle.com/applink?system_id=bcycle_indego&station_id=bcycle_indego_3008&platform=iOS"
                },
                "station_id": "bcycle_indego_3008"
            },
            "type": "Feature"
        },
        {
            "geometry": {
                "coordinates": [
                    -75.18982,
                    39.95576
                ],
                "type": "Point"
            },
            "properties": {
                "address": "3318 Market St.",
                "name": "33rd & Market",
                "rental_uris": {
                    "android": "https://www.bcycle.com/applink?system_id=bcycle_indego&station_id=bcycle_indego_3009&platform=android",
                    "ios": "https://www.bcycle.com/applink?system_id=bcycle_indego&station_id=bcycle_indego_3009&platform=iOS"
                },
                "station_id": "bcycle_indego_3009"
            },
            "type": "Feature"
        },
        {
            "geometry": {
                "coordinates": [
                    -75.16618,
                    39.94711
                ],
                "type": "Point"
            },
            "properties": {
                "address": "1483 Spruce St.",
                "name": "15th & Spruce",
                "rental_uris": {
                    "android": "https://www.bcycle.com/applink?system_id=bcycle_indego&station_id=bcycle_indego_3010&platform=android",
                    "ios": "https://www.bcycle.com/applink?system_id=bcycle_indego&station_id=bcycle_indego_3010&platform=iOS"
                },
                "station_id": "bcycle_indego_3010"
            },
            "type": "Feature"
        },
        {
            "geometry": {
                "coordinates": [
                    -75.17747,
                    39.94218
                ],
                "type": "Point"
            },
            "properties": {
                "address": "807 S. 21st St.",
                "name": "21st & Catharine",
                "rental_uris": {
                    "android": "https://www.bcycle.com/applink?system_id=bcycle_indego&station_id=bcycle_indego_3012&platform=android",
                    "ios": "https://www.bcycle.com/applink?system_id=bcycle_indego&station_id=bcycle_indego_3012&platform=iOS"
                },
                "station_id": "bcycle_indego_3012"
            },
            "type": "Feature"
        },
        {
            "geometry": {
                "coordinates": [
                    -75.17369,
                    39.95886
                ],
                "type": "Point"
            },
            "properties": {
                "address": "2090 Winter St.",
                "name": "21st & Winter, Franklin Institute",
                "rental_uris": {
                    "android": "https://www.bcycle.com/applink?system_id=bcycle_indego&station_id=bcycle_indego_3014&platform=android",
                    "ios": "https://www.bcycle.com/applink?system_id=bcycle_indego&station_id=bcycle_indego_3014&platform=iOS"
                },
                "station_id": "bcycle_indego_3014"
            },
            "type": "Feature"
        },
        {
            "geometry": {
                "coordinates": [
                    -75.14886,
                    39.94735
                ],
                "type": "Point"
            },
            "properties": {
                "address": "422 Walnut St.",
                "name": "4th & Walnut, NPS",
                "rental_uris": {
                    "android": "https://www.bcycle.com/applink?system_id=bcycle_indego&station_id=bcycle_indego_3015&platform=android",
                    "ios": "https://www.bcycle.com/applink?system_id=bcycle_indego&station_id=bcycle_indego_3015&platform=iOS"
                },
                "station_id": "bcycle_indego_3015"
            },
            "type": "Feature"
        },
        {
            "geometry": {
                "coordinates": [
                    -75.1547,
                    39.96892
                ],
                "type": "Point"
            },
            "properties": {
                "address": "1100 Poplar St.",
                "name": "11th & Poplar, John F. Street Community Center",
                "rental_uris": {
                    "android": "https://www.bcycle.com/applink?system_id=bcycle_indego&station_id=bcycle_indego_3016&platform=android",
                    "ios": "https://www.bcycle.com/applink?system_id=bcycle_indego&station_id=bcycle_indego_3016&platform=iOS"
                },
                "station_id": "bcycle_indego_3016"
            },
            "type": "Feature"
        },
        {
            "geometry": {
                "coordinates": [
                    -75.14371,
                    39.98003
                ],
                "type": "Point"
            },
            "properties": {
                "address": "527 W. Berks St.",
                "name": "6th & Berks",
                "rental_uris": {
                    "android": "https://www.bcycle.com/applink?system_id=bcycle_indego&station_id=bcycle_indego_3017&platform=android",
                    "ios": "https://www.bcycle.com/applink?system_id=bcycle_indego&station_id=bcycle_indego_3017&platform=iOS"
                },
                "station_id": "bcycle_indego_3017"
            },
            "type": "Feature"
        },
        {
            "geometry": {
                "coordinates": [
                    -75.15979,
                    39.95273
                ],
                "type": "Point"
            },
            "properties": {
                "address": "1200 Filbert St.",
                "name": "12th & Filbert",
                "rental_uris": {
                    "android": "https://www.bcycle.com/applink?system_id=bcycle_indego&station_id=bcycle_indego_3018&platform=android",
                    "ios": "https://www.bcycle.com/applink?system_id=bcycle_indego&station_id=bcycle_indego_3018&platform=iOS"
                },
                "station_id": "bcycle_indego_3018"
            },
            "type": "Feature"
        },
        {
            "geometry": {
                "coordinates": [
                    -75.14983,
                    39.95403
                ],
                "type": "Point"
            },
            "properties": {
                "address": "160 N. 6th St.",
                "name": "6th & Race",
                "rental_uris": {
                    "android": "https://www.bcycle.com/applink?system_id=bcycle_indego&station_id=bcycle_indego_3019&platform=android",
                    "ios": "https://www.bcycle.com/applink?system_id=bcycle_indego&station_id=bcycle_indego_3019&platform=iOS"
                },
                "station_id": "bcycle_indego_3019"
            },
            "type": "Feature"
        },
        {
            "geometry": {
                "coordinates": [
                    -75.19007,
                    39.94855
                ],
                "type": "Point"
            },
            "properties": {
                "address": "3051 South St.",
                "name": "University City Station",
                "rental_uris": {
                    "android": "https://www.bcycle.com/applink?system_id=bcycle_indego&station_id=bcycle_indego_3020&platform=android",
                    "ios": "https://www.bcycle.com/applink?system_id=bcycle_indego&station_id=bcycle_indego_3020&platform=iOS"
                },
                "station_id": "bcycle_indego_3020"
            },
            "type": "Feature"
        },
        {
            "geometry": {
                "coordinates": [
                    -75.16902,
                    39.9539
                ],
                "type": "Point"
            },
            "properties": {
                "address": "1750 John F. Kennedy Blvd.",
                "name": "18th & JFK",
                "rental_uris": {
                    "android": "https://www.bcycle.com/applink?system_id=bcycle_indego&station_id=bcycle_indego_3021&platform=android",
                    "ios": "https://www.bcycle.com/applink?system_id=bcycle_indego&station_id=bcycle_indego_3021&platform=iOS"
                },
                "station_id": "bcycle_indego_3021"
            },
            "type": "Feature"
        },
        {
            "geometry": {
                "coordinates": [
                    -75.18323,
                    39.95472
                ],
                "type": "Point"
            },
            "properties": {
                "address": "2933 Market Street",
                "name": "Amtrak 30th Street Station",
                "rental_uris": {
                    "android": "https://www.bcycle.com/applink?system_id=bcycle_indego&station_id=bcycle_indego_3022&platform=android",
                    "ios": "https://www.bcycle.com/applink?system_id=bcycle_indego&station_id=bcycle_indego_3022&platform=iOS"
                },
                "station_id": "bcycle_indego_3022"
            },
            "type": "Feature"
        },
        {
            "geometry": {
                "coordinates": [
                    -75.20908,
                    39.94822
                ],
                "type": "Point"
            },
            "properties": {
                "address": "598 S. 43rd St.",
                "name": "43rd & Chester, Clark Park",
                "rental_uris": {
                    "android": "https://www.bcycle.com/applink?system_id=bcycle_indego&station_id=bcycle_indego_3024&platform=android",
                    "ios": "https://www.bcycle.com/applink?system_id=bcycle_indego&station_id=bcycle_indego_3024&platform=iOS"
                },
                "station_id": "bcycle_indego_3024"
            },
            "type": "Feature"
        },
        {
            "geometry": {
                "coordinates": [
                    -75.1612,
                    39.93724
                ],
                "type": "Point"
            },
            "properties": {
                "address": "1084 Washington Ave.",
                "name": "11th & Washington",
                "rental_uris": {
                    "android": "https://www.bcycle.com/applink?system_id=bcycle_indego&station_id=bcycle_indego_3025&platform=android",
                    "ios": "https://www.bcycle.com/applink?system_id=bcycle_indego&station_id=bcycle_indego_3025&platform=iOS"
                },
                "station_id": "bcycle_indego_3025"
            },
            "type": "Feature"
        },
        {
            "geometry": {
                "coordinates": [
                    -75.1455,
                    39.94182
                ],
                "type": "Point"
            },
            "properties": {
                "address": "509 S 2nd St.",
                "name": "2nd & Lombard",
                "rental_uris": {
                    "android": "https://www.bcycle.com/applink?system_id=bcycle_indego&station_id=bcycle_indego_3026&platform=android",
                    "ios": "https://www.bcycle.com/applink?system_id=bcycle_indego&station_id=bcycle_indego_3026&platform=iOS"
                },
                "station_id": "bcycle_indego_3026"
            },
            "type": "Feature"
        },
        {
            "geometry": {
                "coordinates": [
                    -75.14958,
                    39.94061
                ],
                "type": "Point"
            },
            "properties": {
                "address": "404 Bainbridge St.",
                "name": "4th & Bainbridge",
                "rental_uris": {
                    "android": "https://www.bcycle.com/applink?system_id=bcycle_indego&station_id=bcycle_indego_3028&platform=android",
                    "ios": "https://www.bcycle.com/applink?system_id=bcycle_indego&station_id=bcycle_indego_3028&platform=iOS"
                },
                "station_id": "bcycle_indego_3028"
            },
            "type": "Feature"
        },
        {
            "geometry": {
                "coordinates": [
                    -75.19479,
                    39.9538
                ],
                "type": "Point"
            },
            "properties": {
                "address": "125 S. 36th St.",
                "name": "36th & Sansom",
                "rental_uris": {
                    "android": "https://www.bcycle.com/applink?system_id=bcycle_indego&station_id=bcycle_indego_3029&platform=android",
                    "ios": "https://www.bcycle.com/applink?system_id=bcycle_indego&station_id=bcycle_indego_3029&platform=iOS"
                },
                "station_id": "bcycle_indego_3029"
            },
            "type": "Feature"
        },
        {
            "geometry": {
                "coordinates": [
                    -75.15522,
                    39.98005
                ],
                "type": "Point"
            },
            "properties": {
                "address": "1284 W. Montgomery Ave.",
                "name": "13th & Montgomery",
                "rental_uris": {
                    "android": "https://www.bcycle.com/applink?system_id=bcycle_indego&station_id=bcycle_indego_3031&platform=android",
                    "ios": "https://www.bcycle.com/applink?system_id=bcycle_indego&station_id=bcycle_indego_3031&platform=iOS"
                },
                "station_id": "bcycle_indego_3031"
            },
            "type": "Feature"
        },
        {
            "geometry": {
                "coordinates": [
                    -75.17971,
                    39.94527
                ],
                "type": "Point"
            },
            "properties": {
                "address": "671 S. 23rd St.",
                "name": "23rd & South",
                "rental_uris": {
                    "android": "https://www.bcycle.com/applink?system_id=bcycle_indego&station_id=bcycle_indego_3032&platform=android",
                    "ios": "https://www.bcycle.com/applink?system_id=bcycle_indego&station_id=bcycle_indego_3032&platform=iOS"
                },
                "station_id": "bcycle_indego_3032"
            },
            "type": "Feature"
        },
        {
            "geometry": {
                "coordinates": [
                    -75.15672,
                    39.95005
                ],
                "type": "Point"
            },
            "properties": {
                "address": "921 Chestnut St.",
                "name": "10th & Chestnut",
                "rental_uris": {
                    "android": "https://www.bcycle.com/applink?system_id=bcycle_indego&station_id=bcycle_indego_3033&platform=android",
                    "ios": "https://www.bcycle.com/applink?system_id=bcycle_indego&station_id=bcycle_indego_3033&platform=iOS"
                },
                "station_id": "bcycle_indego_3033"
            },
            "type": "Feature"
        },
        {
            "geometry": {
                "coordinates": [
                    -75.16248,
                    39.93315
                ],
                "type": "Point"
            },
            "properties": {
                "address": "1300 S. 11th Street",
                "name": "11th & Reed",
                "rental_uris": {
                    "android": "https://www.bcycle.com/applink?system_id=bcycle_indego&station_id=bcycle_indego_3034&platform=android",
                    "ios": "https://www.bcycle.com/applink?system_id=bcycle_indego&station_id=bcycle_indego_3034&platform=iOS"
                },
                "station_id": "bcycle_indego_3034"
            },
            "type": "Feature"
        },
        {
            "geometry": {
                "coordinates": [
                    -75.19419,
                    39.96271
                ],
                "type": "Point"
            },
            "properties": {
                "address": "3599 Spring Garden",
                "name": "Dornsife Center",
                "rental_uris": {
                    "android": "https://www.bcycle.com/applink?system_id=bcycle_indego&station_id=bcycle_indego_3035&platform=android",
                    "ios": "https://www.bcycle.com/applink?system_id=bcycle_indego&station_id=bcycle_indego_3035&platform=iOS"
                },
                "station_id": "bcycle_indego_3035"
            },
            "type": "Feature"
        },
        {
            "geometry": {
                "coordinates": [
                    -75.16138,
                    39.95424
                ],
                "type": "Point"
            },
            "properties": {
                "address": "1321 Arch St.",
                "name": "Pennsylvania Convention Center",
                "rental_uris": {
                    "android": "https://www.bcycle.com/applink?system_id=bcycle_indego&station_id=bcycle_indego_3037&platform=android",
                    "ios": "https://www.bcycle.com/applink?system_id=bcycle_indego&station_id=bcycle_indego_3037&platform=iOS"
                },
                "station_id": "bcycle_indego_3037"
            },
            "type": "Feature"
        },
        {
            "geometry": {
                "coordinates": [
                    -75.19409,
                    39.94781
                ],
                "type": "Point"
            },
            "properties": {
                "address": "3499 Civic Center Blvd.",
                "name": "The Children's Hospital of Philadelphia (CHOP)",
                "rental_uris": {
                    "android": "https://www.bcycle.com/applink?system_id=bcycle_indego&station_id=bcycle_indego_3038&platform=android",
                    "ios": "https://www.bcycle.com/applink?system_id=bcycle_indego&station_id=bcycle_indego_3038&platform=iOS"
                },
                "station_id": "bcycle_indego_3038"
            },
            "type": "Feature"
        },
        {
            "geometry": {
                "coordinates": [
                    -75.15993,
                    39.97157
                ],
                "type": "Point"
            },
            "properties": {
                "address": "922 N. Broad St.",
                "name": "Broad & Girard",
                "rental_uris": {
                    "android": "https://www.bcycle.com/applink?system_id=bcycle_indego&station_id=bcycle_indego_3039&platform=android",
                    "ios": "https://www.bcycle.com/applink?system_id=bcycle_indego&station_id=bcycle_indego_3039&platform=iOS"
                },
                "station_id": "bcycle_indego_3039"
            },
            "type": "Feature"
        },
        {
            "geometry": {
                "coordinates": [
                    -75.16606,
                    39.96289
                ],
                "type": "Point"
            },
            "properties": {
                "address": "1684 Spring Garden St.",
                "name": "17th & Spring Garden",
                "rental_uris": {
                    "android": "https://www.bcycle.com/applink?system_id=bcycle_indego&station_id=bcycle_indego_3040&platform=android",
                    "ios": "https://www.bcycle.com/applink?system_id=bcycle_indego&station_id=bcycle_indego_3040&platform=iOS"
                },
                "station_id": "bcycle_indego_3040"
            },
            "type": "Feature"
        },
        {
            "geometry": {
                "coordinates": [
                    -75.13546,
                    39.96849
                ],
                "type": "Point"
            },
            "properties": {
                "address": "1176 Leopard Ave.",
                "name": "Girard Station, MFL",
                "rental_uris": {
                    "android": "https://www.bcycle.com/applink?system_id=bcycle_indego&station_id=bcycle_indego_3041&platform=android",
                    "ios": "https://www.bcycle.com/applink?system_id=bcycle_indego&station_id=bcycle_indego_3041&platform=iOS"
                },
                "station_id": "bcycle_indego_3041"
            },
            "type": "Feature"
        },
        {
            "geometry": {
                "coordinates": [
                    -75.14947,
                    39.95073
                ],
                "type": "Point"
            },
            "properties": {
                "address": "519 Market St.",
                "name": "Independence Mall, NPS",
                "rental_uris": {
                    "android": "https://www.bcycle.com/applink?system_id=bcycle_indego&station_id=bcycle_indego_3047&platform=android",
                    "ios": "https://www.bcycle.com/applink?system_id=bcycle_indego&station_id=bcycle_indego_3047&platform=iOS"
                },
                "station_id": "bcycle_indego_3047"
            },
            "type": "Feature"
        },
        {
            "geometry": {
                "coordinates": [
                    -75.1425,
                    39.94509
                ],
                "type": "Point"
            },
            "properties": {
                "address": "3 Dock St.",
                "name": "Foglietta Plaza",
                "rental_uris": {
                    "android": "https://www.bcycle.com/applink?system_id=bcycle_indego&station_id=bcycle_indego_3049&platform=android",
                    "ios": "https://www.bcycle.com/applink?system_id=bcycle_indego&station_id=bcycle_indego_3049&platform=iOS"
                },
                "station_id": "bcycle_indego_3049"
            },
            "type": "Feature"
        },
        {
            "geometry": {
                "coordinates": [
                    -75.17507,
                    39.96744
                ],
                "type": "Point"
            },
            "properties": {
                "address": "2237 Fairmount Ave.",
                "name": "23rd & Fairmount",
                "rental_uris": {
                    "android": "https://www.bcycle.com/applink?system_id=bcycle_indego&station_id=bcycle_indego_3051&platform=android",
                    "ios": "https://www.bcycle.com/applink?system_id=bcycle_indego&station_id=bcycle_indego_3051&platform=iOS"
                },
                "station_id": "bcycle_indego_3051"
            },
            "type": "Feature"
        },
        {
            "geometry": {
                "coordinates": [
                    -75.15695,
                    39.94732
                ],
                "type": "Point"
            },
            "properties": {
                "address": "923 Locust St.",
                "name": "9th & Locust",
                "rental_uris": {
                    "android": "https://www.bcycle.com/applink?system_id=bcycle_indego&station_id=bcycle_indego_3052&platform=android",
                    "ios": "https://www.bcycle.com/applink?system_id=bcycle_indego&station_id=bcycle_indego_3052&platform=iOS"
                },
                "station_id": "bcycle_indego_3052"
            },
            "type": "Feature"
        },
        {
            "geometry": {
                "coordinates": [
                    -75.18154,
                    39.93231
                ],
                "type": "Point"
            },
            "properties": {
                "address": "1575 Point Breeze Ave.",
                "name": "Point Breeze & Tasker",
                "rental_uris": {
                    "android": "https://www.bcycle.com/applink?system_id=bcycle_indego&station_id=bcycle_indego_3053&platform=android",
                    "ios": "https://www.bcycle.com/applink?system_id=bcycle_indego&station_id=bcycle_indego_3053&platform=iOS"
                },
                "station_id": "bcycle_indego_3053"
            },
            "type": "Feature"
        },
        {
            "geometry": {
                "coordinates": [
                    -75.1742,
                    39.9625
                ],
                "type": "Point"
            },
            "properties": {
                "address": "2170 Hamilton St.",
                "name": "Rodin Museum",
                "rental_uris": {
                    "android": "https://www.bcycle.com/applink?system_id=bcycle_indego&station_id=bcycle_indego_3054&platform=android",
                    "ios": "https://www.bcycle.com/applink?system_id=bcycle_indego&station_id=bcycle_indego_3054&platform=iOS"
                },
                "station_id": "bcycle_indego_3054"
            },
            "type": "Feature"
        },
        {
            "geometry": {
                "coordinates": [
                    -75.15457,
                    39.95112
                ],
                "type": "Point"
            },
            "properties": {
                "address": "834 Market St.",
                "name": "8th & Market",
                "rental_uris": {
                    "android": "https://www.bcycle.com/applink?system_id=bcycle_indego&station_id=bcycle_indego_3055&platform=android",
                    "ios": "https://www.bcycle.com/applink?system_id=bcycle_indego&station_id=bcycle_indego_3055&platform=iOS"
                },
                "station_id": "bcycle_indego_3055"
            },
            "type": "Feature"
        },
        {
            "geometry": {
                "coordinates": [
                    -75.15813,
                    39.97669
                ],
                "type": "Point"
            },
            "properties": {
                "address": "1501 N. Broad St.",
                "name": "Broad & Oxford",
                "rental_uris": {
                    "android": "https://www.bcycle.com/applink?system_id=bcycle_indego&station_id=bcycle_indego_3056&platform=android",
                    "ios": "https://www.bcycle.com/applink?system_id=bcycle_indego&station_id=bcycle_indego_3056&platform=iOS"
                },
                "station_id": "bcycle_indego_3056"
            },
            "type": "Feature"
        },
        {
            "geometry": {
                "coordinates": [
                    -75.17987,
                    39.96439
                ],
                "type": "Point"
            },
            "properties": {
                "address": "2600 Benjamin Franklin Pkwy",
                "name": "Philadelphia Museum of Art",
                "rental_uris": {
                    "android": "https://www.bcycle.com/applink?system_id=bcycle_indego&station_id=bcycle_indego_3057&platform=android",
                    "ios": "https://www.bcycle.com/applink?system_id=bcycle_indego&station_id=bcycle_indego_3057&platform=iOS"
                },
                "station_id": "bcycle_indego_3057"
            },
            "type": "Feature"
        },
        {
            "geometry": {
                "coordinates": [
                    -75.16121,
                    39.96244
                ],
                "type": "Point"
            },
            "properties": {
                "address": "1415 Spring Garden St.",
                "name": "Spring Garden Station, BSL",
                "rental_uris": {
                    "android": "https://www.bcycle.com/applink?system_id=bcycle_indego&station_id=bcycle_indego_3059&platform=android",
                    "ios": "https://www.bcycle.com/applink?system_id=bcycle_indego&station_id=bcycle_indego_3059&platform=iOS"
                },
                "station_id": "bcycle_indego_3059"
            },
            "type": "Feature"
        },
        {
            "geometry": {
                "coordinates": [
                    -75.17036,
                    39.95923
                ],
                "type": "Point"
            },
            "properties": {
                "address": "302 N. 19th St.",
                "name": "Free Library of Philadelphia - Central Library",
                "rental_uris": {
                    "android": "https://www.bcycle.com/applink?system_id=bcycle_indego&station_id=bcycle_indego_3060&platform=android",
                    "ios": "https://www.bcycle.com/applink?system_id=bcycle_indego&station_id=bcycle_indego_3060&platform=iOS"
                },
                "station_id": "bcycle_indego_3060"
            },
            "type": "Feature"
        },
        {
            "geometry": {
                "coordinates": [
                    -75.1698,
                    39.94633
                ],
                "type": "Point"
            },
            "properties": {
                "address": "391  S. 17th St.",
                "name": "17th & Pine",
                "rental_uris": {
                    "android": "https://www.bcycle.com/applink?system_id=bcycle_indego&station_id=bcycle_indego_3063&platform=android",
                    "ios": "https://www.bcycle.com/applink?system_id=bcycle_indego&station_id=bcycle_indego_3063&platform=iOS"
                },
                "station_id": "bcycle_indego_3063"
            },
            "type": "Feature"
        },
        {
            "geometry": {
                "coordinates": [
                    -75.17327,
                    39.9384
                ],
                "type": "Point"
            },
            "properties": {
                "address": "1800 Washington Ave.",
                "name": "18th & Washington, Chew Playground",
                "rental_uris": {
                    "android": "https://www.bcycle.com/applink?system_id=bcycle_indego&station_id=bcycle_indego_3064&platform=android",
                    "ios": "https://www.bcycle.com/applink?system_id=bcycle_indego&station_id=bcycle_indego_3064&platform=iOS"
                },
                "station_id": "bcycle_indego_3064"
            },
            "type": "Feature"
        },
        {
            "geometry": {
                "coordinates": [
                    -75.15171,
                    39.9707
                ],
                "type": "Point"
            },
            "properties": {
                "address": "915 W. Girard Ave.",
                "name": "Girard & Hutchinson",
                "rental_uris": {
                    "android": "https://www.bcycle.com/applink?system_id=bcycle_indego&station_id=bcycle_indego_3065&platform=android",
                    "ios": "https://www.bcycle.com/applink?system_id=bcycle_indego&station_id=bcycle_indego_3065&platform=iOS"
                },
                "station_id": "bcycle_indego_3065"
            },
            "type": "Feature"
        },
        {
            "geometry": {
                "coordinates": [
                    -75.17348,
                    39.94561
                ],
                "type": "Point"
            },
            "properties": {
                "address": "1910 Lombard St.",
                "name": "19th & Lombard",
                "rental_uris": {
                    "android": "https://www.bcycle.com/applink?system_id=bcycle_indego&station_id=bcycle_indego_3066&platform=android",
                    "ios": "https://www.bcycle.com/applink?system_id=bcycle_indego&station_id=bcycle_indego_3066&platform=iOS"
                },
                "station_id": "bcycle_indego_3066"
            },
            "type": "Feature"
        },
        {
            "geometry": {
                "coordinates": [
                    -75.19973,
                    39.96411
                ],
                "type": "Point"
            },
            "properties": {
                "address": "631 N. 39th St.",
                "name": "39th & Mt. Vernon, Mantua Haverford Community Center",
                "rental_uris": {
                    "android": "https://www.bcycle.com/applink?system_id=bcycle_indego&station_id=bcycle_indego_3067&platform=android",
                    "ios": "https://www.bcycle.com/applink?system_id=bcycle_indego&station_id=bcycle_indego_3067&platform=iOS"
                },
                "station_id": "bcycle_indego_3067"
            },
            "type": "Feature"
        },
        {
            "geometry": {
                "coordinates": [
                    -75.16711,
                    39.93549
                ],
                "type": "Point"
            },
            "properties": {
                "address": "1201 S. Broad St.",
                "name": "Broad & Federal",
                "rental_uris": {
                    "android": "https://www.bcycle.com/applink?system_id=bcycle_indego&station_id=bcycle_indego_3068&platform=android",
                    "ios": "https://www.bcycle.com/applink?system_id=bcycle_indego&station_id=bcycle_indego_3068&platform=iOS"
                },
                "station_id": "bcycle_indego_3068"
            },
            "type": "Feature"
        },
        {
            "geometry": {
                "coordinates": [
                    -75.15038,
                    39.93704
                ],
                "type": "Point"
            },
            "properties": {
                "address": "403 Christian St.",
                "name": "4th & Christian",
                "rental_uris": {
                    "android": "https://www.bcycle.com/applink?system_id=bcycle_indego&station_id=bcycle_indego_3069&platform=android",
                    "ios": "https://www.bcycle.com/applink?system_id=bcycle_indego&station_id=bcycle_indego_3069&platform=iOS"
                },
                "station_id": "bcycle_indego_3069"
            },
            "type": "Feature"
        },
        {
            "geometry": {
                "coordinates": [
                    -75.14541,
                    39.93445
                ],
                "type": "Point"
            },
            "properties": {
                "address": "925 S. Front St.",
                "name": "Front & Carpenter",
                "rental_uris": {
                    "android": "https://www.bcycle.com/applink?system_id=bcycle_indego&station_id=bcycle_indego_3072&platform=android",
                    "ios": "https://www.bcycle.com/applink?system_id=bcycle_indego&station_id=bcycle_indego_3072&platform=iOS"
                },
                "station_id": "bcycle_indego_3072"
            },
            "type": "Feature"
        },
        {
            "geometry": {
                "coordinates": [
                    -75.15242,
                    39.96143
                ],
                "type": "Point"
            },
            "properties": {
                "address": "802 Spring Garden St.",
                "name": "9th & Spring Garden",
                "rental_uris": {
                    "android": "https://www.bcycle.com/applink?system_id=bcycle_indego&station_id=bcycle_indego_3073&platform=android",
                    "ios": "https://www.bcycle.com/applink?system_id=bcycle_indego&station_id=bcycle_indego_3073&platform=iOS"
                },
                "station_id": "bcycle_indego_3073"
            },
            "type": "Feature"
        },
        {
            "geometry": {
                "coordinates": [
                    -75.20987,
                    39.95511
                ],
                "type": "Point"
            },
            "properties": {
                "address": "160 S. 44th St.",
                "name": "44th & Walnut",
                "rental_uris": {
                    "android": "https://www.bcycle.com/applink?system_id=bcycle_indego&station_id=bcycle_indego_3074&platform=android",
                    "ios": "https://www.bcycle.com/applink?system_id=bcycle_indego&station_id=bcycle_indego_3074&platform=iOS"
                },
                "station_id": "bcycle_indego_3074"
            },
            "type": "Feature"
        },
        {
            "geometry": {
                "coordinates": [
                    -75.16125,
                    39.96718
                ],
                "type": "Point"
            },
            "properties": {
                "address": "1413 Fairmount Ave.",
                "name": "Fairmount & Ridge",
                "rental_uris": {
                    "android": "https://www.bcycle.com/applink?system_id=bcycle_indego&station_id=bcycle_indego_3075&platform=android",
                    "ios": "https://www.bcycle.com/applink?system_id=bcycle_indego&station_id=bcycle_indego_3075&platform=iOS"
                },
                "station_id": "bcycle_indego_3075"
            },
            "type": "Feature"
        },
        {
            "geometry": {
                "coordinates": [
                    -75.16351,
                    39.97207
                ],
                "type": "Point"
            },
            "properties": {
                "address": "1617 Girard Ave.",
                "name": "17th & Girard",
                "rental_uris": {
                    "android": "https://www.bcycle.com/applink?system_id=bcycle_indego&station_id=bcycle_indego_3077&platform=android",
                    "ios": "https://www.bcycle.com/applink?system_id=bcycle_indego&station_id=bcycle_indego_3077&platform=iOS"
                },
                "station_id": "bcycle_indego_3077"
            },
            "type": "Feature"
        },
        {
            "geometry": {
                "coordinates": [
                    -75.17192,
                    39.95355
                ],
                "type": "Point"
            },
            "properties": {
                "address": "1901 Market St.",
                "name": "19th & Market",
                "rental_uris": {
                    "android": "https://www.bcycle.com/applink?system_id=bcycle_indego&station_id=bcycle_indego_3078&platform=android",
                    "ios": "https://www.bcycle.com/applink?system_id=bcycle_indego&station_id=bcycle_indego_3078&platform=iOS"
                },
                "station_id": "bcycle_indego_3078"
            },
            "type": "Feature"
        },
        {
            "geometry": {
                "coordinates": [
                    -75.16691,
                    39.94019
                ],
                "type": "Point"
            },
            "properties": {
                "address": "1406 Christian Street",
                "name": "Broad & Christian",
                "rental_uris": {
                    "android": "https://www.bcycle.com/applink?system_id=bcycle_indego&station_id=bcycle_indego_3086&platform=android",
                    "ios": "https://www.bcycle.com/applink?system_id=bcycle_indego&station_id=bcycle_indego_3086&platform=iOS"
                },
                "station_id": "bcycle_indego_3086"
            },
            "type": "Feature"
        },
        {
            "geometry": {
                "coordinates": [
                    -75.1418,
                    39.96984
                ],
                "type": "Point"
            },
            "properties": {
                "address": "317 W. Girard Ave. ",
                "name": "3rd & Girard",
                "rental_uris": {
                    "android": "https://www.bcycle.com/applink?system_id=bcycle_indego&station_id=bcycle_indego_3088&platform=android",
                    "ios": "https://www.bcycle.com/applink?system_id=bcycle_indego&station_id=bcycle_indego_3088&platform=iOS"
                },
                "station_id": "bcycle_indego_3088"
            },
            "type": "Feature"
        },
        {
            "geometry": {
                "coordinates": [
                    -75.18701,
                    39.98837
                ],
                "type": "Point"
            },
            "properties": {
                "address": "2039 N. 33rd Street",
                "name": "33rd & Diamond",
                "rental_uris": {
                    "android": "https://www.bcycle.com/applink?system_id=bcycle_indego&station_id=bcycle_indego_3093&platform=android",
                    "ios": "https://www.bcycle.com/applink?system_id=bcycle_indego&station_id=bcycle_indego_3093&platform=iOS"
                },
                "station_id": "bcycle_indego_3093"
            },
            "type": "Feature"
        },
        {
            "geometry": {
                "coordinates": [
                    -75.17975,
                    39.99119
                ],
                "type": "Point"
            },
            "properties": {
                "address": "2301 N. 29th Street",
                "name": "29th & Dauphin",
                "rental_uris": {
                    "android": "https://www.bcycle.com/applink?system_id=bcycle_indego&station_id=bcycle_indego_3096&platform=android",
                    "ios": "https://www.bcycle.com/applink?system_id=bcycle_indego&station_id=bcycle_indego_3096&platform=iOS"
                },
                "station_id": "bcycle_indego_3096"
            },
            "type": "Feature"
        },
        {
            "geometry": {
                "coordinates": [
                    -75.13339,
                    39.97888
                ],
                "type": "Point"
            },
            "properties": {
                "address": "1902 N. Front Street",
                "name": "Berks Station, MFL",
                "rental_uris": {
                    "android": "https://www.bcycle.com/applink?system_id=bcycle_indego&station_id=bcycle_indego_3097&platform=android",
                    "ios": "https://www.bcycle.com/applink?system_id=bcycle_indego&station_id=bcycle_indego_3097&platform=iOS"
                },
                "station_id": "bcycle_indego_3097"
            },
            "type": "Feature"
        },
        {
            "geometry": {
                "coordinates": [
                    -75.16042,
                    39.93431
                ],
                "type": "Point"
            },
            "properties": {
                "address": "1201 S. 10th Street",
                "name": "10th & Federal",
                "rental_uris": {
                    "android": "https://www.bcycle.com/applink?system_id=bcycle_indego&station_id=bcycle_indego_3098&platform=android",
                    "ios": "https://www.bcycle.com/applink?system_id=bcycle_indego&station_id=bcycle_indego_3098&platform=iOS"
                },
                "station_id": "bcycle_indego_3098"
            },
            "type": "Feature"
        },
        {
            "geometry": {
                "coordinates": [
                    -75.15094,
                    39.93401
                ],
                "type": "Point"
            },
            "properties": {
                "address": "1110 S. 4th Street",
                "name": "4th & Washington",
                "rental_uris": {
                    "android": "https://www.bcycle.com/applink?system_id=bcycle_indego&station_id=bcycle_indego_3099&platform=android",
                    "ios": "https://www.bcycle.com/applink?system_id=bcycle_indego&station_id=bcycle_indego_3099&platform=iOS"
                },
                "station_id": "bcycle_indego_3099"
            },
            "type": "Feature"
        },
        {
            "geometry": {
                "coordinates": [
                    -75.15103,
                    39.92777
                ],
                "type": "Point"
            },
            "properties": {
                "address": "1600 E. Moyamensing",
                "name": "Moyamensing & Tasker",
                "rental_uris": {
                    "android": "https://www.bcycle.com/applink?system_id=bcycle_indego&station_id=bcycle_indego_3100&platform=android",
                    "ios": "https://www.bcycle.com/applink?system_id=bcycle_indego&station_id=bcycle_indego_3100&platform=iOS"
                },
                "station_id": "bcycle_indego_3100"
            },
            "type": "Feature"
        },
        {
            "geometry": {
                "coordinates": [
                    -75.15955,
                    39.94295
                ],
                "type": "Point"
            },
            "properties": {
                "address": "1015 South Street",
                "name": "11th & South",
                "rental_uris": {
                    "android": "https://www.bcycle.com/applink?system_id=bcycle_indego&station_id=bcycle_indego_3101&platform=android",
                    "ios": "https://www.bcycle.com/applink?system_id=bcycle_indego&station_id=bcycle_indego_3101&platform=iOS"
                },
                "station_id": "bcycle_indego_3101"
            },
            "type": "Feature"
        },
        {
            "geometry": {
                "coordinates": [
                    -75.17952,
                    39.96759
                ],
                "type": "Point"
            },
            "properties": {
                "address": "2601 Pennsylvania Avenue",
                "name": "Pennsylvania & Fairmount, Perelman Building",
                "rental_uris": {
                    "android": "https://www.bcycle.com/applink?system_id=bcycle_indego&station_id=bcycle_indego_3102&platform=android",
                    "ios": "https://www.bcycle.com/applink?system_id=bcycle_indego&station_id=bcycle_indego_3102&platform=iOS"
                },
                "station_id": "bcycle_indego_3102"
            },
            "type": "Feature"
        },
        {
            "geometry": {
                "coordinates": [
                    -75.18637,
                    39.99179
                ],
                "type": "Point"
            },
            "properties": {
                "address": "2300 N. 33rd Street",
                "name": "33rd & Dauphin",
                "rental_uris": {
                    "android": "https://www.bcycle.com/applink?system_id=bcycle_indego&station_id=bcycle_indego_3106&platform=android",
                    "ios": "https://www.bcycle.com/applink?system_id=bcycle_indego&station_id=bcycle_indego_3106&platform=iOS"
                },
                "station_id": "bcycle_indego_3106"
            },
            "type": "Feature"
        },
        {
            "geometry": {
                "coordinates": [
                    -75.18866,
                    39.98203
                ],
                "type": "Point"
            },
            "properties": {
                "address": "1626 N. 33rd Street",
                "name": "33rd & Reservoir",
                "rental_uris": {
                    "android": "https://www.bcycle.com/applink?system_id=bcycle_indego&station_id=bcycle_indego_3107&platform=android",
                    "ios": "https://www.bcycle.com/applink?system_id=bcycle_indego&station_id=bcycle_indego_3107&platform=iOS"
                },
                "station_id": "bcycle_indego_3107"
            },
            "type": "Feature"
        },
        {
            "geometry": {
                "coordinates": [
                    -75.13641,
                    39.96175
                ],
                "type": "Point"
            },
            "properties": {
                "address": "779 Delaware Ave",
                "name": "Del. River Trail & Penn St.",
                "rental_uris": {
                    "android": "https://www.bcycle.com/applink?system_id=bcycle_indego&station_id=bcycle_indego_3110&platform=android",
                    "ios": "https://www.bcycle.com/applink?system_id=bcycle_indego&station_id=bcycle_indego_3110&platform=iOS"
                },
                "station_id": "bcycle_indego_3110"
            },
            "type": "Feature"
        },
        {
            "geometry": {
                "coordinates": [
                    -75.21323,
                    39.97779
                ],
                "type": "Point"
            },
            "properties": {
                "address": "4601 Parkside Ave",
                "name": "Parkside & Belmont, Case Building",
                "rental_uris": {
                    "android": "https://www.bcycle.com/applink?system_id=bcycle_indego&station_id=bcycle_indego_3111&platform=android",
                    "ios": "https://www.bcycle.com/applink?system_id=bcycle_indego&station_id=bcycle_indego_3111&platform=iOS"
                },
                "station_id": "bcycle_indego_3111"
            },
            "type": "Feature"
        },
        {
            "geometry": {
                "coordinates": [
                    -75.21825,
                    39.95373
                ],
                "type": "Point"
            },
            "properties": {
                "address": "310 S. 48th Street",
                "name": "48th & Spruce",
                "rental_uris": {
                    "android": "https://www.bcycle.com/applink?system_id=bcycle_indego&station_id=bcycle_indego_3112&platform=android",
                    "ios": "https://www.bcycle.com/applink?system_id=bcycle_indego&station_id=bcycle_indego_3112&platform=iOS"
                },
                "station_id": "bcycle_indego_3112"
            },
            "type": "Feature"
        },
        {
            "geometry": {
                "coordinates": [
                    -75.19781,
                    39.97472
                ],
                "type": "Point"
            },
            "properties": {
                "address": "1046 N. 34th Street",
                "name": "Philadelphia Zoo",
                "rental_uris": {
                    "android": "https://www.bcycle.com/applink?system_id=bcycle_indego&station_id=bcycle_indego_3113&platform=android",
                    "ios": "https://www.bcycle.com/applink?system_id=bcycle_indego&station_id=bcycle_indego_3113&platform=iOS"
                },
                "station_id": "bcycle_indego_3113"
            },
            "type": "Feature"
        },
        {
            "geometry": {
                "coordinates": [
                    -75.18012,
                    39.93775
                ],
                "type": "Point"
            },
            "properties": {
                "address": "22nd & Federal St.",
                "name": "22nd & Federal",
                "rental_uris": {
                    "android": "https://www.bcycle.com/applink?system_id=bcycle_indego&station_id=bcycle_indego_3114&platform=android",
                    "ios": "https://www.bcycle.com/applink?system_id=bcycle_indego&station_id=bcycle_indego_3114&platform=iOS"
                },
                "station_id": "bcycle_indego_3114"
            },
            "type": "Feature"
        },
        {
            "geometry": {
                "coordinates": [
                    -75.16757,
                    39.97263
                ],
                "type": "Point"
            },
            "properties": {
                "address": "1901 W. Girard St.",
                "name": "19th & Girard, PTTI",
                "rental_uris": {
                    "android": "https://www.bcycle.com/applink?system_id=bcycle_indego&station_id=bcycle_indego_3115&platform=android",
                    "ios": "https://www.bcycle.com/applink?system_id=bcycle_indego&station_id=bcycle_indego_3115&platform=iOS"
                },
                "station_id": "bcycle_indego_3115"
            },
            "type": "Feature"
        },
        {
            "geometry": {
                "coordinates": [
                    -75.17198,
                    39.96006
                ],
                "type": "Point"
            },
            "properties": {
                "address": "2025 Benjamin Franklin Pkwy",
                "name": "Barnes Foundation",
                "rental_uris": {
                    "android": "https://www.bcycle.com/applink?system_id=bcycle_indego&station_id=bcycle_indego_3116&platform=android",
                    "ios": "https://www.bcycle.com/applink?system_id=bcycle_indego&station_id=bcycle_indego_3116&platform=iOS"
                },
                "station_id": "bcycle_indego_3116"
            },
            "type": "Feature"
        },
        {
            "geometry": {
                "coordinates": [
                    -75.22399,
                    39.97841
                ],
                "type": "Point"
            },
            "properties": {
                "address": "1575 N 52nd St.",
                "name": "ParkWest Town Center",
                "rental_uris": {
                    "android": "https://www.bcycle.com/applink?system_id=bcycle_indego&station_id=bcycle_indego_3117&platform=android",
                    "ios": "https://www.bcycle.com/applink?system_id=bcycle_indego&station_id=bcycle_indego_3117&platform=iOS"
                },
                "station_id": "bcycle_indego_3117"
            },
            "type": "Feature"
        },
        {
            "geometry": {
                "coordinates": [
                    -75.21323,
                    39.95866
                ],
                "type": "Point"
            },
            "properties": {
                "address": "4628 Market Street",
                "name": "46th Street Station, MFL",
                "rental_uris": {
                    "android": "https://www.bcycle.com/applink?system_id=bcycle_indego&station_id=bcycle_indego_3118&platform=android",
                    "ios": "https://www.bcycle.com/applink?system_id=bcycle_indego&station_id=bcycle_indego_3118&platform=iOS"
                },
                "station_id": "bcycle_indego_3118"
            },
            "type": "Feature"
        },
        {
            "geometry": {
                "coordinates": [
                    -75.20799,
                    39.96674
                ],
                "type": "Point"
            },
            "properties": {
                "address": "4209 Lancaster Avenue",
                "name": "42nd & Lancaster",
                "rental_uris": {
                    "android": "https://www.bcycle.com/applink?system_id=bcycle_indego&station_id=bcycle_indego_3119&platform=android",
                    "ios": "https://www.bcycle.com/applink?system_id=bcycle_indego&station_id=bcycle_indego_3119&platform=iOS"
                },
                "station_id": "bcycle_indego_3119"
            },
            "type": "Feature"
        },
        {
            "geometry": {
                "coordinates": [
                    -75.18669,
                    39.97522
                ],
                "type": "Point"
            },
            "properties": {
                "address": "1210 N. 31st Street",
                "name": "31st & Girard",
                "rental_uris": {
                    "android": "https://www.bcycle.com/applink?system_id=bcycle_indego&station_id=bcycle_indego_3120&platform=android",
                    "ios": "https://www.bcycle.com/applink?system_id=bcycle_indego&station_id=bcycle_indego_3120&platform=iOS"
                },
                "station_id": "bcycle_indego_3120"
            },
            "type": "Feature"
        },
        {
            "geometry": {
                "coordinates": [
                    -75.17088,
                    39.98004
                ],
                "type": "Point"
            },
            "properties": {
                "address": "1637 N. 22nd Street",
                "name": "22nd & Cecil B. Moore",
                "rental_uris": {
                    "android": "https://www.bcycle.com/applink?system_id=bcycle_indego&station_id=bcycle_indego_3123&platform=android",
                    "ios": "https://www.bcycle.com/applink?system_id=bcycle_indego&station_id=bcycle_indego_3123&platform=iOS"
                },
                "station_id": "bcycle_indego_3123"
            },
            "type": "Feature"
        },
        {
            "geometry": {
                "coordinates": [
                    -75.13956,
                    39.95367
                ],
                "type": "Point"
            },
            "properties": {
                "address": "N Christopher Columbus Blvd (approx.)",
                "name": "Race Street Pier",
                "rental_uris": {
                    "android": "https://www.bcycle.com/applink?system_id=bcycle_indego&station_id=bcycle_indego_3124&platform=android",
                    "ios": "https://www.bcycle.com/applink?system_id=bcycle_indego&station_id=bcycle_indego_3124&platform=iOS"
                },
                "station_id": "bcycle_indego_3124"
            },
            "type": "Feature"
        },
        {
            "geometry": {
                "coordinates": [
                    -75.16735,
                    39.94391
                ],
                "type": "Point"
            },
            "properties": {
                "address": "1505 South St. ",
                "name": "15th & South",
                "rental_uris": {
                    "android": "https://www.bcycle.com/applink?system_id=bcycle_indego&station_id=bcycle_indego_3125&platform=android",
                    "ios": "https://www.bcycle.com/applink?system_id=bcycle_indego&station_id=bcycle_indego_3125&platform=iOS"
                },
                "station_id": "bcycle_indego_3125"
            },
            "type": "Feature"
        },
        {
            "geometry": {
                "coordinates": [
                    -75.17021,
                    39.92884
                ],
                "type": "Point"
            },
            "properties": {
                "address": "1487 Castle Street",
                "name": "15th & Castle, DiSilvestro Playground",
                "rental_uris": {
                    "android": "https://www.bcycle.com/applink?system_id=bcycle_indego&station_id=bcycle_indego_3150&platform=android",
                    "ios": "https://www.bcycle.com/applink?system_id=bcycle_indego&station_id=bcycle_indego_3150&platform=iOS"
                },
                "station_id": "bcycle_indego_3150"
            },
            "type": "Feature"
        },
        {
            "geometry": {
                "coordinates": [
                    -75.20286,
                    39.94993
                ],
                "type": "Point"
            },
            "properties": {
                "address": "3960 Baltimore Ave,",
                "name": "40th & Baltimore, Trolley Portal",
                "rental_uris": {
                    "android": "https://www.bcycle.com/applink?system_id=bcycle_indego&station_id=bcycle_indego_3152&platform=android",
                    "ios": "https://www.bcycle.com/applink?system_id=bcycle_indego&station_id=bcycle_indego_3152&platform=iOS"
                },
                "station_id": "bcycle_indego_3152"
            },
            "type": "Feature"
        },
        {
            "geometry": {
                "coordinates": [
                    -75.15821,
                    39.95924
                ],
                "type": "Point"
            },
            "properties": {
                "address": "403 N. 12th Street",
                "name": "12th & Callowhill",
                "rental_uris": {
                    "android": "https://www.bcycle.com/applink?system_id=bcycle_indego&station_id=bcycle_indego_3154&platform=android",
                    "ios": "https://www.bcycle.com/applink?system_id=bcycle_indego&station_id=bcycle_indego_3154&platform=iOS"
                },
                "station_id": "bcycle_indego_3154"
            },
            "type": "Feature"
        },
        {
            "geometry": {
                "coordinates": [
                    -75.15442,
                    39.94018
                ],
                "type": "Point"
            },
            "properties": {
                "address": "736 S. 7th St.",
                "name": "7th & Fitzwater",
                "rental_uris": {
                    "android": "https://www.bcycle.com/applink?system_id=bcycle_indego&station_id=bcycle_indego_3155&platform=android",
                    "ios": "https://www.bcycle.com/applink?system_id=bcycle_indego&station_id=bcycle_indego_3155&platform=iOS"
                },
                "station_id": "bcycle_indego_3155"
            },
            "type": "Feature"
        },
        {
            "geometry": {
                "coordinates": [
                    -75.17407,
                    39.95381
                ],
                "type": "Point"
            },
            "properties": {
                "address": "2005 market street",
                "name": "20th & Market",
                "rental_uris": {
                    "android": "https://www.bcycle.com/applink?system_id=bcycle_indego&station_id=bcycle_indego_3156&platform=android",
                    "ios": "https://www.bcycle.com/applink?system_id=bcycle_indego&station_id=bcycle_indego_3156&platform=iOS"
                },
                "station_id": "bcycle_indego_3156"
            },
            "type": "Feature"
        },
        {
            "geometry": {
                "coordinates": [
                    -75.15954,
                    39.92545
                ],
                "type": "Point"
            },
            "properties": {
                "address": "808 Mifflin St.",
                "name": "8th & Mifflin, Bok Building",
                "rental_uris": {
                    "android": "https://www.bcycle.com/applink?system_id=bcycle_indego&station_id=bcycle_indego_3157&platform=android",
                    "ios": "https://www.bcycle.com/applink?system_id=bcycle_indego&station_id=bcycle_indego_3157&platform=iOS"
                },
                "station_id": "bcycle_indego_3157"
            },
            "type": "Feature"
        },
        {
            "geometry": {
                "coordinates": [
                    -75.16904,
                    39.92552
                ],
                "type": "Point"
            },
            "properties": {
                "address": "1384 McKean Street",
                "name": "Broad & Passyunk ",
                "rental_uris": {
                    "android": "https://www.bcycle.com/applink?system_id=bcycle_indego&station_id=bcycle_indego_3158&platform=android",
                    "ios": "https://www.bcycle.com/applink?system_id=bcycle_indego&station_id=bcycle_indego_3158&platform=iOS"
                },
                "station_id": "bcycle_indego_3158"
            },
            "type": "Feature"
        },
        {
            "geometry": {
                "coordinates": [
                    -75.19962,
                    39.95121
                ],
                "type": "Point"
            },
            "properties": {
                "address": "3804 spruce street",
                "name": "38th & Spruce",
                "rental_uris": {
                    "android": "https://www.bcycle.com/applink?system_id=bcycle_indego&station_id=bcycle_indego_3159&platform=android",
                    "ios": "https://www.bcycle.com/applink?system_id=bcycle_indego&station_id=bcycle_indego_3159&platform=iOS"
                },
                "station_id": "bcycle_indego_3159"
            },
            "type": "Feature"
        },
        {
            "geometry": {
                "coordinates": [
                    -75.19862,
                    39.95662
                ],
                "type": "Point"
            },
            "properties": {
                "address": "3810 Market St.",
                "name": "38th & Market",
                "rental_uris": {
                    "android": "https://www.bcycle.com/applink?system_id=bcycle_indego&station_id=bcycle_indego_3160&platform=android",
                    "ios": "https://www.bcycle.com/applink?system_id=bcycle_indego&station_id=bcycle_indego_3160&platform=iOS"
                },
                "station_id": "bcycle_indego_3160"
            },
            "type": "Feature"
        },
        {
            "geometry": {
                "coordinates": [
                    -75.18475,
                    39.94595
                ],
                "type": "Point"
            },
            "properties": {
                "address": "630 Schuylkill Ave",
                "name": "27th & South",
                "rental_uris": {
                    "android": "https://www.bcycle.com/applink?system_id=bcycle_indego&station_id=bcycle_indego_3162&platform=android",
                    "ios": "https://www.bcycle.com/applink?system_id=bcycle_indego&station_id=bcycle_indego_3162&platform=iOS"
                },
                "station_id": "bcycle_indego_3162"
            },
            "type": "Feature"
        },
        {
            "geometry": {
                "coordinates": [
                    -75.18097,
                    39.94974
                ],
                "type": "Point"
            },
            "properties": {
                "address": "229 S. 25th Street ",
                "name": "25th & Locust",
                "rental_uris": {
                    "android": "https://www.bcycle.com/applink?system_id=bcycle_indego&station_id=bcycle_indego_3163&platform=android",
                    "ios": "https://www.bcycle.com/applink?system_id=bcycle_indego&station_id=bcycle_indego_3163&platform=iOS"
                },
                "station_id": "bcycle_indego_3163"
            },
            "type": "Feature"
        },
        {
            "geometry": {
                "coordinates": [
                    -75.16515,
                    39.92814
                ],
                "type": "Point"
            },
            "properties": {
                "address": "1724 S. 12th St",
                "name": "12th & Passyunk",
                "rental_uris": {
                    "android": "https://www.bcycle.com/applink?system_id=bcycle_indego&station_id=bcycle_indego_3164&platform=android",
                    "ios": "https://www.bcycle.com/applink?system_id=bcycle_indego&station_id=bcycle_indego_3164&platform=iOS"
                },
                "station_id": "bcycle_indego_3164"
            },
            "type": "Feature"
        },
        {
            "geometry": {
                "coordinates": [
                    -75.1782,
                    39.95819
                ],
                "type": "Point"
            },
            "properties": {
                "address": "2317 Race St",
                "name": "24th & Race SRT",
                "rental_uris": {
                    "android": "https://www.bcycle.com/applink?system_id=bcycle_indego&station_id=bcycle_indego_3165&platform=android",
                    "ios": "https://www.bcycle.com/applink?system_id=bcycle_indego&station_id=bcycle_indego_3165&platform=iOS"
                },
                "station_id": "bcycle_indego_3165"
            },
            "type": "Feature"
        },
        {
            "geometry": {
                "coordinates": [
                    -75.14263,
                    39.95382
                ],
                "type": "Point"
            },
            "properties": {
                "address": "151 Race St",
                "name": "2nd & Race",
                "rental_uris": {
                    "android": "https://www.bcycle.com/applink?system_id=bcycle_indego&station_id=bcycle_indego_3169&platform=android",
                    "ios": "https://www.bcycle.com/applink?system_id=bcycle_indego&station_id=bcycle_indego_3169&platform=iOS"
                },
                "station_id": "bcycle_indego_3169"
            },
            "type": "Feature"
        },
        {
            "geometry": {
                "coordinates": [
                    -75.17514,
                    39.89629
                ],
                "type": "Point"
            },
            "properties": {
                "address": "Crescent Park, Crescent Drive",
                "name": "Crescent Park",
                "rental_uris": {
                    "android": "https://www.bcycle.com/applink?system_id=bcycle_indego&station_id=bcycle_indego_3181&platform=android",
                    "ios": "https://www.bcycle.com/applink?system_id=bcycle_indego&station_id=bcycle_indego_3181&platform=iOS"
                },
                "station_id": "bcycle_indego_3181"
            },
            "type": "Feature"
        },
        {
            "geometry": {
                "coordinates": [
                    -75.17679,
                    39.88994
                ],
                "type": "Point"
            },
            "properties": {
                "address": "S. 15th & Kitty Hawk Ave",
                "name": "15th & Kitty Hawk",
                "rental_uris": {
                    "android": "https://www.bcycle.com/applink?system_id=bcycle_indego&station_id=bcycle_indego_3183&platform=android",
                    "ios": "https://www.bcycle.com/applink?system_id=bcycle_indego&station_id=bcycle_indego_3183&platform=iOS"
                },
                "station_id": "bcycle_indego_3183"
            },
            "type": "Feature"
        },
        {
            "geometry": {
                "coordinates": [
                    -75.19551,
                    39.94573
                ],
                "type": "Point"
            },
            "properties": {
                "address": "Health Sciences Drive",
                "name": "Health Sciences Drive",
                "rental_uris": {
                    "android": "https://www.bcycle.com/applink?system_id=bcycle_indego&station_id=bcycle_indego_3184&platform=android",
                    "ios": "https://www.bcycle.com/applink?system_id=bcycle_indego&station_id=bcycle_indego_3184&platform=iOS"
                },
                "station_id": "bcycle_indego_3184"
            },
            "type": "Feature"
        },
        {
            "geometry": {
                "coordinates": [
                    -75.15888,
                    39.95169
                ],
                "type": "Point"
            },
            "properties": {
                "address": "11th & Market",
                "name": "11th & Market ",
                "rental_uris": {
                    "android": "https://www.bcycle.com/applink?system_id=bcycle_indego&station_id=bcycle_indego_3185&platform=android",
                    "ios": "https://www.bcycle.com/applink?system_id=bcycle_indego&station_id=bcycle_indego_3185&platform=iOS"
                },
                "station_id": "bcycle_indego_3185"
            },
            "type": "Feature"
        },
        {
            "geometry": {
                "coordinates": [
                    -75.17232,
                    39.95725
                ],
                "type": "Point"
            },
            "properties": {
                "address": "20th & Race",
                "name": "20th & Race",
                "rental_uris": {
                    "android": "https://www.bcycle.com/applink?system_id=bcycle_indego&station_id=bcycle_indego_3187&platform=android",
                    "ios": "https://www.bcycle.com/applink?system_id=bcycle_indego&station_id=bcycle_indego_3187&platform=iOS"
                },
                "station_id": "bcycle_indego_3187"
            },
            "type": "Feature"
        },
        {
            "geometry": {
                "coordinates": [
                    -75.1734,
                    39.90471
                ],
                "type": "Point"
            },
            "properties": {
                "address": "3701 Broad Street",
                "name": "Broad & Pattison, BSL",
                "rental_uris": {
                    "android": "https://www.bcycle.com/applink?system_id=bcycle_indego&station_id=bcycle_indego_3188&platform=android",
                    "ios": "https://www.bcycle.com/applink?system_id=bcycle_indego&station_id=bcycle_indego_3188&platform=iOS"
                },
                "station_id": "bcycle_indego_3188"
            },
            "type": "Feature"
        },
        {
            "geometry": {
                "coordinates": [
                    -75.17477,
                    39.98717
                ],
                "type": "Point"
            },
            "properties": {
                "address": "2501 Diamond Street",
                "name": "25th & Diamond",
                "rental_uris": {
                    "android": "https://www.bcycle.com/applink?system_id=bcycle_indego&station_id=bcycle_indego_3196&platform=android",
                    "ios": "https://www.bcycle.com/applink?system_id=bcycle_indego&station_id=bcycle_indego_3196&platform=iOS"
                },
                "station_id": "bcycle_indego_3196"
            },
            "type": "Feature"
        },
        {
            "geometry": {
                "coordinates": [
                    -75.17033,
                    39.92083
                ],
                "type": "Point"
            },
            "properties": {
                "address": "2301 S Broad St.",
                "name": "Broad & Ritner",
                "rental_uris": {
                    "android": "https://www.bcycle.com/applink?system_id=bcycle_indego&station_id=bcycle_indego_3197&platform=android",
                    "ios": "https://www.bcycle.com/applink?system_id=bcycle_indego&station_id=bcycle_indego_3197&platform=iOS"
                },
                "station_id": "bcycle_indego_3197"
            },
            "type": "Feature"
        },
        {
            "geometry": {
                "coordinates": [
                    -75.16846,
                    39.97583
                ],
                "type": "Point"
            },
            "properties": {
                "address": "2001 Ridge Ave.",
                "name": "Ridge & Master",
                "rental_uris": {
                    "android": "https://www.bcycle.com/applink?system_id=bcycle_indego&station_id=bcycle_indego_3200&platform=android",
                    "ios": "https://www.bcycle.com/applink?system_id=bcycle_indego&station_id=bcycle_indego_3200&platform=iOS"
                },
                "station_id": "bcycle_indego_3200"
            },
            "type": "Feature"
        },
        {
            "geometry": {
                "coordinates": [
                    -75.1662,
                    39.95523
                ],
                "type": "Point"
            },
            "properties": {
                "address": "107 16th Street",
                "name": "16th & Arch",
                "rental_uris": {
                    "android": "https://www.bcycle.com/applink?system_id=bcycle_indego&station_id=bcycle_indego_3201&platform=android",
                    "ios": "https://www.bcycle.com/applink?system_id=bcycle_indego&station_id=bcycle_indego_3201&platform=iOS"
                },
                "station_id": "bcycle_indego_3201"
            },
            "type": "Feature"
        },
        {
            "geometry": {
                "coordinates": [
                    -75.17227,
                    39.94077
                ],
                "type": "Point"
            },
            "properties": {
                "address": "1798 Christian St",
                "name": "18th & Christian",
                "rental_uris": {
                    "android": "https://www.bcycle.com/applink?system_id=bcycle_indego&station_id=bcycle_indego_3203&platform=android",
                    "ios": "https://www.bcycle.com/applink?system_id=bcycle_indego&station_id=bcycle_indego_3203&platform=iOS"
                },
                "station_id": "bcycle_indego_3203"
            },
            "type": "Feature"
        },
        {
            "geometry": {
                "coordinates": [
                    -75.16582,
                    39.96437
                ],
                "type": "Point"
            },
            "properties": {
                "address": "1698 Green St",
                "name": "17th & Green",
                "rental_uris": {
                    "android": "https://www.bcycle.com/applink?system_id=bcycle_indego&station_id=bcycle_indego_3204&platform=android",
                    "ios": "https://www.bcycle.com/applink?system_id=bcycle_indego&station_id=bcycle_indego_3204&platform=iOS"
                },
                "station_id": "bcycle_indego_3204"
            },
            "type": "Feature"
        },
        {
            "geometry": {
                "coordinates": [
                    -75.16783,
                    39.95405
                ],
                "type": "Point"
            },
            "properties": {
                "address": "1617 John F. Kennedy Blvd",
                "name": "17th & JFK",
                "rental_uris": {
                    "android": "https://www.bcycle.com/applink?system_id=bcycle_indego&station_id=bcycle_indego_3205&platform=android",
                    "ios": "https://www.bcycle.com/applink?system_id=bcycle_indego&station_id=bcycle_indego_3205&platform=iOS"
                },
                "station_id": "bcycle_indego_3205"
            },
            "type": "Feature"
        },
        {
            "geometry": {
                "coordinates": [
                    -75.192,
                    39.95441
                ],
                "type": "Point"
            },
            "properties": {
                "address": "3400 Chestnut St",
                "name": "34th & Chestnut",
                "rental_uris": {
                    "android": "https://www.bcycle.com/applink?system_id=bcycle_indego&station_id=bcycle_indego_3207&platform=android",
                    "ios": "https://www.bcycle.com/applink?system_id=bcycle_indego&station_id=bcycle_indego_3207&platform=iOS"
                },
                "station_id": "bcycle_indego_3207"
            },
            "type": "Feature"
        },
        {
            "geometry": {
                "coordinates": [
                    -75.19324,
                    39.95048
                ],
                "type": "Point"
            },
            "properties": {
                "address": "3566 Spruce St",
                "name": "34th & Spruce",
                "rental_uris": {
                    "android": "https://www.bcycle.com/applink?system_id=bcycle_indego&station_id=bcycle_indego_3208&platform=android",
                    "ios": "https://www.bcycle.com/applink?system_id=bcycle_indego&station_id=bcycle_indego_3208&platform=iOS"
                },
                "station_id": "bcycle_indego_3208"
            },
            "type": "Feature"
        },
        {
            "geometry": {
                "coordinates": [
                    -75.21278,
                    39.949
                ],
                "type": "Point"
            },
            "properties": {
                "address": "980 45th St",
                "name": "45th & Baltimore",
                "rental_uris": {
                    "android": "https://www.bcycle.com/applink?system_id=bcycle_indego&station_id=bcycle_indego_3209&platform=android",
                    "ios": "https://www.bcycle.com/applink?system_id=bcycle_indego&station_id=bcycle_indego_3209&platform=iOS"
                },
                "station_id": "bcycle_indego_3209"
            },
            "type": "Feature"
        },
        {
            "geometry": {
                "coordinates": [
                    -75.15668,
                    39.98492
                ],
                "type": "Point"
            },
            "properties": {
                "address": "2108 N Broad St",
                "name": "Broad & Diamond",
                "rental_uris": {
                    "android": "https://www.bcycle.com/applink?system_id=bcycle_indego&station_id=bcycle_indego_3210&platform=android",
                    "ios": "https://www.bcycle.com/applink?system_id=bcycle_indego&station_id=bcycle_indego_3210&platform=iOS"
                },
                "station_id": "bcycle_indego_3210"
            },
            "type": "Feature"
        },
        {
            "geometry": {
                "coordinates": [
                    -75.1706,
                    39.97172
                ],
                "type": "Point"
            },
            "properties": {
                "address": "900 Corinthian Ave",
                "name": "Corinthian & Poplar",
                "rental_uris": {
                    "android": "https://www.bcycle.com/applink?system_id=bcycle_indego&station_id=bcycle_indego_3211&platform=android",
                    "ios": "https://www.bcycle.com/applink?system_id=bcycle_indego&station_id=bcycle_indego_3211&platform=iOS"
                },
                "station_id": "bcycle_indego_3211"
            },
            "type": "Feature"
        },
        {
            "geometry": {
                "coordinates": [
                    -75.18177,
                    39.96383
                ],
                "type": "Point"
            },
            "properties": {
                "address": "Schuylkill River Trail",
                "name": "Schuylkill Banks Pergola",
                "rental_uris": {
                    "android": "https://www.bcycle.com/applink?system_id=bcycle_indego&station_id=bcycle_indego_3212&platform=android",
                    "ios": "https://www.bcycle.com/applink?system_id=bcycle_indego&station_id=bcycle_indego_3212&platform=iOS"
                },
                "station_id": "bcycle_indego_3212"
            },
            "type": "Feature"
        },
        {
            "geometry": {
                "coordinates": [
                    -75.16663,
                    39.93887
                ],
                "type": "Point"
            },
            "properties": {
                "address": "1000 S Broad St",
                "name": "Broad & Carpenter",
                "rental_uris": {
                    "android": "https://www.bcycle.com/applink?system_id=bcycle_indego&station_id=bcycle_indego_3213&platform=android",
                    "ios": "https://www.bcycle.com/applink?system_id=bcycle_indego&station_id=bcycle_indego_3213&platform=iOS"
                },
                "station_id": "bcycle_indego_3213"
            },
            "type": "Feature"
        },
        {
            "geometry": {
                "coordinates": [
                    -75.13721,
                    39.98101
                ],
                "type": "Point"
            },
            "properties": {
                "address": "2007 N 2nd St.",
                "name": "2nd & Norris",
                "rental_uris": {
                    "android": "https://www.bcycle.com/applink?system_id=bcycle_indego&station_id=bcycle_indego_3226&platform=android",
                    "ios": "https://www.bcycle.com/applink?system_id=bcycle_indego&station_id=bcycle_indego_3226&platform=iOS"
                },
                "station_id": "bcycle_indego_3226"
            },
            "type": "Feature"
        },
        {
            "geometry": {
                "coordinates": [
                    -75.15172,
                    39.95509
                ],
                "type": "Point"
            },
            "properties": {
                "address": "200 N Franklin St",
                "name": "Franklin & Race",
                "rental_uris": {
                    "android": "https://www.bcycle.com/applink?system_id=bcycle_indego&station_id=bcycle_indego_3233&platform=android",
                    "ios": "https://www.bcycle.com/applink?system_id=bcycle_indego&station_id=bcycle_indego_3233&platform=iOS"
                },
                "station_id": "bcycle_indego_3233"
            },
            "type": "Feature"
        },
        {
            "geometry": {
                "coordinates": [
                    -75.1651,
                    39.96
                ],
                "type": "Point"
            },
            "properties": {
                "address": "1500-1598 Callowhill Street",
                "name": "16th & Callowhill",
                "rental_uris": {
                    "android": "https://www.bcycle.com/applink?system_id=bcycle_indego&station_id=bcycle_indego_3235&platform=android",
                    "ios": "https://www.bcycle.com/applink?system_id=bcycle_indego&station_id=bcycle_indego_3235&platform=iOS"
                },
                "station_id": "bcycle_indego_3235"
            },
            "type": "Feature"
        },
        {
            "geometry": {
                "coordinates": [
                    -75.17765,
                    39.96566
                ],
                "type": "Point"
            },
            "properties": {
                "address": "2400 Pennsylvania Avenue",
                "name": "24th & Pennsylvania ",
                "rental_uris": {
                    "android": "https://www.bcycle.com/applink?system_id=bcycle_indego&station_id=bcycle_indego_3236&platform=android",
                    "ios": "https://www.bcycle.com/applink?system_id=bcycle_indego&station_id=bcycle_indego_3236&platform=iOS"
                },
                "station_id": "bcycle_indego_3236"
            },
            "type": "Feature"
        },
        {
            "geometry": {
                "coordinates": [
                    -75.17096,
                    39.91717
                ],
                "type": "Point"
            },
            "properties": {
                "address": "2621 Broad Street",
                "name": "Broad & Oregon",
                "rental_uris": {
                    "android": "https://www.bcycle.com/applink?system_id=bcycle_indego&station_id=bcycle_indego_3237&platform=android",
                    "ios": "https://www.bcycle.com/applink?system_id=bcycle_indego&station_id=bcycle_indego_3237&platform=iOS"
                },
                "station_id": "bcycle_indego_3237"
            },
            "type": "Feature"
        },
        {
            "geometry": {
                "coordinates": [
                    -75.11995,
                    39.97674
                ],
                "type": "Point"
            },
            "properties": {
                "address": "2645 E Cumberland St",
                "name": "Aramingo & Cumberland",
                "rental_uris": {
                    "android": "https://www.bcycle.com/applink?system_id=bcycle_indego&station_id=bcycle_indego_3238&platform=android",
                    "ios": "https://www.bcycle.com/applink?system_id=bcycle_indego&station_id=bcycle_indego_3238&platform=iOS"
                },
                "station_id": "bcycle_indego_3238"
            },
            "type": "Feature"
        },
        {
            "geometry": {
                "coordinates": [
                    -75.21185,
                    39.96277
                ],
                "type": "Point"
            },
            "properties": {
                "address": "44th & Haverford",
                "name": "44th & Haverford",
                "rental_uris": {
                    "android": "https://www.bcycle.com/applink?system_id=bcycle_indego&station_id=bcycle_indego_3240&platform=android",
                    "ios": "https://www.bcycle.com/applink?system_id=bcycle_indego&station_id=bcycle_indego_3240&platform=iOS"
                },
                "station_id": "bcycle_indego_3240"
            },
            "type": "Feature"
        },
        {
            "geometry": {
                "coordinates": [
                    -75.22637,
                    39.95225
                ],
                "type": "Point"
            },
            "properties": {
                "address": "5100 Pine St",
                "name": "52nd & Larchwood, Malcolm X Park",
                "rental_uris": {
                    "android": "https://www.bcycle.com/applink?system_id=bcycle_indego&station_id=bcycle_indego_3241&platform=android",
                    "ios": "https://www.bcycle.com/applink?system_id=bcycle_indego&station_id=bcycle_indego_3241&platform=iOS"
                },
                "station_id": "bcycle_indego_3241"
            },
            "type": "Feature"
        },
        {
            "geometry": {
                "coordinates": [
                    -75.15777,
                    39.97887
                ],
                "type": "Point"
            },
            "properties": {
                "address": "1701 N Broad Street",
                "name": "Broad & Cecil B. Moore",
                "rental_uris": {
                    "android": "https://www.bcycle.com/applink?system_id=bcycle_indego&station_id=bcycle_indego_3245&platform=android",
                    "ios": "https://www.bcycle.com/applink?system_id=bcycle_indego&station_id=bcycle_indego_3245&platform=iOS"
                },
                "station_id": "bcycle_indego_3245"
            },
            "type": "Feature"
        },
        {
            "geometry": {
                "coordinates": [
                    -75.22301,
                    39.94782
                ],
                "type": "Point"
            },
            "properties": {
                "address": "700 S 50th Street",
                "name": "50th & Baltimore",
                "rental_uris": {
                    "android": "https://www.bcycle.com/applink?system_id=bcycle_indego&station_id=bcycle_indego_3246&platform=android",
                    "ios": "https://www.bcycle.com/applink?system_id=bcycle_indego&station_id=bcycle_indego_3246&platform=iOS"
                },
                "station_id": "bcycle_indego_3246"
            },
            "type": "Feature"
        },
        {
            "geometry": {
                "coordinates": [
                    -75.21514,
                    39.96538
                ],
                "type": "Point"
            },
            "properties": {
                "address": "4681 Aspen Street",
                "name": "47th & Aspen, Lucien Blackwell",
                "rental_uris": {
                    "android": "https://www.bcycle.com/applink?system_id=bcycle_indego&station_id=bcycle_indego_3247&platform=android",
                    "ios": "https://www.bcycle.com/applink?system_id=bcycle_indego&station_id=bcycle_indego_3247&platform=iOS"
                },
                "station_id": "bcycle_indego_3247"
            },
            "type": "Feature"
        },
        {
            "geometry": {
                "coordinates": [
                    -75.18335,
                    39.94213
                ],
                "type": "Point"
            },
            "properties": {
                "address": "2418 Christian Street",
                "name": "24th & Christian",
                "rental_uris": {
                    "android": "https://www.bcycle.com/applink?system_id=bcycle_indego&station_id=bcycle_indego_3248&platform=android",
                    "ios": "https://www.bcycle.com/applink?system_id=bcycle_indego&station_id=bcycle_indego_3248&platform=iOS"
                },
                "station_id": "bcycle_indego_3248"
            },
            "type": "Feature"
        },
        {
            "geometry": {
                "coordinates": [
                    -75.19079,
                    39.95784
                ],
                "type": "Point"
            },
            "properties": {
                "address": "3383 Arch Street",
                "name": "34th & Arch",
                "rental_uris": {
                    "android": "https://www.bcycle.com/applink?system_id=bcycle_indego&station_id=bcycle_indego_3249&platform=android",
                    "ios": "https://www.bcycle.com/applink?system_id=bcycle_indego&station_id=bcycle_indego_3249&platform=iOS"
                },
                "station_id": "bcycle_indego_3249"
            },
            "type": "Feature"
        },
        {
            "geometry": {
                "coordinates": [
                    -75.14575,
                    39.95673
                ],
                "type": "Point"
            },
            "properties": {
                "address": "390 Wood Street",
                "name": "4th & Wood",
                "rental_uris": {
                    "android": "https://www.bcycle.com/applink?system_id=bcycle_indego&station_id=bcycle_indego_3250&platform=android",
                    "ios": "https://www.bcycle.com/applink?system_id=bcycle_indego&station_id=bcycle_indego_3250&platform=iOS"
                },
                "station_id": "bcycle_indego_3250"
            },
            "type": "Feature"
        },
        {
            "geometry": {
                "coordinates": [
                    -75.19319,
                    39.93366
                ],
                "type": "Point"
            },
            "properties": {
                "address": "2900 Tasker Street",
                "name": "29th & Tasker",
                "rental_uris": {
                    "android": "https://www.bcycle.com/applink?system_id=bcycle_indego&station_id=bcycle_indego_3251&platform=android",
                    "ios": "https://www.bcycle.com/applink?system_id=bcycle_indego&station_id=bcycle_indego_3251&platform=iOS"
                },
                "station_id": "bcycle_indego_3251"
            },
            "type": "Feature"
        },
        {
            "geometry": {
                "coordinates": [
                    -75.19324,
                    39.93882
                ],
                "type": "Point"
            },
            "properties": {
                "address": "1206 S 30th Street",
                "name": "30th & Oakford",
                "rental_uris": {
                    "android": "https://www.bcycle.com/applink?system_id=bcycle_indego&station_id=bcycle_indego_3252&platform=android",
                    "ios": "https://www.bcycle.com/applink?system_id=bcycle_indego&station_id=bcycle_indego_3252&platform=iOS"
                },
                "station_id": "bcycle_indego_3252"
            },
            "type": "Feature"
        },
        {
            "geometry": {
                "coordinates": [
                    -75.18924,
                    39.93074
                ],
                "type": "Point"
            },
            "properties": {
                "address": "2635 Moore Street",
                "name": "26th & Moore, Vare Recreation Center",
                "rental_uris": {
                    "android": "https://www.bcycle.com/applink?system_id=bcycle_indego&station_id=bcycle_indego_3253&platform=android",
                    "ios": "https://www.bcycle.com/applink?system_id=bcycle_indego&station_id=bcycle_indego_3253&platform=iOS"
                },
                "station_id": "bcycle_indego_3253"
            },
            "type": "Feature"
        },
        {
            "geometry": {
                "coordinates": [
                    -75.16065,
                    39.98091
                ],
                "type": "Point"
            },
            "properties": {
                "address": "1809 N 16th Street",
                "name": "16th & Montgomery",
                "rental_uris": {
                    "android": "https://www.bcycle.com/applink?system_id=bcycle_indego&station_id=bcycle_indego_3254&platform=android",
                    "ios": "https://www.bcycle.com/applink?system_id=bcycle_indego&station_id=bcycle_indego_3254&platform=iOS"
                },
                "station_id": "bcycle_indego_3254"
            },
            "type": "Feature"
        },
        {
            "geometry": {
                "coordinates": [
                    -75.16438,
                    39.95095
                ],
                "type": "Point"
            },
            "properties": {
                "address": "1405 Chestnut Street",
                "name": "Broad & Chestnut",
                "rental_uris": {
                    "android": "https://www.bcycle.com/applink?system_id=bcycle_indego&station_id=bcycle_indego_3255&platform=android",
                    "ios": "https://www.bcycle.com/applink?system_id=bcycle_indego&station_id=bcycle_indego_3255&platform=iOS"
                },
                "station_id": "bcycle_indego_3255"
            },
            "type": "Feature"
        },
        {
            "geometry": {
                "coordinates": [
                    -75.17779,
                    39.95269
                ],
                "type": "Point"
            },
            "properties": {
                "address": "2223 Chestnut Street",
                "name": "23rd & Chestnut",
                "rental_uris": {
                    "android": "https://www.bcycle.com/applink?system_id=bcycle_indego&station_id=bcycle_indego_3256&platform=android",
                    "ios": "https://www.bcycle.com/applink?system_id=bcycle_indego&station_id=bcycle_indego_3256&platform=iOS"
                },
                "station_id": "bcycle_indego_3256"
            },
            "type": "Feature"
        },
        {
            "geometry": {
                "coordinates": [
                    -75.22424,
                    39.95828
                ],
                "type": "Point"
            },
            "properties": {
                "address": "5120 Chestnut Street",
                "name": "52nd & Chestnut",
                "rental_uris": {
                    "android": "https://www.bcycle.com/applink?system_id=bcycle_indego&station_id=bcycle_indego_3258&platform=android",
                    "ios": "https://www.bcycle.com/applink?system_id=bcycle_indego&station_id=bcycle_indego_3258&platform=iOS"
                },
                "station_id": "bcycle_indego_3258"
            },
            "type": "Feature"
        },
        {
            "geometry": {
                "coordinates": [
                    -75.19883,
                    39.95998
                ],
                "type": "Point"
            },
            "properties": {
                "address": "310 Saunders Avenue",
                "name": "Saunders & Pearl",
                "rental_uris": {
                    "android": "https://www.bcycle.com/applink?system_id=bcycle_indego&station_id=bcycle_indego_3259&platform=android",
                    "ios": "https://www.bcycle.com/applink?system_id=bcycle_indego&station_id=bcycle_indego_3259&platform=iOS"
                },
                "station_id": "bcycle_indego_3259"
            },
            "type": "Feature"
        },
        {
            "geometry": {
                "coordinates": [
                    -75.14099,
                    39.96304
                ],
                "type": "Point"
            },
            "properties": {
                "address": "735 N 2nd Street",
                "name": "2nd & Brown",
                "rental_uris": {
                    "android": "https://www.bcycle.com/applink?system_id=bcycle_indego&station_id=bcycle_indego_3261&platform=android",
                    "ios": "https://www.bcycle.com/applink?system_id=bcycle_indego&station_id=bcycle_indego_3261&platform=iOS"
                },
                "station_id": "bcycle_indego_3261"
            },
            "type": "Feature"
        },
        {
            "geometry": {
                "coordinates": [
                    -75.2081,
                    39.9586
                ],
                "type": "Point"
            },
            "properties": {
                "address": "4261 Powelton Avenue",
                "name": "43rd & Powelton",
                "rental_uris": {
                    "android": "https://www.bcycle.com/applink?system_id=bcycle_indego&station_id=bcycle_indego_3263&platform=android",
                    "ios": "https://www.bcycle.com/applink?system_id=bcycle_indego&station_id=bcycle_indego_3263&platform=iOS"
                },
                "station_id": "bcycle_indego_3263"
            },
            "type": "Feature"
        },
        {
            "geometry": {
                "coordinates": [
                    -75.15508,
                    39.94571
                ],
                "type": "Point"
            },
            "properties": {
                "address": "800 Spruce Street",
                "name": "8th & Spruce",
                "rental_uris": {
                    "android": "https://www.bcycle.com/applink?system_id=bcycle_indego&station_id=bcycle_indego_3264&platform=android",
                    "ios": "https://www.bcycle.com/applink?system_id=bcycle_indego&station_id=bcycle_indego_3264&platform=iOS"
                },
                "station_id": "bcycle_indego_3264"
            },
            "type": "Feature"
        },
        {
            "geometry": {
                "coordinates": [
                    -75.19633,
                    39.95957
                ],
                "type": "Point"
            },
            "properties": {
                "address": "3760 Powelton Avenue",
                "name": "Powelton & Lancaster",
                "rental_uris": {
                    "android": "https://www.bcycle.com/applink?system_id=bcycle_indego&station_id=bcycle_indego_3265&platform=android",
                    "ios": "https://www.bcycle.com/applink?system_id=bcycle_indego&station_id=bcycle_indego_3265&platform=iOS"
                },
                "station_id": "bcycle_indego_3265"
            },
            "type": "Feature"
        },
        {
            "geometry": {
                "coordinates": [
                    -75.14701,
                    39.9237
                ],
                "type": "Point"
            },
            "properties": {
                "address": "1900 S Water Street",
                "name": "Water & Mifflin",
                "rental_uris": {
                    "android": "https://www.bcycle.com/applink?system_id=bcycle_indego&station_id=bcycle_indego_3266&platform=android",
                    "ios": "https://www.bcycle.com/applink?system_id=bcycle_indego&station_id=bcycle_indego_3266&platform=iOS"
                },
                "station_id": "bcycle_indego_3266"
            },
            "type": "Feature"
        },
        {
            "geometry": {
                "coordinates": [
                    -75.1796,
                    39.918
                ],
                "type": "Point"
            },
            "properties": {
                "address": "1905 Oregon Avenue",
                "name": "19th & Oregon",
                "rental_uris": {
                    "android": "https://www.bcycle.com/applink?system_id=bcycle_indego&station_id=bcycle_indego_3267&platform=android",
                    "ios": "https://www.bcycle.com/applink?system_id=bcycle_indego&station_id=bcycle_indego_3267&platform=iOS"
                },
                "station_id": "bcycle_indego_3267"
            },
            "type": "Feature"
        },
        {
            "geometry": {
                "coordinates": [
                    -75.15101,
                    39.97633
                ],
                "type": "Point"
            },
            "properties": {
                "address": "960 W Oxford St",
                "name": "10th & Oxford",
                "rental_uris": {
                    "android": "https://www.bcycle.com/applink?system_id=bcycle_indego&station_id=bcycle_indego_3268&platform=android",
                    "ios": "https://www.bcycle.com/applink?system_id=bcycle_indego&station_id=bcycle_indego_3268&platform=iOS"
                },
                "station_id": "bcycle_indego_3268"
            },
            "type": "Feature"
        },
        {
            "geometry": {
                "coordinates": [
                    -75.22946,
                    39.9476
                ],
                "type": "Point"
            },
            "properties": {
                "address": "777 S 53rd Street",
                "name": "53rd & Baltimore",
                "rental_uris": {
                    "android": "https://www.bcycle.com/applink?system_id=bcycle_indego&station_id=bcycle_indego_3271&platform=android",
                    "ios": "https://www.bcycle.com/applink?system_id=bcycle_indego&station_id=bcycle_indego_3271&platform=iOS"
                },
                "station_id": "bcycle_indego_3271"
            },
            "type": "Feature"
        },
        {
            "geometry": {
                "coordinates": [
                    -75.22048,
                    39.96405
                ],
                "type": "Point"
            },
            "properties": {
                "address": "5011 Haverford Avenue",
                "name": "50th & Haverford",
                "rental_uris": {
                    "android": "https://www.bcycle.com/applink?system_id=bcycle_indego&station_id=bcycle_indego_3272&platform=android",
                    "ios": "https://www.bcycle.com/applink?system_id=bcycle_indego&station_id=bcycle_indego_3272&platform=iOS"
                },
                "station_id": "bcycle_indego_3272"
            },
            "type": "Feature"
        },
        {
            "geometry": {
                "coordinates": [
                    -75.12157,
                    39.97576
                ],
                "type": "Point"
            },
            "properties": {
                "address": "2641 E York Street",
                "name": "York & Aramingo",
                "rental_uris": {
                    "android": "https://www.bcycle.com/applink?system_id=bcycle_indego&station_id=bcycle_indego_3275&platform=android",
                    "ios": "https://www.bcycle.com/applink?system_id=bcycle_indego&station_id=bcycle_indego_3275&platform=iOS"
                },
                "station_id": "bcycle_indego_3275"
            },
            "type": "Feature"
        },
        {
            "geometry": {
                "coordinates": [
                    -75.15679,
                    39.96569
                ],
                "type": "Point"
            },
            "properties": {
                "address": "681 N 12th Street",
                "name": "12th & Fairmount",
                "rental_uris": {
                    "android": "https://www.bcycle.com/applink?system_id=bcycle_indego&station_id=bcycle_indego_3276&platform=android",
                    "ios": "https://www.bcycle.com/applink?system_id=bcycle_indego&station_id=bcycle_indego_3276&platform=iOS"
                },
                "station_id": "bcycle_indego_3276"
            },
            "type": "Feature"
        },
        {
            "geometry": {
                "coordinates": [
                    -75.16738,
                    39.98306
                ],
                "type": "Point"
            },
            "properties": {
                "address": "2013 W Berks St",
                "name": "20th & Berks",
                "rental_uris": {
                    "android": "https://www.bcycle.com/applink?system_id=bcycle_indego&station_id=bcycle_indego_3277&platform=android",
                    "ios": "https://www.bcycle.com/applink?system_id=bcycle_indego&station_id=bcycle_indego_3277&platform=iOS"
                },
                "station_id": "bcycle_indego_3277"
            },
            "type": "Feature"
        },
        {
            "geometry": {
                "coordinates": [
                    -75.1681,
                    39.99301
                ],
                "type": "Point"
            },
            "properties": {
                "address": "2517 N 22nd St",
                "name": "22nd & Sedgley",
                "rental_uris": {
                    "android": "https://www.bcycle.com/applink?system_id=bcycle_indego&station_id=bcycle_indego_3278&platform=android",
                    "ios": "https://www.bcycle.com/applink?system_id=bcycle_indego&station_id=bcycle_indego_3278&platform=iOS"
                },
                "station_id": "bcycle_indego_3278"
            },
            "type": "Feature"
        },
        {
            "geometry": {
                "coordinates": [
                    -75.1668,
                    39.9265
                ],
                "type": "Point"
            },
            "properties": {
                "address": "1229 Mifflin St",
                "name": "13th & Mifflin",
                "rental_uris": {
                    "android": "https://www.bcycle.com/applink?system_id=bcycle_indego&station_id=bcycle_indego_3279&platform=android",
                    "ios": "https://www.bcycle.com/applink?system_id=bcycle_indego&station_id=bcycle_indego_3279&platform=iOS"
                },
                "station_id": "bcycle_indego_3279"
            },
            "type": "Feature"
        },
        {
            "geometry": {
                "coordinates": [
                    -75.21362,
                    39.93968
                ],
                "type": "Point"
            },
            "properties": {
                "address": "1418 S 50th Street",
                "name": "50th & Woodland",
                "rental_uris": {
                    "android": "https://www.bcycle.com/applink?system_id=bcycle_indego&station_id=bcycle_indego_3280&platform=android",
                    "ios": "https://www.bcycle.com/applink?system_id=bcycle_indego&station_id=bcycle_indego_3280&platform=iOS"
                },
                "station_id": "bcycle_indego_3280"
            },
            "type": "Feature"
        },
        {
            "geometry": {
                "coordinates": [
                    -75.2162,
                    39.9323
                ],
                "type": "Point"
            },
            "properties": {
                "address": "5498 Lindbergh Blvd",
                "name": "Lindbergh & Wheeler",
                "rental_uris": {
                    "android": "https://www.bcycle.com/applink?system_id=bcycle_indego&station_id=bcycle_indego_3281&platform=android",
                    "ios": "https://www.bcycle.com/applink?system_id=bcycle_indego&station_id=bcycle_indego_3281&platform=iOS"
                },
                "station_id": "bcycle_indego_3281"
            },
            "type": "Feature"
        },
        {
            "geometry": {
                "coordinates": [
                    -75.14925,
                    39.98628
                ],
                "type": "Point"
            },
            "properties": {
                "address": "2224 N 10th Street",
                "name": "10th & Nevada",
                "rental_uris": {
                    "android": "https://www.bcycle.com/applink?system_id=bcycle_indego&station_id=bcycle_indego_3282&platform=android",
                    "ios": "https://www.bcycle.com/applink?system_id=bcycle_indego&station_id=bcycle_indego_3282&platform=iOS"
                },
                "station_id": "bcycle_indego_3282"
            },
            "type": "Feature"
        },
        {
            "geometry": {
                "coordinates": [
                    -75.19287,
                    40.01112
                ],
                "type": "Point"
            },
            "properties": {
                "address": "3620 Midvale Avenue",
                "name": "Midvale & Cresson",
                "rental_uris": {
                    "android": "https://www.bcycle.com/applink?system_id=bcycle_indego&station_id=bcycle_indego_3284&platform=android",
                    "ios": "https://www.bcycle.com/applink?system_id=bcycle_indego&station_id=bcycle_indego_3284&platform=iOS"
                },
                "station_id": "bcycle_indego_3284"
            },
            "type": "Feature"
        },
        {
            "geometry": {
                "coordinates": [
                    -75.14745,
                    39.95946
                ],
                "type": "Point"
            },
            "properties": {
                "address": "442 N 5th Street",
                "name": "5th & Willow",
                "rental_uris": {
                    "android": "https://www.bcycle.com/applink?system_id=bcycle_indego&station_id=bcycle_indego_3285&platform=android",
                    "ios": "https://www.bcycle.com/applink?system_id=bcycle_indego&station_id=bcycle_indego_3285&platform=iOS"
                },
                "station_id": "bcycle_indego_3285"
            },
            "type": "Feature"
        },
        {
            "geometry": {
                "coordinates": [
                    -75.14769,
                    39.96409
                ],
                "type": "Point"
            },
            "properties": {
                "address": "719 N 6th Street",
                "name": "6th & Brown",
                "rental_uris": {
                    "android": "https://www.bcycle.com/applink?system_id=bcycle_indego&station_id=bcycle_indego_3286&platform=android",
                    "ios": "https://www.bcycle.com/applink?system_id=bcycle_indego&station_id=bcycle_indego_3286&platform=iOS"
                },
                "station_id": "bcycle_indego_3286"
            },
            "type": "Feature"
        },
        {
            "geometry": {
                "coordinates": [
                    -75.21606,
                    39.94367
                ],
                "type": "Point"
            },
            "properties": {
                "address": "1110 S 49th Street",
                "name": "49th & Chester",
                "rental_uris": {
                    "android": "https://www.bcycle.com/applink?system_id=bcycle_indego&station_id=bcycle_indego_3287&platform=android",
                    "ios": "https://www.bcycle.com/applink?system_id=bcycle_indego&station_id=bcycle_indego_3287&platform=iOS"
                },
                "station_id": "bcycle_indego_3287"
            },
            "type": "Feature"
        },
        {
            "geometry": {
                "coordinates": [
                    -75.197,
                    40.01022
                ],
                "type": "Point"
            },
            "properties": {
                "address": "4341 Ridge Avenue",
                "name": "Ridge & Heritage",
                "rental_uris": {
                    "android": "https://www.bcycle.com/applink?system_id=bcycle_indego&station_id=bcycle_indego_3291&platform=android",
                    "ios": "https://www.bcycle.com/applink?system_id=bcycle_indego&station_id=bcycle_indego_3291&platform=iOS"
                },
                "station_id": "bcycle_indego_3291"
            },
            "type": "Feature"
        },
        {
            "geometry": {
                "coordinates": [
                    -75.1562,
                    39.92
                ],
                "type": "Point"
            },
            "properties": {
                "address": "510 Wolf Street",
                "name": "5th & Wolf",
                "rental_uris": {
                    "android": "https://www.bcycle.com/applink?system_id=bcycle_indego&station_id=bcycle_indego_3292&platform=android",
                    "ios": "https://www.bcycle.com/applink?system_id=bcycle_indego&station_id=bcycle_indego_3292&platform=iOS"
                },
                "station_id": "bcycle_indego_3292"
            },
            "type": "Feature"
        },
        {
            "geometry": {
                "coordinates": [
                    -75.17063,
                    39.95174
                ],
                "type": "Point"
            },
            "properties": {
                "address": "1805 Chestnut St",
                "name": "18th & Chestnut",
                "rental_uris": {
                    "android": "https://www.bcycle.com/applink?system_id=bcycle_indego&station_id=bcycle_indego_3294&platform=android",
                    "ios": "https://www.bcycle.com/applink?system_id=bcycle_indego&station_id=bcycle_indego_3294&platform=iOS"
                },
                "station_id": "bcycle_indego_3294"
            },
            "type": "Feature"
        },
        {
            "geometry": {
                "coordinates": [
                    -75.16027,
                    39.95028
                ],
                "type": "Point"
            },
            "properties": {
                "address": "118 S. 12th St.",
                "name": "12th & Chestnut",
                "rental_uris": {
                    "android": "https://www.bcycle.com/applink?system_id=bcycle_indego&station_id=bcycle_indego_3295&platform=android",
                    "ios": "https://www.bcycle.com/applink?system_id=bcycle_indego&station_id=bcycle_indego_3295&platform=iOS"
                },
                "station_id": "bcycle_indego_3295"
            },
            "type": "Feature"
        },
        {
            "geometry": {
                "coordinates": [
                    -75.16758,
                    39.95134
                ],
                "type": "Point"
            },
            "properties": {
                "address": "1603 Chestnut St.",
                "name": "16th & Chestnut",
                "rental_uris": {
                    "android": "https://www.bcycle.com/applink?system_id=bcycle_indego&station_id=bcycle_indego_3296&platform=android",
                    "ios": "https://www.bcycle.com/applink?system_id=bcycle_indego&station_id=bcycle_indego_3296&platform=iOS"
                },
                "station_id": "bcycle_indego_3296"
            },
            "type": "Feature"
        },
        {
            "geometry": {
                "coordinates": [
                    -75.16901,
                    39.95821
                ],
                "type": "Point"
            },
            "properties": {
                "address": "210 N 18th Street",
                "name": "18th & Vine",
                "rental_uris": {
                    "android": "https://www.bcycle.com/applink?system_id=bcycle_indego&station_id=bcycle_indego_3297&platform=android",
                    "ios": "https://www.bcycle.com/applink?system_id=bcycle_indego&station_id=bcycle_indego_3297&platform=iOS"
                },
                "station_id": "bcycle_indego_3297"
            },
            "type": "Feature"
        },
        {
            "geometry": {
                "coordinates": [
                    -75.20691,
                    39.94717
                ],
                "type": "Point"
            },
            "properties": {
                "address": "641 S 42nd Street",
                "name": "42nd & Woodland",
                "rental_uris": {
                    "android": "https://www.bcycle.com/applink?system_id=bcycle_indego&station_id=bcycle_indego_3298&platform=android",
                    "ios": "https://www.bcycle.com/applink?system_id=bcycle_indego&station_id=bcycle_indego_3298&platform=iOS"
                },
                "station_id": "bcycle_indego_3298"
            },
            "type": "Feature"
        },
        {
            "geometry": {
                "coordinates": [
                    -75.15698,
                    39.94332
                ],
                "type": "Point"
            },
            "properties": {
                "address": "506 S 9th St",
                "name": "9th & Lombard",
                "rental_uris": {
                    "android": "https://www.bcycle.com/applink?system_id=bcycle_indego&station_id=bcycle_indego_3299&platform=android",
                    "ios": "https://www.bcycle.com/applink?system_id=bcycle_indego&station_id=bcycle_indego_3299&platform=iOS"
                },
                "station_id": "bcycle_indego_3299"
            },
            "type": "Feature"
        },
        {
            "geometry": {
                "coordinates": [
                    -75.16287,
                    39.95511
                ],
                "type": "Point"
            },
            "properties": {
                "address": "119 N Broad Street",
                "name": "Broad & Cherry",
                "rental_uris": {
                    "android": "https://www.bcycle.com/applink?system_id=bcycle_indego&station_id=bcycle_indego_3300&platform=android",
                    "ios": "https://www.bcycle.com/applink?system_id=bcycle_indego&station_id=bcycle_indego_3300&platform=iOS"
                },
                "station_id": "bcycle_indego_3300"
            },
            "type": "Feature"
        },
        {
            "geometry": {
                "coordinates": [
                    -75.17126,
                    39.95029
                ],
                "type": "Point"
            },
            "properties": {
                "address": "1811 Walnut Street",
                "name": "18th & Walnut",
                "rental_uris": {
                    "android": "https://www.bcycle.com/applink?system_id=bcycle_indego&station_id=bcycle_indego_3301&platform=android",
                    "ios": "https://www.bcycle.com/applink?system_id=bcycle_indego&station_id=bcycle_indego_3301&platform=iOS"
                },
                "station_id": "bcycle_indego_3301"
            },
            "type": "Feature"
        },
        {
            "geometry": {
                "coordinates": [
                    -75.2053,
                    39.9559
                ],
                "type": "Point"
            },
            "properties": {
                "address": "4110 Chestnut Street",
                "name": "41st & Chestnut",
                "rental_uris": {
                    "android": "https://www.bcycle.com/applink?system_id=bcycle_indego&station_id=bcycle_indego_3303&platform=android",
                    "ios": "https://www.bcycle.com/applink?system_id=bcycle_indego&station_id=bcycle_indego_3303&platform=iOS"
                },
                "station_id": "bcycle_indego_3303"
            },
            "type": "Feature"
        },
        {
            "geometry": {
                "coordinates": [
                    -75.15399,
                    39.94234
                ],
                "type": "Point"
            },
            "properties": {
                "address": "703 South Street",
                "name": "7th & South",
                "rental_uris": {
                    "android": "https://www.bcycle.com/applink?system_id=bcycle_indego&station_id=bcycle_indego_3304&platform=android",
                    "ios": "https://www.bcycle.com/applink?system_id=bcycle_indego&station_id=bcycle_indego_3304&platform=iOS"
                },
                "station_id": "bcycle_indego_3304"
            },
            "type": "Feature"
        },
        {
            "geometry": {
                "coordinates": [
                    -75.1671,
                    39.99569
                ],
                "type": "Point"
            },
            "properties": {
                "address": "2105 W Lehigh Avenue",
                "name": "22nd & Lehigh",
                "rental_uris": {
                    "android": "https://www.bcycle.com/applink?system_id=bcycle_indego&station_id=bcycle_indego_3305&platform=android",
                    "ios": "https://www.bcycle.com/applink?system_id=bcycle_indego&station_id=bcycle_indego_3305&platform=iOS"
                },
                "station_id": "bcycle_indego_3305"
            },
            "type": "Feature"
        },
        {
            "geometry": {
                "coordinates": [
                    -75.17761,
                    39.99683
                ],
                "type": "Point"
            },
            "properties": {
                "address": "2820 W Lehigh Avenue",
                "name": "28th & Lehigh",
                "rental_uris": {
                    "android": "https://www.bcycle.com/applink?system_id=bcycle_indego&station_id=bcycle_indego_3306&platform=android",
                    "ios": "https://www.bcycle.com/applink?system_id=bcycle_indego&station_id=bcycle_indego_3306&platform=iOS"
                },
                "station_id": "bcycle_indego_3306"
            },
            "type": "Feature"
        },
        {
            "geometry": {
                "coordinates": [
                    -75.174,
                    40.0028
                ],
                "type": "Point"
            },
            "properties": {
                "address": "3103 N 27th Street",
                "name": "27th & Clearfield",
                "rental_uris": {
                    "android": "https://www.bcycle.com/applink?system_id=bcycle_indego&station_id=bcycle_indego_3307&platform=android",
                    "ios": "https://www.bcycle.com/applink?system_id=bcycle_indego&station_id=bcycle_indego_3307&platform=iOS"
                },
                "station_id": "bcycle_indego_3307"
            },
            "type": "Feature"
        },
        {
            "geometry": {
                "coordinates": [
                    -75.18651,
                    39.98024
                ],
                "type": "Point"
            },
            "properties": {
                "address": "3111 W Glenwood Avenue",
                "name": "Oxford & Glenwood",
                "rental_uris": {
                    "android": "https://www.bcycle.com/applink?system_id=bcycle_indego&station_id=bcycle_indego_3310&platform=android",
                    "ios": "https://www.bcycle.com/applink?system_id=bcycle_indego&station_id=bcycle_indego_3310&platform=iOS"
                },
                "station_id": "bcycle_indego_3310"
            },
            "type": "Feature"
        },
        {
            "geometry": {
                "coordinates": [
                    -75.1643,
                    39.9158
                ],
                "type": "Point"
            },
            "properties": {
                "address": "2701 S 10th Street",
                "name": "10th & Oregon",
                "rental_uris": {
                    "android": "https://www.bcycle.com/applink?system_id=bcycle_indego&station_id=bcycle_indego_3313&platform=android",
                    "ios": "https://www.bcycle.com/applink?system_id=bcycle_indego&station_id=bcycle_indego_3313&platform=iOS"
                },
                "station_id": "bcycle_indego_3313"
            },
            "type": "Feature"
        },
        {
            "geometry": {
                "coordinates": [
                    -75.14492,
                    39.93682
                ],
                "type": "Point"
            },
            "properties": {
                "address": "815 S Front Street",
                "name": "Front & Queen",
                "rental_uris": {
                    "android": "https://www.bcycle.com/applink?system_id=bcycle_indego&station_id=bcycle_indego_3314&platform=android",
                    "ios": "https://www.bcycle.com/applink?system_id=bcycle_indego&station_id=bcycle_indego_3314&platform=iOS"
                },
                "station_id": "bcycle_indego_3314"
            },
            "type": "Feature"
        },
        {
            "geometry": {
                "coordinates": [
                    -75.21138,
                    39.94235
                ],
                "type": "Point"
            },
            "properties": {
                "address": "4796 Woodland Avenue",
                "name": "48th & Woodland",
                "rental_uris": {
                    "android": "https://www.bcycle.com/applink?system_id=bcycle_indego&station_id=bcycle_indego_3315&platform=android",
                    "ios": "https://www.bcycle.com/applink?system_id=bcycle_indego&station_id=bcycle_indego_3315&platform=iOS"
                },
                "station_id": "bcycle_indego_3315"
            },
            "type": "Feature"
        },
        {
            "geometry": {
                "coordinates": [
                    -75.17337,
                    39.92255
                ],
                "type": "Point"
            },
            "properties": {
                "address": "2269 S 16th Street",
                "name": "16th & Wolf",
                "rental_uris": {
                    "android": "https://www.bcycle.com/applink?system_id=bcycle_indego&station_id=bcycle_indego_3316&platform=android",
                    "ios": "https://www.bcycle.com/applink?system_id=bcycle_indego&station_id=bcycle_indego_3316&platform=iOS"
                },
                "station_id": "bcycle_indego_3316"
            },
            "type": "Feature"
        },
        {
            "geometry": {
                "coordinates": [
                    -75.16395,
                    39.95182
                ],
                "type": "Point"
            },
            "properties": {
                "address": "5 S Penn Square",
                "name": "City Hall South",
                "rental_uris": {
                    "android": "https://www.bcycle.com/applink?system_id=bcycle_indego&station_id=bcycle_indego_3318&platform=android",
                    "ios": "https://www.bcycle.com/applink?system_id=bcycle_indego&station_id=bcycle_indego_3318&platform=iOS"
                },
                "station_id": "bcycle_indego_3318"
            },
            "type": "Feature"
        },
        {
            "geometry": {
                "coordinates": [
                    -75.12964,
                    39.96672
                ],
                "type": "Point"
            },
            "properties": {
                "address": "1213 N Delaware Avenue",
                "name": "Penn Treaty Park",
                "rental_uris": {
                    "android": "https://www.bcycle.com/applink?system_id=bcycle_indego&station_id=bcycle_indego_3319&platform=android",
                    "ios": "https://www.bcycle.com/applink?system_id=bcycle_indego&station_id=bcycle_indego_3319&platform=iOS"
                },
                "station_id": "bcycle_indego_3319"
            },
            "type": "Feature"
        },
        {
            "geometry": {
                "coordinates": [
                    -75.15917,
                    39.9746
                ],
                "type": "Point"
            },
            "properties": {
                "address": "1401 Master Street",
                "name": "Broad & Master",
                "rental_uris": {
                    "android": "https://www.bcycle.com/applink?system_id=bcycle_indego&station_id=bcycle_indego_3320&platform=android",
                    "ios": "https://www.bcycle.com/applink?system_id=bcycle_indego&station_id=bcycle_indego_3320&platform=iOS"
                },
                "station_id": "bcycle_indego_3320"
            },
            "type": "Feature"
        },
        {
            "geometry": {
                "coordinates": [
                    -75.17298,
                    39.95485
                ],
                "type": "Point"
            },
            "properties": {
                "address": "53-61 N 20th St",
                "name": "20th & Cuthbert",
                "rental_uris": {
                    "android": "https://www.bcycle.com/applink?system_id=bcycle_indego&station_id=bcycle_indego_3321&platform=android",
                    "ios": "https://www.bcycle.com/applink?system_id=bcycle_indego&station_id=bcycle_indego_3321&platform=iOS"
                },
                "station_id": "bcycle_indego_3321"
            },
            "type": "Feature"
        },
        {
            "geometry": {
                "coordinates": [
                    -75.15526,
                    39.93638
                ],
                "type": "Point"
            },
            "properties": {
                "address": "1001 E Passyunk Avenue",
                "name": "7th & Passyunk",
                "rental_uris": {
                    "android": "https://www.bcycle.com/applink?system_id=bcycle_indego&station_id=bcycle_indego_3322&platform=android",
                    "ios": "https://www.bcycle.com/applink?system_id=bcycle_indego&station_id=bcycle_indego_3322&platform=iOS"
                },
                "station_id": "bcycle_indego_3322"
            },
            "type": "Feature"
        },
        {
            "geometry": {
                "coordinates": [
                    -75.2277,
                    40.02796
                ],
                "type": "Point"
            },
            "properties": {
                "address": "115 Dupont Street",
                "name": "Manayunk Bridge",
                "rental_uris": {
                    "android": "https://www.bcycle.com/applink?system_id=bcycle_indego&station_id=bcycle_indego_3323&platform=android",
                    "ios": "https://www.bcycle.com/applink?system_id=bcycle_indego&station_id=bcycle_indego_3323&platform=iOS"
                },
                "station_id": "bcycle_indego_3323"
            },
            "type": "Feature"
        },
        {
            "geometry": {
                "coordinates": [
                    -75.19242,
                    39.99484
                ],
                "type": "Point"
            },
            "properties": {
                "address": "2400 Kelly Drive",
                "name": "Kelly Drive, Strawberry Mansion Bridge",
                "rental_uris": {
                    "android": "https://www.bcycle.com/applink?system_id=bcycle_indego&station_id=bcycle_indego_3324&platform=android",
                    "ios": "https://www.bcycle.com/applink?system_id=bcycle_indego&station_id=bcycle_indego_3324&platform=iOS"
                },
                "station_id": "bcycle_indego_3324"
            },
            "type": "Feature"
        },
        {
            "geometry": {
                "coordinates": [
                    -75.12764,
                    39.9768
                ],
                "type": "Point"
            },
            "properties": {
                "address": "1847 Cedar Street",
                "name": "Cedar & Norris",
                "rental_uris": {
                    "android": "https://www.bcycle.com/applink?system_id=bcycle_indego&station_id=bcycle_indego_3325&platform=android",
                    "ios": "https://www.bcycle.com/applink?system_id=bcycle_indego&station_id=bcycle_indego_3325&platform=iOS"
                },
                "station_id": "bcycle_indego_3325"
            },
            "type": "Feature"
        },
        {
            "geometry": {
                "coordinates": [
                    -75.19944,
                    39.99198
                ],
                "type": "Point"
            },
            "properties": {
                "address": "Martin Luther King Jr Drive",
                "name": "M.L.K. Drive, Strawberry Mansion Bridge",
                "rental_uris": {
                    "android": "https://www.bcycle.com/applink?system_id=bcycle_indego&station_id=bcycle_indego_3326&platform=android",
                    "ios": "https://www.bcycle.com/applink?system_id=bcycle_indego&station_id=bcycle_indego_3326&platform=iOS"
                },
                "station_id": "bcycle_indego_3326"
            },
            "type": "Feature"
        },
        {
            "geometry": {
                "coordinates": [
                    -75.12442,
                    39.97759
                ],
                "type": "Point"
            },
            "properties": {
                "address": "2424 E York Street",
                "name": "York & Gaul",
                "rental_uris": {
                    "android": "https://www.bcycle.com/applink?system_id=bcycle_indego&station_id=bcycle_indego_3327&platform=android",
                    "ios": "https://www.bcycle.com/applink?system_id=bcycle_indego&station_id=bcycle_indego_3327&platform=iOS"
                },
                "station_id": "bcycle_indego_3327"
            },
            "type": "Feature"
        },
        {
            "geometry": {
                "coordinates": [
                    -75.1995,
                    39.98798
                ],
                "type": "Point"
            },
            "properties": {
                "address": "1200 Kelly Drive",
                "name": "Kelly Drive Grandstand",
                "rental_uris": {
                    "android": "https://www.bcycle.com/applink?system_id=bcycle_indego&station_id=bcycle_indego_3328&platform=android",
                    "ios": "https://www.bcycle.com/applink?system_id=bcycle_indego&station_id=bcycle_indego_3328&platform=iOS"
                },
                "station_id": "bcycle_indego_3328"
            },
            "type": "Feature"
        },
        {
            "geometry": {
                "coordinates": [
                    -75.22445,
                    40.02651
                ],
                "type": "Point"
            },
            "properties": {
                "address": "4402 Cresson St",
                "name": "Cresson & Levering",
                "rental_uris": {
                    "android": "https://www.bcycle.com/applink?system_id=bcycle_indego&station_id=bcycle_indego_3329&platform=android",
                    "ios": "https://www.bcycle.com/applink?system_id=bcycle_indego&station_id=bcycle_indego_3329&platform=iOS"
                },
                "station_id": "bcycle_indego_3329"
            },
            "type": "Feature"
        },
        {
            "geometry": {
                "coordinates": [
                    -75.12813,
                    39.97116
                ],
                "type": "Point"
            },
            "properties": {
                "address": "501 E Girard Avenue",
                "name": "Girard & Palmer",
                "rental_uris": {
                    "android": "https://www.bcycle.com/applink?system_id=bcycle_indego&station_id=bcycle_indego_3331&platform=android",
                    "ios": "https://www.bcycle.com/applink?system_id=bcycle_indego&station_id=bcycle_indego_3331&platform=iOS"
                },
                "station_id": "bcycle_indego_3331"
            },
            "type": "Feature"
        },
        {
            "geometry": {
                "coordinates": [
                    -75.18143,
                    40.00537
                ],
                "type": "Point"
            },
            "properties": {
                "address": "3159 W Allegheny Ave",
                "name": "32nd & Allegheny",
                "rental_uris": {
                    "android": "https://www.bcycle.com/applink?system_id=bcycle_indego&station_id=bcycle_indego_3332&platform=android",
                    "ios": "https://www.bcycle.com/applink?system_id=bcycle_indego&station_id=bcycle_indego_3332&platform=iOS"
                },
                "station_id": "bcycle_indego_3332"
            },
            "type": "Feature"
        },
        {
            "geometry": {
                "coordinates": [
                    -75.16965,
                    39.9541
                ],
                "type": "Point"
            },
            "properties": {
                "address": "1735 John F Kennedy Blvd",
                "name": "18th & JFK Curbside",
                "rental_uris": {
                    "android": "https://www.bcycle.com/applink?system_id=bcycle_indego&station_id=bcycle_indego_3333&platform=android",
                    "ios": "https://www.bcycle.com/applink?system_id=bcycle_indego&station_id=bcycle_indego_3333&platform=iOS"
                },
                "station_id": "bcycle_indego_3333"
            },
            "type": "Feature"
        },
        {
            "geometry": {
                "coordinates": [
                    -75.15636,
                    39.9302
                ],
                "type": "Point"
            },
            "properties": {
                "address": "645 Dickinson Street",
                "name": "7th & Dickinson",
                "rental_uris": {
                    "android": "https://www.bcycle.com/applink?system_id=bcycle_indego&station_id=bcycle_indego_3334&platform=android",
                    "ios": "https://www.bcycle.com/applink?system_id=bcycle_indego&station_id=bcycle_indego_3334&platform=iOS"
                },
                "station_id": "bcycle_indego_3334"
            },
            "type": "Feature"
        },
        {
            "geometry": {
                "coordinates": [
                    -75.218,
                    40.02237
                ],
                "type": "Point"
            },
            "properties": {
                "address": "9 Shurs Lane",
                "name": "Main & Shurs",
                "rental_uris": {
                    "android": "https://www.bcycle.com/applink?system_id=bcycle_indego&station_id=bcycle_indego_3335&platform=android",
                    "ios": "https://www.bcycle.com/applink?system_id=bcycle_indego&station_id=bcycle_indego_3335&platform=iOS"
                },
                "station_id": "bcycle_indego_3335"
            },
            "type": "Feature"
        },
        {
            "geometry": {
                "coordinates": [
                    -75.19388,
                    39.95719
                ],
                "type": "Point"
            },
            "properties": {
                "address": "31 N 36th Street",
                "name": "36th & Filbert",
                "rental_uris": {
                    "android": "https://www.bcycle.com/applink?system_id=bcycle_indego&station_id=bcycle_indego_3336&platform=android",
                    "ios": "https://www.bcycle.com/applink?system_id=bcycle_indego&station_id=bcycle_indego_3336&platform=iOS"
                },
                "station_id": "bcycle_indego_3336"
            },
            "type": "Feature"
        },
        {
            "geometry": {
                "coordinates": [
                    -75.14612,
                    39.97318
                ],
                "type": "Point"
            },
            "properties": {
                "address": "1410 N 6th Street",
                "name": "6th & Master",
                "rental_uris": {
                    "android": "https://www.bcycle.com/applink?system_id=bcycle_indego&station_id=bcycle_indego_3337&platform=android",
                    "ios": "https://www.bcycle.com/applink?system_id=bcycle_indego&station_id=bcycle_indego_3337&platform=iOS"
                },
                "station_id": "bcycle_indego_3337"
            },
            "type": "Feature"
        },
        {
            "geometry": {
                "coordinates": [
                    -75.23035,
                    39.95098
                ],
                "type": "Point"
            },
            "properties": {
                "address": "5349 Cedar Avenue",
                "name": "54th & Cedar",
                "rental_uris": {
                    "android": "https://www.bcycle.com/applink?system_id=bcycle_indego&station_id=bcycle_indego_3338&platform=android",
                    "ios": "https://www.bcycle.com/applink?system_id=bcycle_indego&station_id=bcycle_indego_3338&platform=iOS"
                },
                "station_id": "bcycle_indego_3338"
            },
            "type": "Feature"
        },
        {
            "geometry": {
                "coordinates": [
                    -75.18169,
                    39.96906
                ],
                "type": "Point"
            },
            "properties": {
                "address": "2698 Pennsylvania Avenue",
                "name": "27th & Pennsylvania",
                "rental_uris": {
                    "android": "https://www.bcycle.com/applink?system_id=bcycle_indego&station_id=bcycle_indego_3340&platform=android",
                    "ios": "https://www.bcycle.com/applink?system_id=bcycle_indego&station_id=bcycle_indego_3340&platform=iOS"
                },
                "station_id": "bcycle_indego_3340"
            },
            "type": "Feature"
        },
        {
            "geometry": {
                "coordinates": [
                    -75.12732,
                    39.98131
                ],
                "type": "Point"
            },
            "properties": {
                "address": "2145 E York Street",
                "name": "York & Trenton",
                "rental_uris": {
                    "android": "https://www.bcycle.com/applink?system_id=bcycle_indego&station_id=bcycle_indego_3341&platform=android",
                    "ios": "https://www.bcycle.com/applink?system_id=bcycle_indego&station_id=bcycle_indego_3341&platform=iOS"
                },
                "station_id": "bcycle_indego_3341"
            },
            "type": "Feature"
        },
        {
            "geometry": {
                "coordinates": [
                    -75.17385,
                    39.9639
                ],
                "type": "Point"
            },
            "properties": {
                "address": "2122 Spring Garden Avenue",
                "name": "22nd & Spring Garden",
                "rental_uris": {
                    "android": "https://www.bcycle.com/applink?system_id=bcycle_indego&station_id=bcycle_indego_3342&platform=android",
                    "ios": "https://www.bcycle.com/applink?system_id=bcycle_indego&station_id=bcycle_indego_3342&platform=iOS"
                },
                "station_id": "bcycle_indego_3342"
            },
            "type": "Feature"
        },
        {
            "geometry": {
                "coordinates": [
                    -75.23354,
                    39.95961
                ],
                "type": "Point"
            },
            "properties": {
                "address": "5603 Chestnut Street",
                "name": "56th & Chestnut",
                "rental_uris": {
                    "android": "https://www.bcycle.com/applink?system_id=bcycle_indego&station_id=bcycle_indego_3344&platform=android",
                    "ios": "https://www.bcycle.com/applink?system_id=bcycle_indego&station_id=bcycle_indego_3344&platform=iOS"
                },
                "station_id": "bcycle_indego_3344"
            },
            "type": "Feature"
        },
        {
            "geometry": {
                "coordinates": [
                    -75.14667,
                    39.9617
                ],
                "type": "Point"
            },
            "properties": {
                "address": "558 N 5th Street",
                "name": "5th & Spring Garden",
                "rental_uris": {
                    "android": "https://www.bcycle.com/applink?system_id=bcycle_indego&station_id=bcycle_indego_3345&platform=android",
                    "ios": "https://www.bcycle.com/applink?system_id=bcycle_indego&station_id=bcycle_indego_3345&platform=iOS"
                },
                "station_id": "bcycle_indego_3345"
            },
            "type": "Feature"
        },
        {
            "geometry": {
                "coordinates": [
                    -75.15097,
                    39.94883
                ],
                "type": "Point"
            },
            "properties": {
                "address": "150 S Independence Mall W",
                "name": "6th & Chestnut",
                "rental_uris": {
                    "android": "https://www.bcycle.com/applink?system_id=bcycle_indego&station_id=bcycle_indego_3346&platform=android",
                    "ios": "https://www.bcycle.com/applink?system_id=bcycle_indego&station_id=bcycle_indego_3346&platform=iOS"
                },
                "station_id": "bcycle_indego_3346"
            },
            "type": "Feature"
        },
        {
            "geometry": {
                "coordinates": [
                    -75.18621,
                    39.93651
                ],
                "type": "Point"
            },
            "properties": {
                "address": "2504 Wharton Street",
                "name": "25th & Wharton",
                "rental_uris": {
                    "android": "https://www.bcycle.com/applink?system_id=bcycle_indego&station_id=bcycle_indego_3349&platform=android",
                    "ios": "https://www.bcycle.com/applink?system_id=bcycle_indego&station_id=bcycle_indego_3349&platform=iOS"
                },
                "station_id": "bcycle_indego_3349"
            },
            "type": "Feature"
        },
        {
            "geometry": {
                "coordinates": [
                    -75.15527,
                    39.99415
                ],
                "type": "Point"
            },
            "properties": {
                "address": "1427 W Lehigh Ave",
                "name": "Broad & Lehigh",
                "rental_uris": {
                    "android": "https://www.bcycle.com/applink?system_id=bcycle_indego&station_id=bcycle_indego_3350&platform=android",
                    "ios": "https://www.bcycle.com/applink?system_id=bcycle_indego&station_id=bcycle_indego_3350&platform=iOS"
                },
                "station_id": "bcycle_indego_3350"
            },
            "type": "Feature"
        },
        {
            "geometry": {
                "coordinates": [
                    -75.14991,
                    39.99655
                ],
                "type": "Point"
            },
            "properties": {
                "address": "1149 W Cambria Street",
                "name": "12th & Cambria",
                "rental_uris": {
                    "android": "https://www.bcycle.com/applink?system_id=bcycle_indego&station_id=bcycle_indego_3351&platform=android",
                    "ios": "https://www.bcycle.com/applink?system_id=bcycle_indego&station_id=bcycle_indego_3351&platform=iOS"
                },
                "station_id": "bcycle_indego_3351"
            },
            "type": "Feature"
        },
        {
            "geometry": {
                "coordinates": [
                    -75.15256,
                    40.00143
                ],
                "type": "Point"
            },
            "properties": {
                "address": "1352 W Allegheny Ave",
                "name": "Broad & Allegheny",
                "rental_uris": {
                    "android": "https://www.bcycle.com/applink?system_id=bcycle_indego&station_id=bcycle_indego_3352&platform=android",
                    "ios": "https://www.bcycle.com/applink?system_id=bcycle_indego&station_id=bcycle_indego_3352&platform=iOS"
                },
                "station_id": "bcycle_indego_3352"
            },
            "type": "Feature"
        },
        {
            "geometry": {
                "coordinates": [
                    -75.15233,
                    40.00496
                ],
                "type": "Point"
            },
            "properties": {
                "address": "3406 N Broad St",
                "name": "Broad & Ontario, Temple Hospital",
                "rental_uris": {
                    "android": "https://www.bcycle.com/applink?system_id=bcycle_indego&station_id=bcycle_indego_3353&platform=android",
                    "ios": "https://www.bcycle.com/applink?system_id=bcycle_indego&station_id=bcycle_indego_3353&platform=iOS"
                },
                "station_id": "bcycle_indego_3353"
            },
            "type": "Feature"
        },
        {
            "geometry": {
                "coordinates": [
                    -75.2387,
                    39.95628
                ],
                "type": "Point"
            },
            "properties": {
                "address": "5823 Spruce Street",
                "name": "58th & Spruce",
                "rental_uris": {
                    "android": "https://www.bcycle.com/applink?system_id=bcycle_indego&station_id=bcycle_indego_3354&platform=android",
                    "ios": "https://www.bcycle.com/applink?system_id=bcycle_indego&station_id=bcycle_indego_3354&platform=iOS"
                },
                "station_id": "bcycle_indego_3354"
            },
            "type": "Feature"
        },
        {
            "geometry": {
                "coordinates": [
                    -75.17187,
                    39.89322
                ],
                "type": "Point"
            },
            "properties": {
                "address": "1147 Normandy Pl",
                "name": "12th & Normandy",
                "rental_uris": {
                    "android": "https://www.bcycle.com/applink?system_id=bcycle_indego&station_id=bcycle_indego_3356&platform=android",
                    "ios": "https://www.bcycle.com/applink?system_id=bcycle_indego&station_id=bcycle_indego_3356&platform=iOS"
                },
                "station_id": "bcycle_indego_3356"
            },
            "type": "Feature"
        },
        {
            "geometry": {
                "coordinates": [
                    -75.16588,
                    39.9104
                ],
                "type": "Point"
            },
            "properties": {
                "address": "3356 S 10th St",
                "name": "10th & Packer",
                "rental_uris": {
                    "android": "https://www.bcycle.com/applink?system_id=bcycle_indego&station_id=bcycle_indego_3357&platform=android",
                    "ios": "https://www.bcycle.com/applink?system_id=bcycle_indego&station_id=bcycle_indego_3357&platform=iOS"
                },
                "station_id": "bcycle_indego_3357"
            },
            "type": "Feature"
        },
        {
            "geometry": {
                "coordinates": [
                    -75.16978,
                    39.94888
                ],
                "type": "Point"
            },
            "properties": {
                "address": "1717 Locust St",
                "name": "17th & Locust",
                "rental_uris": {
                    "android": "https://www.bcycle.com/applink?system_id=bcycle_indego&station_id=bcycle_indego_3359&platform=android",
                    "ios": "https://www.bcycle.com/applink?system_id=bcycle_indego&station_id=bcycle_indego_3359&platform=iOS"
                },
                "station_id": "bcycle_indego_3359"
            },
            "type": "Feature"
        },
        {
            "geometry": {
                "coordinates": [
                    -75.16822,
                    39.93304
                ],
                "type": "Point"
            },
            "properties": {
                "address": "1401 Reed Street",
                "name": "Broad & Reed",
                "rental_uris": {
                    "android": "https://www.bcycle.com/applink?system_id=bcycle_indego&station_id=bcycle_indego_3360&platform=android",
                    "ios": "https://www.bcycle.com/applink?system_id=bcycle_indego&station_id=bcycle_indego_3360&platform=iOS"
                },
                "station_id": "bcycle_indego_3360"
            },
            "type": "Feature"
        },
        {
            "geometry": {
                "coordinates": [
                    -75.17474,
                    39.93082
                ],
                "type": "Point"
            },
            "properties": {
                "address": "1625 S. 18th St. ",
                "name": "18th & Fernon, Aquinas Center",
                "rental_uris": {
                    "android": "https://www.bcycle.com/applink?system_id=bcycle_indego&station_id=bcycle_indego_3361&platform=android",
                    "ios": "https://www.bcycle.com/applink?system_id=bcycle_indego&station_id=bcycle_indego_3361&platform=iOS"
                },
                "station_id": "bcycle_indego_3361"
            },
            "type": "Feature"
        },
        {
            "geometry": {
                "coordinates": [
                    -75.16226,
                    39.94816
                ],
                "type": "Point"
            },
            "properties": {
                "address": "221 South 13th Street",
                "name": "13th & Locust",
                "rental_uris": {
                    "android": "https://www.bcycle.com/applink?system_id=bcycle_indego&station_id=bcycle_indego_3362&platform=android",
                    "ios": "https://www.bcycle.com/applink?system_id=bcycle_indego&station_id=bcycle_indego_3362&platform=iOS"
                },
                "station_id": "bcycle_indego_3362"
            },
            "type": "Feature"
        },
        {
            "geometry": {
                "coordinates": [
                    -75.16263,
                    39.94655
                ],
                "type": "Point"
            },
            "properties": {
                "address": "303 South 13th Street",
                "name": "13th & Spruce",
                "rental_uris": {
                    "android": "https://www.bcycle.com/applink?system_id=bcycle_indego&station_id=bcycle_indego_3363&platform=android",
                    "ios": "https://www.bcycle.com/applink?system_id=bcycle_indego&station_id=bcycle_indego_3363&platform=iOS"
                },
                "station_id": "bcycle_indego_3363"
            },
            "type": "Feature"
        },
        {
            "geometry": {
                "coordinates": [
                    -75.18788,
                    39.96173
                ],
                "type": "Point"
            },
            "properties": {
                "address": "3170 Baring St.",
                "name": "32nd & Baring, Drexel Park",
                "rental_uris": {
                    "android": "https://www.bcycle.com/applink?system_id=bcycle_indego&station_id=bcycle_indego_3365&platform=android",
                    "ios": "https://www.bcycle.com/applink?system_id=bcycle_indego&station_id=bcycle_indego_3365&platform=iOS"
                },
                "station_id": "bcycle_indego_3365"
            },
            "type": "Feature"
        },
        {
            "geometry": {
                "coordinates": [
                    -75.17362,
                    39.97647
                ],
                "type": "Point"
            },
            "properties": {
                "address": "2301 Master Street",
                "name": "23rd & Master",
                "rental_uris": {
                    "android": "https://www.bcycle.com/applink?system_id=bcycle_indego&station_id=bcycle_indego_3368&platform=android",
                    "ios": "https://www.bcycle.com/applink?system_id=bcycle_indego&station_id=bcycle_indego_3368&platform=iOS"
                },
                "station_id": "bcycle_indego_3368"
            },
            "type": "Feature"
        },
        {
            "geometry": {
                "coordinates": [
                    -75.19194,
                    40.00772
                ],
                "type": "Point"
            },
            "properties": {
                "address": "N Ferry Street",
                "name": "Ridge & Ferry",
                "rental_uris": {
                    "android": "https://www.bcycle.com/applink?system_id=bcycle_indego&station_id=bcycle_indego_3369&platform=android",
                    "ios": "https://www.bcycle.com/applink?system_id=bcycle_indego&station_id=bcycle_indego_3369&platform=iOS"
                },
                "station_id": "bcycle_indego_3369"
            },
            "type": "Feature"
        },
        {
            "geometry": {
                "coordinates": [
                    -75.21241,
                    40.0163
                ],
                "type": "Point"
            },
            "properties": {
                "address": "3742-3748 Main Street",
                "name": "Pencoyd Bridge",
                "rental_uris": {
                    "android": "https://www.bcycle.com/applink?system_id=bcycle_indego&station_id=bcycle_indego_3370&platform=android",
                    "ios": "https://www.bcycle.com/applink?system_id=bcycle_indego&station_id=bcycle_indego_3370&platform=iOS"
                },
                "station_id": "bcycle_indego_3370"
            },
            "type": "Feature"
        },
        {
            "geometry": {
                "coordinates": [
                    -75.1543,
                    39.9534
                ],
                "type": "Point"
            },
            "properties": {
                "address": "875 Arch Street",
                "name": "9th & Arch",
                "rental_uris": {
                    "android": "https://www.bcycle.com/applink?system_id=bcycle_indego&station_id=bcycle_indego_3371&platform=android",
                    "ios": "https://www.bcycle.com/applink?system_id=bcycle_indego&station_id=bcycle_indego_3371&platform=iOS"
                },
                "station_id": "bcycle_indego_3371"
            },
            "type": "Feature"
        },
        {
            "geometry": {
                "coordinates": [
                    -75.18672,
                    39.92528
                ],
                "type": "Point"
            },
            "properties": {
                "address": "2200 S 24th Street",
                "name": "24th & Jackson",
                "rental_uris": {
                    "android": "https://www.bcycle.com/applink?system_id=bcycle_indego&station_id=bcycle_indego_3372&platform=android",
                    "ios": "https://www.bcycle.com/applink?system_id=bcycle_indego&station_id=bcycle_indego_3372&platform=iOS"
                },
                "station_id": "bcycle_indego_3372"
            },
            "type": "Feature"
        },
        {
            "geometry": {
                "coordinates": [
                    -75.15668,
                    39.95817
                ],
                "type": "Point"
            },
            "properties": {
                "address": "1035 Wood Street",
                "name": "11th & Wood",
                "rental_uris": {
                    "android": "https://www.bcycle.com/applink?system_id=bcycle_indego&station_id=bcycle_indego_3373&platform=android",
                    "ios": "https://www.bcycle.com/applink?system_id=bcycle_indego&station_id=bcycle_indego_3373&platform=iOS"
                },
                "station_id": "bcycle_indego_3373"
            },
            "type": "Feature"
        },
        {
            "geometry": {
                "coordinates": [
                    -75.17971,
                    39.9728
                ],
                "type": "Point"
            },
            "properties": {
                "address": "2619 Poplar Street",
                "name": "26th & Poplar",
                "rental_uris": {
                    "android": "https://www.bcycle.com/applink?system_id=bcycle_indego&station_id=bcycle_indego_3374&platform=android",
                    "ios": "https://www.bcycle.com/applink?system_id=bcycle_indego&station_id=bcycle_indego_3374&platform=iOS"
                },
                "station_id": "bcycle_indego_3374"
            },
            "type": "Feature"
        },
        {
            "geometry": {
                "coordinates": [
                    -75.1402,
                    39.96036
                ],
                "type": "Point"
            },
            "properties": {
                "address": "120 Spring Garden Street",
                "name": "Spring Garden Station, MFL",
                "rental_uris": {
                    "android": "https://www.bcycle.com/applink?system_id=bcycle_indego&station_id=bcycle_indego_3375&platform=android",
                    "ios": "https://www.bcycle.com/applink?system_id=bcycle_indego&station_id=bcycle_indego_3375&platform=iOS"
                },
                "station_id": "bcycle_indego_3375"
            },
            "type": "Feature"
        },
        {
            "geometry": {
                "coordinates": [
                    -75.14878,
                    39.97183
                ],
                "type": "Point"
            },
            "properties": {
                "address": "720 Thompson Street",
                "name": "Thompson & Franklin",
                "rental_uris": {
                    "android": "https://www.bcycle.com/applink?system_id=bcycle_indego&station_id=bcycle_indego_3376&platform=android",
                    "ios": "https://www.bcycle.com/applink?system_id=bcycle_indego&station_id=bcycle_indego_3376&platform=iOS"
                },
                "station_id": "bcycle_indego_3376"
            },
            "type": "Feature"
        },
        {
            "geometry": {
                "coordinates": [
                    -75.14728,
                    39.95238
                ],
                "type": "Point"
            },
            "properties": {
                "address": "424 Arch Street",
                "name": "4th & Arch",
                "rental_uris": {
                    "android": "https://www.bcycle.com/applink?system_id=bcycle_indego&station_id=bcycle_indego_3378&platform=android",
                    "ios": "https://www.bcycle.com/applink?system_id=bcycle_indego&station_id=bcycle_indego_3378&platform=iOS"
                },
                "station_id": "bcycle_indego_3378"
            },
            "type": "Feature"
        },
        {
            "geometry": {
                "coordinates": [
                    -75.21807,
                    39.94845
                ],
                "type": "Point"
            },
            "properties": {
                "address": "4730 Baltimore Avenue",
                "name": "48th & Baltimore",
                "rental_uris": {
                    "android": "https://www.bcycle.com/applink?system_id=bcycle_indego&station_id=bcycle_indego_3381&platform=android",
                    "ios": "https://www.bcycle.com/applink?system_id=bcycle_indego&station_id=bcycle_indego_3381&platform=iOS"
                },
                "station_id": "bcycle_indego_3381"
            },
            "type": "Feature"
        },
        {
            "geometry": {
                "coordinates": [
                    -75.17309,
                    39.95038
                ],
                "type": "Point"
            },
            "properties": {
                "address": "1906 Walnut Street",
                "name": "Walnut & Rittenhouse",
                "rental_uris": {
                    "android": "https://www.bcycle.com/applink?system_id=bcycle_indego&station_id=bcycle_indego_3382&platform=android",
                    "ios": "https://www.bcycle.com/applink?system_id=bcycle_indego&station_id=bcycle_indego_3382&platform=iOS"
                },
                "station_id": "bcycle_indego_3382"
            },
            "type": "Feature"
        },
        {
            "geometry": {
                "coordinates": [
                    -75.14222,
                    39.96634
                ],
                "type": "Point"
            },
            "properties": {
                "address": "955 N 3rd Street",
                "name": "3rd & Wildey, Liberty Lands Park",
                "rental_uris": {
                    "android": "https://www.bcycle.com/applink?system_id=bcycle_indego&station_id=bcycle_indego_3383&platform=android",
                    "ios": "https://www.bcycle.com/applink?system_id=bcycle_indego&station_id=bcycle_indego_3383&platform=iOS"
                },
                "station_id": "bcycle_indego_3383"
            },
            "type": "Feature"
        },
        {
            "geometry": {
                "coordinates": [
                    -75.15424,
                    39.94974
                ],
                "type": "Point"
            },
            "properties": {
                "address": "811 Chestnut Street",
                "name": "8th & Chestnut",
                "rental_uris": {
                    "android": "https://www.bcycle.com/applink?system_id=bcycle_indego&station_id=bcycle_indego_3385&platform=android",
                    "ios": "https://www.bcycle.com/applink?system_id=bcycle_indego&station_id=bcycle_indego_3385&platform=iOS"
                },
                "station_id": "bcycle_indego_3385"
            },
            "type": "Feature"
        },
        {
            "geometry": {
                "coordinates": [
                    -75.15614,
                    39.95297
                ],
                "type": "Point"
            },
            "properties": {
                "address": "938 Cuthbert Street",
                "name": "10th & Cuthbert",
                "rental_uris": {
                    "android": "https://www.bcycle.com/applink?system_id=bcycle_indego&station_id=bcycle_indego_3386&platform=android",
                    "ios": "https://www.bcycle.com/applink?system_id=bcycle_indego&station_id=bcycle_indego_3386&platform=iOS"
                },
                "station_id": "bcycle_indego_3386"
            },
            "type": "Feature"
        },
        {
            "geometry": {
                "coordinates": [
                    -75.14666,
                    39.97012
                ],
                "type": "Point"
            },
            "properties": {
                "address": "1000 N 6th Street",
                "name": "6th & Girard",
                "rental_uris": {
                    "android": "https://www.bcycle.com/applink?system_id=bcycle_indego&station_id=bcycle_indego_3387&platform=android",
                    "ios": "https://www.bcycle.com/applink?system_id=bcycle_indego&station_id=bcycle_indego_3387&platform=iOS"
                },
                "station_id": "bcycle_indego_3387"
            },
            "type": "Feature"
        },
        {
            "geometry": {
                "coordinates": [
                    -75.15097,
                    39.96634
                ],
                "type": "Point"
            },
            "properties": {
                "address": "814 N 8th Street",
                "name": "8th & Brown",
                "rental_uris": {
                    "android": "https://www.bcycle.com/applink?system_id=bcycle_indego&station_id=bcycle_indego_3388&platform=android",
                    "ios": "https://www.bcycle.com/applink?system_id=bcycle_indego&station_id=bcycle_indego_3388&platform=iOS"
                },
                "station_id": "bcycle_indego_3388"
            },
            "type": "Feature"
        },
        {
            "geometry": {
                "coordinates": [
                    -75.18128,
                    39.94431
                ],
                "type": "Point"
            },
            "properties": {
                "address": "2319 Grays Ferry Ave",
                "name": "Grays Ferry & Pemberton",
                "rental_uris": {
                    "android": "https://www.bcycle.com/applink?system_id=bcycle_indego&station_id=bcycle_indego_3389&platform=android",
                    "ios": "https://www.bcycle.com/applink?system_id=bcycle_indego&station_id=bcycle_indego_3389&platform=iOS"
                },
                "station_id": "bcycle_indego_3389"
            },
            "type": "Feature"
        },
        {
            "geometry": {
                "coordinates": [
                    -75.2244,
                    39.96
                ],
                "type": "Point"
            },
            "properties": {
                "address": "5129 Market Street",
                "name": "52nd St Station, MFL ",
                "rental_uris": {
                    "android": "https://www.bcycle.com/applink?system_id=bcycle_indego&station_id=bcycle_indego_3390&platform=android",
                    "ios": "https://www.bcycle.com/applink?system_id=bcycle_indego&station_id=bcycle_indego_3390&platform=iOS"
                },
                "station_id": "bcycle_indego_3390"
            },
            "type": "Feature"
        },
        {
            "geometry": {
                "coordinates": [
                    -75.23482,
                    39.99667
                ],
                "type": "Point"
            },
            "properties": {
                "address": "2492 N 54th Street",
                "name": "54th & City Ave",
                "rental_uris": {
                    "android": "https://www.bcycle.com/applink?system_id=bcycle_indego&station_id=bcycle_indego_3391&platform=android",
                    "ios": "https://www.bcycle.com/applink?system_id=bcycle_indego&station_id=bcycle_indego_3391&platform=iOS"
                },
                "station_id": "bcycle_indego_3391"
            },
            "type": "Feature"
        },
        {
            "geometry": {
                "coordinates": [
                    -75.19447,
                    39.93633
                ],
                "type": "Point"
            },
            "properties": {
                "address": "3002 Reed Street",
                "name": "30th & Reed",
                "rental_uris": {
                    "android": "https://www.bcycle.com/applink?system_id=bcycle_indego&station_id=bcycle_indego_3392&platform=android",
                    "ios": "https://www.bcycle.com/applink?system_id=bcycle_indego&station_id=bcycle_indego_3392&platform=iOS"
                },
                "station_id": "bcycle_indego_3392"
            },
            "type": "Feature"
        },
        {
            "geometry": {
                "coordinates": [
                    -75.13999,
                    39.96727
                ],
                "type": "Point"
            },
            "properties": {
                "address": "1019 N 2nd Street",
                "name": "2nd & George",
                "rental_uris": {
                    "android": "https://www.bcycle.com/applink?system_id=bcycle_indego&station_id=bcycle_indego_3393&platform=android",
                    "ios": "https://www.bcycle.com/applink?system_id=bcycle_indego&station_id=bcycle_indego_3393&platform=iOS"
                },
                "station_id": "bcycle_indego_3393"
            },
            "type": "Feature"
        },
        {
            "geometry": {
                "coordinates": [
                    -75.16959,
                    39.924
                ],
                "type": "Point"
            },
            "properties": {
                "address": "2111 S. Broad Street",
                "name": "Broad & Snyder",
                "rental_uris": {
                    "android": "https://www.bcycle.com/applink?system_id=bcycle_indego&station_id=bcycle_indego_3394&platform=android",
                    "ios": "https://www.bcycle.com/applink?system_id=bcycle_indego&station_id=bcycle_indego_3394&platform=iOS"
                },
                "station_id": "bcycle_indego_3394"
            },
            "type": "Feature"
        },
        {
            "geometry": {
                "coordinates": [
                    -75.16351,
                    39.93866
                ],
                "type": "Point"
            },
            "properties": {
                "address": "1220 Carpenter Street",
                "name": "12th & Carpenter",
                "rental_uris": {
                    "android": "https://www.bcycle.com/applink?system_id=bcycle_indego&station_id=bcycle_indego_3395&platform=android",
                    "ios": "https://www.bcycle.com/applink?system_id=bcycle_indego&station_id=bcycle_indego_3395&platform=iOS"
                },
                "station_id": "bcycle_indego_3395"
            },
            "type": "Feature"
        },
        {
            "geometry": {
                "coordinates": [
                    -75.1821,
                    39.92327
                ],
                "type": "Point"
            },
            "properties": {
                "address": "2101 W Passyunk Avenue",
                "name": "21st & Passyunk",
                "rental_uris": {
                    "android": "https://www.bcycle.com/applink?system_id=bcycle_indego&station_id=bcycle_indego_3396&platform=android",
                    "ios": "https://www.bcycle.com/applink?system_id=bcycle_indego&station_id=bcycle_indego_3396&platform=iOS"
                },
                "station_id": "bcycle_indego_3396"
            },
            "type": "Feature"
        },
        {
            "geometry": {
                "coordinates": [
                    -75.17824,
                    39.93906
                ],
                "type": "Point"
            },
            "properties": {
                "address": "1101 S 21st Street",
                "name": "21st & Washington",
                "rental_uris": {
                    "android": "https://www.bcycle.com/applink?system_id=bcycle_indego&station_id=bcycle_indego_3397&platform=android",
                    "ios": "https://www.bcycle.com/applink?system_id=bcycle_indego&station_id=bcycle_indego_3397&platform=iOS"
                },
                "station_id": "bcycle_indego_3397"
            },
            "type": "Feature"
        },
        {
            "geometry": {
                "coordinates": [
                    -75.15474,
                    39.91551
                ],
                "type": "Point"
            },
            "properties": {
                "address": "2645 S 4th St",
                "name": "4th & Oregon",
                "rental_uris": {
                    "android": "https://www.bcycle.com/applink?system_id=bcycle_indego&station_id=bcycle_indego_3398&platform=android",
                    "ios": "https://www.bcycle.com/applink?system_id=bcycle_indego&station_id=bcycle_indego_3398&platform=iOS"
                },
                "station_id": "bcycle_indego_3398"
            },
            "type": "Feature"
        },
        {
            "geometry": {
                "coordinates": [
                    -75.14006,
                    39.97502
                ],
                "type": "Point"
            },
            "properties": {
                "address": "235 Oxford St",
                "name": "American & Oxford",
                "rental_uris": {
                    "android": "https://www.bcycle.com/applink?system_id=bcycle_indego&station_id=bcycle_indego_3399&platform=android",
                    "ios": "https://www.bcycle.com/applink?system_id=bcycle_indego&station_id=bcycle_indego_3399&platform=iOS"
                },
                "station_id": "bcycle_indego_3399"
            },
            "type": "Feature"
        },
        {
            "geometry": {
                "coordinates": [
                    -75.16081,
                    39.949
                ],
                "type": "Point"
            },
            "properties": {
                "address": "1205 Walnut St",
                "name": "12th & Walnut",
                "rental_uris": {
                    "android": "https://www.bcycle.com/applink?system_id=bcycle_indego&station_id=bcycle_indego_3400&platform=android",
                    "ios": "https://www.bcycle.com/applink?system_id=bcycle_indego&station_id=bcycle_indego_3400&platform=iOS"
                },
                "station_id": "bcycle_indego_3400"
            },
            "type": "Feature"
        },
        {
            "geometry": {
                "coordinates": [
                    -75.22528,
                    39.99153
                ],
                "type": "Point"
            },
            "properties": {
                "address": "5001 Wynnefield Avenue",
                "name": "Wynnefield Station",
                "rental_uris": {
                    "android": "https://www.bcycle.com/applink?system_id=bcycle_indego&station_id=bcycle_indego_3403&platform=android",
                    "ios": "https://www.bcycle.com/applink?system_id=bcycle_indego&station_id=bcycle_indego_3403&platform=iOS"
                },
                "station_id": "bcycle_indego_3403"
            },
            "type": "Feature"
        },
        {
            "geometry": {
                "coordinates": [
                    -75.23491,
                    39.97347
                ],
                "type": "Point"
            },
            "properties": {
                "address": "1406 N 57th St",
                "name": "57th & Master",
                "rental_uris": {
                    "android": "https://www.bcycle.com/applink?system_id=bcycle_indego&station_id=bcycle_indego_3404&platform=android",
                    "ios": "https://www.bcycle.com/applink?system_id=bcycle_indego&station_id=bcycle_indego_3404&platform=iOS"
                },
                "station_id": "bcycle_indego_3404"
            },
            "type": "Feature"
        },
        {
            "geometry": {
                "coordinates": [
                    -75.16502,
                    39.94167
                ],
                "type": "Point"
            },
            "properties": {
                "address": "1336 Fitzwater Street",
                "name": "Fitzwater & Juniper",
                "rental_uris": {
                    "android": "https://www.bcycle.com/applink?system_id=bcycle_indego&station_id=bcycle_indego_3405&platform=android",
                    "ios": "https://www.bcycle.com/applink?system_id=bcycle_indego&station_id=bcycle_indego_3405&platform=iOS"
                },
                "station_id": "bcycle_indego_3405"
            },
            "type": "Feature"
        },
        {
            "geometry": {
                "coordinates": [
                    -75.13911,
                    39.9785
                ],
                "type": "Point"
            },
            "properties": {
                "address": "1800 N American St",
                "name": "American & Berks",
                "rental_uris": {
                    "android": "https://www.bcycle.com/applink?system_id=bcycle_indego&station_id=bcycle_indego_3407&platform=android",
                    "ios": "https://www.bcycle.com/applink?system_id=bcycle_indego&station_id=bcycle_indego_3407&platform=iOS"
                },
                "station_id": "bcycle_indego_3407"
            },
            "type": "Feature"
        },
        {
            "geometry": {
                "coordinates": [
                    -75.15,
                    39.9216
                ],
                "type": "Point"
            },
            "properties": {
                "address": "2122 S 2nd Street",
                "name": "2nd & Snyder",
                "rental_uris": {
                    "android": "https://www.bcycle.com/applink?system_id=bcycle_indego&station_id=bcycle_indego_3408&platform=android",
                    "ios": "https://www.bcycle.com/applink?system_id=bcycle_indego&station_id=bcycle_indego_3408&platform=iOS"
                },
                "station_id": "bcycle_indego_3408"
            },
            "type": "Feature"
        },
        {
            "geometry": {
                "coordinates": [
                    -75.15128,
                    39.95508
                ],
                "type": "Point"
            },
            "properties": {
                "address": "208 N 7th St",
                "name": "7th & Race, Franklin Square",
                "rental_uris": {
                    "android": "https://www.bcycle.com/applink?system_id=bcycle_indego&station_id=bcycle_indego_3409&platform=android",
                    "ios": "https://www.bcycle.com/applink?system_id=bcycle_indego&station_id=bcycle_indego_3409&platform=iOS"
                },
                "station_id": "bcycle_indego_3409"
            },
            "type": "Feature"
        },
        {
            "geometry": {
                "coordinates": [
                    -75.21838,
                    39.94201
                ],
                "type": "Point"
            },
            "properties": {
                "address": "1219 S 51st St",
                "name": "51st & Regent, Kingsessing Library",
                "rental_uris": {
                    "android": "https://www.bcycle.com/applink?system_id=bcycle_indego&station_id=bcycle_indego_3410&platform=android",
                    "ios": "https://www.bcycle.com/applink?system_id=bcycle_indego&station_id=bcycle_indego_3410&platform=iOS"
                },
                "station_id": "bcycle_indego_3410"
            },
            "type": "Feature"
        },
        {
            "geometry": {
                "coordinates": [
                    -75.23359,
                    39.96693
                ],
                "type": "Point"
            },
            "properties": {
                "address": "357 N 57th Street",
                "name": "57th & Westminster ",
                "rental_uris": {
                    "android": "https://www.bcycle.com/applink?system_id=bcycle_indego&station_id=bcycle_indego_3411&platform=android",
                    "ios": "https://www.bcycle.com/applink?system_id=bcycle_indego&station_id=bcycle_indego_3411&platform=iOS"
                },
                "station_id": "bcycle_indego_3411"
            },
            "type": "Feature"
        },
        {
            "geometry": {
                "coordinates": [
                    -75.23373,
                    39.93771
                ],
                "type": "Point"
            },
            "properties": {
                "address": "1609 Cobbs Creek Pkwy",
                "name": "Cobbs Creek & Florence",
                "rental_uris": {
                    "android": "https://www.bcycle.com/applink?system_id=bcycle_indego&station_id=bcycle_indego_3412&platform=android",
                    "ios": "https://www.bcycle.com/applink?system_id=bcycle_indego&station_id=bcycle_indego_3412&platform=iOS"
                },
                "station_id": "bcycle_indego_3412"
            },
            "type": "Feature"
        },
        {
            "geometry": {
                "coordinates": [
                    -75.21596,
                    39.97115
                ],
                "type": "Point"
            },
            "properties": {
                "address": "1045 N 47th St",
                "name": "47th & Lancaster",
                "rental_uris": {
                    "android": "https://www.bcycle.com/applink?system_id=bcycle_indego&station_id=bcycle_indego_3413&platform=android",
                    "ios": "https://www.bcycle.com/applink?system_id=bcycle_indego&station_id=bcycle_indego_3413&platform=iOS"
                },
                "station_id": "bcycle_indego_3413"
            },
            "type": "Feature"
        },
        {
            "geometry": {
                "coordinates": [
                    -75.22347,
                    39.93922
                ],
                "type": "Point"
            },
            "properties": {
                "address": "5412 Chester Avenue",
                "name": "54th & Chester",
                "rental_uris": {
                    "android": "https://www.bcycle.com/applink?system_id=bcycle_indego&station_id=bcycle_indego_3414&platform=android",
                    "ios": "https://www.bcycle.com/applink?system_id=bcycle_indego&station_id=bcycle_indego_3414&platform=iOS"
                },
                "station_id": "bcycle_indego_3414"
            },
            "type": "Feature"
        },
        {
            "geometry": {
                "coordinates": [
                    -75.14808,
                    39.99146
                ],
                "type": "Point"
            },
            "properties": {
                "address": "996 W Huntingdon St",
                "name": "Germantown & Huntingdon",
                "rental_uris": {
                    "android": "https://www.bcycle.com/applink?system_id=bcycle_indego&station_id=bcycle_indego_3417&platform=android",
                    "ios": "https://www.bcycle.com/applink?system_id=bcycle_indego&station_id=bcycle_indego_3417&platform=iOS"
                },
                "station_id": "bcycle_indego_3417"
            },
            "type": "Feature"
        },
        {
            "geometry": {
                "coordinates": [
                    -75.15198,
                    40.00924
                ],
                "type": "Point"
            },
            "properties": {
                "address": "1408 W Erie Avenue",
                "name": "Broad & Erie ",
                "rental_uris": {
                    "android": "https://www.bcycle.com/applink?system_id=bcycle_indego&station_id=bcycle_indego_3418&platform=android",
                    "ios": "https://www.bcycle.com/applink?system_id=bcycle_indego&station_id=bcycle_indego_3418&platform=iOS"
                },
                "station_id": "bcycle_indego_3418"
            },
            "type": "Feature"
        },
        {
            "geometry": {
                "coordinates": [
                    -75.18647,
                    39.95619
                ],
                "type": "Point"
            },
            "properties": {
                "address": "3130 John F Kennedy Blvd",
                "name": "JFK Blvd at Schuylkill Yards",
                "rental_uris": {
                    "android": "https://www.bcycle.com/applink?system_id=bcycle_indego&station_id=bcycle_indego_3422&platform=android",
                    "ios": "https://www.bcycle.com/applink?system_id=bcycle_indego&station_id=bcycle_indego_3422&platform=iOS"
                },
                "station_id": "bcycle_indego_3422"
            },
            "type": "Feature"
        },
        {
            "geometry": {
                "coordinates": [
                    -75.21106,
                    40.02826
                ],
                "type": "Point"
            },
            "properties": {
                "address": "482 Pensdale St",
                "name": "Ridge & Pensdale, Kendrick Recreation Center",
                "rental_uris": {
                    "android": "https://www.bcycle.com/applink?system_id=bcycle_indego&station_id=bcycle_indego_3423&platform=android",
                    "ios": "https://www.bcycle.com/applink?system_id=bcycle_indego&station_id=bcycle_indego_3423&platform=iOS"
                },
                "station_id": "bcycle_indego_3423"
            },
            "type": "Feature"
        },
        {
            "geometry": {
                "coordinates": [
                    -75.13255,
                    39.9849
                ],
                "type": "Point"
            },
            "properties": {
                "address": "107 W Dauphin St",
                "name": "York-Dauphin Station, MFL",
                "rental_uris": {
                    "android": "https://www.bcycle.com/applink?system_id=bcycle_indego&station_id=bcycle_indego_3425&platform=android",
                    "ios": "https://www.bcycle.com/applink?system_id=bcycle_indego&station_id=bcycle_indego_3425&platform=iOS"
                },
                "station_id": "bcycle_indego_3425"
            },
            "type": "Feature"
        },
        {
            "geometry": {
                "coordinates": [
                    -75.22764,
                    39.93448
                ],
                "type": "Point"
            },
            "properties": {
                "address": "5805 Kingsessing Ave",
                "name": "58th & Kingsessing",
                "rental_uris": {
                    "android": "https://www.bcycle.com/applink?system_id=bcycle_indego&station_id=bcycle_indego_3426&platform=android",
                    "ios": "https://www.bcycle.com/applink?system_id=bcycle_indego&station_id=bcycle_indego_3426&platform=iOS"
                },
                "station_id": "bcycle_indego_3426"
            },
            "type": "Feature"
        },
        {
            "geometry": {
                "coordinates": [
                    -75.11844,
                    39.97961
                ],
                "type": "Point"
            },
            "properties": {
                "address": "2620 Aramingo Ave",
                "name": "Aramingo & Huntingdon, Aramingo Square",
                "rental_uris": {
                    "android": "https://www.bcycle.com/applink?system_id=bcycle_indego&station_id=bcycle_indego_3427&platform=android",
                    "ios": "https://www.bcycle.com/applink?system_id=bcycle_indego&station_id=bcycle_indego_3427&platform=iOS"
                },
                "station_id": "bcycle_indego_3427"
            },
            "type": "Feature"
        },
        {
            "geometry": {
                "coordinates": [
                    -75.23722,
                    39.98707
                ],
                "type": "Point"
            },
            "properties": {
                "address": "2123 N 57th Street",
                "name": "57th & Diamond",
                "rental_uris": {
                    "android": "https://www.bcycle.com/applink?system_id=bcycle_indego&station_id=bcycle_indego_3428&platform=android",
                    "ios": "https://www.bcycle.com/applink?system_id=bcycle_indego&station_id=bcycle_indego_3428&platform=iOS"
                },
                "station_id": "bcycle_indego_3428"
            },
            "type": "Feature"
        },
        {
            "geometry": {
                "coordinates": [
                    -75.1801,
                    39.97408
                ],
                "type": "Point"
            },
            "properties": {
                "address": "2632 W Girard Ave",
                "name": "27th & Girard",
                "rental_uris": {
                    "android": "https://www.bcycle.com/applink?system_id=bcycle_indego&station_id=bcycle_indego_3430&platform=android",
                    "ios": "https://www.bcycle.com/applink?system_id=bcycle_indego&station_id=bcycle_indego_3430&platform=iOS"
                },
                "station_id": "bcycle_indego_3430"
            },
            "type": "Feature"
        },
        {
            "geometry": {
                "coordinates": [
                    -75.24522,
                    39.96239
                ],
                "type": "Point"
            },
            "properties": {
                "address": "6218 Market St",
                "name": "62nd & Market",
                "rental_uris": {
                    "android": "https://www.bcycle.com/applink?system_id=bcycle_indego&station_id=bcycle_indego_3431&platform=android",
                    "ios": "https://www.bcycle.com/applink?system_id=bcycle_indego&station_id=bcycle_indego_3431&platform=iOS"
                },
                "station_id": "bcycle_indego_3431"
            },
            "type": "Feature"
        },
        {
            "geometry": {
                "coordinates": [
                    -75.21983,
                    40.03055
                ],
                "type": "Point"
            },
            "properties": {
                "address": "4420 Manayunk Ave",
                "name": "Manayunk & Conarroe, Fairview Park",
                "rental_uris": {
                    "android": "https://www.bcycle.com/applink?system_id=bcycle_indego&station_id=bcycle_indego_3432&platform=android",
                    "ios": "https://www.bcycle.com/applink?system_id=bcycle_indego&station_id=bcycle_indego_3432&platform=iOS"
                },
                "station_id": "bcycle_indego_3432"
            },
            "type": "Feature"
        },
        {
            "geometry": {
                "coordinates": [
                    -75.13286,
                    39.97487
                ],
                "type": "Point"
            },
            "properties": {
                "address": "1701 Frankford Ave",
                "name": "Frankford & Columbia, Palmer Park",
                "rental_uris": {
                    "android": "https://www.bcycle.com/applink?system_id=bcycle_indego&station_id=bcycle_indego_3434&platform=android",
                    "ios": "https://www.bcycle.com/applink?system_id=bcycle_indego&station_id=bcycle_indego_3434&platform=iOS"
                },
                "station_id": "bcycle_indego_3434"
            },
            "type": "Feature"
        },
        {
            "geometry": {
                "coordinates": [
                    -75.12348,
                    39.98451
                ],
                "type": "Point"
            },
            "properties": {
                "address": "2117 E Huntingdon St",
                "name": "Huntingdon & Collins",
                "rental_uris": {
                    "android": "https://www.bcycle.com/applink?system_id=bcycle_indego&station_id=bcycle_indego_3435&platform=android",
                    "ios": "https://www.bcycle.com/applink?system_id=bcycle_indego&station_id=bcycle_indego_3435&platform=iOS"
                },
                "station_id": "bcycle_indego_3435"
            },
            "type": "Feature"
        },
        {
            "geometry": {
                "coordinates": [
                    -75.10121,
                    39.98287
                ],
                "type": "Point"
            },
            "properties": {
                "address": "2801 E Allegheny Ave",
                "name": "Allegheny & Richmond",
                "rental_uris": {
                    "android": "https://www.bcycle.com/applink?system_id=bcycle_indego&station_id=bcycle_indego_3436&platform=android",
                    "ios": "https://www.bcycle.com/applink?system_id=bcycle_indego&station_id=bcycle_indego_3436&platform=iOS"
                },
                "station_id": "bcycle_indego_3436"
            },
            "type": "Feature"
        },
        {
            "geometry": {
                "coordinates": [
                    -75.20336,
                    39.93931
                ],
                "type": "Point"
            },
            "properties": {
                "address": "3655 Wharton St",
                "name": "Schuylkill & Wharton",
                "rental_uris": {
                    "android": "https://www.bcycle.com/applink?system_id=bcycle_indego&station_id=bcycle_indego_3437&platform=android",
                    "ios": "https://www.bcycle.com/applink?system_id=bcycle_indego&station_id=bcycle_indego_3437&platform=iOS"
                },
                "station_id": "bcycle_indego_3437"
            },
            "type": "Feature"
        },
        {
            "geometry": {
                "coordinates": [
                    -75.11304,
                    39.98421
                ],
                "type": "Point"
            },
            "properties": {
                "address": "2885 Cedar St",
                "name": "Cedar & Cambria, Cohocksink Recreation Center",
                "rental_uris": {
                    "android": "https://www.bcycle.com/applink?system_id=bcycle_indego&station_id=bcycle_indego_3438&platform=android",
                    "ios": "https://www.bcycle.com/applink?system_id=bcycle_indego&station_id=bcycle_indego_3438&platform=iOS"
                },
                "station_id": "bcycle_indego_3438"
            },
            "type": "Feature"
        },
        {
            "geometry": {
                "coordinates": [
                    -75.12759,
                    39.99033
                ],
                "type": "Point"
            },
            "properties": {
                "address": "266 E Lehigh Ave",
                "name": "Lehigh & B, Temple Episcopal Hospital",
                "rental_uris": {
                    "android": "https://www.bcycle.com/applink?system_id=bcycle_indego&station_id=bcycle_indego_3439&platform=android",
                    "ios": "https://www.bcycle.com/applink?system_id=bcycle_indego&station_id=bcycle_indego_3439&platform=iOS"
                },
                "station_id": "bcycle_indego_3439"
            },
            "type": "Feature"
        },
        {
            "geometry": {
                "coordinates": [
                    -75.10836,
                    39.98306
                ],
                "type": "Point"
            },
            "properties": {
                "address": "2995 Almond St",
                "name": "Almond & Indiana",
                "rental_uris": {
                    "android": "https://www.bcycle.com/applink?system_id=bcycle_indego&station_id=bcycle_indego_3440&platform=android",
                    "ios": "https://www.bcycle.com/applink?system_id=bcycle_indego&station_id=bcycle_indego_3440&platform=iOS"
                },
                "station_id": "bcycle_indego_3440"
            },
            "type": "Feature"
        },
        {
            "geometry": {
                "coordinates": [
                    -75.17454,
                    39.96305
                ],
                "type": "Point"
            },
            "properties": {
                "address": "2191 Pennsylvania Ave",
                "name": "22nd & Hamilton",
                "rental_uris": {
                    "android": "https://www.bcycle.com/applink?system_id=bcycle_indego&station_id=bcycle_indego_3441&platform=android",
                    "ios": "https://www.bcycle.com/applink?system_id=bcycle_indego&station_id=bcycle_indego_3441&platform=iOS"
                },
                "station_id": "bcycle_indego_3441"
            },
            "type": "Feature"
        },
        {
            "geometry": {
                "coordinates": [
                    -75.11791,
                    39.99426
                ],
                "type": "Point"
            },
            "properties": {
                "address": "3011 F Street",
                "name": "Kensington & F",
                "rental_uris": {
                    "android": "https://www.bcycle.com/applink?system_id=bcycle_indego&station_id=bcycle_indego_3442&platform=android",
                    "ios": "https://www.bcycle.com/applink?system_id=bcycle_indego&station_id=bcycle_indego_3442&platform=iOS"
                },
                "station_id": "bcycle_indego_3442"
            },
            "type": "Feature"
        },
        {
            "geometry": {
                "coordinates": [
                    -75.21339,
                    40.02155
                ],
                "type": "Point"
            },
            "properties": {
                "address": "3903 Terrace St",
                "name": "Terrace & Hermit",
                "rental_uris": {
                    "android": "https://www.bcycle.com/applink?system_id=bcycle_indego&station_id=bcycle_indego_3443&platform=android",
                    "ios": "https://www.bcycle.com/applink?system_id=bcycle_indego&station_id=bcycle_indego_3443&platform=iOS"
                },
                "station_id": "bcycle_indego_3443"
            },
            "type": "Feature"
        },
        {
            "geometry": {
                "coordinates": [
                    -75.16596,
                    40.00959
                ],
                "type": "Point"
            },
            "properties": {
                "address": "2229 W Venango St",
                "name": "23rd & Venango",
                "rental_uris": {
                    "android": "https://www.bcycle.com/applink?system_id=bcycle_indego&station_id=bcycle_indego_3444&platform=android",
                    "ios": "https://www.bcycle.com/applink?system_id=bcycle_indego&station_id=bcycle_indego_3444&platform=iOS"
                },
                "station_id": "bcycle_indego_3444"
            },
            "type": "Feature"
        },
        {
            "geometry": {
                "coordinates": [
                    -75.13426,
                    39.97235
                ],
                "type": "Point"
            },
            "properties": {
                "address": "108 Belgrade St",
                "name": "Frankford & Crease",
                "rental_uris": {
                    "android": "https://www.bcycle.com/applink?system_id=bcycle_indego&station_id=bcycle_indego_3445&platform=android",
                    "ios": "https://www.bcycle.com/applink?system_id=bcycle_indego&station_id=bcycle_indego_3445&platform=iOS"
                },
                "station_id": "bcycle_indego_3445"
            },
            "type": "Feature"
        },
        {
            "geometry": {
                "coordinates": [
                    -75.249,
                    39.9906
                ],
                "type": "Point"
            },
            "properties": {
                "address": "6085 Drexel Rd",
                "name": "Overbrook Station",
                "rental_uris": {
                    "android": "https://www.bcycle.com/applink?system_id=bcycle_indego&station_id=bcycle_indego_3446&platform=android",
                    "ios": "https://www.bcycle.com/applink?system_id=bcycle_indego&station_id=bcycle_indego_3446&platform=iOS"
                },
                "station_id": "bcycle_indego_3446"
            },
            "type": "Feature"
        },
        {
            "geometry": {
                "coordinates": [
                    -75.14467,
                    39.95009
                ],
                "type": "Point"
            },
            "properties": {
                "address": "225 Market St",
                "name": "2nd & Market",
                "rental_uris": {
                    "android": "https://www.bcycle.com/applink?system_id=bcycle_indego&station_id=bcycle_indego_3447&platform=android",
                    "ios": "https://www.bcycle.com/applink?system_id=bcycle_indego&station_id=bcycle_indego_3447&platform=iOS"
                },
                "station_id": "bcycle_indego_3447"
            },
            "type": "Feature"
        },
        {
            "geometry": {
                "coordinates": [
                    -75.16604,
                    39.93995
                ],
                "type": "Point"
            },
            "properties": {
                "address": "1386 Christian St",
                "name": "Broad & Christian East",
                "rental_uris": {
                    "android": "https://www.bcycle.com/applink?system_id=bcycle_indego&station_id=bcycle_indego_3448&platform=android",
                    "ios": "https://www.bcycle.com/applink?system_id=bcycle_indego&station_id=bcycle_indego_3448&platform=iOS"
                },
                "station_id": "bcycle_indego_3448"
            },
            "type": "Feature"
        },
        {
            "geometry": {
                "coordinates": [
                    -75.15138,
                    39.94628
                ],
                "type": "Point"
            },
            "properties": {
                "address": "234 S 6th Street",
                "name": "6th & S Washington Sq",
                "rental_uris": {
                    "android": "https://www.bcycle.com/applink?system_id=bcycle_indego&station_id=bcycle_indego_3449&platform=android",
                    "ios": "https://www.bcycle.com/applink?system_id=bcycle_indego&station_id=bcycle_indego_3449&platform=iOS"
                },
                "station_id": "bcycle_indego_3449"
            },
            "type": "Feature"
        },
        {
            "geometry": {
                "coordinates": [
                    -75.2287,
                    39.98525
                ],
                "type": "Point"
            },
            "properties": {
                "address": "5300 Morse St",
                "name": "53rd & Morse",
                "rental_uris": {
                    "android": "https://www.bcycle.com/applink?system_id=bcycle_indego&station_id=bcycle_indego_3450&platform=android",
                    "ios": "https://www.bcycle.com/applink?system_id=bcycle_indego&station_id=bcycle_indego_3450&platform=iOS"
                },
                "station_id": "bcycle_indego_3450"
            },
            "type": "Feature"
        },
        {
            "geometry": {
                "coordinates": [
                    -75.17585,
                    39.90505
                ],
                "type": "Point"
            },
            "properties": {
                "address": "1502 Pattison Ave",
                "name": "FDR Park",
                "rental_uris": {
                    "android": "https://www.bcycle.com/applink?system_id=bcycle_indego&station_id=bcycle_indego_3451&platform=android",
                    "ios": "https://www.bcycle.com/applink?system_id=bcycle_indego&station_id=bcycle_indego_3451&platform=iOS"
                },
                "station_id": "bcycle_indego_3451"
            },
            "type": "Feature"
        },
        {
            "geometry": {
                "coordinates": [
                    -75.13696,
                    39.95991
                ],
                "type": "Point"
            },
            "properties": {
                "address": "579 N Christopher Columbus Blvd",
                "name": "Columbus & Spring Garden",
                "rental_uris": {
                    "android": "https://www.bcycle.com/applink?system_id=bcycle_indego&station_id=bcycle_indego_3452&platform=android",
                    "ios": "https://www.bcycle.com/applink?system_id=bcycle_indego&station_id=bcycle_indego_3452&platform=iOS"
                },
                "station_id": "bcycle_indego_3452"
            },
            "type": "Feature"
        },
        {
            "geometry": {
                "coordinates": [
                    -75.24036,
                    39.98139
                ],
                "type": "Point"
            },
            "properties": {
                "address": "5923 W Columbia Ave",
                "name": "60th & Columbia",
                "rental_uris": {
                    "android": "https://www.bcycle.com/applink?system_id=bcycle_indego&station_id=bcycle_indego_3453&platform=android",
                    "ios": "https://www.bcycle.com/applink?system_id=bcycle_indego&station_id=bcycle_indego_3453&platform=iOS"
                },
                "station_id": "bcycle_indego_3453"
            },
            "type": "Feature"
        },
        {
            "geometry": {
                "coordinates": [
                    -75.14887,
                    39.9428
                ],
                "type": "Point"
            },
            "properties": {
                "address": "475 S 4th St",
                "name": "4th & Lombard",
                "rental_uris": {
                    "android": "https://www.bcycle.com/applink?system_id=bcycle_indego&station_id=bcycle_indego_3454&platform=android",
                    "ios": "https://www.bcycle.com/applink?system_id=bcycle_indego&station_id=bcycle_indego_3454&platform=iOS"
                },
                "station_id": "bcycle_indego_3454"
            },
            "type": "Feature"
        },
        {
            "geometry": {
                "coordinates": [
                    -75.17691,
                    39.91486
                ],
                "type": "Point"
            },
            "properties": {
                "address": "1700 Bigler St",
                "name": "Moyamensing & Bigler",
                "rental_uris": {
                    "android": "https://www.bcycle.com/applink?system_id=bcycle_indego&station_id=bcycle_indego_3455&platform=android",
                    "ios": "https://www.bcycle.com/applink?system_id=bcycle_indego&station_id=bcycle_indego_3455&platform=iOS"
                },
                "station_id": "bcycle_indego_3455"
            },
            "type": "Feature"
        },
        {
            "geometry": {
                "coordinates": [
                    -75.22694,
                    39.92232
                ],
                "type": "Point"
            },
            "properties": {
                "address": "6334 Buist Ave",
                "name": "63rd & Buist",
                "rental_uris": {
                    "android": "https://www.bcycle.com/applink?system_id=bcycle_indego&station_id=bcycle_indego_3459&platform=android",
                    "ios": "https://www.bcycle.com/applink?system_id=bcycle_indego&station_id=bcycle_indego_3459&platform=iOS"
                },
                "station_id": "bcycle_indego_3459"
            },
            "type": "Feature"
        },
        {
            "geometry": {
                "coordinates": [
                    -75.23722,
                    39.91751
                ],
                "type": "Point"
            },
            "properties": {
                "address": "6941 Elmwood Ave",
                "name": "70th & Elmwood",
                "rental_uris": {
                    "android": "https://www.bcycle.com/applink?system_id=bcycle_indego&station_id=bcycle_indego_3460&platform=android",
                    "ios": "https://www.bcycle.com/applink?system_id=bcycle_indego&station_id=bcycle_indego_3460&platform=iOS"
                },
                "station_id": "bcycle_indego_3460"
            },
            "type": "Feature"
        },
        {
            "geometry": {
                "coordinates": [
                    -75.23281,
                    39.91532
                ],
                "type": "Point"
            },
            "properties": {
                "address": "2800 S 69th St",
                "name": "69th & Guyer, James Finnegan Playground",
                "rental_uris": {
                    "android": "https://www.bcycle.com/applink?system_id=bcycle_indego&station_id=bcycle_indego_3461&platform=android",
                    "ios": "https://www.bcycle.com/applink?system_id=bcycle_indego&station_id=bcycle_indego_3461&platform=iOS"
                },
                "station_id": "bcycle_indego_3461"
            },
            "type": "Feature"
        },
        {
            "geometry": {
                "coordinates": [
                    -75.17391,
                    39.95135
                ],
                "type": "Point"
            },
            "properties": {
                "address": "2007 Sansom St",
                "name": "20th & Sansom",
                "rental_uris": {
                    "android": "https://www.bcycle.com/applink?system_id=bcycle_indego&station_id=bcycle_indego_3462&platform=android",
                    "ios": "https://www.bcycle.com/applink?system_id=bcycle_indego&station_id=bcycle_indego_3462&platform=iOS"
                },
                "station_id": "bcycle_indego_3462"
            },
            "type": "Feature"
        },
        {
            "geometry": {
                "coordinates": [
                    -75.15584,
                    40.01944
                ],
                "type": "Point"
            },
            "properties": {
                "address": "4301 Germantown Ave",
                "name": "Germantown & St Paul",
                "rental_uris": {
                    "android": "https://www.bcycle.com/applink?system_id=bcycle_indego&station_id=bcycle_indego_3463&platform=android",
                    "ios": "https://www.bcycle.com/applink?system_id=bcycle_indego&station_id=bcycle_indego_3463&platform=iOS"
                },
                "station_id": "bcycle_indego_3463"
            },
            "type": "Feature"
        },
        {
            "geometry": {
                "coordinates": [
                    -75.22688,
                    39.97031
                ],
                "type": "Point"
            },
            "properties": {
                "address": "5280 Poplar St",
                "name": "53rd & Poplar",
                "rental_uris": {
                    "android": "https://www.bcycle.com/applink?system_id=bcycle_indego&station_id=bcycle_indego_3464&platform=android",
                    "ios": "https://www.bcycle.com/applink?system_id=bcycle_indego&station_id=bcycle_indego_3464&platform=iOS"
                },
                "station_id": "bcycle_indego_3464"
            },
            "type": "Feature"
        },
        {
            "geometry": {
                "coordinates": [
                    -75.15714,
                    40.01309
                ],
                "type": "Point"
            },
            "properties": {
                "address": "38660 N. 18th St. ",
                "name": "18th & Pike",
                "rental_uris": {
                    "android": "https://www.bcycle.com/applink?system_id=bcycle_indego&station_id=bcycle_indego_3465&platform=android",
                    "ios": "https://www.bcycle.com/applink?system_id=bcycle_indego&station_id=bcycle_indego_3465&platform=iOS"
                },
                "station_id": "bcycle_indego_3465"
            },
            "type": "Feature"
        },
        {
            "geometry": {
                "coordinates": [
                    -75.16902,
                    39.96731
                ],
                "type": "Point"
            },
            "properties": {
                "address": "1909 Fairmount Ave ",
                "name": "19th & Fairmount ",
                "rental_uris": {
                    "android": "https://www.bcycle.com/applink?system_id=bcycle_indego&station_id=bcycle_indego_3466&platform=android",
                    "ios": "https://www.bcycle.com/applink?system_id=bcycle_indego&station_id=bcycle_indego_3466&platform=iOS"
                },
                "station_id": "bcycle_indego_3466"
            },
            "type": "Feature"
        },
        {
            "geometry": {
                "coordinates": [
                    -75.1769,
                    39.92525
                ],
                "type": "Point"
            },
            "properties": {
                "address": "1830 W Snyder Ave",
                "name": "Snyder & Dorrance",
                "rental_uris": {
                    "android": "https://www.bcycle.com/applink?system_id=bcycle_indego&station_id=bcycle_indego_3468&platform=android",
                    "ios": "https://www.bcycle.com/applink?system_id=bcycle_indego&station_id=bcycle_indego_3468&platform=iOS"
                },
                "station_id": "bcycle_indego_3468"
            },
            "type": "Feature"
        },
        {
            "geometry": {
                "coordinates": [
                    -75.16648,
                    39.90763
                ],
                "type": "Point"
            },
            "properties": {
                "address": "3500 S 10th St",
                "name": "10th & Phillies",
                "rental_uris": {
                    "android": "https://www.bcycle.com/applink?system_id=bcycle_indego&station_id=bcycle_indego_3469&platform=android",
                    "ios": "https://www.bcycle.com/applink?system_id=bcycle_indego&station_id=bcycle_indego_3469&platform=iOS"
                },
                "station_id": "bcycle_indego_3469"
            },
            "type": "Feature"
        },
        {
            "geometry": {
                "coordinates": [
                    -75.1781,
                    39.94868
                ],
                "type": "Point"
            },
            "properties": {
                "address": "2205 Spruce St. ",
                "name": "22nd & Spruce",
                "rental_uris": {
                    "android": "https://www.bcycle.com/applink?system_id=bcycle_indego&station_id=bcycle_indego_3470&platform=android",
                    "ios": "https://www.bcycle.com/applink?system_id=bcycle_indego&station_id=bcycle_indego_3470&platform=iOS"
                },
                "station_id": "bcycle_indego_3470"
            },
            "type": "Feature"
        },
        {
            "geometry": {
                "coordinates": [
                    -75.23422,
                    39.92535
                ],
                "type": "Point"
            },
            "properties": {
                "address": "2206 S 65th St",
                "name": "65th & Woodland",
                "rental_uris": {
                    "android": "https://www.bcycle.com/applink?system_id=bcycle_indego&station_id=bcycle_indego_3471&platform=android",
                    "ios": "https://www.bcycle.com/applink?system_id=bcycle_indego&station_id=bcycle_indego_3471&platform=iOS"
                },
                "station_id": "bcycle_indego_3471"
            },
            "type": "Feature"
        },
        {
            "geometry": {
                "coordinates": [
                    -75.23062,
                    39.99897
                ],
                "type": "Point"
            },
            "properties": {
                "address": "2437 Bryn Mawr Avenue",
                "name": "Bryn Mawr & City Ave",
                "rental_uris": {
                    "android": "https://www.bcycle.com/applink?system_id=bcycle_indego&station_id=bcycle_indego_3472&platform=android",
                    "ios": "https://www.bcycle.com/applink?system_id=bcycle_indego&station_id=bcycle_indego_3472&platform=iOS"
                },
                "station_id": "bcycle_indego_3472"
            },
            "type": "Feature"
        },
        {
            "geometry": {
                "coordinates": [
                    -75.17758,
                    39.95427
                ],
                "type": "Point"
            },
            "properties": {
                "address": "2261 Market St",
                "name": "23rd & Market ",
                "rental_uris": {
                    "android": "https://www.bcycle.com/applink?system_id=bcycle_indego&station_id=bcycle_indego_3473&platform=android",
                    "ios": "https://www.bcycle.com/applink?system_id=bcycle_indego&station_id=bcycle_indego_3473&platform=iOS"
                },
                "station_id": "bcycle_indego_3473"
            },
            "type": "Feature"
        },
        {
            "geometry": {
                "coordinates": [
                    -75.15881,
                    39.93904
                ],
                "type": "Point"
            },
            "properties": {
                "address": "922 Christian St",
                "name": "Christian & Hutchinson",
                "rental_uris": {
                    "android": "https://www.bcycle.com/applink?system_id=bcycle_indego&station_id=bcycle_indego_3474&platform=android",
                    "ios": "https://www.bcycle.com/applink?system_id=bcycle_indego&station_id=bcycle_indego_3474&platform=iOS"
                },
                "station_id": "bcycle_indego_3474"
            },
            "type": "Feature"
        },
        {
            "geometry": {
                "coordinates": [
                    -75.16953,
                    39.95081
                ],
                "type": "Point"
            },
            "properties": {
                "address": "17th & Sansom",
                "name": "17th & Sansom",
                "rental_uris": {
                    "android": "https://www.bcycle.com/applink?system_id=bcycle_indego&station_id=bcycle_indego_3477&platform=android",
                    "ios": "https://www.bcycle.com/applink?system_id=bcycle_indego&station_id=bcycle_indego_3477&platform=iOS"
                },
                "station_id": "bcycle_indego_3477"
            },
            "type": "Feature"
        },
        {
            "geometry": {
                "coordinates": [
                    -75.17943,
                    39.95197
                ],
                "type": "Point"
            },
            "properties": {
                "address": "120 S. 24th St.",
                "name": "24th & Sansom",
                "rental_uris": {
                    "android": "https://www.bcycle.com/applink?system_id=bcycle_indego&station_id=bcycle_indego_3478&platform=android",
                    "ios": "https://www.bcycle.com/applink?system_id=bcycle_indego&station_id=bcycle_indego_3478&platform=iOS"
                },
                "station_id": "bcycle_indego_3478"
            },
            "type": "Feature"
        },
        {
            "geometry": {
                "coordinates": [
                    -75.1474,
                    39.92133
                ],
                "type": "Point"
            },
            "properties": {
                "address": "2101 S Water St",
                "name": "Water & Snyder",
                "rental_uris": {
                    "android": "https://www.bcycle.com/applink?system_id=bcycle_indego&station_id=bcycle_indego_3479&platform=android",
                    "ios": "https://www.bcycle.com/applink?system_id=bcycle_indego&station_id=bcycle_indego_3479&platform=iOS"
                },
                "station_id": "bcycle_indego_3479"
            },
            "type": "Feature"
        },
        {
            "geometry": {
                "coordinates": [
                    -75.20717,
                    40.01516
                ],
                "type": "Point"
            },
            "properties": {
                "address": "4901 Ridge Ave",
                "name": "Wissahickon Transportation Center",
                "rental_uris": {
                    "android": "https://www.bcycle.com/applink?system_id=bcycle_indego&station_id=bcycle_indego_3480&platform=android",
                    "ios": "https://www.bcycle.com/applink?system_id=bcycle_indego&station_id=bcycle_indego_3480&platform=iOS"
                },
                "station_id": "bcycle_indego_3480"
            },
            "type": "Feature"
        },
        {
            "geometry": {
                "coordinates": [
                    -75.1373,
                    39.96094
                ],
                "type": "Point"
            },
            "properties": {
                "address": "2 Fairmount Ave",
                "name": "Fairmount & Delaware",
                "rental_uris": {
                    "android": "https://www.bcycle.com/applink?system_id=bcycle_indego&station_id=bcycle_indego_3481&platform=android",
                    "ios": "https://www.bcycle.com/applink?system_id=bcycle_indego&station_id=bcycle_indego_3481&platform=iOS"
                },
                "station_id": "bcycle_indego_3481"
            },
            "type": "Feature"
        },
        {
            "geometry": {
                "coordinates": [
                    -75.15583,
                    39.9385
                ],
                "type": "Point"
            },
            "properties": {
                "address": "731 Christian St",
                "name": "8th & Christian",
                "rental_uris": {
                    "android": "https://www.bcycle.com/applink?system_id=bcycle_indego&station_id=bcycle_indego_3482&platform=android",
                    "ios": "https://www.bcycle.com/applink?system_id=bcycle_indego&station_id=bcycle_indego_3482&platform=iOS"
                },
                "station_id": "bcycle_indego_3482"
            },
            "type": "Feature"
        },
        {
            "geometry": {
                "coordinates": [
                    -75.22984,
                    39.92866
                ],
                "type": "Point"
            },
            "properties": {
                "address": "6144 Woodland Ave",
                "name": "62nd & Woodland",
                "rental_uris": {
                    "android": "https://www.bcycle.com/applink?system_id=bcycle_indego&station_id=bcycle_indego_3483&platform=android",
                    "ios": "https://www.bcycle.com/applink?system_id=bcycle_indego&station_id=bcycle_indego_3483&platform=iOS"
                },
                "station_id": "bcycle_indego_3483"
            },
            "type": "Feature"
        },
        {
            "geometry": {
                "coordinates": [
                    -75.1841,
                    39.96931
                ],
                "type": "Point"
            },
            "properties": {
                "address": "Kelly Dr & Sedgley Dr",
                "name": "Kelly Drive & Sedgley",
                "rental_uris": {
                    "android": "https://www.bcycle.com/applink?system_id=bcycle_indego&station_id=bcycle_indego_3484&platform=android",
                    "ios": "https://www.bcycle.com/applink?system_id=bcycle_indego&station_id=bcycle_indego_3484&platform=iOS"
                },
                "station_id": "bcycle_indego_3484"
            },
            "type": "Feature"
        },
        {
            "geometry": {
                "coordinates": [
                    -75.16948,
                    39.91632
                ],
                "type": "Point"
            },
            "properties": {
                "address": "2702 S 13th St",
                "name": "13th & Oregon",
                "rental_uris": {
                    "android": "https://www.bcycle.com/applink?system_id=bcycle_indego&station_id=bcycle_indego_3485&platform=android",
                    "ios": "https://www.bcycle.com/applink?system_id=bcycle_indego&station_id=bcycle_indego_3485&platform=iOS"
                },
                "station_id": "bcycle_indego_3485"
            },
            "type": "Feature"
        },
        {
            "geometry": {
                "coordinates": [
                    -75.13719,
                    39.99155
                ],
                "type": "Point"
            },
            "properties": {
                "address": "280 W Lehigh Ave",
                "name": "3rd & Lehigh",
                "rental_uris": {
                    "android": "https://www.bcycle.com/applink?system_id=bcycle_indego&station_id=bcycle_indego_3486&platform=android",
                    "ios": "https://www.bcycle.com/applink?system_id=bcycle_indego&station_id=bcycle_indego_3486&platform=iOS"
                },
                "station_id": "bcycle_indego_3486"
            },
            "type": "Feature"
        },
        {
            "geometry": {
                "coordinates": [
                    -75.1416,
                    39.99071
                ],
                "type": "Point"
            },
            "properties": {
                "address": "531 W Huntingdon St",
                "name": "Huntingdon & Fairhill",
                "rental_uris": {
                    "android": "https://www.bcycle.com/applink?system_id=bcycle_indego&station_id=bcycle_indego_3487&platform=android",
                    "ios": "https://www.bcycle.com/applink?system_id=bcycle_indego&station_id=bcycle_indego_3487&platform=iOS"
                },
                "station_id": "bcycle_indego_3487"
            },
            "type": "Feature"
        },
        {
            "geometry": {
                "coordinates": [
                    -75.18243,
                    39.9546
                ],
                "type": "Point"
            },
            "properties": {
                "address": "2970 Market St. ",
                "name": "30th Street Station South ",
                "rental_uris": {
                    "android": "https://www.bcycle.com/applink?system_id=bcycle_indego&station_id=bcycle_indego_3489&platform=android",
                    "ios": "https://www.bcycle.com/applink?system_id=bcycle_indego&station_id=bcycle_indego_3489&platform=iOS"
                },
                "station_id": "bcycle_indego_3489"
            },
            "type": "Feature"
        }
    ],
    "gbfs": {
        "station_information": {
            "last_updated": 1789840131,
            "ttl": 60,
            "version": "1.1"
        },
        "station_status": {
            "last_updated": 1789840162,
            "ttl": 60,
            "version": "1.1"
        }
    },
    "type": "FeatureCollection"
}