{
    "features": [
        {
            "geometry": {
                "coordinates": [
                    17.97094,
                    49.47206
                ],
                "type": "Point"
            },
            "properties": {
                "is_installed": true,
                "is_renting": true,
                "is_returning": true,
                "is_virtual_station": false,
                "last_reported": 1789274914,
                "name": "K\u0159\u00ed\u017ekovsk\u00e9ho",
                "num_bikes_available": 0,
                "num_docks_available": 0,
                "region_id": "1174",
                "rental_uris": {
                    "android": "https://app.nextbike.net/station?id=558542684",
                    "ios": "https://app.nextbike.net/station?id=558542684",
                    "web": "https://nxtb.it/p/558542684"
                },
                "short_name": "47801",
                "station_id": "558542684",
                "vehicle_types_available": []
            },
            "type": "Feature"
        },
        {
            "geometry": {
                "coordinates": [
                    17.96176,
                    49.47396
                ],
                "type": "Point"
            },
            "properties": {
                "is_installed": true,
                "is_renting": true,
                "is_returning": true,
                "is_virtual_station": false,
                "last_reported": 1789274914,
                "name": "Vlakov\u00e9 n\u00e1dra\u017e\u00ed Vala\u0161sk\u00e9 Mezi\u0159\u00ed\u010d\u00ed (nov\u00e9 um\u00edst\u011bn\u00ed)",
                "num_bikes_available": 0,
                "num_docks_available": 0,
                "region_id": "1174",
                "rental_uris": {
                    "android": "https://app.nextbike.net/station?id=558543352",
                    "ios": "https://app.nextbike.net/station?id=558543352",
                    "web": "https://nxtb.it/p/558543352"
                },
                "short_name": "47802",
                "station_id": "558543352",
                "vehicle_types_available": []
            },
            "type": "Feature"
        },
        {
            "geometry": {
                "coordinates": [
                    17.97257,
                    49.47406
                ],
                "type": "Point"
            },
            "properties": {
                "is_installed": true,
                "is_renting": true,
                "is_returning": true,
                "is_virtual_station": false,
                "last_reported": 1789274914,
                "name": "U autobusov\u00e9ho n\u00e1dra\u017e\u00ed ",
                "num_bikes_available": 1,
                "num_docks_available": 0,
                "region_id": "1174",
                "rental_uris": {
                    "android": "https://app.nextbike.net/station?id=558543562",
                    "ios": "https://app.nextbike.net/station?id=558543562",
                    "web": "https://nxtb.it/p/558543562"
                },
                "short_name": "47803",
                "station_id": "558543562",
                "vehicle_types_available": [
                    {
                        "count": 1,
                        "vehicle_type_id": "404"
                    }
                ]
            },
            "type": "Feature"
        },
        {
            "geometry": {
                "coordinates": [
                    17.97615,
                    49.46314
                ],
                "type": "Point"
            },
            "properties": {
                "is_installed": true,
                "is_renting": true,
                "is_returning": true,
                "is_virtual_station": false,
                "last_reported": 1789274914,
                "name": "Nemocnice Vala\u0161sk\u00e9 Mezi\u0159\u00ed\u010d\u00ed",
                "num_bikes_available": 0,
                "num_docks_available": 0,
                "region_id": "1174",
                "rental_uris": {
                    "android": "https://app.nextbike.net/station?id=558543726",
                    "ios": "https://app.nextbike.net/station?id=558543726",
                    "web": "https://nxtb.it/p/558543726"
                },
                "short_name": "47804",
                "station_id": "558543726",
                "vehicle_types_available": []
            },
            "type": "Feature"
        },
        {
            "geometry": {
                "coordinates": [
                    17.96507,
                    49.48456
                ],
                "type": "Point"
            },
            "properties": {
                "is_installed": true,
                "is_renting": true,
                "is_returning": true,
                "is_virtual_station": false,
                "last_reported": 1789274914,
                "name": "Tesco, bus",
                "num_bikes_available": 2,
                "num_docks_available": 0,
                "region_id": "1174",
                "rental_uris": {
                    "android": "https://app.nextbike.net/station?id=558544453",
                    "ios": "https://app.nextbike.net/station?id=558544453",
                    "web": "https://nxtb.it/p/558544453"
                },
                "short_name": "47805",
                "station_id": "558544453",
                "vehicle_types_available": [
                    {
                        "count": 2,
                        "vehicle_type_id": "404"
                    }
                ]
            },
            "type": "Feature"
        },
        {
            "geometry": {
                "coordinates": [
                    17.97939,
                    49.4775
                ],
                "type": "Point"
            },
            "properties": {
                "is_installed": true,
                "is_renting": true,
                "is_returning": true,
                "is_virtual_station": false,
                "last_reported": 1789274914,
                "name": "PONAST (krajn\u00ed parkovac\u00ed m\u00edsto)",
                "num_bikes_available": 4,
                "num_docks_available": 0,
                "region_id": "1174",
                "rental_uris": {
                    "android": "https://app.nextbike.net/station?id=558545117",
                    "ios": "https://app.nextbike.net/station?id=558545117",
                    "web": "https://nxtb.it/p/558545117"
                },
                "short_name": "47807",
                "station_id": "558545117",
                "vehicle_types_available": [
                    {
                        "count": 4,
                        "vehicle_type_id": "404"
                    }
                ]
            },
            "type": "Feature"
        },
        {
            "geometry": {
                "coordinates": [
                    17.96873,
                    49.4652
                ],
                "type": "Point"
            },
            "properties": {
                "is_installed": true,
                "is_renting": true,
                "is_returning": true,
                "is_virtual_station": false,
                "last_reported": 1789274914,
                "name": "SV\u010c Dome\u010dek",
                "num_bikes_available": 0,
                "num_docks_available": 0,
                "region_id": "1174",
                "rental_uris": {
                    "android": "https://app.nextbike.net/station?id=558545319",
                    "ios": "https://app.nextbike.net/station?id=558545319",
                    "web": "https://nxtb.it/p/558545319"
                },
                "short_name": "47808",
                "station_id": "558545319",
                "vehicle_types_available": []
            },
            "type": "Feature"
        },
        {
            "geometry": {
                "coordinates": [
                    17.98728,
                    49.47112
                ],
                "type": "Point"
            },
            "properties": {
                "is_installed": true,
                "is_renting": true,
                "is_returning": true,
                "is_virtual_station": false,
                "last_reported": 1789274914,
                "name": "Koupali\u0161t\u011b",
                "num_bikes_available": 0,
                "num_docks_available": 0,
                "region_id": "1174",
                "rental_uris": {
                    "android": "https://app.nextbike.net/station?id=558545736",
                    "ios": "https://app.nextbike.net/station?id=558545736",
                    "web": "https://nxtb.it/p/558545736"
                },
                "short_name": "47809",
                "station_id": "558545736",
                "vehicle_types_available": []
            },
            "type": "Feature"
        },
        {
            "geometry": {
                "coordinates": [
                    17.98574,
                    49.47011
                ],
                "type": "Point"
            },
            "properties": {
                "is_installed": true,
                "is_renting": true,
                "is_returning": true,
                "is_virtual_station": false,
                "last_reported": 1789274914,
                "name": "Atletick\u00fd stadion",
                "num_bikes_available": 0,
                "num_docks_available": 0,
                "region_id": "1174",
                "rental_uris": {
                    "android": "https://app.nextbike.net/station?id=558545869",
                    "ios": "https://app.nextbike.net/station?id=558545869",
                    "web": "https://nxtb.it/p/558545869"
                },
                "short_name": "47810",
                "station_id": "558545869",
                "vehicle_types_available": []
            },
            "type": "Feature"
        },
        {
            "geometry": {
                "coordinates": [
                    17.98321,
                    49.46999
                ],
                "type": "Point"
            },
            "properties": {
                "is_installed": true,
                "is_renting": true,
                "is_returning": true,
                "is_virtual_station": false,
                "last_reported": 1789274914,
                "name": "\u00da\u0159ad pr\u00e1ce (nov\u00e9 um\u00edst\u011bn\u00ed)",
                "num_bikes_available": 0,
                "num_docks_available": 0,
                "region_id": "1174",
                "rental_uris": {
                    "android": "https://app.nextbike.net/station?id=558546118",
                    "ios": "https://app.nextbike.net/station?id=558546118",
                    "web": "https://nxtb.it/p/558546118"
                },
                "short_name": "47811",
                "station_id": "558546118",
                "vehicle_types_available": []
            },
            "type": "Feature"
        },
        {
            "geometry": {
                "coordinates": [
                    17.97093,
                    49.46895
                ],
                "type": "Point"
            },
            "properties": {
                "is_installed": true,
                "is_renting": true,
                "is_returning": true,
                "is_virtual_station": false,
                "last_reported": 1789274914,
                "name": "Kr\u00e1lova",
                "num_bikes_available": 0,
                "num_docks_available": 0,
                "region_id": "1174",
                "rental_uris": {
                    "android": "https://app.nextbike.net/station?id=558546738",
                    "ios": "https://app.nextbike.net/station?id=558546738",
                    "web": "https://nxtb.it/p/558546738"
                },
                "short_name": "47812",
                "station_id": "558546738",
                "vehicle_types_available": []
            },
            "type": "Feature"
        },
        {
            "geometry": {
                "coordinates": [
                    17.98436,
                    49.47654
                ],
                "type": "Point"
            },
            "properties": {
                "is_installed": true,
                "is_renting": true,
                "is_returning": true,
                "is_virtual_station": false,
                "last_reported": 1789274914,
                "name": "M\u011bstsk\u00fd \u00fa\u0159ad, Za\u0161ovsk\u00e1",
                "num_bikes_available": 0,
                "num_docks_available": 0,
                "region_id": "1174",
                "rental_uris": {
                    "android": "https://app.nextbike.net/station?id=558546943",
                    "ios": "https://app.nextbike.net/station?id=558546943",
                    "web": "https://nxtb.it/p/558546943"
                },
                "short_name": "47813",
                "station_id": "558546943",
                "vehicle_types_available": []
            },
            "type": "Feature"
        },
        {
            "geometry": {
                "coordinates": [
                    18.00678,
                    49.47204
                ],
                "type": "Point"
            },
            "properties": {
                "is_installed": true,
                "is_renting": true,
                "is_returning": true,
                "is_virtual_station": false,
                "last_reported": 1789274914,
                "name": "Hrachovec, sportovi\u0161t\u011b",
                "num_bikes_available": 1,
                "num_docks_available": 0,
                "region_id": "1174",
                "rental_uris": {
                    "android": "https://app.nextbike.net/station?id=558547086",
                    "ios": "https://app.nextbike.net/station?id=558547086",
                    "web": "https://nxtb.it/p/558547086"
                },
                "short_name": "47814",
                "station_id": "558547086",
                "vehicle_types_available": [
                    {
                        "count": 1,
                        "vehicle_type_id": "404"
                    }
                ]
            },
            "type": "Feature"
        },
        {
            "geometry": {
                "coordinates": [
                    17.97742,
                    49.45527
                ],
                "type": "Point"
            },
            "properties": {
                "is_installed": true,
                "is_renting": true,
                "is_returning": true,
                "is_virtual_station": false,
                "last_reported": 1789274914,
                "name": "Podles\u00ed, u h\u0159i\u0161t\u011b",
                "num_bikes_available": 1,
                "num_docks_available": 0,
                "region_id": "1174",
                "rental_uris": {
                    "android": "https://app.nextbike.net/station?id=558547687",
                    "ios": "https://app.nextbike.net/station?id=558547687",
                    "web": "https://nxtb.it/p/558547687"
                },
                "short_name": "47815",
                "station_id": "558547687",
                "vehicle_types_available": [
                    {
                        "count": 1,
                        "vehicle_type_id": "404"
                    }
                ]
            },
            "type": "Feature"
        },
        {
            "geometry": {
                "coordinates": [
                    17.96827,
                    49.47879
                ],
                "type": "Point"
            },
            "properties": {
                "is_installed": true,
                "is_renting": true,
                "is_returning": true,
                "is_virtual_station": false,
                "last_reported": 1789274914,
                "name": "Z\u00e1mek Kinsk\u00fdch, vstup do parku",
                "num_bikes_available": 4,
                "num_docks_available": 0,
                "region_id": "1174",
                "rental_uris": {
                    "android": "https://app.nextbike.net/station?id=558548464",
                    "ios": "https://app.nextbike.net/station?id=558548464",
                    "web": "https://nxtb.it/p/558548464"
                },
                "short_name": "47816",
                "station_id": "558548464",
                "vehicle_types_available": [
                    {
                        "count": 4,
                        "vehicle_type_id": "404"
                    }
                ]
            },
            "type": "Feature"
        },
        {
            "geometry": {
                "coordinates": [
                    17.9789,
                    49.46574
                ],
                "type": "Point"
            },
            "properties": {
                "is_installed": true,
                "is_renting": true,
                "is_returning": true,
                "is_virtual_station": false,
                "last_reported": 1789274914,
                "name": "\u0160afa\u0159\u00edkova/Smetanova",
                "num_bikes_available": 0,
                "num_docks_available": 0,
                "region_id": "1174",
                "rental_uris": {
                    "android": "https://app.nextbike.net/station?id=558548718",
                    "ios": "https://app.nextbike.net/station?id=558548718",
                    "web": "https://nxtb.it/p/558548718"
                },
                "short_name": "47817",
                "station_id": "558548718",
                "vehicle_types_available": []
            },
            "type": "Feature"
        },
        {
            "geometry": {
                "coordinates": [
                    17.97057,
                    49.47446
                ],
                "type": "Point"
            },
            "properties": {
                "is_installed": true,
                "is_renting": true,
                "is_returning": true,
                "is_virtual_station": false,
                "last_reported": 1789274914,
                "name": "K\u0159i\u017en\u00e1 /Sv\u011br\u00e1kova",
                "num_bikes_available": 1,
                "num_docks_available": 0,
                "region_id": "1174",
                "rental_uris": {
                    "android": "https://app.nextbike.net/station?id=558548871",
                    "ios": "https://app.nextbike.net/station?id=558548871",
                    "web": "https://nxtb.it/p/558548871"
                },
                "short_name": "47818",
                "station_id": "558548871",
                "vehicle_types_available": [
                    {
                        "count": 1,
                        "vehicle_type_id": "404"
                    }
                ]
            },
            "type": "Feature"
        },
        {
            "geometry": {
                "coordinates": [
                    17.97042,
                    49.46331
                ],
                "type": "Point"
            },
            "properties": {
                "is_installed": true,
                "is_renting": true,
                "is_returning": true,
                "is_virtual_station": false,
                "last_reported": 1789274914,
                "name": "Havl\u00ed\u010dkova",
                "num_bikes_available": 0,
                "num_docks_available": 0,
                "region_id": "1174",
                "rental_uris": {
                    "android": "https://app.nextbike.net/station?id=558549048",
                    "ios": "https://app.nextbike.net/station?id=558549048",
                    "web": "https://nxtb.it/p/558549048"
                },
                "short_name": "47819",
                "station_id": "558549048",
                "vehicle_types_available": []
            },
            "type": "Feature"
        },
        {
            "geometry": {
                "coordinates": [
                    17.96483,
                    49.47297
                ],
                "type": "Point"
            },
            "properties": {
                "is_installed": true,
                "is_renting": true,
                "is_returning": true,
                "is_virtual_station": false,
                "last_reported": 1789274914,
                "name": "K\u0159i\u017en\u00e1",
                "num_bikes_available": 0,
                "num_docks_available": 0,
                "region_id": "1174",
                "rental_uris": {
                    "android": "https://app.nextbike.net/station?id=558549174",
                    "ios": "https://app.nextbike.net/station?id=558549174",
                    "web": "https://nxtb.it/p/558549174"
                },
                "short_name": "47820",
                "station_id": "558549174",
                "vehicle_types_available": []
            },
            "type": "Feature"
        },
        {
            "geometry": {
                "coordinates": [
                    17.97538,
                    49.47563
                ],
                "type": "Point"
            },
            "properties": {
                "is_installed": true,
                "is_renting": true,
                "is_returning": true,
                "is_virtual_station": false,
                "last_reported": 1789274914,
                "name": "B. N\u011bmcov\u00e9, Albert",
                "num_bikes_available": 2,
                "num_docks_available": 0,
                "region_id": "1174",
                "rental_uris": {
                    "android": "https://app.nextbike.net/station?id=558549367",
                    "ios": "https://app.nextbike.net/station?id=558549367",
                    "web": "https://nxtb.it/p/558549367"
                },
                "short_name": "47821",
                "station_id": "558549367",
                "vehicle_types_available": [
                    {
                        "count": 2,
                        "vehicle_type_id": "404"
                    }
                ]
            },
            "type": "Feature"
        },
        {
            "geometry": {
                "coordinates": [
                    17.969,
                    49.47151
                ],
                "type": "Point"
            },
            "properties": {
                "is_installed": true,
                "is_renting": true,
                "is_returning": true,
                "is_virtual_station": false,
                "last_reported": 1789274914,
                "name": "Galerie S\u00fdpka",
                "num_bikes_available": 0,
                "num_docks_available": 0,
                "region_id": "1174",
                "rental_uris": {
                    "android": "https://app.nextbike.net/station?id=558550714",
                    "ios": "https://app.nextbike.net/station?id=558550714",
                    "web": "https://nxtb.it/p/558550714"
                },
                "short_name": "47822",
                "station_id": "558550714",
                "vehicle_types_available": []
            },
            "type": "Feature"
        },
        {
            "geometry": {
                "coordinates": [
                    17.98916,
                    49.47017
                ],
                "type": "Point"
            },
            "properties": {
                "is_installed": true,
                "is_renting": true,
                "is_returning": true,
                "is_virtual_station": false,
                "last_reported": 1789274914,
                "name": "Zimn\u00ed stadion, kryt\u00fd baz\u00e9n",
                "num_bikes_available": 0,
                "num_docks_available": 0,
                "region_id": "1174",
                "rental_uris": {
                    "android": "https://app.nextbike.net/station?id=558551064",
                    "ios": "https://app.nextbike.net/station?id=558551064",
                    "web": "https://nxtb.it/p/558551064"
                },
                "short_name": "47823",
                "station_id": "558551064",
                "vehicle_types_available": []
            },
            "type": "Feature"
        },
        {
            "geometry": {
                "coordinates": [
                    17.97562,
                    49.46923
                ],
                "type": "Point"
            },
            "properties": {
                "is_installed": true,
                "is_renting": true,
                "is_returning": true,
                "is_virtual_station": false,
                "last_reported": 1789274914,
                "name": "SP\u0160 Stavebn\u00ed",
                "num_bikes_available": 0,
                "num_docks_available": 0,
                "region_id": "1174",
                "rental_uris": {
                    "android": "https://app.nextbike.net/station?id=558551196",
                    "ios": "https://app.nextbike.net/station?id=558551196",
                    "web": "https://nxtb.it/p/558551196"
                },
                "short_name": "47824",
                "station_id": "558551196",
                "vehicle_types_available": []
            },
            "type": "Feature"
        },
        {
            "geometry": {
                "coordinates": [
                    18.04034,
                    49.4688
                ],
                "type": "Point"
            },
            "properties": {
                "is_installed": true,
                "is_renting": true,
                "is_returning": true,
                "is_virtual_station": false,
                "last_reported": 1789274914,
                "name": "Za\u0161ov\u00e1, zast\u00e1vka (p\u0159esunuto)",
                "num_bikes_available": 5,
                "num_docks_available": 0,
                "region_id": "1175",
                "rental_uris": {
                    "android": "https://app.nextbike.net/station?id=558554065",
                    "ios": "https://app.nextbike.net/station?id=558554065",
                    "web": "https://nxtb.it/p/558554065"
                },
                "short_name": "47791",
                "station_id": "558554065",
                "vehicle_types_available": [
                    {
                        "count": 4,
                        "vehicle_type_id": "404"
                    },
                    {
                        "count": 1,
                        "vehicle_type_id": "254"
                    }
                ]
            },
            "type": "Feature"
        },
        {
            "geometry": {
                "coordinates": [
                    18.044028,
                    49.476225
                ],
                "type": "Point"
            },
            "properties": {
                "is_installed": true,
                "is_renting": true,
                "is_returning": true,
                "is_virtual_station": false,
                "last_reported": 1789274914,
                "name": "Za\u0161ov\u00e1, kulturn\u00ed d\u016fm",
                "num_bikes_available": 4,
                "num_docks_available": 0,
                "region_id": "1175",
                "rental_uris": {
                    "android": "https://app.nextbike.net/station?id=558554541",
                    "ios": "https://app.nextbike.net/station?id=558554541",
                    "web": "https://nxtb.it/p/558554541"
                },
                "short_name": "47792",
                "station_id": "558554541",
                "vehicle_types_available": [
                    {
                        "count": 4,
                        "vehicle_type_id": "404"
                    }
                ]
            },
            "type": "Feature"
        },
        {
            "geometry": {
                "coordinates": [
                    18.04371,
                    49.48159
                ],
                "type": "Point"
            },
            "properties": {
                "is_installed": true,
                "is_renting": true,
                "is_returning": true,
                "is_virtual_station": false,
                "last_reported": 1789274914,
                "name": "Za\u0161ov\u00e1, potraviny",
                "num_bikes_available": 1,
                "num_docks_available": 0,
                "region_id": "1175",
                "rental_uris": {
                    "android": "https://app.nextbike.net/station?id=558554899",
                    "ios": "https://app.nextbike.net/station?id=558554899",
                    "web": "https://nxtb.it/p/558554899"
                },
                "short_name": "47793",
                "station_id": "558554899",
                "vehicle_types_available": [
                    {
                        "count": 1,
                        "vehicle_type_id": "254"
                    }
                ]
            },
            "type": "Feature"
        },
        {
            "geometry": {
                "coordinates": [
                    18.02719,
                    49.46413
                ],
                "type": "Point"
            },
            "properties": {
                "is_installed": true,
                "is_renting": true,
                "is_returning": true,
                "is_virtual_station": false,
                "last_reported": 1789274914,
                "name": "Vesel\u00e1, \u0161kola",
                "num_bikes_available": 0,
                "num_docks_available": 0,
                "region_id": "1175",
                "rental_uris": {
                    "android": "https://app.nextbike.net/station?id=558555324",
                    "ios": "https://app.nextbike.net/station?id=558555324",
                    "web": "https://nxtb.it/p/558555324"
                },
                "short_name": "47794",
                "station_id": "558555324",
                "vehicle_types_available": []
            },
            "type": "Feature"
        },
        {
            "geometry": {
                "coordinates": [
                    17.99582,
                    49.33561
                ],
                "type": "Point"
            },
            "properties": {
                "is_installed": true,
                "is_renting": true,
                "is_returning": true,
                "is_virtual_station": false,
                "last_reported": 1789274914,
                "name": "Autobusov\u00e9 n\u00e1dra\u017e\u00ed Vset\u00edn",
                "num_bikes_available": 0,
                "num_docks_available": 0,
                "region_id": "1178",
                "rental_uris": {
                    "android": "https://app.nextbike.net/station?id=559555464",
                    "ios": "https://app.nextbike.net/station?id=559555464",
                    "web": "https://nxtb.it/p/559555464"
                },
                "short_name": "47852",
                "station_id": "559555464",
                "vehicle_types_available": []
            },
            "type": "Feature"
        },
        {
            "geometry": {
                "coordinates": [
                    18.00139,
                    49.32741
                ],
                "type": "Point"
            },
            "properties": {
                "is_installed": true,
                "is_renting": true,
                "is_returning": true,
                "is_virtual_station": false,
                "last_reported": 1789274914,
                "name": "Lidl",
                "num_bikes_available": 9,
                "num_docks_available": 0,
                "region_id": "1178",
                "rental_uris": {
                    "android": "https://app.nextbike.net/station?id=559555814",
                    "ios": "https://app.nextbike.net/station?id=559555814",
                    "web": "https://nxtb.it/p/559555814"
                },
                "short_name": "47854",
                "station_id": "559555814",
                "vehicle_types_available": [
                    {
                        "count": 8,
                        "vehicle_type_id": "404"
                    },
                    {
                        "count": 1,
                        "vehicle_type_id": "254"
                    }
                ]
            },
            "type": "Feature"
        },
        {
            "geometry": {
                "coordinates": [
                    18.002812,
                    49.330229
                ],
                "type": "Point"
            },
            "properties": {
                "is_installed": true,
                "is_renting": true,
                "is_returning": true,
                "is_virtual_station": false,
                "last_reported": 1789274914,
                "name": "Ohrada, po\u0161ta (nov\u00e9 um\u00edst\u011bn\u00ed)",
                "num_bikes_available": 1,
                "num_docks_available": 0,
                "region_id": "1178",
                "rental_uris": {
                    "android": "https://app.nextbike.net/station?id=559555959",
                    "ios": "https://app.nextbike.net/station?id=559555959",
                    "web": "https://nxtb.it/p/559555959"
                },
                "short_name": "47855",
                "station_id": "559555959",
                "vehicle_types_available": [
                    {
                        "count": 1,
                        "vehicle_type_id": "404"
                    }
                ]
            },
            "type": "Feature"
        },
        {
            "geometry": {
                "coordinates": [
                    18.00242,
                    49.332
                ],
                "type": "Point"
            },
            "properties": {
                "is_installed": true,
                "is_renting": true,
                "is_returning": true,
                "is_virtual_station": false,
                "last_reported": 1789274914,
                "name": "D\u017eungle",
                "num_bikes_available": 5,
                "num_docks_available": 0,
                "region_id": "1178",
                "rental_uris": {
                    "android": "https://app.nextbike.net/station?id=559556064",
                    "ios": "https://app.nextbike.net/station?id=559556064",
                    "web": "https://nxtb.it/p/559556064"
                },
                "short_name": "47856",
                "station_id": "559556064",
                "vehicle_types_available": [
                    {
                        "count": 4,
                        "vehicle_type_id": "404"
                    },
                    {
                        "count": 1,
                        "vehicle_type_id": "254"
                    }
                ]
            },
            "type": "Feature"
        },
        {
            "geometry": {
                "coordinates": [
                    18.00601,
                    49.3323
                ],
                "type": "Point"
            },
            "properties": {
                "is_installed": true,
                "is_renting": true,
                "is_returning": true,
                "is_virtual_station": false,
                "last_reported": 1789274914,
                "name": "Kaufland",
                "num_bikes_available": 1,
                "num_docks_available": 0,
                "region_id": "1178",
                "rental_uris": {
                    "android": "https://app.nextbike.net/station?id=559556220",
                    "ios": "https://app.nextbike.net/station?id=559556220",
                    "web": "https://nxtb.it/p/559556220"
                },
                "short_name": "47857",
                "station_id": "559556220",
                "vehicle_types_available": [
                    {
                        "count": 1,
                        "vehicle_type_id": "245"
                    }
                ]
            },
            "type": "Feature"
        },
        {
            "geometry": {
                "coordinates": [
                    18.0129,
                    49.33452
                ],
                "type": "Point"
            },
            "properties": {
                "is_installed": true,
                "is_renting": true,
                "is_returning": true,
                "is_virtual_station": false,
                "last_reported": 1789274914,
                "name": "Jasenick\u00e1 (vedle Z-boxu)",
                "num_bikes_available": 2,
                "num_docks_available": 0,
                "region_id": "1178",
                "rental_uris": {
                    "android": "https://app.nextbike.net/station?id=559556672",
                    "ios": "https://app.nextbike.net/station?id=559556672",
                    "web": "https://nxtb.it/p/559556672"
                },
                "short_name": "47859",
                "station_id": "559556672",
                "vehicle_types_available": [
                    {
                        "count": 2,
                        "vehicle_type_id": "404"
                    }
                ]
            },
            "type": "Feature"
        },
        {
            "geometry": {
                "coordinates": [
                    18.02066,
                    49.33679
                ],
                "type": "Point"
            },
            "properties": {
                "is_installed": true,
                "is_renting": true,
                "is_returning": true,
                "is_virtual_station": false,
                "last_reported": 1789274914,
                "name": "S\u00eddli\u0161t\u011b Luh, po\u0161ta",
                "num_bikes_available": 7,
                "num_docks_available": 0,
                "region_id": "1178",
                "rental_uris": {
                    "android": "https://app.nextbike.net/station?id=559556813",
                    "ios": "https://app.nextbike.net/station?id=559556813",
                    "web": "https://nxtb.it/p/559556813"
                },
                "short_name": "47860",
                "station_id": "559556813",
                "vehicle_types_available": [
                    {
                        "count": 6,
                        "vehicle_type_id": "404"
                    },
                    {
                        "count": 1,
                        "vehicle_type_id": "245"
                    }
                ]
            },
            "type": "Feature"
        },
        {
            "geometry": {
                "coordinates": [
                    18.0007,
                    49.33484
                ],
                "type": "Point"
            },
            "properties": {
                "is_installed": true,
                "is_renting": true,
                "is_returning": true,
                "is_virtual_station": false,
                "last_reported": 1789274914,
                "name": "\u0160kola Kostka (nov\u00e9 um\u00edst\u011bn\u00ed)",
                "num_bikes_available": 3,
                "num_docks_available": 0,
                "region_id": "1178",
                "rental_uris": {
                    "android": "https://app.nextbike.net/station?id=559556964",
                    "ios": "https://app.nextbike.net/station?id=559556964",
                    "web": "https://nxtb.it/p/559556964"
                },
                "short_name": "47861",
                "station_id": "559556964",
                "vehicle_types_available": [
                    {
                        "count": 3,
                        "vehicle_type_id": "404"
                    }
                ]
            },
            "type": "Feature"
        },
        {
            "geometry": {
                "coordinates": [
                    18.00095,
                    49.33929
                ],
                "type": "Point"
            },
            "properties": {
                "is_installed": true,
                "is_renting": true,
                "is_returning": true,
                "is_virtual_station": false,
                "last_reported": 1789274914,
                "name": "Sychrov",
                "num_bikes_available": 2,
                "num_docks_available": 0,
                "region_id": "1178",
                "rental_uris": {
                    "android": "https://app.nextbike.net/station?id=559557129",
                    "ios": "https://app.nextbike.net/station?id=559557129",
                    "web": "https://nxtb.it/p/559557129"
                },
                "short_name": "47862",
                "station_id": "559557129",
                "vehicle_types_available": [
                    {
                        "count": 2,
                        "vehicle_type_id": "404"
                    }
                ]
            },
            "type": "Feature"
        },
        {
            "geometry": {
                "coordinates": [
                    17.99746,
                    49.33618
                ],
                "type": "Point"
            },
            "properties": {
                "is_installed": true,
                "is_renting": true,
                "is_returning": true,
                "is_virtual_station": false,
                "last_reported": 1789274914,
                "name": "Su\u0161ilova",
                "num_bikes_available": 0,
                "num_docks_available": 0,
                "region_id": "1178",
                "rental_uris": {
                    "android": "https://app.nextbike.net/station?id=559557313",
                    "ios": "https://app.nextbike.net/station?id=559557313",
                    "web": "https://nxtb.it/p/559557313"
                },
                "short_name": "47863",
                "station_id": "559557313",
                "vehicle_types_available": []
            },
            "type": "Feature"
        },
        {
            "geometry": {
                "coordinates": [
                    17.99552,
                    49.33762
                ],
                "type": "Point"
            },
            "properties": {
                "is_installed": true,
                "is_renting": true,
                "is_returning": true,
                "is_virtual_station": false,
                "last_reported": 1789274914,
                "name": "N\u00e1m\u011bst\u00ed Svobody",
                "num_bikes_available": 7,
                "num_docks_available": 0,
                "region_id": "1178",
                "rental_uris": {
                    "android": "https://app.nextbike.net/station?id=559557471",
                    "ios": "https://app.nextbike.net/station?id=559557471",
                    "web": "https://nxtb.it/p/559557471"
                },
                "short_name": "47864",
                "station_id": "559557471",
                "vehicle_types_available": [
                    {
                        "count": 4,
                        "vehicle_type_id": "404"
                    },
                    {
                        "count": 2,
                        "vehicle_type_id": "254"
                    },
                    {
                        "count": 1,
                        "vehicle_type_id": "245"
                    }
                ]
            },
            "type": "Feature"
        },
        {
            "geometry": {
                "coordinates": [
                    17.99261,
                    49.33704
                ],
                "type": "Point"
            },
            "properties": {
                "is_installed": true,
                "is_renting": true,
                "is_returning": true,
                "is_virtual_station": false,
                "last_reported": 1789274914,
                "name": "Sv\u00e1rov",
                "num_bikes_available": 0,
                "num_docks_available": 0,
                "region_id": "1178",
                "rental_uris": {
                    "android": "https://app.nextbike.net/station?id=559557698",
                    "ios": "https://app.nextbike.net/station?id=559557698",
                    "web": "https://nxtb.it/p/559557698"
                },
                "short_name": "47865",
                "station_id": "559557698",
                "vehicle_types_available": []
            },
            "type": "Feature"
        },
        {
            "geometry": {
                "coordinates": [
                    17.99393,
                    49.3383
                ],
                "type": "Point"
            },
            "properties": {
                "is_installed": true,
                "is_renting": true,
                "is_returning": true,
                "is_virtual_station": false,
                "last_reported": 1789274914,
                "name": "M\u011bstsk\u00fd \u00fa\u0159ad Vset\u00edn (nov\u00e9 um\u00edst\u011bn\u00ed)",
                "num_bikes_available": 0,
                "num_docks_available": 0,
                "region_id": "1178",
                "rental_uris": {
                    "android": "https://app.nextbike.net/station?id=559557862",
                    "ios": "https://app.nextbike.net/station?id=559557862",
                    "web": "https://nxtb.it/p/559557862"
                },
                "short_name": "47866",
                "station_id": "559557862",
                "vehicle_types_available": []
            },
            "type": "Feature"
        },
        {
            "geometry": {
                "coordinates": [
                    17.99334,
                    49.33992
                ],
                "type": "Point"
            },
            "properties": {
                "is_installed": true,
                "is_renting": true,
                "is_returning": true,
                "is_virtual_station": false,
                "last_reported": 1789274914,
                "name": "Doln\u00ed n\u00e1m\u011bst\u00ed Vset\u00edn",
                "num_bikes_available": 0,
                "num_docks_available": 0,
                "region_id": "1178",
                "rental_uris": {
                    "android": "https://app.nextbike.net/station?id=559558028",
                    "ios": "https://app.nextbike.net/station?id=559558028",
                    "web": "https://nxtb.it/p/559558028"
                },
                "short_name": "47867",
                "station_id": "559558028",
                "vehicle_types_available": []
            },
            "type": "Feature"
        },
        {
            "geometry": {
                "coordinates": [
                    17.99154,
                    49.34068
                ],
                "type": "Point"
            },
            "properties": {
                "is_installed": true,
                "is_renting": true,
                "is_returning": true,
                "is_virtual_station": false,
                "last_reported": 1789274914,
                "name": "M\u011bstsk\u00e9 l\u00e1zn\u011b",
                "num_bikes_available": 0,
                "num_docks_available": 0,
                "region_id": "1178",
                "rental_uris": {
                    "android": "https://app.nextbike.net/station?id=559558204",
                    "ios": "https://app.nextbike.net/station?id=559558204",
                    "web": "https://nxtb.it/p/559558204"
                },
                "short_name": "47868",
                "station_id": "559558204",
                "vehicle_types_available": []
            },
            "type": "Feature"
        },
        {
            "geometry": {
                "coordinates": [
                    17.98673,
                    49.34122
                ],
                "type": "Point"
            },
            "properties": {
                "is_installed": true,
                "is_renting": true,
                "is_returning": true,
                "is_virtual_station": false,
                "last_reported": 1789274914,
                "name": "Jir\u00e1skova, Vset\u00edn",
                "num_bikes_available": 3,
                "num_docks_available": 0,
                "region_id": "1178",
                "rental_uris": {
                    "android": "https://app.nextbike.net/station?id=559558710",
                    "ios": "https://app.nextbike.net/station?id=559558710",
                    "web": "https://nxtb.it/p/559558710"
                },
                "short_name": "47869",
                "station_id": "559558710",
                "vehicle_types_available": [
                    {
                        "count": 3,
                        "vehicle_type_id": "404"
                    }
                ]
            },
            "type": "Feature"
        },
        {
            "geometry": {
                "coordinates": [
                    17.98325,
                    49.34257
                ],
                "type": "Point"
            },
            "properties": {
                "is_installed": true,
                "is_renting": true,
                "is_returning": true,
                "is_virtual_station": false,
                "last_reported": 1789274914,
                "name": "TES",
                "num_bikes_available": 1,
                "num_docks_available": 0,
                "region_id": "1178",
                "rental_uris": {
                    "android": "https://app.nextbike.net/station?id=559559032",
                    "ios": "https://app.nextbike.net/station?id=559559032",
                    "web": "https://nxtb.it/p/559559032"
                },
                "short_name": "47870",
                "station_id": "559559032",
                "vehicle_types_available": [
                    {
                        "count": 1,
                        "vehicle_type_id": "404"
                    }
                ]
            },
            "type": "Feature"
        },
        {
            "geometry": {
                "coordinates": [
                    17.98131,
                    49.33989
                ],
                "type": "Point"
            },
            "properties": {
                "is_installed": true,
                "is_renting": true,
                "is_returning": true,
                "is_virtual_station": false,
                "last_reported": 1789274914,
                "name": "Dru\u017estevn\u00ed",
                "num_bikes_available": 1,
                "num_docks_available": 0,
                "region_id": "1178",
                "rental_uris": {
                    "android": "https://app.nextbike.net/station?id=559559500",
                    "ios": "https://app.nextbike.net/station?id=559559500",
                    "web": "https://nxtb.it/p/559559500"
                },
                "short_name": "47871",
                "station_id": "559559500",
                "vehicle_types_available": [
                    {
                        "count": 1,
                        "vehicle_type_id": "404"
                    }
                ]
            },
            "type": "Feature"
        },
        {
            "geometry": {
                "coordinates": [
                    17.98346,
                    49.33768
                ],
                "type": "Point"
            },
            "properties": {
                "is_installed": true,
                "is_renting": true,
                "is_returning": true,
                "is_virtual_station": false,
                "last_reported": 1789274914,
                "name": "SO\u0160 J. Soused\u00edka (nov\u00e9 um\u00edst\u011bn\u00ed)",
                "num_bikes_available": 1,
                "num_docks_available": 0,
                "region_id": "1178",
                "rental_uris": {
                    "android": "https://app.nextbike.net/station?id=559559829",
                    "ios": "https://app.nextbike.net/station?id=559559829",
                    "web": "https://nxtb.it/p/559559829"
                },
                "short_name": "47872",
                "station_id": "559559829",
                "vehicle_types_available": [
                    {
                        "count": 1,
                        "vehicle_type_id": "404"
                    }
                ]
            },
            "type": "Feature"
        },
        {
            "geometry": {
                "coordinates": [
                    17.98724,
                    49.33925
                ],
                "type": "Point"
            },
            "properties": {
                "is_installed": true,
                "is_renting": true,
                "is_returning": true,
                "is_virtual_station": false,
                "last_reported": 1789274914,
                "name": "J. Soused\u00edka",
                "num_bikes_available": 4,
                "num_docks_available": 0,
                "region_id": "1178",
                "rental_uris": {
                    "android": "https://app.nextbike.net/station?id=559560129",
                    "ios": "https://app.nextbike.net/station?id=559560129",
                    "web": "https://nxtb.it/p/559560129"
                },
                "short_name": "47873",
                "station_id": "559560129",
                "vehicle_types_available": [
                    {
                        "count": 3,
                        "vehicle_type_id": "404"
                    },
                    {
                        "count": 1,
                        "vehicle_type_id": "245"
                    }
                ]
            },
            "type": "Feature"
        },
        {
            "geometry": {
                "coordinates": [
                    17.98742,
                    49.33588
                ],
                "type": "Point"
            },
            "properties": {
                "is_installed": true,
                "is_renting": true,
                "is_returning": true,
                "is_virtual_station": false,
                "last_reported": 1789274914,
                "name": "\u0160t\u011bp\u00e1nsk\u00e1",
                "num_bikes_available": 0,
                "num_docks_available": 0,
                "region_id": "1178",
                "rental_uris": {
                    "android": "https://app.nextbike.net/station?id=559560346",
                    "ios": "https://app.nextbike.net/station?id=559560346",
                    "web": "https://nxtb.it/p/559560346"
                },
                "short_name": "47874",
                "station_id": "559560346",
                "vehicle_types_available": []
            },
            "type": "Feature"
        },
        {
            "geometry": {
                "coordinates": [
                    17.991054,
                    49.333308
                ],
                "type": "Point"
            },
            "properties": {
                "is_installed": true,
                "is_renting": true,
                "is_returning": true,
                "is_virtual_station": false,
                "last_reported": 1789274914,
                "name": "Sportovn\u00ed hala Vset\u00edn (nov\u00e9 um\u00edst\u011bn\u00ed)",
                "num_bikes_available": 11,
                "num_docks_available": 0,
                "region_id": "1178",
                "rental_uris": {
                    "android": "https://app.nextbike.net/station?id=559560561",
                    "ios": "https://app.nextbike.net/station?id=559560561",
                    "web": "https://nxtb.it/p/559560561"
                },
                "short_name": "47875",
                "station_id": "559560561",
                "vehicle_types_available": [
                    {
                        "count": 11,
                        "vehicle_type_id": "404"
                    }
                ]
            },
            "type": "Feature"
        },
        {
            "geometry": {
                "coordinates": [
                    17.98891,
                    49.3328
                ],
                "type": "Point"
            },
            "properties": {
                "is_installed": true,
                "is_renting": true,
                "is_returning": true,
                "is_virtual_station": false,
                "last_reported": 1789274914,
                "name": "Okru\u017en\u00ed",
                "num_bikes_available": 2,
                "num_docks_available": 0,
                "region_id": "1178",
                "rental_uris": {
                    "android": "https://app.nextbike.net/station?id=559560730",
                    "ios": "https://app.nextbike.net/station?id=559560730",
                    "web": "https://nxtb.it/p/559560730"
                },
                "short_name": "47876",
                "station_id": "559560730",
                "vehicle_types_available": [
                    {
                        "count": 2,
                        "vehicle_type_id": "404"
                    }
                ]
            },
            "type": "Feature"
        },
        {
            "geometry": {
                "coordinates": [
                    17.98628,
                    49.33062
                ],
                "type": "Point"
            },
            "properties": {
                "is_installed": true,
                "is_renting": true,
                "is_returning": true,
                "is_virtual_station": false,
                "last_reported": 1789274914,
                "name": "Rokytnice, s\u00eddli\u0161t\u011b",
                "num_bikes_available": 14,
                "num_docks_available": 0,
                "region_id": "1178",
                "rental_uris": {
                    "android": "https://app.nextbike.net/station?id=559561045",
                    "ios": "https://app.nextbike.net/station?id=559561045",
                    "web": "https://nxtb.it/p/559561045"
                },
                "short_name": "47877",
                "station_id": "559561045",
                "vehicle_types_available": [
                    {
                        "count": 11,
                        "vehicle_type_id": "404"
                    },
                    {
                        "count": 2,
                        "vehicle_type_id": "254"
                    },
                    {
                        "count": 1,
                        "vehicle_type_id": "245"
                    }
                ]
            },
            "type": "Feature"
        },
        {
            "geometry": {
                "coordinates": [
                    17.97913,
                    49.34026
                ],
                "type": "Point"
            },
            "properties": {
                "is_installed": true,
                "is_renting": true,
                "is_returning": true,
                "is_virtual_station": false,
                "last_reported": 1789274914,
                "name": "Kone\u010dn\u00e1 (nov\u00e9 um\u00edst\u011bn\u00ed)",
                "num_bikes_available": 4,
                "num_docks_available": 0,
                "region_id": "1178",
                "rental_uris": {
                    "android": "https://app.nextbike.net/station?id=559561371",
                    "ios": "https://app.nextbike.net/station?id=559561371",
                    "web": "https://nxtb.it/p/559561371"
                },
                "short_name": "47878",
                "station_id": "559561371",
                "vehicle_types_available": [
                    {
                        "count": 3,
                        "vehicle_type_id": "404"
                    },
                    {
                        "count": 1,
                        "vehicle_type_id": "245"
                    }
                ]
            },
            "type": "Feature"
        },
        {
            "geometry": {
                "coordinates": [
                    17.96822,
                    49.46209
                ],
                "type": "Point"
            },
            "properties": {
                "is_installed": true,
                "is_renting": true,
                "is_returning": true,
                "is_virtual_station": false,
                "last_reported": 1789274914,
                "name": "Palack\u00e9ho, parkovi\u0161t\u011b",
                "num_bikes_available": 2,
                "num_docks_available": 0,
                "region_id": "1174",
                "rental_uris": {
                    "android": "https://app.nextbike.net/station?id=565942003",
                    "ios": "https://app.nextbike.net/station?id=565942003",
                    "web": "https://nxtb.it/p/565942003"
                },
                "short_name": "47825",
                "station_id": "565942003",
                "vehicle_types_available": [
                    {
                        "count": 2,
                        "vehicle_type_id": "404"
                    }
                ]
            },
            "type": "Feature"
        },
        {
            "geometry": {
                "coordinates": [
                    17.9566,
                    49.48367
                ],
                "type": "Point"
            },
            "properties": {
                "is_installed": true,
                "is_renting": true,
                "is_returning": true,
                "is_virtual_station": false,
                "last_reported": 1789274914,
                "name": "Hranick\u00e1/Uheln\u00e1",
                "num_bikes_available": 0,
                "num_docks_available": 0,
                "region_id": "1174",
                "rental_uris": {
                    "android": "https://app.nextbike.net/station?id=565942292",
                    "ios": "https://app.nextbike.net/station?id=565942292",
                    "web": "https://nxtb.it/p/565942292"
                },
                "short_name": "47826",
                "station_id": "565942292",
                "vehicle_types_available": []
            },
            "type": "Feature"
        },
        {
            "geometry": {
                "coordinates": [
                    17.99696,
                    49.34817
                ],
                "type": "Point"
            },
            "properties": {
                "is_installed": true,
                "is_renting": true,
                "is_returning": true,
                "is_virtual_station": false,
                "last_reported": 1789274914,
                "name": "Doln\u00ed Jasenka, COOP",
                "num_bikes_available": 3,
                "num_docks_available": 0,
                "region_id": "1178",
                "rental_uris": {
                    "android": "https://app.nextbike.net/station?id=581784711",
                    "ios": "https://app.nextbike.net/station?id=581784711",
                    "web": "https://nxtb.it/p/581784711"
                },
                "short_name": "47879",
                "station_id": "581784711",
                "vehicle_types_available": [
                    {
                        "count": 3,
                        "vehicle_type_id": "404"
                    }
                ]
            },
            "type": "Feature"
        },
        {
            "geometry": {
                "coordinates": [
                    17.9914,
                    49.34232
                ],
                "type": "Point"
            },
            "properties": {
                "is_installed": true,
                "is_renting": true,
                "is_returning": true,
                "is_virtual_station": false,
                "last_reported": 1789274914,
                "name": "Ml\u00e1d\u00ed, h\u0159i\u0161t\u011b",
                "num_bikes_available": 2,
                "num_docks_available": 0,
                "region_id": "1178",
                "rental_uris": {
                    "android": "https://app.nextbike.net/station?id=581784937",
                    "ios": "https://app.nextbike.net/station?id=581784937",
                    "web": "https://nxtb.it/p/581784937"
                },
                "short_name": "47880",
                "station_id": "581784937",
                "vehicle_types_available": [
                    {
                        "count": 2,
                        "vehicle_type_id": "404"
                    }
                ]
            },
            "type": "Feature"
        },
        {
            "geometry": {
                "coordinates": [
                    18.03103,
                    49.3385
                ],
                "type": "Point"
            },
            "properties": {
                "is_installed": true,
                "is_renting": true,
                "is_returning": true,
                "is_virtual_station": false,
                "last_reported": 1789274914,
                "name": "Jasenick\u00e1/Zbrojov\u00e1ck\u00e1 (krajn\u00ed parkovac\u00ed m\u00edsto)",
                "num_bikes_available": 1,
                "num_docks_available": 0,
                "region_id": "1178",
                "rental_uris": {
                    "android": "https://app.nextbike.net/station?id=581785470",
                    "ios": "https://app.nextbike.net/station?id=581785470",
                    "web": "https://nxtb.it/p/581785470"
                },
                "short_name": "47881",
                "station_id": "581785470",
                "vehicle_types_available": [
                    {
                        "count": 1,
                        "vehicle_type_id": "404"
                    }
                ]
            },
            "type": "Feature"
        },
        {
            "geometry": {
                "coordinates": [
                    17.9489,
                    49.48367
                ],
                "type": "Point"
            },
            "properties": {
                "is_installed": true,
                "is_renting": true,
                "is_returning": true,
                "is_virtual_station": false,
                "last_reported": 1789274914,
                "name": "Ju\u0159inka, bus",
                "num_bikes_available": 3,
                "num_docks_available": 0,
                "region_id": "1174",
                "rental_uris": {
                    "android": "https://app.nextbike.net/station?id=581998770",
                    "ios": "https://app.nextbike.net/station?id=581998770",
                    "web": "https://nxtb.it/p/581998770"
                },
                "short_name": "47827",
                "station_id": "581998770",
                "vehicle_types_available": [
                    {
                        "count": 3,
                        "vehicle_type_id": "404"
                    }
                ]
            },
            "type": "Feature"
        },
        {
            "geometry": {
                "coordinates": [
                    17.9853,
                    49.46274
                ],
                "type": "Point"
            },
            "properties": {
                "is_installed": true,
                "is_renting": true,
                "is_returning": true,
                "is_virtual_station": false,
                "last_reported": 1789274914,
                "name": "\u0160t\u011bp\u00e1nov, to\u010dna",
                "num_bikes_available": 0,
                "num_docks_available": 0,
                "region_id": "1174",
                "rental_uris": {
                    "android": "https://app.nextbike.net/station?id=581998905",
                    "ios": "https://app.nextbike.net/station?id=581998905",
                    "web": "https://nxtb.it/p/581998905"
                },
                "short_name": "47828",
                "station_id": "581998905",
                "vehicle_types_available": []
            },
            "type": "Feature"
        },
        {
            "geometry": {
                "coordinates": [
                    17.99313,
                    49.46437
                ],
                "type": "Point"
            },
            "properties": {
                "is_installed": true,
                "is_renting": true,
                "is_returning": true,
                "is_virtual_station": false,
                "last_reported": 1789274914,
                "name": "\u0160afa\u0159\u00edkova/Beskydsk\u00e1",
                "num_bikes_available": 0,
                "num_docks_available": 0,
                "region_id": "1174",
                "rental_uris": {
                    "android": "https://app.nextbike.net/station?id=581999042",
                    "ios": "https://app.nextbike.net/station?id=581999042",
                    "web": "https://nxtb.it/p/581999042"
                },
                "short_name": "47829",
                "station_id": "581999042",
                "vehicle_types_available": []
            },
            "type": "Feature"
        },
        {
            "geometry": {
                "coordinates": [
                    18.00265,
                    49.46549
                ],
                "type": "Point"
            },
            "properties": {
                "is_installed": true,
                "is_renting": true,
                "is_returning": true,
                "is_virtual_station": false,
                "last_reported": 1789274914,
                "name": "Hrachovec, kulturn\u00ed d\u016fm",
                "num_bikes_available": 8,
                "num_docks_available": 0,
                "region_id": "1174",
                "rental_uris": {
                    "android": "https://app.nextbike.net/station?id=581999442",
                    "ios": "https://app.nextbike.net/station?id=581999442",
                    "web": "https://nxtb.it/p/581999442"
                },
                "short_name": "47830",
                "station_id": "581999442",
                "vehicle_types_available": [
                    {
                        "count": 8,
                        "vehicle_type_id": "404"
                    }
                ]
            },
            "type": "Feature"
        },
        {
            "geometry": {
                "coordinates": [
                    17.95187,
                    49.46673
                ],
                "type": "Point"
            },
            "properties": {
                "is_installed": true,
                "is_renting": true,
                "is_returning": true,
                "is_virtual_station": false,
                "last_reported": 1789274914,
                "name": "Poli\u010dn\u00e1, \u0161kola",
                "num_bikes_available": 13,
                "num_docks_available": 0,
                "region_id": "1192",
                "rental_uris": {
                    "android": "https://app.nextbike.net/station?id=585370504",
                    "ios": "https://app.nextbike.net/station?id=585370504",
                    "web": "https://nxtb.it/p/585370504"
                },
                "short_name": "47781",
                "station_id": "585370504",
                "vehicle_types_available": [
                    {
                        "count": 13,
                        "vehicle_type_id": "404"
                    }
                ]
            },
            "type": "Feature"
        },
        {
            "geometry": {
                "coordinates": [
                    17.947247,
                    49.466458
                ],
                "type": "Point"
            },
            "properties": {
                "is_installed": true,
                "is_renting": true,
                "is_returning": true,
                "is_virtual_station": false,
                "last_reported": 1789274914,
                "name": "Poli\u010dn\u00e1, Jednota",
                "num_bikes_available": 6,
                "num_docks_available": 0,
                "region_id": "1192",
                "rental_uris": {
                    "android": "https://app.nextbike.net/station?id=585370655",
                    "ios": "https://app.nextbike.net/station?id=585370655",
                    "web": "https://nxtb.it/p/585370655"
                },
                "short_name": "47782",
                "station_id": "585370655",
                "vehicle_types_available": [
                    {
                        "count": 6,
                        "vehicle_type_id": "404"
                    }
                ]
            },
            "type": "Feature"
        },
        {
            "geometry": {
                "coordinates": [
                    17.93964,
                    49.46594
                ],
                "type": "Point"
            },
            "properties": {
                "is_installed": true,
                "is_renting": true,
                "is_returning": true,
                "is_virtual_station": false,
                "last_reported": 1789274914,
                "name": "Poli\u010dn\u00e1, to\u010dna",
                "num_bikes_available": 6,
                "num_docks_available": 0,
                "region_id": "1192",
                "rental_uris": {
                    "android": "https://app.nextbike.net/station?id=585370726",
                    "ios": "https://app.nextbike.net/station?id=585370726",
                    "web": "https://nxtb.it/p/585370726"
                },
                "short_name": "47783",
                "station_id": "585370726",
                "vehicle_types_available": [
                    {
                        "count": 6,
                        "vehicle_type_id": "404"
                    }
                ]
            },
            "type": "Feature"
        },
        {
            "geometry": {
                "coordinates": [
                    18.134874,
                    49.460323
                ],
                "type": "Point"
            },
            "properties": {
                "is_installed": true,
                "is_renting": true,
                "is_returning": true,
                "is_virtual_station": false,
                "last_reported": 1789274914,
                "name": "Vlakov\u00e9 n\u00e1dra\u017e\u00ed (b\u00fdval\u00fd bufet)",
                "num_bikes_available": 3,
                "num_docks_available": 0,
                "region_id": "1179",
                "rental_uris": {
                    "android": "https://app.nextbike.net/station?id=601111327",
                    "ios": "https://app.nextbike.net/station?id=601111327",
                    "web": "https://nxtb.it/p/601111327"
                },
                "short_name": "47900",
                "station_id": "601111327",
                "vehicle_types_available": [
                    {
                        "count": 3,
                        "vehicle_type_id": "404"
                    }
                ]
            },
            "type": "Feature"
        },
        {
            "geometry": {
                "coordinates": [
                    18.128826,
                    49.464531
                ],
                "type": "Point"
            },
            "properties": {
                "is_installed": true,
                "is_renting": true,
                "is_returning": true,
                "is_virtual_station": false,
                "last_reported": 1789274914,
                "name": "Kryt\u00fd baz\u00e9n",
                "num_bikes_available": 2,
                "num_docks_available": 0,
                "region_id": "1179",
                "rental_uris": {
                    "android": "https://app.nextbike.net/station?id=601111426",
                    "ios": "https://app.nextbike.net/station?id=601111426",
                    "web": "https://nxtb.it/p/601111426"
                },
                "short_name": "47901",
                "station_id": "601111426",
                "vehicle_types_available": [
                    {
                        "count": 2,
                        "vehicle_type_id": "404"
                    }
                ]
            },
            "type": "Feature"
        },
        {
            "geometry": {
                "coordinates": [
                    18.13624,
                    49.462517
                ],
                "type": "Point"
            },
            "properties": {
                "is_installed": true,
                "is_renting": true,
                "is_returning": true,
                "is_virtual_station": false,
                "last_reported": 1789274914,
                "name": "1. m\u00e1je, Hru\u0161ka",
                "num_bikes_available": 3,
                "num_docks_available": 0,
                "region_id": "1179",
                "rental_uris": {
                    "android": "https://app.nextbike.net/station?id=601111962",
                    "ios": "https://app.nextbike.net/station?id=601111962",
                    "web": "https://nxtb.it/p/601111962"
                },
                "short_name": "47902",
                "station_id": "601111962",
                "vehicle_types_available": [
                    {
                        "count": 3,
                        "vehicle_type_id": "404"
                    }
                ]
            },
            "type": "Feature"
        },
        {
            "geometry": {
                "coordinates": [
                    18.137262,
                    49.464886
                ],
                "type": "Point"
            },
            "properties": {
                "is_installed": true,
                "is_renting": true,
                "is_returning": true,
                "is_virtual_station": false,
                "last_reported": 1789274914,
                "name": "Kulturn\u00ed",
                "num_bikes_available": 0,
                "num_docks_available": 0,
                "region_id": "1179",
                "rental_uris": {
                    "android": "https://app.nextbike.net/station?id=601112139",
                    "ios": "https://app.nextbike.net/station?id=601112139",
                    "web": "https://nxtb.it/p/601112139"
                },
                "short_name": "47903",
                "station_id": "601112139",
                "vehicle_types_available": []
            },
            "type": "Feature"
        },
        {
            "geometry": {
                "coordinates": [
                    18.144424,
                    49.463577
                ],
                "type": "Point"
            },
            "properties": {
                "is_installed": true,
                "is_renting": true,
                "is_returning": true,
                "is_virtual_station": false,
                "last_reported": 1789274914,
                "name": "M\u011bstsk\u00e1 poliklinika",
                "num_bikes_available": 6,
                "num_docks_available": 0,
                "region_id": "1179",
                "rental_uris": {
                    "android": "https://app.nextbike.net/station?id=601112206",
                    "ios": "https://app.nextbike.net/station?id=601112206",
                    "web": "https://nxtb.it/p/601112206"
                },
                "short_name": "47904",
                "station_id": "601112206",
                "vehicle_types_available": [
                    {
                        "count": 5,
                        "vehicle_type_id": "404"
                    },
                    {
                        "count": 1,
                        "vehicle_type_id": "245"
                    }
                ]
            },
            "type": "Feature"
        },
        {
            "geometry": {
                "coordinates": [
                    18.02054,
                    49.31124
                ],
                "type": "Point"
            },
            "properties": {
                "is_installed": true,
                "is_renting": true,
                "is_returning": true,
                "is_virtual_station": false,
                "last_reported": 1789274914,
                "name": "Janov\u00e1, obecn\u00ed \u00fa\u0159ad",
                "num_bikes_available": 1,
                "num_docks_available": 0,
                "region_id": "1307",
                "rental_uris": {
                    "android": "https://app.nextbike.net/station?id=601112232",
                    "ios": "https://app.nextbike.net/station?id=601112232",
                    "web": "https://nxtb.it/p/601112232"
                },
                "short_name": "47931",
                "station_id": "601112232",
                "vehicle_types_available": [
                    {
                        "count": 1,
                        "vehicle_type_id": "404"
                    }
                ]
            },
            "type": "Feature"
        },
        {
            "geometry": {
                "coordinates": [
                    18.159099,
                    49.465517
                ],
                "type": "Point"
            },
            "properties": {
                "is_installed": true,
                "is_renting": true,
                "is_returning": true,
                "is_virtual_station": false,
                "last_reported": 1789274914,
                "name": "Gibon park",
                "num_bikes_available": 6,
                "num_docks_available": 0,
                "region_id": "1179",
                "rental_uris": {
                    "android": "https://app.nextbike.net/station?id=601112276",
                    "ios": "https://app.nextbike.net/station?id=601112276",
                    "web": "https://nxtb.it/p/601112276"
                },
                "short_name": "47905",
                "station_id": "601112276",
                "vehicle_types_available": [
                    {
                        "count": 6,
                        "vehicle_type_id": "404"
                    }
                ]
            },
            "type": "Feature"
        },
        {
            "geometry": {
                "coordinates": [
                    17.95337,
                    49.30202
                ],
                "type": "Point"
            },
            "properties": {
                "is_installed": true,
                "is_renting": true,
                "is_returning": true,
                "is_virtual_station": false,
                "last_reported": 1789274914,
                "name": "Lhota u Vset\u00edna, U Rokytenky",
                "num_bikes_available": 0,
                "num_docks_available": 0,
                "region_id": "1306",
                "rental_uris": {
                    "android": "https://app.nextbike.net/station?id=601112404",
                    "ios": "https://app.nextbike.net/station?id=601112404",
                    "web": "https://nxtb.it/p/601112404"
                },
                "short_name": "47928",
                "station_id": "601112404",
                "vehicle_types_available": []
            },
            "type": "Feature"
        },
        {
            "geometry": {
                "coordinates": [
                    18.149709,
                    49.461598
                ],
                "type": "Point"
            },
            "properties": {
                "is_installed": true,
                "is_renting": true,
                "is_returning": true,
                "is_virtual_station": false,
                "last_reported": 1789274914,
                "name": "Vala\u0161sk\u00e9 muzeum v p\u0159\u00edrod\u011b",
                "num_bikes_available": 0,
                "num_docks_available": 0,
                "region_id": "1179",
                "rental_uris": {
                    "android": "https://app.nextbike.net/station?id=601112464",
                    "ios": "https://app.nextbike.net/station?id=601112464",
                    "web": "https://nxtb.it/p/601112464"
                },
                "short_name": "47906",
                "station_id": "601112464",
                "vehicle_types_available": []
            },
            "type": "Feature"
        },
        {
            "geometry": {
                "coordinates": [
                    17.95789,
                    49.30484
                ],
                "type": "Point"
            },
            "properties": {
                "is_installed": true,
                "is_renting": true,
                "is_returning": true,
                "is_virtual_station": false,
                "last_reported": 1789274914,
                "name": "Lhota u Vset\u00edna, potraviny",
                "num_bikes_available": 1,
                "num_docks_available": 0,
                "region_id": "1306",
                "rental_uris": {
                    "android": "https://app.nextbike.net/station?id=601112497",
                    "ios": "https://app.nextbike.net/station?id=601112497",
                    "web": "https://nxtb.it/p/601112497"
                },
                "short_name": "47927",
                "station_id": "601112497",
                "vehicle_types_available": [
                    {
                        "count": 1,
                        "vehicle_type_id": "254"
                    }
                ]
            },
            "type": "Feature"
        },
        {
            "geometry": {
                "coordinates": [
                    18.141863,
                    49.458199
                ],
                "type": "Point"
            },
            "properties": {
                "is_installed": true,
                "is_renting": true,
                "is_returning": true,
                "is_virtual_station": false,
                "last_reported": 1789274914,
                "name": "Masarykovo n\u00e1m\u011bst\u00ed",
                "num_bikes_available": 3,
                "num_docks_available": 0,
                "region_id": "1179",
                "rental_uris": {
                    "android": "https://app.nextbike.net/station?id=601112561",
                    "ios": "https://app.nextbike.net/station?id=601112561",
                    "web": "https://nxtb.it/p/601112561"
                },
                "short_name": "47907",
                "station_id": "601112561",
                "vehicle_types_available": [
                    {
                        "count": 2,
                        "vehicle_type_id": "404"
                    },
                    {
                        "count": 1,
                        "vehicle_type_id": "254"
                    }
                ]
            },
            "type": "Feature"
        },
        {
            "geometry": {
                "coordinates": [
                    17.97107,
                    49.31141
                ],
                "type": "Point"
            },
            "properties": {
                "is_installed": true,
                "is_renting": true,
                "is_returning": true,
                "is_virtual_station": false,
                "last_reported": 1789274914,
                "name": "Lhota u Vset\u00edna, parkovi\u0161t\u011b (nov\u00e9 um\u00edst\u011bn\u00ed)",
                "num_bikes_available": 1,
                "num_docks_available": 0,
                "region_id": "1306",
                "rental_uris": {
                    "android": "https://app.nextbike.net/station?id=601112607",
                    "ios": "https://app.nextbike.net/station?id=601112607",
                    "web": "https://nxtb.it/p/601112607"
                },
                "short_name": "47926",
                "station_id": "601112607",
                "vehicle_types_available": [
                    {
                        "count": 1,
                        "vehicle_type_id": "404"
                    }
                ]
            },
            "type": "Feature"
        },
        {
            "geometry": {
                "coordinates": [
                    18.129631,
                    49.46189
                ],
                "type": "Point"
            },
            "properties": {
                "is_installed": true,
                "is_renting": true,
                "is_returning": true,
                "is_virtual_station": false,
                "last_reported": 1789274914,
                "name": "1. m\u00e1je, Vr\u00e1tnice",
                "num_bikes_available": 2,
                "num_docks_available": 0,
                "region_id": "1179",
                "rental_uris": {
                    "android": "https://app.nextbike.net/station?id=601112664",
                    "ios": "https://app.nextbike.net/station?id=601112664",
                    "web": "https://nxtb.it/p/601112664"
                },
                "short_name": "47908",
                "station_id": "601112664",
                "vehicle_types_available": [
                    {
                        "count": 2,
                        "vehicle_type_id": "404"
                    }
                ]
            },
            "type": "Feature"
        },
        {
            "geometry": {
                "coordinates": [
                    18.32002,
                    49.4194
                ],
                "type": "Point"
            },
            "properties": {
                "is_installed": true,
                "is_renting": true,
                "is_returning": true,
                "is_virtual_station": false,
                "last_reported": 1789274914,
                "name": "Horn\u00ed Be\u010dva, u lomu",
                "num_bikes_available": 0,
                "num_docks_available": 0,
                "region_id": "1305",
                "rental_uris": {
                    "android": "https://app.nextbike.net/station?id=601112735",
                    "ios": "https://app.nextbike.net/station?id=601112735",
                    "web": "https://nxtb.it/p/601112735"
                },
                "short_name": "47847",
                "station_id": "601112735",
                "vehicle_types_available": []
            },
            "type": "Feature"
        },
        {
            "geometry": {
                "coordinates": [
                    18.30308,
                    49.42446
                ],
                "type": "Point"
            },
            "properties": {
                "is_installed": true,
                "is_renting": true,
                "is_returning": true,
                "is_virtual_station": false,
                "last_reported": 1789274914,
                "name": "Horn\u00ed Be\u010dva, hotel Vala\u0161ka",
                "num_bikes_available": 3,
                "num_docks_available": 0,
                "region_id": "1305",
                "rental_uris": {
                    "android": "https://app.nextbike.net/station?id=601112791",
                    "ios": "https://app.nextbike.net/station?id=601112791",
                    "web": "https://nxtb.it/p/601112791"
                },
                "short_name": "47846",
                "station_id": "601112791",
                "vehicle_types_available": [
                    {
                        "count": 3,
                        "vehicle_type_id": "404"
                    }
                ]
            },
            "type": "Feature"
        },
        {
            "geometry": {
                "coordinates": [
                    18.28676,
                    49.43222
                ],
                "type": "Point"
            },
            "properties": {
                "is_installed": true,
                "is_renting": true,
                "is_returning": true,
                "is_virtual_station": false,
                "last_reported": 1789274914,
                "name": "Horn\u00ed Be\u010dva, potraviny",
                "num_bikes_available": 2,
                "num_docks_available": 0,
                "region_id": "1305",
                "rental_uris": {
                    "android": "https://app.nextbike.net/station?id=601112870",
                    "ios": "https://app.nextbike.net/station?id=601112870",
                    "web": "https://nxtb.it/p/601112870"
                },
                "short_name": "47845",
                "station_id": "601112870",
                "vehicle_types_available": [
                    {
                        "count": 2,
                        "vehicle_type_id": "404"
                    }
                ]
            },
            "type": "Feature"
        },
        {
            "geometry": {
                "coordinates": [
                    18.25311,
                    49.43514
                ],
                "type": "Point"
            },
            "properties": {
                "is_installed": true,
                "is_renting": true,
                "is_returning": true,
                "is_virtual_station": false,
                "last_reported": 1789274914,
                "name": "Prost\u0159edn\u00ed Be\u010dva, potraviny",
                "num_bikes_available": 4,
                "num_docks_available": 0,
                "region_id": "1304",
                "rental_uris": {
                    "android": "https://app.nextbike.net/station?id=601112965",
                    "ios": "https://app.nextbike.net/station?id=601112965",
                    "web": "https://nxtb.it/p/601112965"
                },
                "short_name": "47946",
                "station_id": "601112965",
                "vehicle_types_available": [
                    {
                        "count": 3,
                        "vehicle_type_id": "404"
                    },
                    {
                        "count": 1,
                        "vehicle_type_id": "245"
                    }
                ]
            },
            "type": "Feature"
        },
        {
            "geometry": {
                "coordinates": [
                    18.265043,
                    49.438011
                ],
                "type": "Point"
            },
            "properties": {
                "is_installed": true,
                "is_renting": true,
                "is_returning": true,
                "is_virtual_station": false,
                "last_reported": 1789274914,
                "name": "Prost\u0159edn\u00ed Be\u010dva, parkovi\u0161t\u011b Zavadilka",
                "num_bikes_available": 3,
                "num_docks_available": 0,
                "region_id": "1304",
                "rental_uris": {
                    "android": "https://app.nextbike.net/station?id=601113030",
                    "ios": "https://app.nextbike.net/station?id=601113030",
                    "web": "https://nxtb.it/p/601113030"
                },
                "short_name": "47947",
                "station_id": "601113030",
                "vehicle_types_available": [
                    {
                        "count": 3,
                        "vehicle_type_id": "404"
                    }
                ]
            },
            "type": "Feature"
        },
        {
            "geometry": {
                "coordinates": [
                    17.990864,
                    49.477112
                ],
                "type": "Point"
            },
            "properties": {
                "is_installed": true,
                "is_renting": true,
                "is_returning": true,
                "is_virtual_station": false,
                "last_reported": 1789274914,
                "name": "Krhov\u00e1, zast\u00e1vka",
                "num_bikes_available": 0,
                "num_docks_available": 0,
                "region_id": "1302",
                "rental_uris": {
                    "android": "https://app.nextbike.net/station?id=601113150",
                    "ios": "https://app.nextbike.net/station?id=601113150",
                    "web": "https://nxtb.it/p/601113150"
                },
                "short_name": "47936",
                "station_id": "601113150",
                "vehicle_types_available": []
            },
            "type": "Feature"
        },
        {
            "geometry": {
                "coordinates": [
                    17.995359,
                    49.485321
                ],
                "type": "Point"
            },
            "properties": {
                "is_installed": true,
                "is_renting": true,
                "is_returning": true,
                "is_virtual_station": false,
                "last_reported": 1789274914,
                "name": "Krhov\u00e1, restaurace",
                "num_bikes_available": 9,
                "num_docks_available": 0,
                "region_id": "1302",
                "rental_uris": {
                    "android": "https://app.nextbike.net/station?id=601113218",
                    "ios": "https://app.nextbike.net/station?id=601113218",
                    "web": "https://nxtb.it/p/601113218"
                },
                "short_name": "47937",
                "station_id": "601113218",
                "vehicle_types_available": [
                    {
                        "count": 7,
                        "vehicle_type_id": "404"
                    },
                    {
                        "count": 2,
                        "vehicle_type_id": "254"
                    }
                ]
            },
            "type": "Feature"
        },
        {
            "geometry": {
                "coordinates": [
                    18.279166,
                    49.454469
                ],
                "type": "Point"
            },
            "properties": {
                "is_installed": true,
                "is_renting": true,
                "is_returning": true,
                "is_virtual_station": false,
                "last_reported": 1789274914,
                "name": "Prost\u0159edn\u00ed Be\u010dva, Skokan",
                "num_bikes_available": 3,
                "num_docks_available": 0,
                "region_id": "1304",
                "rental_uris": {
                    "android": "https://app.nextbike.net/station?id=601113264",
                    "ios": "https://app.nextbike.net/station?id=601113264",
                    "web": "https://nxtb.it/p/601113264"
                },
                "short_name": "47948",
                "station_id": "601113264",
                "vehicle_types_available": [
                    {
                        "count": 3,
                        "vehicle_type_id": "404"
                    }
                ]
            },
            "type": "Feature"
        },
        {
            "geometry": {
                "coordinates": [
                    17.994303,
                    49.491791
                ],
                "type": "Point"
            },
            "properties": {
                "is_installed": true,
                "is_renting": true,
                "is_returning": true,
                "is_virtual_station": false,
                "last_reported": 1789274914,
                "name": "Krhov\u00e1, potraviny",
                "num_bikes_available": 5,
                "num_docks_available": 0,
                "region_id": "1302",
                "rental_uris": {
                    "android": "https://app.nextbike.net/station?id=601113305",
                    "ios": "https://app.nextbike.net/station?id=601113305",
                    "web": "https://nxtb.it/p/601113305"
                },
                "short_name": "47938",
                "station_id": "601113305",
                "vehicle_types_available": [
                    {
                        "count": 5,
                        "vehicle_type_id": "404"
                    }
                ]
            },
            "type": "Feature"
        },
        {
            "geometry": {
                "coordinates": [
                    18.004181,
                    49.476301
                ],
                "type": "Point"
            },
            "properties": {
                "is_installed": true,
                "is_renting": true,
                "is_returning": true,
                "is_virtual_station": false,
                "last_reported": 1789274914,
                "name": "Krhov\u00e1, Hr\u00e1dky (nov\u00e9 um\u00edst\u011bn\u00ed)",
                "num_bikes_available": 3,
                "num_docks_available": 0,
                "region_id": "1302",
                "rental_uris": {
                    "android": "https://app.nextbike.net/station?id=601113389",
                    "ios": "https://app.nextbike.net/station?id=601113389",
                    "web": "https://nxtb.it/p/601113389"
                },
                "short_name": "47939",
                "station_id": "601113389",
                "vehicle_types_available": [
                    {
                        "count": 3,
                        "vehicle_type_id": "404"
                    }
                ]
            },
            "type": "Feature"
        },
        {
            "geometry": {
                "coordinates": [
                    18.18795,
                    49.44254
                ],
                "type": "Point"
            },
            "properties": {
                "is_installed": true,
                "is_renting": true,
                "is_returning": true,
                "is_virtual_station": false,
                "last_reported": 1789274914,
                "name": "Vigantice, Jednota",
                "num_bikes_available": 4,
                "num_docks_available": 0,
                "region_id": "1303",
                "rental_uris": {
                    "android": "https://app.nextbike.net/station?id=601113459",
                    "ios": "https://app.nextbike.net/station?id=601113459",
                    "web": "https://nxtb.it/p/601113459"
                },
                "short_name": "47941",
                "station_id": "601113459",
                "vehicle_types_available": [
                    {
                        "count": 4,
                        "vehicle_type_id": "404"
                    }
                ]
            },
            "type": "Feature"
        },
        {
            "geometry": {
                "coordinates": [
                    17.972437,
                    49.349293
                ],
                "type": "Point"
            },
            "properties": {
                "is_installed": true,
                "is_renting": true,
                "is_returning": true,
                "is_virtual_station": false,
                "last_reported": 1789274914,
                "name": "L\u00e1zky",
                "num_bikes_available": 0,
                "num_docks_available": 0,
                "region_id": "1178",
                "rental_uris": {
                    "android": "https://app.nextbike.net/station?id=616244567",
                    "ios": "https://app.nextbike.net/station?id=616244567",
                    "web": "https://nxtb.it/p/616244567"
                },
                "short_name": "47882",
                "station_id": "616244567",
                "vehicle_types_available": []
            },
            "type": "Feature"
        },
        {
            "geometry": {
                "coordinates": [
                    17.981067,
                    49.321461
                ],
                "type": "Point"
            },
            "properties": {
                "is_installed": true,
                "is_renting": true,
                "is_returning": true,
                "is_virtual_station": false,
                "last_reported": 1789274914,
                "name": "Rokytnice, u \u010d.p. 344",
                "num_bikes_available": 1,
                "num_docks_available": 0,
                "region_id": "1178",
                "rental_uris": {
                    "android": "https://app.nextbike.net/station?id=616245468",
                    "ios": "https://app.nextbike.net/station?id=616245468",
                    "web": "https://nxtb.it/p/616245468"
                },
                "short_name": "47883",
                "station_id": "616245468",
                "vehicle_types_available": [
                    {
                        "count": 1,
                        "vehicle_type_id": "404"
                    }
                ]
            },
            "type": "Feature"
        },
        {
            "geometry": {
                "coordinates": [
                    17.99819,
                    49.334286
                ],
                "type": "Point"
            },
            "properties": {
                "is_installed": true,
                "is_renting": true,
                "is_returning": true,
                "is_virtual_station": false,
                "last_reported": 1789274914,
                "name": "Poliklinika",
                "num_bikes_available": 2,
                "num_docks_available": 0,
                "region_id": "1178",
                "rental_uris": {
                    "android": "https://app.nextbike.net/station?id=616245751",
                    "ios": "https://app.nextbike.net/station?id=616245751",
                    "web": "https://nxtb.it/p/616245751"
                },
                "short_name": "47884",
                "station_id": "616245751",
                "vehicle_types_available": [
                    {
                        "count": 2,
                        "vehicle_type_id": "404"
                    }
                ]
            },
            "type": "Feature"
        },
        {
            "geometry": {
                "coordinates": [
                    17.949947,
                    49.482244
                ],
                "type": "Point"
            },
            "properties": {
                "is_installed": true,
                "is_renting": true,
                "is_returning": true,
                "is_virtual_station": false,
                "last_reported": 1789274914,
                "name": "Ju\u0159inka, fotbalov\u00e9 h\u0159i\u0161t\u011b",
                "num_bikes_available": 1,
                "num_docks_available": 0,
                "region_id": "1174",
                "rental_uris": {
                    "android": "https://app.nextbike.net/station?id=622075007",
                    "ios": "https://app.nextbike.net/station?id=622075007",
                    "web": "https://nxtb.it/p/622075007"
                },
                "short_name": "47831",
                "station_id": "622075007",
                "vehicle_types_available": [
                    {
                        "count": 1,
                        "vehicle_type_id": "404"
                    }
                ]
            },
            "type": "Feature"
        },
        {
            "geometry": {
                "coordinates": [
                    17.980418,
                    49.502105
                ],
                "type": "Point"
            },
            "properties": {
                "is_installed": true,
                "is_renting": true,
                "is_returning": true,
                "is_virtual_station": false,
                "last_reported": 1789274914,
                "name": "Bynina, to\u010dna",
                "num_bikes_available": 1,
                "num_docks_available": 0,
                "region_id": "1174",
                "rental_uris": {
                    "android": "https://app.nextbike.net/station?id=622075237",
                    "ios": "https://app.nextbike.net/station?id=622075237",
                    "web": "https://nxtb.it/p/622075237"
                },
                "short_name": "47832",
                "station_id": "622075237",
                "vehicle_types_available": [
                    {
                        "count": 1,
                        "vehicle_type_id": "404"
                    }
                ]
            },
            "type": "Feature"
        },
        {
            "geometry": {
                "coordinates": [
                    17.973989,
                    49.496713
                ],
                "type": "Point"
            },
            "properties": {
                "is_installed": true,
                "is_renting": true,
                "is_returning": true,
                "is_virtual_station": false,
                "last_reported": 1789274914,
                "name": "Bynina, pomn\u00edk",
                "num_bikes_available": 10,
                "num_docks_available": 0,
                "region_id": "1174",
                "rental_uris": {
                    "android": "https://app.nextbike.net/station?id=622075433",
                    "ios": "https://app.nextbike.net/station?id=622075433",
                    "web": "https://nxtb.it/p/622075433"
                },
                "short_name": "47833",
                "station_id": "622075433",
                "vehicle_types_available": [
                    {
                        "count": 10,
                        "vehicle_type_id": "404"
                    }
                ]
            },
            "type": "Feature"
        },
        {
            "geometry": {
                "coordinates": [
                    17.962195,
                    49.491733
                ],
                "type": "Point"
            },
            "properties": {
                "is_installed": true,
                "is_renting": true,
                "is_returning": true,
                "is_virtual_station": false,
                "last_reported": 1789274914,
                "name": "Bynina, za\u010d\u00e1tek",
                "num_bikes_available": 1,
                "num_docks_available": 0,
                "region_id": "1174",
                "rental_uris": {
                    "android": "https://app.nextbike.net/station?id=625343141",
                    "ios": "https://app.nextbike.net/station?id=625343141",
                    "web": "https://nxtb.it/p/625343141"
                },
                "short_name": "47834",
                "station_id": "625343141",
                "vehicle_types_available": [
                    {
                        "count": 1,
                        "vehicle_type_id": "404"
                    }
                ]
            },
            "type": "Feature"
        },
        {
            "geometry": {
                "coordinates": [
                    18.169899,
                    49.448588
                ],
                "type": "Point"
            },
            "properties": {
                "is_installed": true,
                "is_renting": true,
                "is_returning": true,
                "is_virtual_station": false,
                "last_reported": 1789274914,
                "name": "Ha\u017eovice (hasi\u010d\u00e1rna)",
                "num_bikes_available": 2,
                "num_docks_available": 0,
                "region_id": "1179",
                "rental_uris": {
                    "android": "https://app.nextbike.net/station?id=626880105",
                    "ios": "https://app.nextbike.net/station?id=626880105",
                    "web": "https://nxtb.it/p/626880105"
                },
                "short_name": "47909",
                "station_id": "626880105",
                "vehicle_types_available": [
                    {
                        "count": 2,
                        "vehicle_type_id": "404"
                    }
                ]
            },
            "type": "Feature"
        },
        {
            "geometry": {
                "coordinates": [
                    18.142215,
                    49.47701
                ],
                "type": "Point"
            },
            "properties": {
                "is_installed": true,
                "is_renting": true,
                "is_returning": true,
                "is_virtual_station": false,
                "last_reported": 1789274914,
                "name": "Doln\u00ed Paseky",
                "num_bikes_available": 0,
                "num_docks_available": 0,
                "region_id": "1179",
                "rental_uris": {
                    "android": "https://app.nextbike.net/station?id=626880232",
                    "ios": "https://app.nextbike.net/station?id=626880232",
                    "web": "https://nxtb.it/p/626880232"
                },
                "short_name": "47910",
                "station_id": "626880232",
                "vehicle_types_available": []
            },
            "type": "Feature"
        },
        {
            "geometry": {
                "coordinates": [
                    18.194958,
                    49.441182
                ],
                "type": "Point"
            },
            "properties": {
                "is_installed": true,
                "is_renting": true,
                "is_returning": true,
                "is_virtual_station": false,
                "last_reported": 1789274914,
                "name": "Vigantice, h\u0159i\u0161t\u011b",
                "num_bikes_available": 2,
                "num_docks_available": 0,
                "region_id": "1303",
                "rental_uris": {
                    "android": "https://app.nextbike.net/station?id=643141163",
                    "ios": "https://app.nextbike.net/station?id=643141163",
                    "web": "https://nxtb.it/p/643141163"
                },
                "short_name": "47943",
                "station_id": "643141163",
                "vehicle_types_available": [
                    {
                        "count": 2,
                        "vehicle_type_id": "404"
                    }
                ]
            },
            "type": "Feature"
        }
    ],
    "gbfs": {
        "station_information": {
            "last_updated": 1789274914,
            "ttl": 60,
            "version": "2.3"
        },
        "station_status": {
            "last_updated": 1789274914,
            "ttl": 60,
            "version": "2.3"
        }
    },
    "type": "FeatureCollection"
}